{
  "f0_hash": "7b0cd9a691519c879629d5044a15cd4c63bfa607298f66ee45a16007a4bd47d8",
  "f1_hash": "d968a4094ed8986aebbb1ffd0705efb0725aac4b52fbaf03ed7e8c5a3cb6f4d7",
  "f0_stats": {
    "shape": [
      5
    ],
    "size": 5,
    "min": 0.5803098695456689,
    "max": 152.86779268263388,
    "mean": 32.10985458808094,
    "std": 60.392366283854976
  },
  "f1_stats": {
    "shape": [
      15
    ],
    "size": 15,
    "min": 0.010988078096122234,
    "max": 452.97077754087275,
    "mean": 62.706371438763156,
    "std": 144.61136243120322
  }
}