MODEL,PRED_DOCKQ
5FT0_af2m,0.8661015
5FT0,0.05428856
