{
  "hash": "5a7665a23e340365b210137f4702fb74296ae01d93fc18eef4193e87168885fb",
  "stats": {
    "shape": [
      94,
      94
    ],
    "size": 8836,
    "min": 0.0,
    "max": 15.399763039885396,
    "mean": 7.943353866447598,
    "std": 3.0822167073403413
  }
}