MODEL,PRED_DOCKQ
3HUU_af2m,0.5285128
3HUU,0.26006213
