{
  "f0_hash": "291cb6f2d43c538625f2bdabfdac23af47671a9c6ca15a4979bf8c1708d27336",
  "f1_hash": "104bf1a1a948df0b1cb87a7f16f670771dec9a4e64ec1ff56cbc00db209a6105",
  "f0_stats": {
    "shape": [
      5
    ],
    "size": 5,
    "min": 0.4978891892382246,
    "max": 108.34055632301576,
    "mean": 23.249609997473826,
    "std": 42.57000282773023
  },
  "f1_stats": {
    "shape": [
      15
    ],
    "size": 15,
    "min": 0.012059272127897813,
    "max": 290.2401005033789,
    "mean": 41.15039833469241,
    "std": 92.6736704552076
  }
}