{
  "f0_hash": "13597f2e15f901d45f9b37dcc5239ce7d4ff9a1abf779325530148dcf6438c87",
  "f1_hash": "19f36a600dcb8e4806e86e1089bcca05b5c4501a312906c1530fffebbb9502ac",
  "f0_stats": {
    "shape": [
      5
    ],
    "size": 5,
    "min": 0.42292319713193177,
    "max": 122.90059845035599,
    "mean": 25.864722482675994,
    "std": 48.5266006038418
  },
  "f1_stats": {
    "shape": [
      15
    ],
    "size": 15,
    "min": 0.010919107100505254,
    "max": 255.61151971170236,
    "mean": 36.81810446647432,
    "std": 80.51173810553749
  }
}