MODEL,PRED_DOCKQ
6IYO_af2m,0.08383878
6IYO,0.00012977057
