{
  "count": 72,
  "ids_hash": "9911bb5d0c4fd817c52ffaacf1f67dcacdbd792c320c1f6d330df53c8b6951c3",
  "coords_hash": "1446352803e018da54a6d07ee1c2ef693eebc0eecbe959ada03c75fb15736e56",
  "coords_stats": {
    "shape": [
      72,
      3
    ],
    "size": 216,
    "min": 4.999000072479248,
    "max": 46.89899826049805,
    "mean": 24.96714354223675,
    "std": 12.151132540158121
  }
}