{
  "f0_hash": "ed5dbe4da176750c2483138ca96fbfceef9b08f2cf6acb19e58a1f640cbb4ee9",
  "f1_hash": "83d4bec6b159537ac6442137269cce2ee284f277260c553ec7d7026d94efc232",
  "f0_stats": {
    "shape": [
      5
    ],
    "size": 5,
    "min": 0.5789424917863364,
    "max": 179.8992916679964,
    "mean": 37.533632489764145,
    "std": 71.19452869973969
  },
  "f1_stats": {
    "shape": [
      15
    ],
    "size": 15,
    "min": 0.010112753315763001,
    "max": 547.6203173698218,
    "mean": 75.648324581957,
    "std": 172.2041751792365
  }
}