{
  "hash": "3d5c1d83026bb0de083879e5b1fb8b3440a8e57e8f16007cfddfec5f18c8d9e0",
  "stats": {
    "shape": [
      123,
      123
    ],
    "size": 15129,
    "min": 0.0,
    "max": 15.872903291635135,
    "mean": 8.429454623077568,
    "std": 3.1670257908124184
  }
}