{
  "hash": "9f2ba040a8534027a0ca7a6e3d4618d51b7fe1a83a710b5d4567c45271f949ff",
  "stats": {
    "shape": [
      109,
      109
    ],
    "size": 11881,
    "min": 0.0,
    "max": 15.27954029100373,
    "mean": 7.841975124406609,
    "std": 3.004333957521759
  }
}