{
  "f0_hash": "5f1da1fdff57d8bc90dffe85ffb5ce69602d4815ab24b4bdda94d772cebe5372",
  "f1_hash": "20a60a30480a41c72bd4a9fce48a8e9a227b07cf3df4f55d777a39055b4d507c",
  "f0_stats": {
    "shape": [
      5
    ],
    "size": 5,
    "min": 0.1839808631152484,
    "max": 321.1927905136461,
    "mean": 65.07345437088233,
    "std": 128.06225785062497
  },
  "f1_stats": {
    "shape": [
      15
    ],
    "size": 15,
    "min": 0.010037994161833375,
    "max": 604.3584046692704,
    "mean": 82.27769377323736,
    "std": 189.11826464267344
  }
}