{
  "count": 92,
  "ids_hash": "6af06da09a81982eb45b081775801a161975d0ac5aefef846d17371e9ed81059",
  "coords_hash": "509f17c7492beec875e0fb8f14520f79bb8f28b782651b84face51b7e0e4e134",
  "coords_stats": {
    "shape": [
      92,
      3
    ],
    "size": 276,
    "min": -56.2140007019043,
    "max": 37.257999420166016,
    "mean": 2.318648614745209,
    "std": 37.524899931693085
  }
}