{
  "f0_hash": "efa796f4897c7a1fcb8524098da3c5ef8bffccf0afe46d91048e46de71caedf7",
  "f1_hash": "a285822410d5edcdfde26965fd24fe77f628d6a4ef15a3e9df556d1677ed3d63",
  "f0_stats": {
    "shape": [
      5
    ],
    "size": 5,
    "min": 0.44532421482723406,
    "max": 138.93418529884977,
    "mean": 29.131657572243626,
    "std": 54.91055201936679
  },
  "f1_stats": {
    "shape": [
      15
    ],
    "size": 15,
    "min": 0.010769095778181637,
    "max": 347.39243784189244,
    "mean": 48.597059380111126,
    "std": 110.02504018816221
  }
}