{
  "hash": "3c4c2c3af9ba91e695b0b69b30311660fa291efb4a557a280bab56e54d777c33",
  "stats": {
    "shape": [
      94,
      94
    ],
    "size": 8836,
    "min": 0.0,
    "max": 15.174549884310213,
    "mean": 7.816919717910094,
    "std": 3.063859621902796
  }
}