{
  "hash": "283bcbaa866551a57c31671cdbee797b0783ef7b54f523b147526a154f25d7a0",
  "stats": {
    "shape": [
      84,
      84
    ],
    "size": 7056,
    "min": 0.0,
    "max": 15.779808230437077,
    "mean": 7.548594154287443,
    "std": 3.0611462723116465
  }
}