{
  "f0_hash": "56f2068feee1d69ed124a54de2872d7d81c71cae33525f1d4979398a0283a708",
  "f1_hash": "0c4b293590d2975a561d59a076ae86566c9720c4a0a6ecd923f71dc6d59b5c8f",
  "f0_stats": {
    "shape": [
      5
    ],
    "size": 5,
    "min": 0.42335891342978776,
    "max": 154.6035396923637,
    "mean": 32.25315757357273,
    "std": 61.18336134303777
  },
  "f1_stats": {
    "shape": [
      15
    ],
    "size": 15,
    "min": 0.011285060493493315,
    "max": 401.8221020231498,
    "mean": 57.119777188755926,
    "std": 126.81703668345884
  }
}