{
  "count": 89,
  "ids_hash": "c72faf6586f6835f864281d23fa0adb0426683e3fbcef8352f4c9cd51a3f16fd",
  "coords_hash": "cf401c240c7b20c053dc18172c9de9378bbe61a368a8c77f4b5317286c7192d5",
  "coords_stats": {
    "shape": [
      89,
      3
    ],
    "size": 267,
    "min": -31.986000061035156,
    "max": 63.231998443603516,
    "mean": 7.684310800350561,
    "std": 34.9293243735509
  }
}