{
  "count": 104,
  "ids_hash": "b329d1ac842f8a54caf2ee433d21854ce72e6f844b825d49e594678c419b5112",
  "coords_hash": "05b67bcb1158858b1095f076d2b22810c3720c5b8dd68418e5e929313f95a54c",
  "coords_stats": {
    "shape": [
      104,
      3
    ],
    "size": 312,
    "min": -24.066999435424805,
    "max": 25.759000778198242,
    "mean": -4.349314108873025,
    "std": 16.97754799324212
  }
}