{
  "count": 94,
  "ids_hash": "c368f1a3cf4b472fa42f1a15e00165e310bf687fb3ae60e64965e70c4a844a6f",
  "coords_hash": "6503c8cefa5ccaca8f9d93518333bb4f28bf18a871bf28fdb2d25488068c7b22",
  "coords_stats": {
    "shape": [
      94,
      3
    ],
    "size": 282,
    "min": -13.871000289916992,
    "max": 85.7030029296875,
    "mean": 31.51435101453664,
    "std": 35.95903322728091
  }
}