{
  "hash": "f3cbd9e7b8f70350fbebec74c6e6325c5581e0c3496f3fd4eb79e4d9609020a1",
  "stats": {
    "shape": [
      89,
      89
    ],
    "size": 7921,
    "min": 0.0,
    "max": 15.487133343177137,
    "mean": 7.705695094226263,
    "std": 3.058072981919961
  }
}