{
  "f0_hash": "c6cd54a2212a685887d8d853ca23db316823f6c31c62f0b0d51b0f77a80d92ef",
  "f1_hash": "596cc589194c55e14e4f71854de3cc2f37c8f243951fb368b29894491b5f6710",
  "f0_stats": {
    "shape": [
      5
    ],
    "size": 5,
    "min": 0.3244106001317672,
    "max": 104.17773120501539,
    "mean": 22.054441644010165,
    "std": 41.071127162448825
  },
  "f1_stats": {
    "shape": [
      15
    ],
    "size": 15,
    "min": 0.011752514562666683,
    "max": 236.96854881341204,
    "mean": 34.042775020669666,
    "std": 74.83247511323151
  }
}