{
  "hash": "1a25461c638aad3dd9db460ad46a2d55082934bb41da9c6bb2f18a86aa3a7202",
  "stats": {
    "shape": [
      65,
      65
    ],
    "size": 4225,
    "min": 0.0,
    "max": 15.56440235043279,
    "mean": 7.123396805844506,
    "std": 3.0493884744509434
  }
}