{
  "hash": "0fd5f50b2516a2f2fc0db90ea480ce99a29191bc7761ccc5fefac5bc7e3648f6",
  "stats": {
    "shape": [
      70,
      70
    ],
    "size": 4900,
    "min": 0.0,
    "max": 13.501744479761383,
    "mean": 6.764450758614497,
    "std": 2.7915828026399265
  }
}