{
  "f0_hash": "81faf59b3eff110728c342ef1001d5d2d38185faa46ea8fa83bb5da025904282",
  "f1_hash": "f71411bfbccb05cb3de2967196c6c5570f38dba4a6a9de8a4878639280a2f70b",
  "f0_stats": {
    "shape": [
      5
    ],
    "size": 5,
    "min": 0.5883818957593411,
    "max": 156.31833206766578,
    "mean": 32.82925357925033,
    "std": 61.75832367853146
  },
  "f1_stats": {
    "shape": [
      15
    ],
    "size": 15,
    "min": 0.010814440767815015,
    "max": 439.099947022154,
    "mean": 61.01914503532179,
    "std": 138.84590877530465
  }
}