{
  "hash": "e34378afd211458dce95c71ed448403619a15b59fabfed097d59b881e57500ad",
  "stats": {
    "shape": [
      106,
      106
    ],
    "size": 11236,
    "min": 0.0,
    "max": 15.238618586326133,
    "mean": 8.125934709222467,
    "std": 3.10112584904525
  }
}