MODEL,PRED_DOCKQ
1VHD,0.74905604
1VHD_af2m,0.6791848
