{
  "hash": "e9925e157f0f67100ad1901ba7ec2fbb3529323a524e1aa878fbca2cf053d3a7",
  "stats": {
    "shape": [
      118,
      118
    ],
    "size": 13924,
    "min": 0.0,
    "max": 15.532245599796791,
    "mean": 7.92308195639246,
    "std": 2.991971212193657
  }
}