{
  "count": 106,
  "ids_hash": "08466a855646cf888fb01191eb727ed45a653cdb962f1bff5ad23f3d656f8492",
  "coords_hash": "116e979ad88325321e25903196b6181218983ef6fafccd867c9f08fe217b9e83",
  "coords_stats": {
    "shape": [
      106,
      3
    ],
    "size": 318,
    "min": 4.426000118255615,
    "max": 93.5270004272461,
    "mean": 42.94744353774209,
    "std": 31.653315228488893
  }
}