MODEL,PRED_DOCKQ
1ZBO_af2m,0.047782484
1ZBO,0.00059541984
