{
  "f0_hash": "b1f08dbab25c3cdca6d1e0b3a7498c130318dd0285cc8a8baf1b9c8713623112",
  "f1_hash": "b1a015f5ecb3281e6e6de0d67749e6d04a1061953405ddd5f0f50e73b55772e6",
  "f0_stats": {
    "shape": [
      5
    ],
    "size": 5,
    "min": 0.5194847523634769,
    "max": 173.28488555945702,
    "mean": 36.09066010769375,
    "std": 68.60617900058168
  },
  "f1_stats": {
    "shape": [
      15
    ],
    "size": 15,
    "min": 0.010564147729276385,
    "max": 526.4787580300207,
    "mean": 72.3796408188666,
    "std": 166.73223306362505
  }
}