MODEL,PRED_DOCKQ
6QPK,0.2639393
6QPK_af2m,0.028682858
