{
  "f0_hash": "1c91777fc04a29f6839ea72368d4c3e14b1467d2ad4e2b9c041abff3ab299c76",
  "f1_hash": "2407b74641b36613b4925aa119b22d93d8c11c4c8eef17a34278c5f937d4af4e",
  "f0_stats": {
    "shape": [
      5
    ],
    "size": 5,
    "min": 0.4701418966213022,
    "max": 162.58625776707888,
    "mean": 33.90306840695668,
    "std": 64.35049179064795
  },
  "f1_stats": {
    "shape": [
      15
    ],
    "size": 15,
    "min": 0.010323785056191248,
    "max": 486.97793097061657,
    "mean": 68.09470096320318,
    "std": 153.9646709921169
  }
}