{
  "hash": "ea3605d701ee06d981d37a78a2aee918415dc6b0d364fff9e8ca30f865dcc10d",
  "stats": {
    "shape": [
      107,
      107
    ],
    "size": 11449,
    "min": 0.0,
    "max": 15.63972201223706,
    "mean": 7.99685756072512,
    "std": 3.042536475432233
  }
}