{
  "f0_hash": "b689db55da5a64a9ebd42c661394d4071c12a3fbb558aae19f116a90d31b3806",
  "f1_hash": "08c6d0e463290653da9849c472121fa3124dbb4e69c84752e42afe43c88d3278",
  "f0_stats": {
    "shape": [
      5
    ],
    "size": 5,
    "min": 0.43579258600644943,
    "max": 120.33707885132252,
    "mean": 25.425112432255503,
    "std": 47.46714808796526
  },
  "f1_stats": {
    "shape": [
      15
    ],
    "size": 15,
    "min": 0.012065276324363161,
    "max": 325.4332725161942,
    "mean": 45.9109151569329,
    "std": 103.18085771809204
  }
}