MODEL,PRED_DOCKQ
5TD6_af2m,0.6276422
5TD6,0.0077249603
