{
  "f0_hash": "452b8f1c099d95683872190cd6f3cba8f8d9355ebbb90f995118b88d0b91fad1",
  "f1_hash": "d93b4337de87644bf03a6caf8d85be6653bbbf91623582554c2d1110b630924e",
  "f0_stats": {
    "shape": [
      5
    ],
    "size": 5,
    "min": 0.5218099734409067,
    "max": 83.42036473665361,
    "mean": 18.015516091210333,
    "std": 32.716010065716276
  },
  "f1_stats": {
    "shape": [
      15
    ],
    "size": 15,
    "min": 0.01380082277837058,
    "max": 149.41011981399265,
    "mean": 22.184106492459193,
    "std": 47.45400053356505
  }
}