MODEL,PRED_DOCKQ
2A5D,0.8096355
2A5D_af2m,0.74553925
