{
  "count": 105,
  "ids_hash": "dfc88c3e7be3350f5f9880f82e2684a162dc7a7a6de4beed73b87b944d18b991",
  "coords_hash": "b143317fb1b67316079ca4cb865ba7d3718b4f75b526ad6f731aa87a38492bc1",
  "coords_stats": {
    "shape": [
      105,
      3
    ],
    "size": 315,
    "min": -4.36299991607666,
    "max": 92.05799865722656,
    "mean": 38.304545961604234,
    "std": 34.98674702945862
  }
}