MODEL,PRED_DOCKQ
3PU9,0.66607744
3PU9_af2m,0.32943156
