{
  "f0_hash": "39a35c354bf3e665a1f3ec8cd1190e323bd95d690388ba49ebe4c74b28cd85be",
  "f1_hash": "722ad69beb9af4e157baaf52feba1d16a620c946c9c991e937678151c4e5779b",
  "f0_stats": {
    "shape": [
      5
    ],
    "size": 5,
    "min": 0.5882559954533546,
    "max": 156.31924833943867,
    "mean": 32.82930446294165,
    "std": 61.758743343890906
  },
  "f1_stats": {
    "shape": [
      15
    ],
    "size": 15,
    "min": 0.01070540487560212,
    "max": 439.0827126069162,
    "mean": 61.01667809108594,
    "std": 138.8396382187927
  }
}