{
  "hash": "29b71a15d02229cf990ce56abcf1538d73fa26f5b0424dbfeea97b8b25b77d47",
  "stats": {
    "shape": [
      103,
      103
    ],
    "size": 10609,
    "min": 0.0,
    "max": 15.492709803115313,
    "mean": 7.800853442625898,
    "std": 3.004377618915411
  }
}