{
  "f0_hash": "1281effa339cd87986f9286e57ed80361fca37ebea05764ad9b3eb9715435f99",
  "f1_hash": "cc04d7b978f8517f8977f10c65305e5d6aace555a7cd80ff1f937f154c751c67",
  "f0_stats": {
    "shape": [
      5
    ],
    "size": 5,
    "min": 0.46410407754455724,
    "max": 70.75856568329425,
    "mean": 15.644640934134145,
    "std": 27.592613325613645
  },
  "f1_stats": {
    "shape": [
      15
    ],
    "size": 15,
    "min": 0.013294121193794695,
    "max": 119.52275044110674,
    "mean": 18.25833040038297,
    "std": 38.08445523465224
  }
}