{
  "count": 112,
  "ids_hash": "c0d8821cfd20f1b63094ca9a854d9c1682dcc0e6b8e1e6709b7c23ea6a6c2599",
  "coords_hash": "8c35f95be222e853bcb0a0033bbb5dcd6794c0848aa797e5a7be0c7f1ba23704",
  "coords_stats": {
    "shape": [
      112,
      3
    ],
    "size": 336,
    "min": -25.700000762939453,
    "max": 35.72800064086914,
    "mean": -1.6242976075127011,
    "std": 21.31540566008327
  }
}