MODEL,PRED_DOCKQ
1JYA,0.88432443
1JYA_af2m,0.8541293
