{
  "f0_hash": "4171ddbf0ba21f7c660ae1413f5ec3029ff6a0095995647b6b22655385d52cd2",
  "f1_hash": "eab0896eb09d1dbc9a225bbc768fd9ff06e6cae4ef7b95de79ac04ca3c8baaa0",
  "f0_stats": {
    "shape": [
      5
    ],
    "size": 5,
    "min": 0.47251464289638795,
    "max": 69.17619506760693,
    "mean": 15.165747789375667,
    "std": 27.022115168898104
  },
  "f1_stats": {
    "shape": [
      15
    ],
    "size": 15,
    "min": 0.011020627265885707,
    "max": 135.18399453609894,
    "mean": 20.25813251271957,
    "std": 43.30485206116477
  }
}