{
  "hash": "23ad5e20a4b0608dfc700c2c07a8beaf93cdebe0a3c2423003a44a538eef4acc",
  "stats": {
    "shape": [
      65,
      65
    ],
    "size": 4225,
    "min": 0.0,
    "max": 13.516757027062562,
    "mean": 6.70859677468185,
    "std": 2.765948437286233
  }
}