{
  "f0_hash": "a17e21700eebbc33068cfe4a3f1dbbed3030da7a48d3fcce14733e7702502e59",
  "f1_hash": "b6edd584cf3dc247ac7a9dce2439c9441625a17698a80c41052cdc524514db2e",
  "f0_stats": {
    "shape": [
      5
    ],
    "size": 5,
    "min": 0.39580512144601726,
    "max": 116.06668593804883,
    "mean": 24.44626791269129,
    "std": 45.81831146921174
  },
  "f1_stats": {
    "shape": [
      15
    ],
    "size": 15,
    "min": 0.010076820705986478,
    "max": 301.21040856246077,
    "mean": 42.31945206232993,
    "std": 96.13606345390802
  }
}