{
  "count": 104,
  "ids_hash": "32aabb95af457ab24f2e9ac467ebb51f62462c0fe26aef7753be5d4157ec7b21",
  "coords_hash": "79b8bf56e409b1ca4a39fdc561c577b1e39e1cf5d1d6f5a0f1ead06ee33a3dac",
  "coords_stats": {
    "shape": [
      104,
      3
    ],
    "size": 312,
    "min": -9.034000396728516,
    "max": 48.077999114990234,
    "mean": 15.979624958613362,
    "std": 19.063814955020046
  }
}