MODEL,PRED_DOCKQ
6C5B_af2m,0.8231285
6C5B,0.77110547
