{
  "count": 182,
  "ids_hash": "07d4662df220386d875dac011d7684a96360fd508d84b9a8b38befa2c15cf133",
  "coords_hash": "7e139878cbc6c1905b8300f506e95005742095da1d7d6ce31746ccc0dae2eb26",
  "coords_stats": {
    "shape": [
      182,
      3
    ],
    "size": 546,
    "min": -6.934999942779541,
    "max": 11.178000450134277,
    "mean": 1.9729322376200458,
    "std": 3.6126928340236355
  }
}