{
  "f0_hash": "d92f30c25247336f9bf5925be9a69ee001bd553f7e2c4064133d888ba08c2a06",
  "f1_hash": "7ce1f4cc8900b72481c1a3f6edede5177ea693d4e811ebf752f8fd0a3abd43c7",
  "f0_stats": {
    "shape": [
      5
    ],
    "size": 5,
    "min": 0.43272825247834246,
    "max": 166.74348512998031,
    "mean": 34.74239771263697,
    "std": 66.00987999816074
  },
  "f1_stats": {
    "shape": [
      15
    ],
    "size": 15,
    "min": 0.010458123344324832,
    "max": 517.4835427194056,
    "mean": 70.98877194414978,
    "std": 165.10028448693424
  }
}