MODEL,PRED_DOCKQ
2QX0_af2m,0.042461306
2QX0,0.0034932885
