{
  "count": 117,
  "ids_hash": "19c5903a259bc1e2d48763cbd63f22bc2c72ffe0d4f40f05fed58ffd208f53c1",
  "coords_hash": "a93a53590b9123e668139c3017f4f2e4933f64fe2a4676e12775c4bcbec7f334",
  "coords_stats": {
    "shape": [
      117,
      3
    ],
    "size": 351,
    "min": -16.8439998626709,
    "max": 37.847999572753906,
    "mean": 11.164740752630424,
    "std": 17.410138170888867
  }
}