{
  "f0_hash": "a948d9ddf9e57d7648ce1256313fe347ec4625495d95286f2e8fe5418a8101a6",
  "f1_hash": "575a0b6c13c1bbe31adc3b1b586791143c9a30ec4c9544c897b2778ce9520cb3",
  "f0_stats": {
    "shape": [
      5
    ],
    "size": 5,
    "min": 0.3465045540729158,
    "max": 112.22916305003032,
    "mean": 23.76015684385177,
    "std": 44.24666219847001
  },
  "f1_stats": {
    "shape": [
      15
    ],
    "size": 15,
    "min": 0.010741630986180972,
    "max": 265.89614273765227,
    "mean": 38.270203179786556,
    "std": 84.04204046141031
  }
}