{
  "f0_hash": "0f20f0750776345f8d9d5878ab608ce53bee709810c1a6918b6a8a1b4daf82a1",
  "f1_hash": "eebd97d86eba052f79d5013ab14252062ea8a8f0c8cc9a80a3c4cf55b863757f",
  "f0_stats": {
    "shape": [
      5
    ],
    "size": 5,
    "min": 0.4148806260810821,
    "max": 138.56582448937206,
    "mean": 29.059264310119044,
    "std": 54.76313375125595
  },
  "f1_stats": {
    "shape": [
      15
    ],
    "size": 15,
    "min": 0.010763037832340672,
    "max": 340.31373641047594,
    "mean": 47.914036890842354,
    "std": 107.20733516868252
  }
}