{
  "count": 54,
  "ids_hash": "f32efa44f3e929831cb642ad4c5b3ae57ac31c6bbf1f535a9012157f18f3c7b1",
  "coords_hash": "61c7887739a448832b131536d85b8e28b574e73b465cc4f06d76232ff7e51a97",
  "coords_stats": {
    "shape": [
      54,
      3
    ],
    "size": 162,
    "min": -20.584999084472656,
    "max": 37.45600128173828,
    "mean": 9.877388930615083,
    "std": 17.74789791777497
  }
}