MODEL,PRED_DOCKQ
1U5E,0.75602317
1U5E_af2m,0.6510224
