{
  "count": 104,
  "ids_hash": "5fb2d3d356e92db6c5f262d1edaf2be245a81527ea6dd9751e7cca17af5655e1",
  "coords_hash": "4f6a82f691396c18dd90a9b820ac8563dfafc9e7e4d21496ed371d1b948ddfa3",
  "coords_stats": {
    "shape": [
      104,
      3
    ],
    "size": 312,
    "min": 6.1519999504089355,
    "max": 111.45099639892578,
    "mean": 48.54913133994127,
    "std": 40.12691856754698
  }
}