MODEL,PRED_DOCKQ
4O1E_af2m,0.896622
4O1E,0.84563637
