{
  "f0_hash": "cf938c73e561791c50a71c784af4670c5c97a63874898b86f9760224fad7f7c1",
  "f1_hash": "c6effa5fbf04c01104bf45b4bdace40a3f55d20cdede9426013edc0dff910f14",
  "f0_stats": {
    "shape": [
      5
    ],
    "size": 5,
    "min": 0.39607588575411135,
    "max": 164.08870194404307,
    "mean": 34.212571590337376,
    "std": 64.94808150393283
  },
  "f1_stats": {
    "shape": [
      15
    ],
    "size": 15,
    "min": 0.01119025918641725,
    "max": 465.81697112094855,
    "mean": 64.4786747910045,
    "std": 147.9107005033535
  }
}