{
  "count": 85,
  "ids_hash": "0e81cf60d2af1adcf587edc98d4c032823d386107a4c224460df0a7fd4d51007",
  "coords_hash": "b944529e6acfd35ff122a2ab778a926298c108bd42c354e89195514ef8520ec4",
  "coords_stats": {
    "shape": [
      85,
      3
    ],
    "size": 255,
    "min": -11.49899959564209,
    "max": 22.177000045776367,
    "mean": 4.424619616305127,
    "std": 8.870600454217112
  }
}