{
  "count": 182,
  "ids_hash": "07f4a477b7c74fc7a1bd4f514377bdc875326f99bb729abc1f78093aa4d63521",
  "coords_hash": "4e4668a6aff04978b479acf2fb679fbf8188c1c57fbc3d4e7016fbbf9aeec603",
  "coords_stats": {
    "shape": [
      182,
      3
    ],
    "size": 546,
    "min": -14.824000358581543,
    "max": 18.81100082397461,
    "mean": -1.14402380985491,
    "std": 9.204494248020502
  }
}