{
  "hash": "164f366fa2ba7a3a00d392493e40cff0ee4603dd5bd93934cef7aa826ee2bcd9",
  "stats": {
    "shape": [
      96,
      96
    ],
    "size": 9216,
    "min": 0.0,
    "max": 15.454789987211226,
    "mean": 7.425445885321537,
    "std": 2.986776970224621
  }
}