{
  "f0_hash": "a33c2e8418863f2df99f450f43a9dba154759d9397ae74e9469869f305e7cd66",
  "f1_hash": "16befebfdfd8d17822c4308b8b07cfcfc6eec88f63fdf8f05af0739f1433bc1f",
  "f0_stats": {
    "shape": [
      5
    ],
    "size": 5,
    "min": 0.4396778903654802,
    "max": 144.8924435723217,
    "mean": 30.31757382607028,
    "std": 57.29615214599774
  },
  "f1_stats": {
    "shape": [
      15
    ],
    "size": 15,
    "min": 0.010529564660269664,
    "max": 463.25836408491176,
    "mean": 64.2978414983158,
    "std": 147.76449376404167
  }
}