{
  "f0_hash": "c17e062fa258a8b9170f620f583703894a9b39770e967732aa547af2a88d05bc",
  "f1_hash": "d046eff9f46dfaf35f34c73a7f68d18d1b245c237eba75cdc643ec31d49d6f31",
  "f0_stats": {
    "shape": [
      5
    ],
    "size": 5,
    "min": 0.5829633269784731,
    "max": 134.37913768751505,
    "mean": 28.336670540327482,
    "std": 53.033022382624374
  },
  "f1_stats": {
    "shape": [
      15
    ],
    "size": 15,
    "min": 0.010910816425935721,
    "max": 330.59721756339445,
    "mean": 46.54635071838701,
    "std": 104.36897760762852
  }
}