{
  "f0_hash": "21483364a0002f3c41a4abd18575e1a0949a2049dddb4f97477660fbc6c74e4a",
  "f1_hash": "5455f60d4c76c0d83b79cdb3b535a31d880f98650c88149f6b41deecc4a3349d",
  "f0_stats": {
    "shape": [
      5
    ],
    "size": 5,
    "min": 0.4209995171357853,
    "max": 124.18914279472594,
    "mean": 26.1688023415308,
    "std": 49.02027027910296
  },
  "f1_stats": {
    "shape": [
      15
    ],
    "size": 15,
    "min": 0.010663998441259537,
    "max": 349.5129699620982,
    "mean": 48.72476927606146,
    "std": 111.77728213022698
  }
}