MODEL,PRED_DOCKQ
4YON_af2m,0.8158215
4YON,0.037437044
