{
  "count": 92,
  "ids_hash": "48fb553a5c147993945410aa243f5094063fe7c087f0c46dca6a758d1dd6cc23",
  "coords_hash": "64b74487b5b04a255edefaaf5dca2236dc49ef9cc5d1a3bd85e561beb61e39e4",
  "coords_stats": {
    "shape": [
      92,
      3
    ],
    "size": 276,
    "min": -28.697999954223633,
    "max": 37.00299835205078,
    "mean": -2.653442030367644,
    "std": 23.42569709784287
  }
}