{
  "f0_hash": "f57f22c57f97b9e63fd794a78b4fd9fb998dc844ea3fc887ef613f6757f87d85",
  "f1_hash": "b815edbbd8182325ea20311114b3ac42c73cf7b8fc144526f94c28675ea31a78",
  "f0_stats": {
    "shape": [
      5
    ],
    "size": 5,
    "min": 0.5583761022676148,
    "max": 153.11389569518937,
    "mean": 32.063566106869054,
    "std": 60.53502355459212
  },
  "f1_stats": {
    "shape": [
      15
    ],
    "size": 15,
    "min": 0.010235078381757745,
    "max": 431.14960184471903,
    "mean": 60.37288263075776,
    "std": 136.13073490398918
  }
}