{
  "hash": "543e943f0ae0fb1c06ad076d1ecd70df8327135454c327674a6eb9e10f6fc710",
  "stats": {
    "shape": [
      114,
      114
    ],
    "size": 12996,
    "min": 0.0,
    "max": 15.668283365202354,
    "mean": 7.725999801482311,
    "std": 2.966926227900488
  }
}