{
  "hash": "04d0eb8091ff5711f74381ef0711ead6c02b8dd9c066d1b49d81932139d56626",
  "stats": {
    "shape": [
      95,
      95
    ],
    "size": 9025,
    "min": 0.0,
    "max": 15.586519541386004,
    "mean": 7.663905487086379,
    "std": 3.0360221945870935
  }
}