MODEL,PRED_DOCKQ
6H6X_af2m,0.8457893
6H6X,0.78887373
