MODEL,PRED_DOCKQ
1ZHS_af2m,0.82283384
1ZHS,0.7740717
