{
  "hash": "5c195c091f3c23c68926d0d2d32eeb8e1abac628b8d261d687fc54bf8394b8d3",
  "stats": {
    "shape": [
      62,
      62
    ],
    "size": 3844,
    "min": 0.0,
    "max": 13.854357092435952,
    "mean": 6.761119639656704,
    "std": 2.7985547958368473
  }
}