{
  "hash": "afc6796a66ca3da9f0e0efccada78f925e1e0d00415d01492e995a86d7afb028",
  "stats": {
    "shape": [
      84,
      84
    ],
    "size": 7056,
    "min": 0.0,
    "max": 15.380776858197066,
    "mean": 7.44869409340153,
    "std": 2.969124517448166
  }
}