{
  "f0_hash": "413a56af8ab4d97158f3dad72e1118f145cc3f56430b90ee31da316261d60440",
  "f1_hash": "468d3df6063183f480ab571c297f3274c22bfe0bfa6311d217616919e37d01fe",
  "f0_stats": {
    "shape": [
      5
    ],
    "size": 5,
    "min": 0.5379687441590821,
    "max": 96.80794235000833,
    "mean": 20.75410897730733,
    "std": 38.040696205608356
  },
  "f1_stats": {
    "shape": [
      15
    ],
    "size": 15,
    "min": 0.010912726722877686,
    "max": 163.97105550875276,
    "mean": 23.80286658351293,
    "std": 51.77999483757659
  }
}