MODEL,PRED_DOCKQ
1TU1_af2m,0.8883877
1TU1,0.8872812
