MODEL,PRED_DOCKQ
2RH0,0.0825516
2RH0_af2m,0.051061373
