MODEL,PRED_DOCKQ
3LFR_af2m,0.8293286
3LFR,0.60179913
