{
  "f0_hash": "5b1be6e2401bf4e49d36a91f707f9792ed8b04a02a21456bbde10c6a5a78a943",
  "f1_hash": "caf727f00ed02a9e576c8d9e8412feca0930b9aafc1d333dc0aee7c069e080f5",
  "f0_stats": {
    "shape": [
      5
    ],
    "size": 5,
    "min": 0.5563161827964622,
    "max": 113.56046691540692,
    "mean": 24.230619053867528,
    "std": 44.68245098248053
  },
  "f1_stats": {
    "shape": [
      15
    ],
    "size": 15,
    "min": 0.012745735360943478,
    "max": 289.9811285871837,
    "mean": 41.857599245598514,
    "std": 91.66197203789127
  }
}