{
  "count": 73,
  "ids_hash": "defa9581fc8af24d3d13a9a309bc813af949253b30097080c1bf584133ef3162",
  "coords_hash": "5e1a782ab8728c84598ec9536777de52841fa13cb85b1b1da8dd01cd4948e2d8",
  "coords_stats": {
    "shape": [
      73,
      3
    ],
    "size": 219,
    "min": 9.206999778747559,
    "max": 70.23400115966797,
    "mean": 35.696488532845834,
    "std": 20.297887158396918
  }
}