{
  "f0_hash": "2492a76af4bca61c6e865c4a0babdee7a98d50b97c5d882c38a11fc19ecd8065",
  "f1_hash": "b1cdc1a74c0d26dd8b8d3281110ae31de3204ff6e6ef8bab80a9e06f63fe8bb7",
  "f0_stats": {
    "shape": [
      5
    ],
    "size": 5,
    "min": 0.41391453826749236,
    "max": 134.94258223834927,
    "mean": 28.321244195352563,
    "std": 53.32026913855012
  },
  "f1_stats": {
    "shape": [
      15
    ],
    "size": 15,
    "min": 0.010578072836636032,
    "max": 370.76673259317573,
    "mean": 51.80431537312454,
    "std": 118.92923619318508
  }
}