MODEL,PRED_DOCKQ
2QNU,0.8646773
2QNU_af2m,0.80535245
