MODEL,PRED_DOCKQ
2C0D,0.5160493
2C0D_af2m,0.49191952
