{
  "f0_hash": "8f4479bb2efb2036987f9ac3ec22c0ed79f20dd1a6c4bae9090d0133ecedc354",
  "f1_hash": "016813bb876a6b196a02b52a34f6411f97c8681d94961ea131941f283c9f2b7a",
  "f0_stats": {
    "shape": [
      5
    ],
    "size": 5,
    "min": 0.6158243313231762,
    "max": 162.89604612337047,
    "mean": 34.06755647602897,
    "std": 64.42435512996208
  },
  "f1_stats": {
    "shape": [
      15
    ],
    "size": 15,
    "min": 0.010360254120350909,
    "max": 491.6945836345312,
    "mean": 68.37359990132761,
    "std": 156.16418915851926
  }
}