{
  "count": 242,
  "ids_hash": "571a6c23097bec0389cf04be898712d49ccd2c8677533a772ac408eb68bdd9f4",
  "coords_hash": "19693daaf595893e59847cf59ba2f8bc4d8b01ec9b1aa72ca57548e466eb8ca4",
  "coords_stats": {
    "shape": [
      242,
      3
    ],
    "size": 726,
    "min": 4.658999919891357,
    "max": 36.57600021362305,
    "mean": 17.120433888816308,
    "std": 8.678903192491179
  }
}