{
  "f0_hash": "cad548cda8fdfe44a4540ab4730cfb9278d6d5e4695378eb927e6e444087f87c",
  "f1_hash": "7f88402c47400f5f35446e6e27b978e75aa6ffcc6f0837dc591f90addb02e941",
  "f0_stats": {
    "shape": [
      5
    ],
    "size": 5,
    "min": 0.41722921594844775,
    "max": 172.9507222435604,
    "mean": 35.88945222668008,
    "std": 68.53719871234826
  },
  "f1_stats": {
    "shape": [
      15
    ],
    "size": 15,
    "min": 0.010479149710632463,
    "max": 526.4501337336989,
    "mean": 72.33974047491208,
    "std": 167.30087020088112
  }
}