{
  "count": 177,
  "ids_hash": "37fd42ab93326f57196963d93aa89816f8f70387b7a3f34a0a21e6fe2af58536",
  "coords_hash": "f6deb4b1d4e370d3cd5ba34b5c7d162a59cdd40cb5cb69e8a678650370558da3",
  "coords_stats": {
    "shape": [
      177,
      3
    ],
    "size": 531,
    "min": -24.507999420166016,
    "max": 16.14299964904785,
    "mean": -5.466259871723513,
    "std": 11.305152235877241
  }
}