{
  "count": 65,
  "ids_hash": "695b79c1faf6873db53626ee7246ba5915cfea4ce83ffaf750dca16582546ac0",
  "coords_hash": "2d42b52e48b27e3176407cb2acf5518298d3f93428400c09edf7a64f6c301f2d",
  "coords_stats": {
    "shape": [
      65,
      3
    ],
    "size": 195,
    "min": -10.293999671936035,
    "max": 26.934999465942383,
    "mean": 8.273471826162094,
    "std": 10.657236794892295
  }
}