{
  "count": 108,
  "ids_hash": "44c1c5022931da4439b9168c79d47da569c525d347ba95455302a34c66ea612f",
  "coords_hash": "c8936f294ca9296ca8c18f8bd76a92021771b36baa1e732c60f9d10166ead457",
  "coords_stats": {
    "shape": [
      108,
      3
    ],
    "size": 324,
    "min": -12.593999862670898,
    "max": 51.46500015258789,
    "mean": 17.57767895328594,
    "std": 20.68823049029348
  }
}