MODEL,PRED_DOCKQ
5K1S_af2m,0.8963037
5K1S,0.86677504
