{
  "hash": "7702d11b1bac3aceceff037571121c20357c76d2e7db4a7d899ed4bcf4359c82",
  "stats": {
    "shape": [
      71,
      71
    ],
    "size": 5041,
    "min": 0.0,
    "max": 14.596032449918331,
    "mean": 6.945123138454433,
    "std": 2.860020243349717
  }
}