{
  "f0_hash": "67c0b3d50e6e70715c936c71156af40217f0fb51edeb800c8d3b1a944614d3bc",
  "f1_hash": "32f362cf1edede6e5178bdcc6ade339eb04e09a68c51410e76ceaebb07df292c",
  "f0_stats": {
    "shape": [
      5
    ],
    "size": 5,
    "min": 0.5876996130823788,
    "max": 137.75944427677416,
    "mean": 29.067938402385444,
    "std": 54.35920104328238
  },
  "f1_stats": {
    "shape": [
      15
    ],
    "size": 15,
    "min": 0.012147404540200135,
    "max": 389.29752681964686,
    "mean": 54.94308673303242,
    "std": 123.14701539109859
  }
}