{
  "f0_hash": "8c8d1e7ace723adfe2b24b147581014c144179097e23392b3520d25e1fdd42ee",
  "f1_hash": "91c3890fcd61c09b2288706f9da56436cfce1309e5916734cdd2f8d793a70164",
  "f0_stats": {
    "shape": [
      5
    ],
    "size": 5,
    "min": 0.48676008146875677,
    "max": 75.45841966001291,
    "mean": 16.491353648361166,
    "std": 29.503708228976915
  },
  "f1_stats": {
    "shape": [
      15
    ],
    "size": 15,
    "min": 0.010274255601238735,
    "max": 151.6905056428872,
    "mean": 22.775626481704215,
    "std": 47.69311742353154
  }
}