{
  "f0_hash": "f8154fb5784bbf512f4a3929dec020d3a3f385b171d4ee932e2fb41439aecd3e",
  "f1_hash": "9fc62fcefb5635bdc175dfedd6b80e0bc7df9a29b1ca9bebd7e0fbd62620589b",
  "f0_stats": {
    "shape": [
      5
    ],
    "size": 5,
    "min": 0.38559818757527015,
    "max": 102.58483555860607,
    "mean": 21.860965807965293,
    "std": 40.37626951035766
  },
  "f1_stats": {
    "shape": [
      15
    ],
    "size": 15,
    "min": 0.010802492646302397,
    "max": 211.6875261129533,
    "mean": 31.291435508286035,
    "std": 66.8024683218386
  }
}