{
  "f0_hash": "aa88c77b1ba19f3e4f94609a91508c6e1e0feedfb16615093f30be68a824b139",
  "f1_hash": "7785f60741409b0dad7c66e9add04110fc8bbbe47188574e4bfa91b602baae5d",
  "f0_stats": {
    "shape": [
      5
    ],
    "size": 5,
    "min": 0.6223329815294872,
    "max": 146.32505122258945,
    "mean": 30.76592822924921,
    "std": 57.79121797590469
  },
  "f1_stats": {
    "shape": [
      15
    ],
    "size": 15,
    "min": 0.011572500872998326,
    "max": 416.6134623517514,
    "mean": 58.791852973733356,
    "std": 132.4483775906117
  }
}