{
  "count": 87,
  "ids_hash": "54be3302dc955a6f6dee18cbe94fe96428b45fc32aa54f7bd2415de3edda78dd",
  "coords_hash": "9ec8d4e0d9ced1f8bb9cc78e938b17453c89c66bd53082ac260e6fdc1a666f7c",
  "coords_stats": {
    "shape": [
      87,
      3
    ],
    "size": 261,
    "min": -24.69300079345703,
    "max": 55.19200134277344,
    "mean": 6.561785396488234,
    "std": 30.27211378405821
  }
}