MODEL,PRED_DOCKQ
3NCE_af2m,0.72548157
3NCE,0.11959517
