{
  "hash": "a032b19cc85d830a98df11b1b58ff447d4928cf5f3baa3f805fd57c0c045f404",
  "stats": {
    "shape": [
      118,
      118
    ],
    "size": 13924,
    "min": 0.0,
    "max": 15.623960971324518,
    "mean": 7.993160275862688,
    "std": 2.9937842684404323
  }
}