{
  "count": 140,
  "ids_hash": "36d28c47490fa760bca7bf2584570cb4aed6ae1c98a0ed4f17f15644d10b629e",
  "coords_hash": "877e3ca8c0fe0bcaac01b6f59da83edfeac868b3ea78f95a18b730cd924689fd",
  "coords_stats": {
    "shape": [
      140,
      3
    ],
    "size": 420,
    "min": -13.928999900817871,
    "max": 29.690000534057617,
    "mean": 3.3945595177957633,
    "std": 13.941443009919086
  }
}