{
  "f0_hash": "723d785d978272e15590eeda83f89ee889fedf333b9fa5854196baa47f425e97",
  "f1_hash": "70bb8ce907d5a41839c7243a2263d2c420b42343d92c89867448c176b3e5f4e0",
  "f0_stats": {
    "shape": [
      5
    ],
    "size": 5,
    "min": 0.5241739984440446,
    "max": 116.24440467744674,
    "mean": 24.691556471292806,
    "std": 45.790272972937956
  },
  "f1_stats": {
    "shape": [
      15
    ],
    "size": 15,
    "min": 0.010275193955221695,
    "max": 241.57000852663606,
    "mean": 36.1948162139348,
    "std": 74.66089918149062
  }
}