{
  "count": 48,
  "ids_hash": "2e0b0ebb7c09996d85247577eca5c15695b2aaadce3e7e1511e99f52f57e67d2",
  "coords_hash": "d7547099323f2f22beeed710dfda5323f425f8b4ea70fcc0b53625d6b2a32d54",
  "coords_stats": {
    "shape": [
      48,
      3
    ],
    "size": 144,
    "min": -13.744000434875488,
    "max": 26.766000747680664,
    "mean": 7.899124989906947,
    "std": 13.782083229617564
  }
}