{
  "hash": "eb8cdafda9654fa3984f2b081f555aff0d5a71d8c26f31c2b8cf30511032ac6d",
  "stats": {
    "shape": [
      113,
      113
    ],
    "size": 12769,
    "min": 0.0,
    "max": 15.578531970878785,
    "mean": 7.8436915057797885,
    "std": 2.992604050881882
  }
}