{
  "f0_hash": "133e10f10619cbb1eb185c8effde9ab21651466f250a61a9203b0052cfb9b6a0",
  "f1_hash": "68faed1669b1ee196653791e9b036080217b70c43bfac807a7a7dbebf23ef145",
  "f0_stats": {
    "shape": [
      5
    ],
    "size": 5,
    "min": 0.5153120403799564,
    "max": 154.05857756143416,
    "mean": 32.316992077807164,
    "std": 60.88400283985381
  },
  "f1_stats": {
    "shape": [
      15
    ],
    "size": 15,
    "min": 0.013629459366727659,
    "max": 405.2962071526601,
    "mean": 56.326759184923475,
    "std": 128.06888156434462
  }
}