{
  "hash": "8f784c5b89f23617e0e08e1aeae68acd7979b5314bbaf614ff628615b2f994cc",
  "stats": {
    "shape": [
      65,
      65
    ],
    "size": 4225,
    "min": 0.0,
    "max": 14.277949329079012,
    "mean": 6.92989660696547,
    "std": 2.8107288388649323
  }
}