{
  "count": 66,
  "ids_hash": "7038241b034a73a64b521913b98890c276b1e57ff29cd94e5c3f0eb84a64d10a",
  "coords_hash": "5eeec63da4967db32aa9c50a8b5e60071fa0df665b07d8baa9ab468d6dd59e61",
  "coords_stats": {
    "shape": [
      66,
      3
    ],
    "size": 198,
    "min": -8.463000297546387,
    "max": 39.07500076293945,
    "mean": 15.149712161960625,
    "std": 14.683611329703064
  }
}