{
  "hash": "a063916ca99b55f5223d00631778db3f507d529c63702241a327c2add23c2f4f",
  "stats": {
    "shape": [
      110,
      110
    ],
    "size": 12100,
    "min": 0.0,
    "max": 15.654487218635152,
    "mean": 7.89329409272492,
    "std": 3.0022865990351058
  }
}