{
  "count": 83,
  "ids_hash": "e7c992b84a173ce172d644de391ce71dfc18b0038bde5a6340371fb2235d0f97",
  "coords_hash": "78f396a728191ebf5ab7c267c0250b655b75c36d063f18ae4d46a3fc9b4d1a30",
  "coords_stats": {
    "shape": [
      83,
      3
    ],
    "size": 249,
    "min": -38.382999420166016,
    "max": 39.18899917602539,
    "mean": -4.220530115456945,
    "std": 26.8793605110347
  }
}