MODEL,PRED_DOCKQ
2RIH_af2m,0.87656283
2RIH,0.83682525
