{
  "count": 74,
  "ids_hash": "9769333cd0fb440c5fafefa3f19f10f767c8b5ffe26eb442bf65020c30763d8f",
  "coords_hash": "5f878902f0efde6a1d4de0792cad0bacdceb96937c939d4c17ed37d1c08bff67",
  "coords_stats": {
    "shape": [
      74,
      3
    ],
    "size": 222,
    "min": 0.8920000195503235,
    "max": 41.013999938964844,
    "mean": 15.273175725797275,
    "std": 12.647855891893709
  }
}