{
  "hash": "d4addf16c0e67b750f1734c17ac855bd2b9d4f46744a3e6645f99a5dbee30484",
  "stats": {
    "shape": [
      110,
      110
    ],
    "size": 12100,
    "min": 0.0,
    "max": 15.579401129189582,
    "mean": 7.7953021274072425,
    "std": 2.9874573204968327
  }
}