{
  "count": 107,
  "ids_hash": "7fabcf6aa218ed7a7531370cae563d1691d443fd46a5172f986f4e2c3c36056e",
  "coords_hash": "8cdb6800c844c8995d1c069553bb05506eeea377171c474a85b030494ec692dc",
  "coords_stats": {
    "shape": [
      107,
      3
    ],
    "size": 321,
    "min": -18.155000686645508,
    "max": 23.475000381469727,
    "mean": -0.7525545365620996,
    "std": 12.431821171234112
  }
}