{
  "hash": "7ec65cb9a7bf300be4cc405f5e5a1e7a404b11381d8b4fa3478016f1794ffb85",
  "stats": {
    "shape": [
      190,
      190
    ],
    "size": 36100,
    "min": 0.0,
    "max": 15.458813789591936,
    "mean": 7.889164636716657,
    "std": 2.9939234454017516
  }
}