{
  "hash": "84bd8bf9f3c3da61fe5b4755d25857489458d59e38f1b8250c32b5a2e7ebac27",
  "stats": {
    "shape": [
      81,
      81
    ],
    "size": 6561,
    "min": 0.0,
    "max": 15.21653678314711,
    "mean": 7.204919063212745,
    "std": 2.8609626572134066
  }
}