{
  "hash": "5dee4a61471f5172d9d304dd3aca00eedc650edca516c2851de2df04483b5a56",
  "stats": {
    "shape": [
      96,
      96
    ],
    "size": 9216,
    "min": 0.0,
    "max": 15.088600356961448,
    "mean": 7.711457064366341,
    "std": 2.997691709254977
  }
}