MODEL,PRED_DOCKQ
3FJY_af2m,0.7209205
3FJY,0.25786504
