{
  "count": 98,
  "ids_hash": "3874a4b96f69a8abeb2741968d39c42affe7339afce92c04c21df9fc4754b2d1",
  "coords_hash": "4e692ed1986332e4c42e9b350223240a4e3fc786ee37c23e20a5e4c642a526ee",
  "coords_stats": {
    "shape": [
      98,
      3
    ],
    "size": 294,
    "min": -38.66999816894531,
    "max": 1.8580000400543213,
    "mean": -14.702292526704671,
    "std": 12.52633114745049
  }
}