{
  "hash": "bc869b494bbbb5feab69e919eaa678ef259beb6d9aba66cf6d5f96cdd6aa96b1",
  "stats": {
    "shape": [
      100,
      100
    ],
    "size": 10000,
    "min": 0.0,
    "max": 15.619421128600528,
    "mean": 7.703720930506145,
    "std": 2.9722451263374734
  }
}