{
  "count": 57,
  "ids_hash": "bdc00681ebcc7236c98ff9860c1855a40152dfa555adb0f2f41ee0d86adf82eb",
  "coords_hash": "fc478e1aed627ee130373988ebb392b71525213da9711b0760635000fbd01f66",
  "coords_stats": {
    "shape": [
      57,
      3
    ],
    "size": 171,
    "min": 0.050999999046325684,
    "max": 90.83399963378906,
    "mean": 34.228660896856184,
    "std": 35.54578234897944
  }
}