MODEL,PRED_DOCKQ
2HOX_af2m,0.69379395
2HOX,0.37580767
