{
  "count": 78,
  "ids_hash": "a56fbcbc7534e8b5335a59233ec8733e2b236fe370275ed20e30426bd343d39d",
  "coords_hash": "3c60003feb7ea88237b084ea23befbea38a09d18ed6d9737563b928f184a0064",
  "coords_stats": {
    "shape": [
      78,
      3
    ],
    "size": 234,
    "min": -20.375999450683594,
    "max": 1.7209999561309814,
    "mean": -8.074837607992256,
    "std": 4.45549553210332
  }
}