{
  "hash": "ce6eec4c2fbddb80a340f1892937240d68edca66b5f8304e708675feccd2e95b",
  "stats": {
    "shape": [
      96,
      96
    ],
    "size": 9216,
    "min": 0.0,
    "max": 15.406976642725418,
    "mean": 7.6911080380312375,
    "std": 3.0320325348903485
  }
}