{
  "f0_hash": "a0902e4f50d909505f57d4dbd1fa3a993478b6ff3531ba2fcb2e9b4b616cf914",
  "f1_hash": "0232b5e2c96a4677d28891310908edc6bf1b9de7ea712671d15d800d37952d61",
  "f0_stats": {
    "shape": [
      5
    ],
    "size": 5,
    "min": 0.4701393743430522,
    "max": 108.44895974811861,
    "mean": 23.105904078342682,
    "std": 42.686823124278924
  },
  "f1_stats": {
    "shape": [
      15
    ],
    "size": 15,
    "min": 0.011348860404530647,
    "max": 194.25503206745145,
    "mean": 28.772723579053427,
    "std": 62.06454245879919
  }
}