MODEL,PRED_DOCKQ
5LSI,0.7172428
5LSI_af2m,0.62919813
