{
  "hash": "e968bdaefb1d5a8da527893b1bfd0195776ce9cc850a06f05563ee536c1e61d4",
  "stats": {
    "shape": [
      93,
      93
    ],
    "size": 8649,
    "min": 0.0,
    "max": 15.39769129025104,
    "mean": 7.627623327604881,
    "std": 3.0657572449640442
  }
}