{
  "hash": "1bd70dc74396dcc899fbd05e649b1a9a8c77c9341679bb2bd151584377a34574",
  "stats": {
    "shape": [
      91,
      91
    ],
    "size": 8281,
    "min": 0.0,
    "max": 15.809161663597378,
    "mean": 7.813574103198964,
    "std": 3.0849426828726925
  }
}