{
  "hash": "73b02139f467ad4cde0dcb95e1381b5dc69337a40aa14d8423862245bff561bb",
  "stats": {
    "shape": [
      90,
      90
    ],
    "size": 8100,
    "min": 0.0,
    "max": 15.40476157970127,
    "mean": 7.532377242022379,
    "std": 2.9855220052030687
  }
}