{
  "hash": "4372d463c375336b03a9031b3e06d37439d4e41b051911010b059b91424ccfae",
  "stats": {
    "shape": [
      109,
      109
    ],
    "size": 11881,
    "min": 0.0,
    "max": 15.283527563814776,
    "mean": 8.049915212670681,
    "std": 3.0698576899356977
  }
}