{
  "hash": "72287f842e6d5cdce9edb0d97854a15f994d5a05b5bec7db95c9092a019302b8",
  "stats": {
    "shape": [
      114,
      114
    ],
    "size": 12996,
    "min": 0.0,
    "max": 15.446432057580441,
    "mean": 7.94612063272031,
    "std": 3.002024761791475
  }
}