{
  "f0_hash": "2287f4ec44d9deb1730461a0fa6bb6a80c4bf2628272f2d638d2ffcb08313587",
  "f1_hash": "53a5c5ced77e95bd5805c8863a4c62e5b2505c289114778acd11d6a0ea947939",
  "f0_stats": {
    "shape": [
      5
    ],
    "size": 5,
    "min": 0.32882173431472356,
    "max": 152.19492838680964,
    "mean": 31.728591992023013,
    "std": 60.24153964465348
  },
  "f1_stats": {
    "shape": [
      15
    ],
    "size": 15,
    "min": 0.011797762449105242,
    "max": 345.2254725007003,
    "mean": 47.94244100584224,
    "std": 108.27024407930516
  }
}