{
  "hash": "9600fcf4d835bb85a5be67868dbaf2332c20db7c9d1829b9739eb44b24bab7ec",
  "stats": {
    "shape": [
      105,
      105
    ],
    "size": 11025,
    "min": 0.0,
    "max": 15.49217195471639,
    "mean": 7.963387545948969,
    "std": 3.0315283449950385
  }
}