{
  "count": 95,
  "ids_hash": "4a75f1a9c6651598d4ff4fdee31e46ffcfbb22136d507febd3cb56db79393c05",
  "coords_hash": "adcc2f3bff5692ad1c67bec4397d0743185a2167f8e439d020c4bb3ec67e15b2",
  "coords_stats": {
    "shape": [
      95,
      3
    ],
    "size": 285,
    "min": -20.288999557495117,
    "max": 55.88800048828125,
    "mean": 10.044807036090315,
    "std": 28.0423047445706
  }
}