{
  "hash": "1371ee7e269dbbf9d357259657e1a4d2fba695190f2ed4c11acfae12e7f1d39c",
  "stats": {
    "shape": [
      105,
      105
    ],
    "size": 11025,
    "min": 0.0,
    "max": 15.288531870248049,
    "mean": 7.993887469328239,
    "std": 3.0495258519828146
  }
}