MODEL,PRED_DOCKQ
1FXK,0.5688261
1FXK_af2m,0.032875996
