MODEL,PRED_DOCKQ
2QUD_af2m,0.8795162
2QUD,0.043291036
