{
  "hash": "22d59053de3a99d43fa6016ff344a3a494256749eb52ec3f65280d828a015a24",
  "stats": {
    "shape": [
      112,
      112
    ],
    "size": 12544,
    "min": 0.0,
    "max": 15.57546371758461,
    "mean": 8.086483164211144,
    "std": 3.0660871327005044
  }
}