{
  "count": 91,
  "ids_hash": "70b865f89bc42b1afa8e401f86c4e72e150601ebb1911f20ddff8e1f49e1a1ce",
  "coords_hash": "a52b5cde5a3a8f5eacb4e8a98d301a67f3457609d6a39b3dd3e066e15b52d702",
  "coords_stats": {
    "shape": [
      91,
      3
    ],
    "size": 273,
    "min": -37.05099868774414,
    "max": 2.4110000133514404,
    "mean": -14.302640999329615,
    "std": 11.848090000672894
  }
}