MODEL,PRED_DOCKQ
3ZNZ_af2m,0.7317203
3ZNZ,0.31176656
