{
  "hash": "0ba477aded6f8f8e308c374d38a8a9d4e2db5c506bba2862c8098ab88a803622",
  "stats": {
    "shape": [
      100,
      100
    ],
    "size": 10000,
    "min": 0.0,
    "max": 15.387952491565942,
    "mean": 7.920012925723265,
    "std": 3.0660630047161743
  }
}