{
  "f0_hash": "7aa5a1eddf52ee49c2b1b0f3ff4375a720edb09d0921b95f1d2d1e240182675b",
  "f1_hash": "602116e134b038ab5825555cf5e38abe719f210d82d0b80af7d99cd4d3b3d3d5",
  "f0_stats": {
    "shape": [
      5
    ],
    "size": 5,
    "min": 0.47233521347476826,
    "max": 164.6585888481995,
    "mean": 34.43407704075087,
    "std": 65.12479820443926
  },
  "f1_stats": {
    "shape": [
      15
    ],
    "size": 15,
    "min": 0.010394322751369423,
    "max": 461.6099846124097,
    "mean": 64.09217727486401,
    "std": 146.52117053963963
  }
}