{
  "f0_hash": "f5ce4370453da280c8931bc360a83e026e2aafb6904a1ae83b833a73ae65e918",
  "f1_hash": "3deee348d0524e26edd2d528debe49df1f4af85298fa574c74d0fd43ffa11525",
  "f0_stats": {
    "shape": [
      5
    ],
    "size": 5,
    "min": 0.39484101198134697,
    "max": 153.7219716761687,
    "mean": 32.10721042468087,
    "std": 60.817055351132815
  },
  "f1_stats": {
    "shape": [
      15
    ],
    "size": 15,
    "min": 0.011180912815296207,
    "max": 458.41663056943395,
    "mean": 63.4542219279361,
    "std": 146.7062594584688
  }
}