{
  "f0_hash": "180266019cb2a0bd57931b9b5ba7dbdd2ff2d109b6f3eb188378082b3bbf2ea0",
  "f1_hash": "3b01ad2464b19aeca4dd58d3cc1fec948b465fbb29358456d938d6655ff9a036",
  "f0_stats": {
    "shape": [
      5
    ],
    "size": 5,
    "min": 0.7647043999536245,
    "max": 126.70840165170263,
    "mean": 27.158609478328493,
    "std": 49.80241711118637
  },
  "f1_stats": {
    "shape": [
      15
    ],
    "size": 15,
    "min": 0.010264815908675118,
    "max": 377.34689642380806,
    "mean": 53.905312086143425,
    "std": 120.20267902876571
  }
}