{
  "hash": "292d3fdb8b88bb2f3e9674c81068a91c03fb33707859a4af5ae224420847d4c5",
  "stats": {
    "shape": [
      98,
      98
    ],
    "size": 9604,
    "min": 0.0,
    "max": 15.698567540366804,
    "mean": 7.699505809395687,
    "std": 3.0048901787036972
  }
}