{
  "hash": "3eb3a3e722494d9e4079488341bceeb988d9b073f3806553eb7021aa0e6ea50b",
  "stats": {
    "shape": [
      92,
      92
    ],
    "size": 8464,
    "min": 0.0,
    "max": 15.604772882255881,
    "mean": 7.5369812833007765,
    "std": 2.925177662971415
  }
}