MODEL,PRED_DOCKQ
3TS3,0.90316135
3TS3_af2m,0.892896
