{
  "hash": "7a7e094b4765ace70cd6223c1e3811a3c2e1c0ce69b5b160220901e31ab71b2d",
  "stats": {
    "shape": [
      117,
      117
    ],
    "size": 13689,
    "min": 0.0,
    "max": 15.860390787246281,
    "mean": 8.092352296236266,
    "std": 3.1432036268332904
  }
}