{
  "hash": "93992149f1caaff6c0a6073b85312cab394d319a140e7c01e6bfbc19370cce2e",
  "stats": {
    "shape": [
      106,
      106
    ],
    "size": 11236,
    "min": 0.0,
    "max": 15.420639858869661,
    "mean": 7.994990496949117,
    "std": 3.076470643549462
  }
}