{
  "hash": "902a52f9498555c1381a9e4e4e0a5b0280ec83eb9bef7e9cb33e0e7be8d2ad1e",
  "stats": {
    "shape": [
      83,
      83
    ],
    "size": 6889,
    "min": 0.0,
    "max": 15.477713265213355,
    "mean": 7.446125298750375,
    "std": 3.053076193433643
  }
}