MODEL,PRED_DOCKQ
2HQ9,0.812187
2HQ9_af2m,0.8059754
