{
  "hash": "87b7f76479964829709d69f47d91a5c2c861bc7dfaf821b3b5ba5902a343318b",
  "stats": {
    "shape": [
      116,
      116
    ],
    "size": 13456,
    "min": 0.0,
    "max": 15.822560233399054,
    "mean": 8.016521844763133,
    "std": 3.0458047614308246
  }
}