{
  "hash": "30c4d43a72607baf8d6a0718f7e78aa1b8555b5892ba630e1d13b88065efef61",
  "stats": {
    "shape": [
      63,
      63
    ],
    "size": 3969,
    "min": 0.0,
    "max": 15.422150136276215,
    "mean": 7.132170725085214,
    "std": 3.126419528585062
  }
}