MODEL,PRED_DOCKQ
4Z39_af2m,0.04237647
4Z39,8.991353e-05
