{
  "f0_hash": "3cab7c494ca1265d6d32beeb97460d204679528fec5e77459ba78d303f2006b7",
  "f1_hash": "dc6e907d74a4d87a5a0f45753006cf6b67af26c8e288b02a681be13edb0cce30",
  "f0_stats": {
    "shape": [
      5
    ],
    "size": 5,
    "min": 0.21872693201001378,
    "max": 95.79141183748796,
    "mean": 20.298506324979737,
    "std": 37.755791402366036
  },
  "f1_stats": {
    "shape": [
      15
    ],
    "size": 15,
    "min": 0.01190955109889158,
    "max": 250.3802842709278,
    "mean": 35.378767265954565,
    "std": 80.82785387996266
  }
}