{
  "hash": "7d3923dea02e392778bbf0066b00ef0f5b80128b789f12a09bfe6003fad9b659",
  "stats": {
    "shape": [
      79,
      79
    ],
    "size": 6241,
    "min": 0.0,
    "max": 14.865785841855443,
    "mean": 7.080578018237191,
    "std": 2.8711164352652405
  }
}