{
  "hash": "5a0990a3edc2b8802eac76f572e65f79fc17947374fac191f8959681c860736a",
  "stats": {
    "shape": [
      107,
      107
    ],
    "size": 11449,
    "min": 0.0,
    "max": 15.614691337481093,
    "mean": 8.038879378449778,
    "std": 3.0676353733569846
  }
}