{
  "count": 69,
  "ids_hash": "6042b273b0a0af47391e9d597669c1308e76089bd6fd35177262bffca1f41b98",
  "coords_hash": "e0852ab23b17cf611b61871da9520545c6435979f9b061d42cd68a4aff814b76",
  "coords_stats": {
    "shape": [
      69,
      3
    ],
    "size": 207,
    "min": -42.970001220703125,
    "max": 49.7239990234375,
    "mean": -4.02610621245011,
    "std": 33.66568851134621
  }
}