{
  "f0_hash": "d08f12be726fcee38ba15306ca7feee49278882d025fda9d010291c85b901858",
  "f1_hash": "0bfc974a8517525a822bd0cf8dd728459a8f6deb5a5a43478a1ea847d0e483c5",
  "f0_stats": {
    "shape": [
      5
    ],
    "size": 5,
    "min": 0.36124075273118217,
    "max": 177.7876563755793,
    "mean": 36.89343895854374,
    "std": 70.45497408067877
  },
  "f1_stats": {
    "shape": [
      15
    ],
    "size": 15,
    "min": 0.010118097994210373,
    "max": 524.2722878953434,
    "mean": 72.44673667324803,
    "std": 166.8067964776142
  }
}