{
  "hash": "febd18a9c1d637959fdc6d94d0428d7a6c17e9db7efe22fe5651e2af3aa213d1",
  "stats": {
    "shape": [
      46,
      46
    ],
    "size": 2116,
    "min": 0.0,
    "max": 13.19932807607115,
    "mean": 6.109602983292071,
    "std": 2.6647299504475095
  }
}