{
  "f0_hash": "fe0c85667e577f1f2e39d224ae20cf8697962d8762d4decba2b89ee9c4db9d73",
  "f1_hash": "4ce65bef6f55f5ff65f6b5d84bbd94f745fe95bf9cfc0bd607079ea43b334f70",
  "f0_stats": {
    "shape": [
      5
    ],
    "size": 5,
    "min": 0.40292329067005805,
    "max": 122.86453783617712,
    "mean": 25.842927944670492,
    "std": 48.51928019822402
  },
  "f1_stats": {
    "shape": [
      15
    ],
    "size": 15,
    "min": 0.011600469507225153,
    "max": 323.16888731881494,
    "mean": 45.2276835052029,
    "std": 103.40012894905692
  }
}