{
  "f0_hash": "9b58d47f7090503b47ded58522067cd9f5165afa33c82748b63cd35eb22b9681",
  "f1_hash": "81c95dcb9a7e187f19737e9d4ba0a88815f1f4f4b30dada69d7a7a95d3d7b38e",
  "f0_stats": {
    "shape": [
      5
    ],
    "size": 5,
    "min": 0.5172769896759275,
    "max": 113.12545267837653,
    "mean": 24.010515206184245,
    "std": 44.569348234133166
  },
  "f1_stats": {
    "shape": [
      15
    ],
    "size": 15,
    "min": 0.010626627535067712,
    "max": 244.71285345522134,
    "mean": 35.041448581803316,
    "std": 76.77166240245941
  }
}