{
  "hash": "e34f8914284a1654e5b8c0277e6fd17800fa03dce181ab7052a3a43dd002f854",
  "stats": {
    "shape": [
      101,
      101
    ],
    "size": 10201,
    "min": 0.0,
    "max": 15.222452653818975,
    "mean": 7.682897950355872,
    "std": 3.03031912604022
  }
}