{
  "hash": "c6ae33f27dd226d897e5b41a8f26fd5ed45f78ef362952c6679251533dc94d0c",
  "stats": {
    "shape": [
      87,
      87
    ],
    "size": 7569,
    "min": 0.0,
    "max": 15.381347546507532,
    "mean": 7.567892386880013,
    "std": 2.985407273010572
  }
}