{
  "count": 113,
  "ids_hash": "517f5f2576efbbe70ed25560d355aadac89a784e2b2fea03cd29787f383e3016",
  "coords_hash": "4f5b8558d2810c54a703005333d7294689bbe7cda15666cd7835a4e5a1e074c6",
  "coords_stats": {
    "shape": [
      113,
      3
    ],
    "size": 339,
    "min": -24.20199966430664,
    "max": 61.4739990234375,
    "mean": 12.18645721954461,
    "std": 30.819821816695544
  }
}