MODEL,PRED_DOCKQ
5KS8,0.07160424
5KS8_af2m,0.057105713
