{
  "count": 108,
  "ids_hash": "c46a0a1ce8ed17a061a5fc73802f1d355c9af269065637df847276e73d9b5b7b",
  "coords_hash": "3351dd7345b4f24e6bd5a7376b18413b76c141c53a27500c8d68964fa4ff4b5c",
  "coords_stats": {
    "shape": [
      108,
      3
    ],
    "size": 324,
    "min": -2.0940001010894775,
    "max": 60.85599899291992,
    "mean": 24.68903703392012,
    "std": 21.547718276151468
  }
}