MODEL,PRED_DOCKQ
2F1F_af2m,0.78253096
2F1F,0.751178
