{
  "f0_hash": "16c9eac1aa9992193bb1963557128e3195411a45ad8a88909626e0a1fb23e910",
  "f1_hash": "463fe09cad06c25fbe107b9ae63d9d4fed76705adca6d0c5a448c1b9d1253e71",
  "f0_stats": {
    "shape": [
      5
    ],
    "size": 5,
    "min": 0.8139877534135143,
    "max": 104.23367689342994,
    "mean": 22.434690463798425,
    "std": 40.91580908792327
  },
  "f1_stats": {
    "shape": [
      15
    ],
    "size": 15,
    "min": 0.01113371157294285,
    "max": 268.5037925958036,
    "mean": 38.90284010099797,
    "std": 85.65735992620351
  }
}