{
  "hash": "925f1f1d4a3f486416fa4078c20725ab5a972888d2077245dc2480d30c73c936",
  "stats": {
    "shape": [
      110,
      110
    ],
    "size": 12100,
    "min": 0.0,
    "max": 15.117797219470942,
    "mean": 7.493514253877585,
    "std": 2.887133579657635
  }
}