{
  "f0_hash": "ecc58688002df794c92a6cd66b80e5ce055c26df0b90a315e27cfa62c44894de",
  "f1_hash": "7c7fbeb9eb9f758b1ba357f6322dcab3661166c36ce6837a43686dff2a68929f",
  "f0_stats": {
    "shape": [
      5
    ],
    "size": 5,
    "min": 0.403884130862633,
    "max": 144.4345285361676,
    "mean": 30.30615964509377,
    "std": 57.07643388219145
  },
  "f1_stats": {
    "shape": [
      15
    ],
    "size": 15,
    "min": 0.011356710084132082,
    "max": 438.4104605320423,
    "mean": 61.020158815215005,
    "std": 140.6330913742743
  }
}