{
  "count": 97,
  "ids_hash": "b0f9c8c2057b30123aafad84784e57c1905d03ed1e4a7e5114fd23df3142c1f9",
  "coords_hash": "1f64aab25708f19ce37c25afca2eaf8a99cc590606c15b5fe02841a3fa6d095d",
  "coords_stats": {
    "shape": [
      97,
      3
    ],
    "size": 291,
    "min": 2.0320000648498535,
    "max": 81.8290023803711,
    "mean": 33.40970443941883,
    "std": 29.931779635150168
  }
}