{
  "hash": "c8a77f1102015c35cf5d7324f96f1656318ee905e054b5b2575d7913fc8ed0f3",
  "stats": {
    "shape": [
      53,
      53
    ],
    "size": 2809,
    "min": 0.0,
    "max": 14.69055505367426,
    "mean": 6.403127836136697,
    "std": 2.7431906140568367
  }
}