MODEL,PRED_DOCKQ
5LTW,0.04677935
5LTW_af2m,0.026024554
