{
  "hash": "a33d03deef326a42f5760a66e7f1deb9e804228644e7b76abbcfd3dc5794e2e7",
  "stats": {
    "shape": [
      69,
      69
    ],
    "size": 4761,
    "min": 0.0,
    "max": 14.795346484760886,
    "mean": 6.713731226308271,
    "std": 2.7166510935178034
  }
}