{
  "hash": "36c481b261a17f6f39d78941b6dc143f126f7df20c3df8f8d418d49c93f2bc62",
  "stats": {
    "shape": [
      108,
      108
    ],
    "size": 11664,
    "min": 0.0,
    "max": 15.579080171476821,
    "mean": 8.130384078514064,
    "std": 3.0981518365697402
  }
}