{
  "f0_hash": "cc9b523a447bf8112c932d58696a1f4caf5bb78c811ac38f8be95413dceedab4",
  "f1_hash": "5988a0ac5e990403c5023c5d1b8fc8c445fc3138ac786afd7245ae5e3c38f3d6",
  "f0_stats": {
    "shape": [
      5
    ],
    "size": 5,
    "min": 0.34694347938954856,
    "max": 161.94893106396663,
    "mean": 33.627220499060016,
    "std": 64.16703490215006
  },
  "f1_stats": {
    "shape": [
      15
    ],
    "size": 15,
    "min": 0.011992174043747639,
    "max": 403.5916421588583,
    "mean": 56.41949441303068,
    "std": 126.43076350756702
  }
}