MODEL,PRED_DOCKQ
3IF4,0.7967443
3IF4_af2m,0.79518926
