{
  "hash": "9f2b03ad5eef46e5eb7918d52f0d006db7fd25619cf8d685f3943a03c09246c4",
  "stats": {
    "shape": [
      96,
      96
    ],
    "size": 9216,
    "min": 0.0,
    "max": 14.946047181086119,
    "mean": 7.756191145806814,
    "std": 2.9983889411698073
  }
}