MODEL,PRED_DOCKQ
3E15_af2m,0.21056035
3E15,0.00038601152
