{
  "f0_hash": "fb6e9cf8390fce6524b78a12a2b54f1ef5a93b561d689b86f19b931b6b20dd5a",
  "f1_hash": "1f13209312fed76ee3607a3fd5ce597d37c9bab7038d127d771452a750ec73bb",
  "f0_stats": {
    "shape": [
      5
    ],
    "size": 5,
    "min": 0.6761899658972271,
    "max": 111.93317853996176,
    "mean": 24.085144425237146,
    "std": 43.94922383606264
  },
  "f1_stats": {
    "shape": [
      15
    ],
    "size": 15,
    "min": 0.013303298168291455,
    "max": 265.33220633394524,
    "mean": 37.68495330103355,
    "std": 83.08761775153711
  }
}