MODEL,PRED_DOCKQ
4Q2N_af2m,0.7883188
4Q2N,0.6743004
