{
  "hash": "9192c25b1197f739fca06753aa98d3055ee3bf594e3b6d48b5f62d7546aaa37e",
  "stats": {
    "shape": [
      112,
      112
    ],
    "size": 12544,
    "min": 0.0,
    "max": 15.028675419318331,
    "mean": 7.967217992572664,
    "std": 3.000613069869655
  }
}