{
  "f0_hash": "a9fba6c6865fc4addcc06a1c980257e1b64e30f1f813ae99052c904e9c34821d",
  "f1_hash": "9e9505dd52879225f962c335260a3b0f1885fda56344881c383d9354e2d9f235",
  "f0_stats": {
    "shape": [
      5
    ],
    "size": 5,
    "min": 0.4875750337201988,
    "max": 165.5774161433127,
    "mean": 34.50652030685134,
    "std": 65.54394397915787
  },
  "f1_stats": {
    "shape": [
      15
    ],
    "size": 15,
    "min": 0.01031971277161059,
    "max": 575.8448723986227,
    "mean": 79.21101492792135,
    "std": 183.88426528139598
  }
}