{
  "count": 96,
  "ids_hash": "8876e68eaa390d6f2167e43cbc691b74d8aa2e51505796afdf058541e25bafc5",
  "coords_hash": "8497395cdba7c8468a5084ae907a596f6702e9062066620a18dae6b8ffa6a778",
  "coords_stats": {
    "shape": [
      96,
      3
    ],
    "size": 288,
    "min": -28.615999221801758,
    "max": 8.187999725341797,
    "mean": -8.360954864293388,
    "std": 10.331107577644955
  }
}