{
  "count": 96,
  "ids_hash": "ed8c3b7e6a5ab664332aeee8e6ea4697a4c213e87558b3817681d046f5715872",
  "coords_hash": "0b2377e6e60932d3cee1a6704463e7b609fb4b288ee0ba839100d81adb2313f6",
  "coords_stats": {
    "shape": [
      96,
      3
    ],
    "size": 288,
    "min": -12.807999610900879,
    "max": 72.31600189208984,
    "mean": 23.261892422024783,
    "std": 30.64775063371438
  }
}