MODEL,PRED_DOCKQ
2HVG,0.79881364
2HVG_af2m,0.22588573
