MODEL,PRED_DOCKQ
6FV4_af2m,0.86537254
6FV4,0.85543156
