MODEL,PRED_DOCKQ
1KZQ_af2m,0.07180401
1KZQ,0.0008526422
