{
  "f0_hash": "ffc0f97993342ca53aa0f4456b68e7178d30e8a73eac4227e9149a81cd4e829d",
  "f1_hash": "445629a91965b24dceedf090ab78dfc1d5b5c384845ac518818e39f8666ebaab",
  "f0_stats": {
    "shape": [
      5
    ],
    "size": 5,
    "min": 0.38002582777544264,
    "max": 168.32275264102063,
    "mean": 35.041309955583735,
    "std": 66.65071123685709
  },
  "f1_stats": {
    "shape": [
      15
    ],
    "size": 15,
    "min": 0.010971389391691844,
    "max": 483.7716904035079,
    "mean": 66.63947669368198,
    "std": 153.90104465100634
  }
}