{
  "hash": "55ed7d64ba9a9867dce162f6624e40640395769948a2e033bccbe3bc19e736c2",
  "stats": {
    "shape": [
      103,
      103
    ],
    "size": 10609,
    "min": 0.0,
    "max": 15.7647669968427,
    "mean": 7.7571875107480395,
    "std": 3.054814666397955
  }
}