{
  "count": 112,
  "ids_hash": "3215ba58fd6dce7e15bf15eeaf8dd1cf2bc07699af49c8176cb8205c6b23cf57",
  "coords_hash": "ac808d2979409a1b7b74c7c31cc83f02e7838a6ca72c4c968add1e1c2493857c",
  "coords_stats": {
    "shape": [
      112,
      3
    ],
    "size": 336,
    "min": -16.083999633789062,
    "max": 53.125999450683594,
    "mean": 15.694386906212284,
    "std": 22.932717165226656
  }
}