{
  "hash": "888c4a14107b08597c6b8a91ec30db5c5056f8f7ddba069153cf4a7916b2ef8f",
  "stats": {
    "shape": [
      111,
      111
    ],
    "size": 12321,
    "min": 0.0,
    "max": 15.653840220625378,
    "mean": 8.121877315297088,
    "std": 3.0847186444955357
  }
}