{
  "f0_hash": "b49a8a6dbc6f30497ecdf8fd7ced6438fa83901174fc1c929a4890f5ab35e99e",
  "f1_hash": "3c8252ed0654327363d6983787f8153537bdaea20ce3c668cc5504d59a14285b",
  "f0_stats": {
    "shape": [
      5
    ],
    "size": 5,
    "min": 0.4449580566126018,
    "max": 162.67965277845835,
    "mean": 33.898222249808406,
    "std": 64.39916187121763
  },
  "f1_stats": {
    "shape": [
      15
    ],
    "size": 15,
    "min": 0.01021056505595297,
    "max": 386.23762909734126,
    "mean": 54.00398087650095,
    "std": 121.6295605020689
  }
}