{
  "f0_hash": "f5264ea199b408d53445c75f8269c631d8b50d2c0d38327343cab23690a3e469",
  "f1_hash": "34e20c7e9d5b3301e47cc3586575e7eee46af52fc05ea8dd0b206a09d7297e00",
  "f0_stats": {
    "shape": [
      5
    ],
    "size": 5,
    "min": 0.5948767005145623,
    "max": 182.68040497366678,
    "mean": 37.970513681756366,
    "std": 72.36263046985373
  },
  "f1_stats": {
    "shape": [
      15
    ],
    "size": 15,
    "min": 0.010288679566851755,
    "max": 599.6246047463615,
    "mean": 82.17701210093637,
    "std": 190.1635345636892
  }
}