MODEL,PRED_DOCKQ
3LUF,0.13165884
3LUF_af2m,0.09581175
