{
  "count": 111,
  "ids_hash": "ad34e534a29bbc466bd953d1fb4e9d1cfa9dd6e8befd4bb0619b24a77deb2df2",
  "coords_hash": "eb4262daf5fdab2714b724547e306dc4f79dca70ba75757da6ba1d65c3367d83",
  "coords_stats": {
    "shape": [
      111,
      3
    ],
    "size": 333,
    "min": -36.99800109863281,
    "max": 49.99399948120117,
    "mean": 6.458498473639961,
    "std": 29.553966637675668
  }
}