{
  "f0_hash": "32f64fb3e9f9df2da46c82b992e42db0c11d4387358f58508f93dfc23dde978e",
  "f1_hash": "58f57d1e5907d90bb78eb7875cff3a820ca5b52886a4ac5aeeca907477c952e0",
  "f0_stats": {
    "shape": [
      5
    ],
    "size": 5,
    "min": 0.5319212022155615,
    "max": 152.31242061755404,
    "mean": 31.880048052032812,
    "std": 60.2257251384961
  },
  "f1_stats": {
    "shape": [
      15
    ],
    "size": 15,
    "min": 0.010352151301261436,
    "max": 425.0061951056579,
    "mean": 58.97933300881877,
    "std": 134.67195912934795
  }
}