{
  "count": 113,
  "ids_hash": "b84200e04e5546aaa2d2674d0dc0073f20a0694bb134890aee49a057b96e4e56",
  "coords_hash": "e641ee6657dd78e5ebb01c89502ea4dffdeb41ee6a3fd1cde141a4c896406788",
  "coords_stats": {
    "shape": [
      113,
      3
    ],
    "size": 339,
    "min": -7.135000228881836,
    "max": 92.8499984741211,
    "mean": 36.287557492224956,
    "std": 36.01283302211145
  }
}