{
  "hash": "b3429d41a340158f83911f1f9c3435763f9d00f5f3c8ab84e997ba938f2eee84",
  "stats": {
    "shape": [
      109,
      109
    ],
    "size": 11881,
    "min": 0.0,
    "max": 15.539808324609119,
    "mean": 7.989307812867326,
    "std": 3.0520745809085135
  }
}