{
  "count": 181,
  "ids_hash": "345f0179e33e16057c429c0763bd673dc90b6326279074cb6ce5d235bdf1658c",
  "coords_hash": "f28a684a7f91553bda8d37bd61e01add3469ea8874d5f8497cdb78a06a21c258",
  "coords_stats": {
    "shape": [
      181,
      3
    ],
    "size": 543,
    "min": -31.658000946044922,
    "max": 13.854999542236328,
    "mean": -9.427705323553436,
    "std": 13.33927661864273
  }
}