{
  "count": 97,
  "ids_hash": "56b18543ad7679498c2e2d0696748831b73b59dd90f57e04a08f384a3ed7aa2d",
  "coords_hash": "3dea6ca8a3cfae6cbd4decef434def127a5c78c7babfb5d32fb3e4e4c02c47e0",
  "coords_stats": {
    "shape": [
      97,
      3
    ],
    "size": 291,
    "min": -14.104999542236328,
    "max": 27.85300064086914,
    "mean": 8.179024086375417,
    "std": 11.932703894806304
  }
}