{
  "count": 90,
  "ids_hash": "428ac21a76f2964608dbf84ba9cc2a1f423038a05c898550dec216bb73abb5aa",
  "coords_hash": "f63e35d898dd50e619a05b0ca7acf84b6ec31e8688a146551023c7e907185015",
  "coords_stats": {
    "shape": [
      90,
      3
    ],
    "size": 270,
    "min": 18.426000595092773,
    "max": 42.6879997253418,
    "mean": 31.792677773369682,
    "std": 6.3219506989844865
  }
}