{
  "hash": "28d4beae2cdef26e443477b6e8f7584d94311fda6fe53ab89079a6c0f80b4296",
  "stats": {
    "shape": [
      99,
      99
    ],
    "size": 9801,
    "min": 0.0,
    "max": 15.474464705685975,
    "mean": 7.972913180342277,
    "std": 3.075494349735857
  }
}