{
  "hash": "cb7c1953a132bcccfdd32106ff38722237cb636c90740bd320bbbe6952455410",
  "stats": {
    "shape": [
      109,
      109
    ],
    "size": 11881,
    "min": 0.0,
    "max": 15.794947198367296,
    "mean": 7.8439193363080415,
    "std": 2.9870099328243964
  }
}