{
  "count": 109,
  "ids_hash": "e002314229a74123d71b27d1c92a3f03eb9297be7306f2481eda62471eed547e",
  "coords_hash": "a40d912f30f1ccd2a7f07603f3d4b0525af423b319ab1719e4def4fb5a9576da",
  "coords_stats": {
    "shape": [
      109,
      3
    ],
    "size": 327,
    "min": 4.127999782562256,
    "max": 45.263999938964844,
    "mean": 22.60311925812234,
    "std": 11.711919456122024
  }
}