{
  "hash": "206ea581e91bff934e6f3bc7dea54069d488d5c6b71a966d1891320afa37026e",
  "stats": {
    "shape": [
      85,
      85
    ],
    "size": 7225,
    "min": 0.0,
    "max": 15.638306745409706,
    "mean": 7.94595767208997,
    "std": 3.1739345785392614
  }
}