{
  "count": 114,
  "ids_hash": "a1557080fb0cfe1d4f42b7490f3e7c069f905e527eaae0ad54dcd7db45946cc6",
  "coords_hash": "8d8999c0b0493a019284d3514cf85856510c866df1d2f2122c8f7547c713c67d",
  "coords_stats": {
    "shape": [
      114,
      3
    ],
    "size": 342,
    "min": -17.35700035095215,
    "max": 24.738000869750977,
    "mean": -0.7678947183820937,
    "std": 13.758985538764929
  }
}