{
  "hash": "ba139749731703a70102f7b2004bec6a80d2a543e0a3f6a3b70d371be4b400b7",
  "stats": {
    "shape": [
      75,
      75
    ],
    "size": 5625,
    "min": 0.0,
    "max": 15.715187421874466,
    "mean": 7.7951228678144,
    "std": 3.1436207728092462
  }
}