{
  "count": 107,
  "ids_hash": "20a9af592cbdecf1d1db72ad4d450271d04d418415894dfd1341ae1145aa61ba",
  "coords_hash": "c84c7f637cb4ec88431caed731839162be78105be76701d6fc7864806d641be9",
  "coords_stats": {
    "shape": [
      107,
      3
    ],
    "size": 321,
    "min": -0.3240000009536743,
    "max": 24.415000915527344,
    "mean": 13.094087241966033,
    "std": 5.943490590983794
  }
}