{
  "f0_hash": "bbaca0eba00411ee3fabfebcff55dd36f0a32f508cfe90771f384fdaa729e438",
  "f1_hash": "c1b0a15f967e25d19de05cc5ae3b759fc22bf3e737bec7083f229aa336b1f934",
  "f0_stats": {
    "shape": [
      5
    ],
    "size": 5,
    "min": 0.48109223978468213,
    "max": 147.25436075931077,
    "mean": 30.855259432475396,
    "std": 58.20982643250024
  },
  "f1_stats": {
    "shape": [
      15
    ],
    "size": 15,
    "min": 0.010185952293859657,
    "max": 498.4654723641392,
    "mean": 69.23300699250385,
    "std": 159.81146510178732
  }
}