{
  "f0_hash": "132ed5ca69136aa331eb93ad50f9935f620329dab4ea9fa5090f1eee961627c6",
  "f1_hash": "b818ec39a126d057dc60fc9312823096cb8705310c36986009be6aad75fb141f",
  "f0_stats": {
    "shape": [
      5
    ],
    "size": 5,
    "min": 0.3576753870604554,
    "max": 188.76815542097657,
    "mean": 39.05989171825105,
    "std": 74.86112999566133
  },
  "f1_stats": {
    "shape": [
      15
    ],
    "size": 15,
    "min": 0.010341290275320603,
    "max": 564.2627879620625,
    "mean": 77.84831711056323,
    "std": 179.24953677374995
  }
}