MODEL,PRED_DOCKQ
4E0I_af2m,0.7978082
4E0I,0.78131753
