{
  "f0_hash": "977bdf109bf111058fd8da1016d39d0bb8764dd6c5a100d3de94def6410999c1",
  "f1_hash": "4e821b5df7e9f7e003637c8a37ea7520c75245b009c900771ceefedb99280ca7",
  "f0_stats": {
    "shape": [
      5
    ],
    "size": 5,
    "min": 0.3485826372238604,
    "max": 156.66258388099374,
    "mean": 32.64191311416016,
    "std": 62.0198736789903
  },
  "f1_stats": {
    "shape": [
      15
    ],
    "size": 15,
    "min": 0.010562997205853186,
    "max": 381.7278782907095,
    "mean": 53.729405222480715,
    "std": 120.22871121097405
  }
}