{
  "count": 107,
  "ids_hash": "984483e9ee21992766091ad681398d4c291c07c8912503e0f7514e77cb6f7f3c",
  "coords_hash": "22b4af7db7f6fe2b62592f0aa4e41f84bba459d9fe8a0229985e108b9ad78b42",
  "coords_stats": {
    "shape": [
      107,
      3
    ],
    "size": 321,
    "min": -7.866000175476074,
    "max": 90.39700317382812,
    "mean": 28.67534268156457,
    "std": 38.691587642043984
  }
}