{
  "hash": "76d54e4e7b1ee5216f1760210fd90c9702151b0d2c4ed8c0cb01ddfb3cedcea6",
  "stats": {
    "shape": [
      122,
      122
    ],
    "size": 14884,
    "min": 0.0,
    "max": 15.647532134282818,
    "mean": 8.113956482198267,
    "std": 3.0851283093235407
  }
}