{
  "f0_hash": "9c1d40c9a79c780e7372b02fcd9b88e40be65a1d7fbf8a64c2d09bf931bbdce9",
  "f1_hash": "d8c02b621fa5f34cb2c3c0948dbd920342af7b4ba36d52a9b915d36e1a3e7b04",
  "f0_stats": {
    "shape": [
      5
    ],
    "size": 5,
    "min": 0.38314314596183197,
    "max": 157.78688632320916,
    "mean": 32.917131559640175,
    "std": 62.444329638749764
  },
  "f1_stats": {
    "shape": [
      15
    ],
    "size": 15,
    "min": 0.010374705219543312,
    "max": 471.8174683186122,
    "mean": 64.9308411201133,
    "std": 150.62376754119907
  }
}