{
  "hash": "864a92f47e9fe52bd4035290288eec138f6bd502eb16f55125fa066d60df9e58",
  "stats": {
    "shape": [
      114,
      114
    ],
    "size": 12996,
    "min": 0.0,
    "max": 15.860390787246281,
    "mean": 7.940207123764406,
    "std": 3.107149311145956
  }
}