{
  "f0_hash": "2da72b8f9eeaa903ea3ef13d1cdb3f289eaba94c40e9779f113f975fe861ca95",
  "f1_hash": "f7fc709da3b1d34eb5adfcdc34ad25e3bb6d71c932d29f5ec358c1ee5b0b6584",
  "f0_stats": {
    "shape": [
      5
    ],
    "size": 5,
    "min": 0.4542778303789708,
    "max": 161.92707648519166,
    "mean": 33.80881618866012,
    "std": 64.06943125450812
  },
  "f1_stats": {
    "shape": [
      15
    ],
    "size": 15,
    "min": 0.011978409860137873,
    "max": 469.0090494157775,
    "mean": 64.63050076962377,
    "std": 148.8976438153975
  }
}