{
  "count": 100,
  "ids_hash": "3999af38b75d5e9f32162458cb161bcb6541a0746f1f8184437706c932bb9e9b",
  "coords_hash": "fd56b607c7cbab5110a203b97d41e65c2dda01950707f9c7548bd06082988524",
  "coords_stats": {
    "shape": [
      100,
      3
    ],
    "size": 300,
    "min": -19.94700050354004,
    "max": 32.766998291015625,
    "mean": 9.150496675173441,
    "std": 16.253744430990068
  }
}