{
  "hash": "6bdfb65ab905aca0308148d415dcdf4ae6f2680117d969c14cafd785cc993cd7",
  "stats": {
    "shape": [
      114,
      114
    ],
    "size": 12996,
    "min": 0.0,
    "max": 15.669882521507777,
    "mean": 8.137602373921135,
    "std": 3.1003995832785374
  }
}