{
  "count": 95,
  "ids_hash": "8ba7b5df62f8fdddf3a10ebb9685de8e98628fa74472209656f524b7ab649fd5",
  "coords_hash": "01100b5b59ef0ead1cf2922e5c436628c414bcf5eb99a3e8e9c1fc8727ccfe05",
  "coords_stats": {
    "shape": [
      95,
      3
    ],
    "size": 285,
    "min": 13.012999534606934,
    "max": 44.28799819946289,
    "mean": 30.949663118730513,
    "std": 8.488787795114744
  }
}