{
  "f0_hash": "d4d9de8941716004180f0d6dbfa7b41e405fa7dde084e4157add9fd5d20bf26e",
  "f1_hash": "7d529f624bf7ae53aa8bf94bd4da287011bbd50444301cf35a513590da0f78f9",
  "f0_stats": {
    "shape": [
      5
    ],
    "size": 5,
    "min": 0.6349098562152987,
    "max": 154.36895000783812,
    "mean": 32.449312155480456,
    "std": 60.97350723346001
  },
  "f1_stats": {
    "shape": [
      15
    ],
    "size": 15,
    "min": 0.010917901061533009,
    "max": 413.27959570736937,
    "mean": 57.60698530841501,
    "std": 130.697838054831
  }
}