{
  "hash": "17ddfe68a2b3f61adc728507b29c970144f7b624fc09e36020df358d28795995",
  "stats": {
    "shape": [
      44,
      44
    ],
    "size": 1936,
    "min": 0.0,
    "max": 15.023492774326366,
    "mean": 6.393255874000395,
    "std": 2.8803442139299853
  }
}