{
  "f0_hash": "d24e89ab8a894529e8aae5aafae3dd659c777e1b387e1a2168c82bf29f9a1d3b",
  "f1_hash": "4e45da7fc29e49a5d6af11e24a1b372c31e9418602515803d9ce4cedb8fa048a",
  "f0_stats": {
    "shape": [
      5
    ],
    "size": 5,
    "min": 0.604116000790638,
    "max": 172.49438298235137,
    "mean": 35.98548927067206,
    "std": 68.26395987299298
  },
  "f1_stats": {
    "shape": [
      15
    ],
    "size": 15,
    "min": 0.011393246604588292,
    "max": 520.3153985362553,
    "mean": 71.81426209410769,
    "std": 164.55190754871714
  }
}