{
  "f0_hash": "de6bf76f0319dd79dbf1c0a496e2e817e324febeb8e2689ea271e68cb06667fe",
  "f1_hash": "346325141ede648c264b9b7c534dc4447e129d657969a2ea570a8ceea79aee9d",
  "f0_stats": {
    "shape": [
      5
    ],
    "size": 5,
    "min": 0.5059504107165933,
    "max": 89.33508368283128,
    "mean": 19.287108753034587,
    "std": 35.041705553430695
  },
  "f1_stats": {
    "shape": [
      15
    ],
    "size": 15,
    "min": 0.013493425312796958,
    "max": 175.67810196996894,
    "mean": 25.875903320576118,
    "std": 54.9910784273497
  }
}