{
  "hash": "f6091ed9d104cc7309ac0a9c39515b5697c712f1a25047cd0596958daf1dad55",
  "stats": {
    "shape": [
      110,
      110
    ],
    "size": 12100,
    "min": 0.0,
    "max": 15.857348308698068,
    "mean": 8.054129431040177,
    "std": 3.0660831457248383
  }
}