MODEL,PRED_DOCKQ
3KP1_af2m,0.90588254
3KP1,0.87656325
