{
  "f0_hash": "cc3d8d4e5510524b5df771fdb4464316c0c9f1f97148eb47873520c7b576f95b",
  "f1_hash": "347c610e5cd3a5a43995e2ff753e0dd6aded94d6ad6d29b1273181ea775c7f9a",
  "f0_stats": {
    "shape": [
      5
    ],
    "size": 5,
    "min": 0.4703790246252781,
    "max": 126.85224895721088,
    "mean": 26.78520250388698,
    "std": 50.046454924517946
  },
  "f1_stats": {
    "shape": [
      15
    ],
    "size": 15,
    "min": 0.010767690804401653,
    "max": 350.8188140180376,
    "mean": 49.35618528230953,
    "std": 111.5471923450988
  }
}