MODEL,PRED_DOCKQ
2VCP_af2m,0.76472765
2VCP,0.44772032
