{
  "hash": "c2c914d96475c192c2cd72cffcccb375e59ba7e2a843bc72d5b9b47a11b157c5",
  "stats": {
    "shape": [
      107,
      107
    ],
    "size": 11449,
    "min": 0.0,
    "max": 15.583878903287296,
    "mean": 7.933421574004295,
    "std": 3.032202557879867
  }
}