{
  "count": 114,
  "ids_hash": "8e5ad6cc93913c2bb5c11229328f7818b7e3277e18c47ae2ad2b459a766a29f8",
  "coords_hash": "4d96f0d2c1260fdf10cfddc6e7affdeb379ffc23298522961131720ee772e9e6",
  "coords_stats": {
    "shape": [
      114,
      3
    ],
    "size": 342,
    "min": -31.854000091552734,
    "max": 50.98500061035156,
    "mean": 14.514678369488632,
    "std": 29.35610919618382
  }
}