{
  "count": 89,
  "ids_hash": "ef86c02bd9d75dad6f6077b53a329f6a5e7ad420ac4464d719b66e17af454d30",
  "coords_hash": "7fe8e7c416b6e759385409bc2c43815c283808db081145d2dbf293f27580e3c9",
  "coords_stats": {
    "shape": [
      89,
      3
    ],
    "size": 267,
    "min": -23.121000289916992,
    "max": 37.17399978637695,
    "mean": 3.545599313069149,
    "std": 20.27473987548245
  }
}