{
  "f0_hash": "acf4d69ffc778b9fa869fb640a2bec1a56a918dee834e901ccc21c51c133aa2f",
  "f1_hash": "43d52db8fb0298b1c2057124afd7df63e4036491130dd58a9ebc29ac0f9a77ac",
  "f0_stats": {
    "shape": [
      5
    ],
    "size": 5,
    "min": 0.42932195152763486,
    "max": 155.89094753763732,
    "mean": 32.580661968394615,
    "std": 61.66541961200187
  },
  "f1_stats": {
    "shape": [
      15
    ],
    "size": 15,
    "min": 0.01002249567725677,
    "max": 460.25933190874787,
    "mean": 64.53529107048884,
    "std": 146.89415275041287
  }
}