{
  "hash": "e42efd2bab84c912bd87325e0f481165949e58391e1aa32e56a35b0cd75183e6",
  "stats": {
    "shape": [
      113,
      113
    ],
    "size": 12769,
    "min": 0.0,
    "max": 15.525036233470548,
    "mean": 7.949609129313014,
    "std": 3.012118126063786
  }
}