{
  "count": 92,
  "ids_hash": "f3ba34867dbd76cc96af5b9abf5fc1ab0317a67e3d9d205abd7201f0139dc955",
  "coords_hash": "e35b603c4f5c94b68770c02206d25606b78a61e331dcff6ab063fee81b428d55",
  "coords_stats": {
    "shape": [
      92,
      3
    ],
    "size": 276,
    "min": -2.990999937057495,
    "max": 56.0629997253418,
    "mean": 30.106818830297478,
    "std": 19.328942117039812
  }
}