{
  "f0_hash": "449c92155ea4b406ee730f8dc6bd4448abdaa3627abdf7bbd462d54f73fcbbae",
  "f1_hash": "0ac8f6728a3658f82c1e477c780a925b78d6c6954205a29d9d246059ac131d15",
  "f0_stats": {
    "shape": [
      5
    ],
    "size": 5,
    "min": 0.7660372928843927,
    "max": 118.65362566860843,
    "mean": 25.47731150720908,
    "std": 46.61219414877182
  },
  "f1_stats": {
    "shape": [
      15
    ],
    "size": 15,
    "min": 0.011012948693316149,
    "max": 342.21342024724265,
    "mean": 48.53848221173644,
    "std": 108.8826147037599
  }
}