{
  "f0_hash": "2475fd15c61772687aed1d10d9c02fb9c873326d6e5bb4244caaaf88e3b57efd",
  "f1_hash": "38a7ef89962925b3ed7d9fb81a3354cac2bd7eccf39e7fa0617eccb4079df408",
  "f0_stats": {
    "shape": [
      5
    ],
    "size": 5,
    "min": 0.5493455910813484,
    "max": 140.73819477420466,
    "mean": 29.55855224979573,
    "std": 55.59965309234863
  },
  "f1_stats": {
    "shape": [
      15
    ],
    "size": 15,
    "min": 0.01074090643224146,
    "max": 344.04154798426373,
    "mean": 49.45233600684893,
    "std": 108.10262103348045
  }
}