{
  "hash": "0af19507d2c815fe555b68e48485f463d93fa8af50fa85736cab2d0870e24e85",
  "stats": {
    "shape": [
      107,
      107
    ],
    "size": 11449,
    "min": 0.0,
    "max": 15.646518868998136,
    "mean": 8.147795394754503,
    "std": 3.09733503151831
  }
}