{
  "count": 98,
  "ids_hash": "e89512f70a81b76bf94dcd796eb318ee565726f65ea76fcf127401ffe7dd61a4",
  "coords_hash": "89a37e53f12bc18fa401e1bcb72e0f5ac30ade34384ae090ec8db8a62849348a",
  "coords_stats": {
    "shape": [
      98,
      3
    ],
    "size": 294,
    "min": -15.300000190734863,
    "max": 17.836999893188477,
    "mean": 2.168693881925373,
    "std": 8.701740975309923
  }
}