MODEL,PRED_DOCKQ
3D8B,0.6942032
3D8B_af2m,0.5398881
