{
  "count": 104,
  "ids_hash": "0ed5b2a20d6870ab8fa1dcd2244c1c52eb62ef21add5465c34dbb7436a6a1efd",
  "coords_hash": "03fab4d5675f9aea7e1612a1c8e46e9bf2b0d79ce322a42a8dc6b8c73bf655cf",
  "coords_stats": {
    "shape": [
      104,
      3
    ],
    "size": 312,
    "min": -6.714000225067139,
    "max": 83.27200317382812,
    "mean": 31.738054511319394,
    "std": 32.37072466812454
  }
}