{
  "count": 97,
  "ids_hash": "2b2f307fff640e7cbb92c74391fe9a41834ee850d19f061e610e9c066af8b290",
  "coords_hash": "9cf3ec285667fcaa34123bf4321179a8d3eb090ec3fc4e5308fd66550caf1747",
  "coords_stats": {
    "shape": [
      97,
      3
    ],
    "size": 291,
    "min": -18.649999618530273,
    "max": 83.072998046875,
    "mean": 26.687711250331393,
    "std": 37.27697097899736
  }
}