{
  "hash": "fb2d4eb6475d8163944b6cb62a73148c7ddfa15ed52ce5ed4b01f77d531a2f73",
  "stats": {
    "shape": [
      83,
      83
    ],
    "size": 6889,
    "min": 0.0,
    "max": 15.847968002966859,
    "mean": 7.784163246253034,
    "std": 3.269908560764681
  }
}