MODEL,PRED_DOCKQ
6GZW_af2m,0.9148912
6GZW,0.76487666
