{
  "count": 72,
  "ids_hash": "4cdc230764b19b28be37be398c33c9a138ccec722e3b997b9280ceda88a369f0",
  "coords_hash": "75ba6158f8e372a1e6b05ebc21e53365c8e3a9bb4324141cbbbf34b0a626756a",
  "coords_stats": {
    "shape": [
      72,
      3
    ],
    "size": 216,
    "min": -6.245999813079834,
    "max": 27.125,
    "mean": 10.674810191892364,
    "std": 8.073564654947548
  }
}