MODEL,PRED_DOCKQ
4LXQ_af2m,0.85433435
4LXQ,0.00287205
