{
  "count": 92,
  "ids_hash": "f74d33415d4d2c4cce7705f8883e46db39cf9cbf6d7b5c284560a1ba357a6947",
  "coords_hash": "e8143e69a8b98693b14d6e3bfd55d29a183c41c93cc0ed091ddcdfabb5b226fa",
  "coords_stats": {
    "shape": [
      92,
      3
    ],
    "size": 276,
    "min": 8.244000434875488,
    "max": 88.98500061035156,
    "mean": 43.810663250909336,
    "std": 28.621431973729777
  }
}