{
  "f0_hash": "84a24d2324a8acfb79b9c39702a7189eb015ebe1f658ab423aa1e7829e3461bc",
  "f1_hash": "960a90f4a160dad14492c29c3f04360f71451c16bd31f12514053f3b4b437327",
  "f0_stats": {
    "shape": [
      5
    ],
    "size": 5,
    "min": 0.5150384954911853,
    "max": 159.73152120840297,
    "mean": 33.40485522954661,
    "std": 63.176470737201086
  },
  "f1_stats": {
    "shape": [
      15
    ],
    "size": 15,
    "min": 0.011908544161634893,
    "max": 472.014329541503,
    "mean": 65.50740389765976,
    "std": 150.6056940362819
  }
}