{
  "hash": "5e55a05702e2c2d152e59cb2551c9c44400f50ca628167e4d00b08547d2e0c89",
  "stats": {
    "shape": [
      95,
      95
    ],
    "size": 9025,
    "min": 0.0,
    "max": 15.637104998038804,
    "mean": 7.900165717963736,
    "std": 3.074800771941844
  }
}