{
  "count": 95,
  "ids_hash": "17e41a5856535209d0e992bd8432b581584c443b233e698c33d603e605aa890d",
  "coords_hash": "de6c1c049f8d660bcc4d0c7f6169996c59e72e37c9e00de0e24fc9da95619ff9",
  "coords_stats": {
    "shape": [
      95,
      3
    ],
    "size": 285,
    "min": -30.900999069213867,
    "max": 31.357999801635742,
    "mean": 0.16942457431241087,
    "std": 20.163357906086834
  }
}