{
  "hash": "61c753b4dd80e59fcb6c54208f8942939f40e8271ed48d697e0c1d050f442077",
  "stats": {
    "shape": [
      110,
      110
    ],
    "size": 12100,
    "min": 0.0,
    "max": 15.438961221965211,
    "mean": 7.75547511883326,
    "std": 2.9336112272648767
  }
}