{
  "f0_hash": "c9352ff6dc93ee35de48016b1b05fdd52fdee74710207ff42e5d32a56df613f0",
  "f1_hash": "441a895d90477049e70dc1549c57645fbc325819d3446fcd0678049c1c307622",
  "f0_stats": {
    "shape": [
      5
    ],
    "size": 5,
    "min": 0.5436867563482344,
    "max": 125.72882343226391,
    "mean": 26.568181213413034,
    "std": 49.59209820312559
  },
  "f1_stats": {
    "shape": [
      15
    ],
    "size": 15,
    "min": 0.011570050523527442,
    "max": 325.1544896289974,
    "mean": 45.75094213558421,
    "std": 103.0895422145902
  }
}