{
  "hash": "fbfbd649a7729e7ccb71428a5370a44c204ca9d4a33b6f83a338770cc5054911",
  "stats": {
    "shape": [
      124,
      124
    ],
    "size": 15376,
    "min": 0.0,
    "max": 15.499876844816182,
    "mean": 7.846966069753529,
    "std": 2.9764387632952847
  }
}