{
  "count": 81,
  "ids_hash": "1c0b14f38425867a1cb96c2e9c8570bb18712452b6d08489efd80be469e0d1cf",
  "coords_hash": "b4d378ac7310b54d3817af5231243fcc31232588ed21d86d391170b15924495f",
  "coords_stats": {
    "shape": [
      81,
      3
    ],
    "size": 243,
    "min": -9.61299991607666,
    "max": 37.91299819946289,
    "mean": 11.018748921897922,
    "std": 15.367203242440786
  }
}