{
  "hash": "5a66c824be9c4eeb0f10c5b5907266f5df84da411d7f32e83a50851d798ffc89",
  "stats": {
    "shape": [
      99,
      99
    ],
    "size": 9801,
    "min": 0.0,
    "max": 15.79733314680578,
    "mean": 7.810190324182354,
    "std": 3.038237555621845
  }
}