{
  "f0_hash": "c935e4ccbfd88a1defc7d3fccb41d0667036d1470facb717665085169fcc0b6c",
  "f1_hash": "42b1752d4782d0fbee2ef884ae8a318386c5836d9935a69bf0776b4f961002a8",
  "f0_stats": {
    "shape": [
      5
    ],
    "size": 5,
    "min": 0.536716125018211,
    "max": 156.66375215305413,
    "mean": 32.726942651217705,
    "std": 61.97705187075189
  },
  "f1_stats": {
    "shape": [
      15
    ],
    "size": 15,
    "min": 0.011396115616201463,
    "max": 413.51419040901806,
    "mean": 57.09882911628481,
    "std": 130.06262022820064
  }
}