{
  "f0_hash": "1d3d33621fdfa5787555712eaa6ea4a448996e772442e3eb8405cad8d1c5d90d",
  "f1_hash": "32a1fdfd8f1f2b6188ae2447e9379821cdd4e96b0ccf012ed72d05d381d3a439",
  "f0_stats": {
    "shape": [
      5
    ],
    "size": 5,
    "min": 0.3709719568825785,
    "max": 151.7313763954975,
    "mean": 31.545027010448592,
    "std": 60.101969725073204
  },
  "f1_stats": {
    "shape": [
      15
    ],
    "size": 15,
    "min": 0.010327000110542328,
    "max": 380.20027916023844,
    "mean": 54.28443491071417,
    "std": 120.05763412783189
  }
}