MODEL,PRED_DOCKQ
6CQO,0.27665737
6CQO_af2m,0.11086732
