{
  "f0_hash": "14175eca280aa99bd2895321331c21d56dd366b4cc8cfc0c2ed49b7e47f6b96e",
  "f1_hash": "06b2ebaa916a0bd4f40b5bb1e28239fe671204a427c1d8a345a7736b138ad95d",
  "f0_stats": {
    "shape": [
      5
    ],
    "size": 5,
    "min": 0.4610353315806539,
    "max": 166.47513259153507,
    "mean": 34.647740621863484,
    "std": 65.9214751354472
  },
  "f1_stats": {
    "shape": [
      15
    ],
    "size": 15,
    "min": 0.010069485448164883,
    "max": 493.2023035507102,
    "mean": 67.89585926242057,
    "std": 156.38498321816027
  }
}