{
  "hash": "07f80d21d4b035a89e03889f3f28e560eda2defbafb54dd52c5aebe0368754b4",
  "stats": {
    "shape": [
      60,
      60
    ],
    "size": 3600,
    "min": 0.0,
    "max": 15.50716737654139,
    "mean": 6.885299726044807,
    "std": 2.9185264318998314
  }
}