{
  "count": 108,
  "ids_hash": "8053b12c5e1ebf4175d1d466cfea49ef0579f664432a8259037c957f2e7013a4",
  "coords_hash": "a3e0a10be331697ee4be79fec96971cf51c7e3b85909e3ac15c28961b246cee7",
  "coords_stats": {
    "shape": [
      108,
      3
    ],
    "size": 324,
    "min": -5.122000217437744,
    "max": 21.79400062561035,
    "mean": 8.371385799772623,
    "std": 6.633178691804988
  }
}