{
  "hash": "d4955be3e28fb3aeeb679ddd1230e70bf061490cad34f4037438d2953151d955",
  "stats": {
    "shape": [
      110,
      110
    ],
    "size": 12100,
    "min": 0.0,
    "max": 15.66103790740067,
    "mean": 8.17097440705344,
    "std": 3.1558683187549583
  }
}