MODEL,PRED_DOCKQ
4RG1_af2m,0.8586278
4RG1,0.71036065
