{
  "hash": "d523a4565f9d0f548ce3ebb2e49a70a0ceb9d9dda0cef7de09d0f2d2d2760c61",
  "stats": {
    "shape": [
      108,
      108
    ],
    "size": 11664,
    "min": 0.0,
    "max": 15.747441191727509,
    "mean": 7.819416540887919,
    "std": 2.9926223960802494
  }
}