{
  "count": 78,
  "ids_hash": "a13fa39c634bfbad54cc43d0cc5882c94ac5e31d84602e96ca924b6b82016365",
  "coords_hash": "370f62d288265eba5499c75c47ee705501029d2f866ca0d9056f20c060bc9713",
  "coords_stats": {
    "shape": [
      78,
      3
    ],
    "size": 234,
    "min": -0.27000001072883606,
    "max": 40.54899978637695,
    "mean": 16.798948682558077,
    "std": 12.825705699748545
  }
}