{
  "hash": "1af1abf86f9583920e24ee68271a035d746d93213d200b18bf0d910cb61c2585",
  "stats": {
    "shape": [
      99,
      99
    ],
    "size": 9801,
    "min": 0.0,
    "max": 15.474712269430073,
    "mean": 7.973003463288899,
    "std": 3.075533075628168
  }
}