{
  "hash": "7e85f18ada769622dbf4d79e8726ec4bc3a6d5f7a31735b6357d76d7e1b795ef",
  "stats": {
    "shape": [
      111,
      111
    ],
    "size": 12321,
    "min": 0.0,
    "max": 15.746961646756718,
    "mean": 8.112481325944152,
    "std": 3.080293016059579
  }
}