{
  "hash": "10d8f2faa24bae934fa6d2f110326a563c8de5ba91506dd91cd0942007975ccf",
  "stats": {
    "shape": [
      93,
      93
    ],
    "size": 8649,
    "min": 0.0,
    "max": 15.804764998176488,
    "mean": 7.589722305405868,
    "std": 3.02637357829533
  }
}