{
  "hash": "ea0bc79e7975f2bdc3298b8e57bb70d07caeeea13a521cf4d3c538d912767f0d",
  "stats": {
    "shape": [
      112,
      112
    ],
    "size": 12544,
    "min": 0.0,
    "max": 15.352546237317252,
    "mean": 7.7163127187245735,
    "std": 2.975703473392906
  }
}