MODEL,PRED_DOCKQ
3U2U_af2m,0.7901384
3U2U,0.71896577
