{
  "f0_hash": "21ffe1c45a8be7c74c2045753f10f54adaad6814b699846b96076f0b4c5b859d",
  "f1_hash": "02197985f15bedaa1fd01b323b4698f18c8c1180848f2402b63393a0743a4460",
  "f0_stats": {
    "shape": [
      5
    ],
    "size": 5,
    "min": 0.4162229223048017,
    "max": 96.92373311975365,
    "mean": 20.710227718463706,
    "std": 38.120305166075745
  },
  "f1_stats": {
    "shape": [
      15
    ],
    "size": 15,
    "min": 0.010041397560988319,
    "max": 181.9619688088321,
    "mean": 26.65625861332329,
    "std": 57.95518634232974
  }
}