{
  "count": 105,
  "ids_hash": "883249fe29cd9bc9d5ca7e71b009349575b067c6bd775368f9b4d15c584de15c",
  "coords_hash": "e9c8d79bb4f839887131cfa383df1e038fa7e995b751a9a647fc21dd052f0413",
  "coords_stats": {
    "shape": [
      105,
      3
    ],
    "size": 315,
    "min": -15.258000373840332,
    "max": 21.391000747680664,
    "mean": 2.907215883204388,
    "std": 10.094154873327897
  }
}