MODEL,PRED_DOCKQ
2O98_af2m,0.7546649
2O98,0.04765019
