{
  "hash": "d350ea4bda7ed8100594512686316b850d1d6e628afbe432a82b0de4d7725b62",
  "stats": {
    "shape": [
      123,
      123
    ],
    "size": 15129,
    "min": 0.0,
    "max": 15.487377653185199,
    "mean": 7.879898813470161,
    "std": 3.0102634372844514
  }
}