{
  "hash": "8740046b5f19f80ea8a05ec1258038a46e81bf90b3340e706a9e18c44e2a024b",
  "stats": {
    "shape": [
      67,
      67
    ],
    "size": 4489,
    "min": 0.0,
    "max": 15.018427286906327,
    "mean": 6.754988332183941,
    "std": 2.8943301003335336
  }
}