{
  "f0_hash": "a2c63553e937f7595c6048b0170f6ffb72dcb68d1fd70e7087d7c9712fbcecf5",
  "f1_hash": "73b98818ee5e4c9b764de8c082a542552d745fffbdfb90bef91dd316a3319503",
  "f0_stats": {
    "shape": [
      5
    ],
    "size": 5,
    "min": 0.5813604976125026,
    "max": 150.30615201482684,
    "mean": 31.51970819422798,
    "std": 59.40343287881348
  },
  "f1_stats": {
    "shape": [
      15
    ],
    "size": 15,
    "min": 0.010484158457595427,
    "max": 414.7448565765199,
    "mean": 58.33822216302701,
    "std": 131.31289873606323
  }
}