{
  "count": 94,
  "ids_hash": "c8bb5b40a12371b965c5af95a1c441876a6c2bdd962f423819ebe766d5f40400",
  "coords_hash": "10239a9a6cc9c90d45e197892aba8dd9cb1df5e3564f21f1add6260468c648f2",
  "coords_stats": {
    "shape": [
      94,
      3
    ],
    "size": 282,
    "min": -34.32699966430664,
    "max": 27.000999450683594,
    "mean": -5.18575887730781,
    "std": 19.629319778558422
  }
}