MODEL,PRED_DOCKQ
2FYF_af2m,0.9514202
2FYF,0.90629864
