{
  "count": 115,
  "ids_hash": "9650fd714542ede4b313bf6a36f41e65a3197192dba17921227c0d48b8fe836f",
  "coords_hash": "1cbfe7b9a20129d5c9fcb6020f8831cc6f3d8fcfd8d008771b4e12f05a7eff99",
  "coords_stats": {
    "shape": [
      115,
      3
    ],
    "size": 345,
    "min": -6.035999774932861,
    "max": 90.16200256347656,
    "mean": 38.50026652059261,
    "std": 33.97592947264268
  }
}