{
  "hash": "f7c46b14abd1d9248b3170c35423fa26dba285d3365a09e0fdd47ba7da3a27aa",
  "stats": {
    "shape": [
      80,
      80
    ],
    "size": 6400,
    "min": 0.0,
    "max": 15.31335772634632,
    "mean": 7.220720221240879,
    "std": 2.9328580493617005
  }
}