{
  "f0_hash": "daff2cfeb75925733af4a4e5210e9b1446275b8bf985b45d69d8df0afc8b85be",
  "f1_hash": "a9e54557ba1d035cf7aa17a945842562bea6c5f3edbb23da00b2abe2d1cd696a",
  "f0_stats": {
    "shape": [
      5
    ],
    "size": 5,
    "min": 0.34273312786673915,
    "max": 145.04565840351796,
    "mean": 30.20969756661002,
    "std": 57.423976296286746
  },
  "f1_stats": {
    "shape": [
      15
    ],
    "size": 15,
    "min": 0.012594679950489684,
    "max": 345.2009189160371,
    "mean": 48.69223585677322,
    "std": 109.36725614774062
  }
}