MODEL,PRED_DOCKQ
2VLD,0.18125993
2VLD_af2m,0.0837013
