{
  "count": 86,
  "ids_hash": "cf87bcfd3d0cbbff89d4ef0f1287a436c761a8310d49043097b268d743ecae3f",
  "coords_hash": "37f6c0df975847879bc7acd760bcd899c3bb58e66a12eed48168a0b8ac2ad1d2",
  "coords_stats": {
    "shape": [
      86,
      3
    ],
    "size": 258,
    "min": -22.666000366210938,
    "max": 69.29900360107422,
    "mean": 20.93217845665392,
    "std": 32.10482631753906
  }
}