{
  "hash": "b1eb2c6a5ceca1f2ba1f94ae4bc269f0e8a8ac1b19de1f4dee030125eeb45524",
  "stats": {
    "shape": [
      97,
      97
    ],
    "size": 9409,
    "min": 0.0,
    "max": 15.26286656819757,
    "mean": 7.878015010212297,
    "std": 3.033505520123048
  }
}