{
  "f0_hash": "663caf23a31aa370569c359ed03baa92c353e7882a971b50122d7c2799bedac6",
  "f1_hash": "dd15e6f179e4fc12167f2e1d25c3f11465a1fea3c87dcf35a1de7aaa31e1d57e",
  "f0_stats": {
    "shape": [
      5
    ],
    "size": 5,
    "min": 0.4747442708835375,
    "max": 163.47338371997415,
    "mean": 34.166653432400544,
    "std": 64.66508452226209
  },
  "f1_stats": {
    "shape": [
      15
    ],
    "size": 15,
    "min": 0.011393246604588292,
    "max": 462.19545005456666,
    "mean": 64.41959780786095,
    "std": 147.28808977189414
  }
}