{
  "f0_hash": "75237b3e09f1beedd2d97e5d7e74df0f8ecf865b1000b8c183143cecc72a8856",
  "f1_hash": "26cb0ee4c3f4fb51d28c3d444fde9407a74cba5a1854bb6937f8f31b5fdce30e",
  "f0_stats": {
    "shape": [
      5
    ],
    "size": 5,
    "min": 0.3924539712104374,
    "max": 113.59184112870649,
    "mean": 24.0045979312844,
    "std": 44.80379744117852
  },
  "f1_stats": {
    "shape": [
      15
    ],
    "size": 15,
    "min": 0.011726732203158008,
    "max": 259.00093427420984,
    "mean": 36.82301251169549,
    "std": 81.63649968870007
  }
}