{
  "count": 98,
  "ids_hash": "0335a90d57f5a394013858726716fdbb0719dee9e50a306bb2eac175d9bae2ff",
  "coords_hash": "7054d45593bc817a7f584b1ea9a0d1fdb03e03d43817c9f899383a3dd9e5ce8f",
  "coords_stats": {
    "shape": [
      98,
      3
    ],
    "size": 294,
    "min": 8.420999526977539,
    "max": 42.729000091552734,
    "mean": 28.993928545997257,
    "std": 10.239249128851528
  }
}