{
  "hash": "3b5e749dacf1a2afa2b481df9d629c2c867a6039f08c908ac257c41545c8ba49",
  "stats": {
    "shape": [
      113,
      113
    ],
    "size": 12769,
    "min": 0.0,
    "max": 15.417514003119665,
    "mean": 7.965570309601699,
    "std": 3.0383819481109273
  }
}