{
  "hash": "9dc8fd4f616ab873bd69422942bec7194ad7811d321cf7adc01a565f8e8b6d19",
  "stats": {
    "shape": [
      101,
      101
    ],
    "size": 10201,
    "min": 0.0,
    "max": 15.450789176199388,
    "mean": 7.767249715772253,
    "std": 3.0273888291120916
  }
}