{
  "count": 86,
  "ids_hash": "00bc6e1d16eef5e74633839e0ff94020ede9a0dde25afcf1576e897ca81d3304",
  "coords_hash": "6ee15974cf966bc866177d6cebef51107d15e7bc2f37462555c524599e619ad4",
  "coords_stats": {
    "shape": [
      86,
      3
    ],
    "size": 258,
    "min": 12.444000244140625,
    "max": 35.983001708984375,
    "mean": 23.68365503281586,
    "std": 6.055230139074431
  }
}