{
  "f0_hash": "6f9c46ebbae71638bf301c86724c75be3cfba665bcf11903adda156d00c572f7",
  "f1_hash": "3b8ef3e0b8d648a71f5177078bfcd3295e59400d9d5632e448cd21fc060ec8ae",
  "f0_stats": {
    "shape": [
      5
    ],
    "size": 5,
    "min": 0.561491913118454,
    "max": 165.52204066397735,
    "mean": 34.686918467344455,
    "std": 65.43155079736938
  },
  "f1_stats": {
    "shape": [
      15
    ],
    "size": 15,
    "min": 0.010425210379858108,
    "max": 446.10904504307973,
    "mean": 61.87558581976259,
    "std": 139.96207295828626
  }
}