{
  "count": 105,
  "ids_hash": "d188f719e2ea2cfe0ddf153b92ab542499fae7b44ca196caed3fac6ee3b154cc",
  "coords_hash": "b7b4a7c9c2b1f8517ecb555c239f4b0c34c28745fb2a628bf149e1b6e9bef222",
  "coords_stats": {
    "shape": [
      105,
      3
    ],
    "size": 315,
    "min": -11.07699966430664,
    "max": 39.630001068115234,
    "mean": 20.35383501796732,
    "std": 17.568867944283564
  }
}