{
  "count": 311,
  "ids_hash": "e3acfa4c004e8c4a2b4fea6d6c53d670701f46589d8d50fc2ee995963aaf060a",
  "coords_hash": "06aef3b8be409dfc5556034bb41271b8aa3e593cbcec61331337c0d069313a4f",
  "coords_stats": {
    "shape": [
      311,
      3
    ],
    "size": 933,
    "min": -13.383999824523926,
    "max": 17.17799949645996,
    "mean": 1.8161939960003044,
    "std": 7.400848770061252
  }
}