{
  "count": 111,
  "ids_hash": "d8ecf0a57e021b4c0df8ee9f1d25c61a8902a418ce09554abc57ce0570f1da4f",
  "coords_hash": "a1fe7a7cfbf57fe98254cf41929761c2e63b7258f1169d9c7782e7993d449601",
  "coords_stats": {
    "shape": [
      111,
      3
    ],
    "size": 333,
    "min": -8.946999549865723,
    "max": 51.99100112915039,
    "mean": 17.76980179393882,
    "std": 20.143370578182626
  }
}