{
  "hash": "925fdbdec74ee0bfd83abb4c3c46e830ead5224af7246c507fd88a224e303c67",
  "stats": {
    "shape": [
      93,
      93
    ],
    "size": 8649,
    "min": 0.0,
    "max": 15.613687205083727,
    "mean": 8.012843853001897,
    "std": 3.2074775035887586
  }
}