MODEL,PRED_DOCKQ
4XXH_af2m,0.79864746
4XXH,0.71277755
