{
  "hash": "07ec3eb7e0846d62b9f42c13ef38dc0fc978be7d79c9a702f8a3406615a4a402",
  "stats": {
    "shape": [
      95,
      95
    ],
    "size": 9025,
    "min": 0.0,
    "max": 15.454238106052387,
    "mean": 7.75103687178676,
    "std": 3.0394415921654976
  }
}