{
  "f0_hash": "f82c6f623d806f332c6f59b4e60cdb24ac66a56494a3d89b1f0def6c39bb3f13",
  "f1_hash": "d04d81f606de709f9944505361f5d490747b223540e560382fda93abf452f8f0",
  "f0_stats": {
    "shape": [
      5
    ],
    "size": 5,
    "min": 0.4711891172354642,
    "max": 143.08190365635298,
    "mean": 30.01786442863545,
    "std": 56.542823776447484
  },
  "f1_stats": {
    "shape": [
      15
    ],
    "size": 15,
    "min": 0.01124622362491845,
    "max": 391.55629936259925,
    "mean": 54.4571399358944,
    "std": 123.8891027576752
  }
}