{
  "count": 118,
  "ids_hash": "f268e77ed8a1814659daf9358780f9b8bef8748814e73d1c7470b65f7897223d",
  "coords_hash": "08f1acf93b44dacb19ab735197fe6a3c7e1404792e238611724f6f755da44687",
  "coords_stats": {
    "shape": [
      118,
      3
    ],
    "size": 354,
    "min": -5.689000129699707,
    "max": 93.76399993896484,
    "mean": 39.67866941429885,
    "std": 35.210763982940776
  }
}