MODEL,PRED_DOCKQ
3WCO,0.8908274
3WCO_af2m,0.88735455
