{
  "count": 114,
  "ids_hash": "5bb5a1b128514b279b81b0f5727a8328ebd91f6d767dd6f15d1adecf22ee916d",
  "coords_hash": "05aa7f9c6be4647b49592023d23457bf7cf5780cc3a6b15a8e4f7c5892163693",
  "coords_stats": {
    "shape": [
      114,
      3
    ],
    "size": 342,
    "min": -24.990999221801758,
    "max": 20.525999069213867,
    "mean": -3.431745615684324,
    "std": 13.26217090790481
  }
}