MODEL,PRED_DOCKQ
1QOL_af2m,0.5743363
1QOL,0.024420325
