{
  "hash": "caee6321348a82b94e32eabb396380af3926c0d2918e33d758263f419886ddcf",
  "stats": {
    "shape": [
      93,
      93
    ],
    "size": 8649,
    "min": 0.0,
    "max": 15.827715605256783,
    "mean": 8.072399372544318,
    "std": 3.0952257881886998
  }
}