{
  "f0_hash": "351e4be36f1fce5957c514a601fb91f6d947e98d59b97f8a8d8c2088cc4cf179",
  "f1_hash": "fd1b4d0811843a7b096de610333b3097fc272e05840538b0bb84520cf2e69590",
  "f0_stats": {
    "shape": [
      5
    ],
    "size": 5,
    "min": 0.39530995524889284,
    "max": 133.2569174049206,
    "mean": 27.973125405999735,
    "std": 52.651627237595704
  },
  "f1_stats": {
    "shape": [
      15
    ],
    "size": 15,
    "min": 0.01067049918155405,
    "max": 331.12702509841745,
    "mean": 46.22419981091753,
    "std": 105.01847914378072
  }
}