{
  "f0_hash": "081da396e17e416a24f283ae412ec496c764e71b05d717ff0df499cea43fd6f7",
  "f1_hash": "92a4cb7acc0fb606845a7097f7add4de16bbef10beb5032d4d40873397941bef",
  "f0_stats": {
    "shape": [
      5
    ],
    "size": 5,
    "min": 0.5622405195512716,
    "max": 168.43294131239455,
    "mean": 35.14358117925012,
    "std": 66.65389441798617
  },
  "f1_stats": {
    "shape": [
      15
    ],
    "size": 15,
    "min": 0.010017686598361664,
    "max": 509.10922206682255,
    "mean": 70.05057444188336,
    "std": 160.79874649368278
  }
}