{
  "count": 67,
  "ids_hash": "bc85a0c51b1f771d0bee8e010ccfa4c68fe64c83efa94d1c6120fcdeeb4e1ae4",
  "coords_hash": "ca4f9d1b932e7edebde1a569bf217c2e1029b4b18cb1d7628dc3bb10a06bcdf9",
  "coords_stats": {
    "shape": [
      67,
      3
    ],
    "size": 201,
    "min": -38.27799987792969,
    "max": 28.698999404907227,
    "mean": 0.13766169666650876,
    "std": 23.699840793593236
  }
}