{
  "hash": "3cb420d9c7cd71a8c856b06dcdc9c8437751e7d632007844789fa59dd54a6aa2",
  "stats": {
    "shape": [
      72,
      72
    ],
    "size": 5184,
    "min": 0.0,
    "max": 15.550270842202911,
    "mean": 7.263056051129764,
    "std": 2.9656238384893494
  }
}