{
  "f0_hash": "22d0885319907bff03d83225c3dcd5da2d7cf63705152e895ab46157a5512823",
  "f1_hash": "d3641cf5aa988d74fe81bda4fcbea0757ed928ff6c98c8fa68197c6584b3e965",
  "f0_stats": {
    "shape": [
      5
    ],
    "size": 5,
    "min": 0.37161537562293645,
    "max": 127.58740082378188,
    "mean": 26.859251370698807,
    "std": 50.37642800977656
  },
  "f1_stats": {
    "shape": [
      15
    ],
    "size": 15,
    "min": 0.010735338166563357,
    "max": 348.99405509227427,
    "mean": 49.116248246973065,
    "std": 110.87033576993183
  }
}