{
  "count": 48,
  "ids_hash": "51b8e8946eb3a26b8cf938eacb91f36673495923aec74ade86f6bd435b39738b",
  "coords_hash": "d8091f8f006d6128e75ca510ec169bb8d656e0075ea1bd49c6ea3c8287fc9fb5",
  "coords_stats": {
    "shape": [
      48,
      3
    ],
    "size": 144,
    "min": -0.014999999664723873,
    "max": 87.98899841308594,
    "mean": 32.881020860028606,
    "std": 35.654721423136
  }
}