{
  "count": 81,
  "ids_hash": "9829fa1e3db92ec678638069280cf87df99533e2d11d146c62a73d721fb15bdc",
  "coords_hash": "38170bdcfe15a0588938ef99a03c83a585f3dbf5011549a0151e669593188f0d",
  "coords_stats": {
    "shape": [
      81,
      3
    ],
    "size": 243,
    "min": -14.902000427246094,
    "max": 80.34700012207031,
    "mean": 31.33220166262285,
    "std": 34.16256114597339
  }
}