{
  "f0_hash": "283ffba9da63c4d9e422d731d100ae5144215c3ba3fd9c42ae04d7e3ee6d3d97",
  "f1_hash": "611b45764f3f659ca4684b43254b9cc81b83d2de5dab32d8a67a2d9fe8152068",
  "f0_stats": {
    "shape": [
      5
    ],
    "size": 5,
    "min": 0.48097561953425744,
    "max": 179.41309956641604,
    "mean": 37.29805339654648,
    "std": 71.06638908629249
  },
  "f1_stats": {
    "shape": [
      15
    ],
    "size": 15,
    "min": 0.011885452819934805,
    "max": 541.3935163713043,
    "mean": 74.53633434666948,
    "std": 171.54971841133863
  }
}