{
  "count": 119,
  "ids_hash": "57f23bf876d42e1f22dcc11310ea825ffcbc8611519c41b21d91eb6e624d8ca1",
  "coords_hash": "c7f879b065a565b6799069958db10c1d358ff3eed1b28599c9f8842808589e0c",
  "coords_stats": {
    "shape": [
      119,
      3
    ],
    "size": 357,
    "min": 26.381999969482422,
    "max": 100.55000305175781,
    "mean": 53.745058786301385,
    "std": 28.052594873084455
  }
}