{
  "hash": "bdf5ac925b4f006d173a03d972706a4550d4960865b86d7280260079701c08e6",
  "stats": {
    "shape": [
      96,
      96
    ],
    "size": 9216,
    "min": 0.0,
    "max": 15.08864630761011,
    "mean": 7.711459046219575,
    "std": 2.9976765444990705
  }
}