{
  "count": 97,
  "ids_hash": "f15bc97928c25911d16b56ceec7b0c319af99d7ddb0cd4f211ed8acc6001621b",
  "coords_hash": "52b20d50adcfbe55f1d4704fc1df62ccc955425abb3f5240392a57b3df055550",
  "coords_stats": {
    "shape": [
      97,
      3
    ],
    "size": 291,
    "min": -40.224998474121094,
    "max": 43.573001861572266,
    "mean": -6.995470853195977,
    "std": 30.99868890424533
  }
}