{
  "hash": "f2e5f6b1147cd70db07507f0a5f4dd4e27336d6e32cab08b0f9304e9f30c5f9d",
  "stats": {
    "shape": [
      117,
      117
    ],
    "size": 13689,
    "min": 0.0,
    "max": 15.91016826747259,
    "mean": 8.150722284441114,
    "std": 3.099473583319214
  }
}