{
  "f0_hash": "1be82e4f1fb6438638dc35735279d2d4b63d3a28c4746dcca79e52b0ff36b52f",
  "f1_hash": "74afecb3f23e8137357d362904c822432ab79723e231797c5674771803c187e7",
  "f0_stats": {
    "shape": [
      5
    ],
    "size": 5,
    "min": 0.35036380035027087,
    "max": 148.65383612034293,
    "mean": 30.982924485430363,
    "std": 58.84266358228029
  },
  "f1_stats": {
    "shape": [
      15
    ],
    "size": 15,
    "min": 0.011364506531072571,
    "max": 343.82783850094086,
    "mean": 48.1424198013534,
    "std": 109.12877519330742
  }
}