{
  "hash": "7fe1fc23c4aaa0ba544149fb3f0ad91110c68bdb84839752f3ad0f9c22d8a260",
  "stats": {
    "shape": [
      86,
      86
    ],
    "size": 7396,
    "min": 0.0,
    "max": 15.678803762710004,
    "mean": 7.4852521143034725,
    "std": 3.0393525241386192
  }
}