{
  "f0_hash": "7123ca3b7f5c0a9e27cb8bf1aa8eda548af78ef4fc476cb5baf6a2c2788428e9",
  "f1_hash": "8b65818225f569ea55b2b883143acd34867db52143eec329be4d1f2b9b0ad783",
  "f0_stats": {
    "shape": [
      5
    ],
    "size": 5,
    "min": 0.439357436967805,
    "max": 108.67293347645129,
    "mean": 23.08789184629732,
    "std": 42.80505969612826
  },
  "f1_stats": {
    "shape": [
      15
    ],
    "size": 15,
    "min": 0.011356710084129418,
    "max": 225.1997846119021,
    "mean": 32.6310800033604,
    "std": 70.62859259596169
  }
}