{
  "f0_hash": "077d3ae1fa50ab9d6ead4aa890d4cca11061214b729df59ed9f09d71a8dc4ac6",
  "f1_hash": "29006528ace4956f8ac8b01c133beb5a2284ab3d601d71caca61613294c73145",
  "f0_stats": {
    "shape": [
      5
    ],
    "size": 5,
    "min": 0.35179618570434523,
    "max": 154.22399051510268,
    "mean": 32.200703517667414,
    "std": 61.022136795101005
  },
  "f1_stats": {
    "shape": [
      15
    ],
    "size": 15,
    "min": 0.011291183535201643,
    "max": 378.0305830470807,
    "mean": 52.69732434396189,
    "std": 120.29431801127643
  }
}