{
  "hash": "62004b0b0efb0cde1d82d14b4af6d7d6eb969d9158ca41a511cf90d383bd6eb5",
  "stats": {
    "shape": [
      89,
      89
    ],
    "size": 7921,
    "min": 0.0,
    "max": 15.586954864439418,
    "mean": 7.419784243177352,
    "std": 2.938170170557436
  }
}