{
  "hash": "0d628ac3883c204868f0baf53981985d6f0bfafc1d0440a0efbea2999ea098d4",
  "stats": {
    "shape": [
      39,
      39
    ],
    "size": 1521,
    "min": 0.0,
    "max": 13.631497402653151,
    "mean": 6.072689861932971,
    "std": 2.707110253738703
  }
}