{
  "f0_hash": "15115ae5a0c25d7b3d076ac4241654551d61efe7f8f177683491318d05f863c5",
  "f1_hash": "8bba9df134fe18664dfbc364b2f63869c9e7dce0a7da6af04dae59f902558677",
  "f0_stats": {
    "shape": [
      5
    ],
    "size": 5,
    "min": 0.5328627935189422,
    "max": 172.60201581182437,
    "mean": 36.033640990102796,
    "std": 68.29565097465401
  },
  "f1_stats": {
    "shape": [
      15
    ],
    "size": 15,
    "min": 0.011777854217985606,
    "max": 515.3216304787929,
    "mean": 70.94399836774915,
    "std": 163.08732549630173
  }
}