MODEL,PRED_DOCKQ
3C6K,0.9076215
3C6K_af2m,0.88246155
