{
  "count": 64,
  "ids_hash": "051aeece0ad29c95e3ebbd0154073a2081fb816f710be32573596905a4405e6c",
  "coords_hash": "36be61326a93c367855f16bbc24c7c2201ebe8a168ccd583c492a545ae00a9e8",
  "coords_stats": {
    "shape": [
      64,
      3
    ],
    "size": 192,
    "min": 18.54199981689453,
    "max": 108.38999938964844,
    "mean": 63.24132298429807,
    "std": 32.553099547404486
  }
}