{
  "hash": "4e1231f686954003a3cd08485f3e14773a0ecd9ee6b101ad2d840422e9bf9dd4",
  "stats": {
    "shape": [
      107,
      107
    ],
    "size": 11449,
    "min": 0.0,
    "max": 15.38639864304171,
    "mean": 8.18346815576765,
    "std": 3.147670141493596
  }
}