{
  "f0_hash": "512aff7745629e60ad134027473e8d78fe95461be2a9af9fd43862b36a9ed0ce",
  "f1_hash": "48355143495b9e8cce5baa8543feddfdd8285226e411ce651b12066e2cf32013",
  "f0_stats": {
    "shape": [
      5
    ],
    "size": 5,
    "min": 0.4469285763291006,
    "max": 138.00006977941624,
    "mean": 29.027640211683366,
    "std": 54.49866638221624
  },
  "f1_stats": {
    "shape": [
      15
    ],
    "size": 15,
    "min": 0.01059994254496388,
    "max": 376.1093017572602,
    "mean": 52.93693844708948,
    "std": 118.86925572080023
  }
}