{
  "hash": "d69171793568961b8572ff96cb43826a0da713a1eec846bb13126dc2e2110206",
  "stats": {
    "shape": [
      111,
      111
    ],
    "size": 12321,
    "min": 0.0,
    "max": 15.410260435443723,
    "mean": 7.965669457480422,
    "std": 3.028446792741398
  }
}