{
  "count": 79,
  "ids_hash": "69cbdf9d3567b3e3b801515d539ad8833e704720a371323d46664aee836ac38c",
  "coords_hash": "efdadaf2a7b44f122d41fb3819e99c7fad77951d6b0952e18090baa4f81b1814",
  "coords_stats": {
    "shape": [
      79,
      3
    ],
    "size": 237,
    "min": -19.683000564575195,
    "max": 22.927000045776367,
    "mean": 5.942168746819476,
    "std": 12.690508528693382
  }
}