{
  "hash": "66846384f512f0e0d74a5cfc47ed9317e6a098860b52eb51540aed292b0a8698",
  "stats": {
    "shape": [
      98,
      98
    ],
    "size": 9604,
    "min": 0.0,
    "max": 15.60194580941508,
    "mean": 7.863516314876094,
    "std": 3.1097946057025063
  }
}