{
  "hash": "0cc7b1efa9e56428731f9d8884d1141c44d7168a2b8a9f1f9c92acfaaf845af2",
  "stats": {
    "shape": [
      90,
      90
    ],
    "size": 8100,
    "min": 0.0,
    "max": 15.534101740931472,
    "mean": 7.972217748247589,
    "std": 3.1063655361764995
  }
}