{
  "hash": "8b206b7e47f1a9b77bc383a40f22d20c08e235a30cd2272da3dee20d528ae16d",
  "stats": {
    "shape": [
      68,
      68
    ],
    "size": 4624,
    "min": 0.0,
    "max": 14.81716079005246,
    "mean": 6.788665934070824,
    "std": 2.9039167685799208
  }
}