{
  "hash": "eae76c55a806ec03d3d966f4bb5b438b6de204bccda0aa63dabf9b65814b2e96",
  "stats": {
    "shape": [
      89,
      89
    ],
    "size": 7921,
    "min": 0.0,
    "max": 15.501823264833545,
    "mean": 7.42656930802233,
    "std": 2.9446147737975794
  }
}