{
  "f0_hash": "ee0857a40cb805dad9c3c4b97e6eb2ca8f196bdfefade9aa61023578b5342e95",
  "f1_hash": "d43f790130310dea0db2768bccd1d343e27cfc5c155a3a19a1ac09ef3f7a5391",
  "f0_stats": {
    "shape": [
      5
    ],
    "size": 5,
    "min": 0.8074377746153231,
    "max": 101.04875640047355,
    "mean": 22.04324757702632,
    "std": 39.537742295781975
  },
  "f1_stats": {
    "shape": [
      15
    ],
    "size": 15,
    "min": 0.014203625062292335,
    "max": 243.69356082673886,
    "mean": 35.744056429895835,
    "std": 77.5418171699282
  }
}