{
  "f0_hash": "d9b242f5d05d90ae43cfafaa586d4e9558304afd2bbd8384bd837fbd0e35fcda",
  "f1_hash": "2f4d340606a86579e092f1dec295fb0f49e8bf526430cb2d822c9c6d3c36d357",
  "f0_stats": {
    "shape": [
      5
    ],
    "size": 5,
    "min": 0.5578866329038066,
    "max": 153.4129267130012,
    "mean": 32.08202977969663,
    "std": 60.67378547964777
  },
  "f1_stats": {
    "shape": [
      15
    ],
    "size": 15,
    "min": 0.010289805612316849,
    "max": 444.64985003981184,
    "mean": 62.29563949062916,
    "std": 142.2703972569129
  }
}