{
  "f0_hash": "18e10c6697d606dcc41e249d8542b8cf8bd259da83fdbabd77eba46be6eeffd6",
  "f1_hash": "91a2222827e99781eb8be1789527d18bcd5642cf02da0d2a193a08a6f4e5d397",
  "f0_stats": {
    "shape": [
      5
    ],
    "size": 5,
    "min": 0.3620965332228447,
    "max": 152.32785708431697,
    "mean": 31.8300130056895,
    "std": 60.25961026900214
  },
  "f1_stats": {
    "shape": [
      15
    ],
    "size": 15,
    "min": 0.010584942187298552,
    "max": 354.03209647412,
    "mean": 49.55616753226677,
    "std": 110.94819759805755
  }
}