{
  "hash": "260dfa754bb8f525ce97a7a906477782ffa485cf2dc04b3e9e3580711edae6f9",
  "stats": {
    "shape": [
      97,
      97
    ],
    "size": 9409,
    "min": 0.0,
    "max": 15.477687821054918,
    "mean": 7.463436165640742,
    "std": 2.980166748024108
  }
}