{
  "hash": "66a92b6815f5bbe510de68ed774714390748a3e67bb8ebccf452e8c598c89ac7",
  "stats": {
    "shape": [
      74,
      74
    ],
    "size": 5476,
    "min": 0.0,
    "max": 15.517189656894187,
    "mean": 7.090148574125823,
    "std": 3.0017633980034244
  }
}