{
  "hash": "7fcb757af9471dec9d790b8e26a1b6011a1cc2691bb2070eedc605e012378f8d",
  "stats": {
    "shape": [
      83,
      83
    ],
    "size": 6889,
    "min": 0.0,
    "max": 15.440620079774778,
    "mean": 7.776031936818124,
    "std": 3.155868679285309
  }
}