{
  "f0_hash": "c6108b8fc5f343e57e911e13671bdc1ad087b0daf34dbd17a76e3908f3d170fa",
  "f1_hash": "9fd34d6757e21d9da17be6fdad0afd1b683844ab928d7ed6589f3ff24b1bab70",
  "f0_stats": {
    "shape": [
      5
    ],
    "size": 5,
    "min": 0.3358989608939462,
    "max": 116.97312102691006,
    "mean": 24.711746470189674,
    "std": 46.1426216684139
  },
  "f1_stats": {
    "shape": [
      15
    ],
    "size": 15,
    "min": 0.013647851186592064,
    "max": 238.7417879708534,
    "mean": 34.48528607189504,
    "std": 75.02678185471136
  }
}