MODEL,PRED_DOCKQ
3LHQ,0.85495454
3LHQ_af2m,0.8145437
