MODEL,PRED_DOCKQ
3KK4_af2m,0.864392
3KK4,0.81536454
