MODEL,PRED_DOCKQ
2RHS_af2m,0.7974449
2RHS,0.64493394
