{
  "hash": "4ec5cb5d4347876bc1999d5a5655a1de349e3d6d5f56755674cb4a9415c33d35",
  "stats": {
    "shape": [
      69,
      69
    ],
    "size": 4761,
    "min": 0.0,
    "max": 15.837691773917621,
    "mean": 6.659500248390179,
    "std": 2.793064861564433
  }
}