MODEL,PRED_DOCKQ
1GNG_af2m,0.67213756
1GNG,0.00011845248
