{
  "f0_hash": "56c434e76d5db638def5731c3a55758ae8979c2434c516afa50c1f49160d18b3",
  "f1_hash": "56316ff4bc76dc9298b1956ee471ca4edf7fb8544ae6488ad45c9825c74314b2",
  "f0_stats": {
    "shape": [
      5
    ],
    "size": 5,
    "min": 0.6327220269536837,
    "max": 114.02986654691362,
    "mean": 24.692235012683774,
    "std": 44.710655157276456
  },
  "f1_stats": {
    "shape": [
      15
    ],
    "size": 15,
    "min": 0.010275193955220807,
    "max": 259.6952862736979,
    "mean": 37.68234365078687,
    "std": 81.54731048902929
  }
}