{
  "hash": "1d2e7e59332a39be502e7b24333c18a262a5bf5911a55e39e52f3a1ed51d7b4e",
  "stats": {
    "shape": [
      62,
      62
    ],
    "size": 3844,
    "min": 0.0,
    "max": 15.77934533133566,
    "mean": 7.2456120583175805,
    "std": 3.159673935072651
  }
}