{
  "count": 112,
  "ids_hash": "2edd1c389c08bb18fb4e85c4d0503f918fe9f4de88705249590561563950b669",
  "coords_hash": "3ce81a6487c6949559d19acec46bb8c63cf5f4a717a32e4b5c375eae2792abf0",
  "coords_stats": {
    "shape": [
      112,
      3
    ],
    "size": 336,
    "min": -31.784000396728516,
    "max": 3.0450000762939453,
    "mean": -11.672839274003179,
    "std": 9.534729862009167
  }
}