{
  "count": 97,
  "ids_hash": "311a4694935511eabab0e4b23797cb27687b3855a68ac5fc3eb8d383c3a6db64",
  "coords_hash": "ae9262c54555d5ae23208826e323f2dc56fd6beccbb537187539f203f5bf4530",
  "coords_stats": {
    "shape": [
      97,
      3
    ],
    "size": 291,
    "min": 17.125999450683594,
    "max": 57.69900131225586,
    "mean": 36.086917634682145,
    "std": 11.439307122076139
  }
}