{
  "f0_hash": "3385a8032b48ef708efd1ec6d29c00000eae648066149457469e66a12bf644c3",
  "f1_hash": "519fab5532d8d8a012689682647e697dbe89e9aca95bc2dfde0f3dfbafc474b4",
  "f0_stats": {
    "shape": [
      5
    ],
    "size": 5,
    "min": 0.4336985630255461,
    "max": 158.16283745397732,
    "mean": 32.948911378722855,
    "std": 62.61431717759703
  },
  "f1_stats": {
    "shape": [
      15
    ],
    "size": 15,
    "min": 0.010233829605841294,
    "max": 503.705342689975,
    "mean": 69.3567475011773,
    "std": 160.42436903853468
  }
}