{
  "count": 121,
  "ids_hash": "8c13d78b17217043679978e971e9ec142d93ff68689faeb963ad585757b62f8b",
  "coords_hash": "ee078305a96ca4d12363001f5ae8132bba2d0072503ddeb3ee5d068be93081af",
  "coords_stats": {
    "shape": [
      121,
      3
    ],
    "size": 363,
    "min": -17.666000366210938,
    "max": 39.066001892089844,
    "mean": 14.846049611561883,
    "std": 18.697419582979972
  }
}