{
  "f0_hash": "00323fb5103131f15d486d2836d2f4cc766c5a21aa1a8241a02a77d3293bc092",
  "f1_hash": "e6c194e6ef9d2fe2b155116f029571e622bc4d23d6bd01f1c33d1c0df7b2f23e",
  "f0_stats": {
    "shape": [
      5
    ],
    "size": 5,
    "min": 0.4001161765168304,
    "max": 183.46796383563807,
    "mean": 37.995888511054844,
    "std": 72.74311829834225
  },
  "f1_stats": {
    "shape": [
      15
    ],
    "size": 15,
    "min": 0.010515237263956312,
    "max": 508.3859955203301,
    "mean": 69.82865148781858,
    "std": 161.23832191494964
  }
}