{
  "count": 87,
  "ids_hash": "40eef485e62a4f278da342d4d38029a2d6d3efde0a93489fa9fe747d651c09d2",
  "coords_hash": "b97debb07b0669673a82b6fd8fa940fa0f4127dd62affaa49d50f9cdb0ebf83f",
  "coords_stats": {
    "shape": [
      87,
      3
    ],
    "size": 261,
    "min": -1.36899995803833,
    "max": 54.558998107910156,
    "mean": 22.45393105536357,
    "std": 18.353184836672213
  }
}