MODEL,PRED_DOCKQ
2AQ2_af2m,0.56789666
2AQ2,0.038386334
