MODEL,PRED_DOCKQ
5D55,0.70534056
5D55_af2m,0.5888952
