{
  "count": 103,
  "ids_hash": "32bb11211e9df998fc6c3602c0911e094176728bf3e87937c461456caca6bfb5",
  "coords_hash": "32c25f15430a943f2881d4b83992ccc0257944479603c84b1aa7e67fad045f5b",
  "coords_stats": {
    "shape": [
      103,
      3
    ],
    "size": 309,
    "min": 6.3460001945495605,
    "max": 43.183998107910156,
    "mean": 25.039368947347004,
    "std": 10.131206360897838
  }
}