{
  "hash": "8196ece6250675fe1517d68922b5133a9bb733a478300c7f8b6d697a5065d3a2",
  "stats": {
    "shape": [
      111,
      111
    ],
    "size": 12321,
    "min": 0.0,
    "max": 15.620894319257859,
    "mean": 7.9974486872594674,
    "std": 3.0286328175958643
  }
}