MODEL,PRED_DOCKQ
3MPR_af2m,0.85164744
3MPR,0.8295481
