{
  "count": 86,
  "ids_hash": "fe8aebce08a864502af3856fc4ec2ee484dffd92f17174e2d1733ee93856f71e",
  "coords_hash": "b91ffc6d0b30cfd85c0c3f7e930035044eaf8b5b45195a24d7c6695a7770ac45",
  "coords_stats": {
    "shape": [
      86,
      3
    ],
    "size": 258,
    "min": -40.106998443603516,
    "max": 18.92799949645996,
    "mean": -11.021713210630786,
    "std": 18.402792891524133
  }
}