{
  "hash": "e61448be2a6e2ee22e3c87f2e5b30e5403c890cce61c86ca912c255129ee6a3a",
  "stats": {
    "shape": [
      96,
      96
    ],
    "size": 9216,
    "min": 0.0,
    "max": 15.499080333900325,
    "mean": 7.796151192926999,
    "std": 3.033368509168565
  }
}