MODEL,PRED_DOCKQ
3HTK_af2m,0.71648383
3HTK,0.57114744
