MODEL,PRED_DOCKQ
2YV9_af2m,0.5506234
2YV9,0.02057935
