{
  "f0_hash": "0ffe197597e1605da64e013f280fa138591097cc4266cdf19a1b7aa3e15124ed",
  "f1_hash": "e51fecfe88d3faf457424c0aa583c557a504d6c5e786c261eeac1e8e9018a4bd",
  "f0_stats": {
    "shape": [
      5
    ],
    "size": 5,
    "min": 0.5200117533448123,
    "max": 144.95565916440438,
    "mean": 30.387625857829068,
    "std": 57.29333142052201
  },
  "f1_stats": {
    "shape": [
      15
    ],
    "size": 15,
    "min": 0.011640766127953839,
    "max": 428.0400911394066,
    "mean": 60.0100999698352,
    "std": 135.4998682859422
  }
}