MODEL,PRED_DOCKQ
6W08,0.526086
6W08_af2m,0.35135645
