MODEL,PRED_DOCKQ
3GK7_af2m,0.8311622
3GK7,0.79411536
