{
  "count": 97,
  "ids_hash": "edeeea5e0521035ac12e86bc7350b357db62cd4d64814f708e9857c096093fe1",
  "coords_hash": "08b6ecc8b373da7c3cb7ec31a6d19338aeec041042cfe369276a700357a41340",
  "coords_stats": {
    "shape": [
      97,
      3
    ],
    "size": 291,
    "min": 4.173999786376953,
    "max": 88.33399963378906,
    "mean": 42.15999678647805,
    "std": 29.81022717585527
  }
}