{
  "count": 82,
  "ids_hash": "084103a45985f696178305e40d86fa3b24991452c5021852a6995c49bf50bf2f",
  "coords_hash": "2b1fc56eed2441c1bc4e6bcdb56899e5011182b74b86beaa78d05aa82d21b7ad",
  "coords_stats": {
    "shape": [
      82,
      3
    ],
    "size": 246,
    "min": 3.493000030517578,
    "max": 83.09500122070312,
    "mean": 39.333524427762846,
    "std": 28.721186610199393
  }
}