{
  "hash": "bce9e7748cb46a42f163d6e413880bc2abc3e3e70115faaa0434d8778c7e4da1",
  "stats": {
    "shape": [
      100,
      100
    ],
    "size": 10000,
    "min": 0.0,
    "max": 15.424087758171758,
    "mean": 8.109744118397055,
    "std": 3.1412118380313494
  }
}