{
  "count": 92,
  "ids_hash": "4e99437ed7c2a3e4c0247c184fb1d3c329c2b0ef8e9cc1588bad75d36b9ee82a",
  "coords_hash": "383563090a0bdb156f79430328af6e16b7ca1993a2f0cb267d99219161ee285b",
  "coords_stats": {
    "shape": [
      92,
      3
    ],
    "size": 276,
    "min": -36.231998443603516,
    "max": -10.661999702453613,
    "mean": -23.00172465780507,
    "std": 6.16244191350595
  }
}