{
  "hash": "2336ea3e486020e5516085f09e98fdceb02d862d2d5edad11dd0b5294150bf1a",
  "stats": {
    "shape": [
      55,
      55
    ],
    "size": 3025,
    "min": 0.0,
    "max": 15.006730322076816,
    "mean": 6.48033514136235,
    "std": 2.775794140728228
  }
}