MODEL,PRED_DOCKQ
4UUL,0.86972797
4UUL_af2m,0.8370026
