MODEL,PRED_DOCKQ
5JW9_af2m,0.8945152
5JW9,0.4023296
