MODEL,PRED_DOCKQ
2OT3_af2m,0.6453113
2OT3,0.0109751355
