MODEL,PRED_DOCKQ
3U9Z_af2m,0.85984623
3U9Z,0.77394414
