{
  "f0_hash": "9f18722d888bb90d630a539bcd39220d1d4f12ed223997f0f0cf6e552e8c22b2",
  "f1_hash": "6c061efae90edb25cad64155c1d07aa54dc4496adcd8cab38fc85d1e1978e178",
  "f0_stats": {
    "shape": [
      5
    ],
    "size": 5,
    "min": 0.5434381958220464,
    "max": 169.99718622265598,
    "mean": 35.400639768592654,
    "std": 67.30602582509655
  },
  "f1_stats": {
    "shape": [
      15
    ],
    "size": 15,
    "min": 0.013013170132762042,
    "max": 534.1876867873667,
    "mean": 74.29678925116225,
    "std": 169.0763959224388
  }
}