{
  "count": 87,
  "ids_hash": "c28327b15c087fb669381fe3a88af5ab066987cf1060abbe41ffb88cb39f7660",
  "coords_hash": "45b5423fd6f07661341be7c451214306bf64dc55754ea6ec047975da1fa5e0ea",
  "coords_stats": {
    "shape": [
      87,
      3
    ],
    "size": 261,
    "min": -23.145000457763672,
    "max": 23.47599983215332,
    "mean": -0.3163869661204089,
    "std": 14.507001901163228
  }
}