{
  "hash": "c76849187788467ce6c13ab794ea9ea69ad748dd5de579b26774de4fcc15b8d8",
  "stats": {
    "shape": [
      105,
      105
    ],
    "size": 11025,
    "min": 0.0,
    "max": 15.504209204613087,
    "mean": 8.109637142126124,
    "std": 3.1299914402836153
  }
}