MODEL,PRED_DOCKQ
3TVT_af2m,0.47342446
3TVT,0.099135295
