{
  "count": 94,
  "ids_hash": "ce78c8fbfd6955010b81e2374e64a0813b667e1b5102d67d0073f7fada3c65e4",
  "coords_hash": "1b50a78ad127e0543e86f3a3b0022270aeadbfd7ad9e65a76fa5dbda897b57d3",
  "coords_stats": {
    "shape": [
      94,
      3
    ],
    "size": 282,
    "min": -14.935999870300293,
    "max": 36.915000915527344,
    "mean": 14.916308545897193,
    "std": 16.74536191376154
  }
}