{
  "count": 105,
  "ids_hash": "963679e69565c1c8139fca1c486dbdb33dc0b9636eec49a3fd78b977d2f3cdcc",
  "coords_hash": "d1613cb245953e61a42bf5c1643549bdc7ff83ad4ac6b672e6b0250d5f960f81",
  "coords_stats": {
    "shape": [
      105,
      3
    ],
    "size": 315,
    "min": 1.2410000562667847,
    "max": 95.74199676513672,
    "mean": 36.11997134080009,
    "std": 37.380802549175804
  }
}