{
  "f0_hash": "3778efbc91fceecb6250f3675a0ddea53a09a8f94c42319efba6e95bdf38604b",
  "f1_hash": "f01f1c117f46f831960650bfcce869764aff6b60bd7a1ab86ab785ba647a1398",
  "f0_stats": {
    "shape": [
      5
    ],
    "size": 5,
    "min": 0.4043254076372979,
    "max": 149.34745520117056,
    "mean": 31.247920508380094,
    "std": 59.06020898213267
  },
  "f1_stats": {
    "shape": [
      15
    ],
    "size": 15,
    "min": 0.010797881642362839,
    "max": 436.6205524888301,
    "mean": 60.15147564640224,
    "std": 138.85657941483538
  }
}