{
  "f0_hash": "1a031e09fbba142abeb925f1cdcc9ab86358366527a672452a72f5813d058e18",
  "f1_hash": "6ee9fb847787dbf5c573f592c6453bedcf7c29c9bc8a9f228b04b6664f2cbf76",
  "f0_stats": {
    "shape": [
      5
    ],
    "size": 5,
    "min": 0.4395572164069282,
    "max": 158.1658788798407,
    "mean": 33.00187263225222,
    "std": 62.59085425086255
  },
  "f1_stats": {
    "shape": [
      15
    ],
    "size": 15,
    "min": 0.011474619963001587,
    "max": 452.877100236065,
    "mean": 62.64090055285933,
    "std": 143.568043510081
  }
}