{
  "f0_hash": "9ef352d1575751e7d903b3fc648954614ca4a3f55e713bf052cfd0d3e6d5cf6f",
  "f1_hash": "01040441761a10e0663e707092909c8ef8522714561c536e87fcbfe116ca7858",
  "f0_stats": {
    "shape": [
      5
    ],
    "size": 5,
    "min": 0.3843883386553603,
    "max": 160.85539469451038,
    "mean": 33.5045454261111,
    "std": 63.68382972150049
  },
  "f1_stats": {
    "shape": [
      15
    ],
    "size": 15,
    "min": 0.010684603680653382,
    "max": 473.9217425722259,
    "mean": 65.50702395093757,
    "std": 151.2541975364357
  }
}