MODEL,PRED_DOCKQ
1D7M_af2m,0.8221849
1D7M,0.32418725
