MODEL,PRED_DOCKQ
2FHZ,0.85330147
2FHZ_af2m,0.8474259
