{
  "hash": "1cebeba89baf3a06c5f39c694e3c53095a66893c6de7aa41175fb531ad515493",
  "stats": {
    "shape": [
      117,
      117
    ],
    "size": 13689,
    "min": 0.0,
    "max": 15.681901522295778,
    "mean": 8.11701085423766,
    "std": 3.0560630380564358
  }
}