{
  "hash": "0ced35b93af91f8bd577212ee71a3077992e78388d5719591ae4d86d589dcea2",
  "stats": {
    "shape": [
      106,
      106
    ],
    "size": 11236,
    "min": 0.0,
    "max": 15.54956323910307,
    "mean": 7.884226006948237,
    "std": 3.070224347918171
  }
}