{
  "f0_hash": "d5a764509573aeb34833e9c839500cea239c3c63fcfcebb3b56a1d4b0fbddadb",
  "f1_hash": "ab17420b586e41971d29e1387c4dec3e81a7ec1b1ba28f6c8c7bcf54055cf9b2",
  "f0_stats": {
    "shape": [
      5
    ],
    "size": 5,
    "min": 0.5678633732608362,
    "max": 176.64487278230945,
    "mean": 36.79668844839021,
    "std": 69.933178552108
  },
  "f1_stats": {
    "shape": [
      15
    ],
    "size": 15,
    "min": 0.014136832446238756,
    "max": 571.2755970124714,
    "mean": 78.571113468821,
    "std": 181.33421058125728
  }
}