{
  "count": 206,
  "ids_hash": "4853b948e02844637b35e5995a14d3af190e2e790e60227f6bb1f7a06eedf134",
  "coords_hash": "0b0b5ac97c9770b8c2a5a6510a1bdde528bdc4d8df5e282ea222101019c9249b",
  "coords_stats": {
    "shape": [
      206,
      3
    ],
    "size": 618,
    "min": -13.956000328063965,
    "max": 4.158999919891357,
    "mean": -5.49886893351716,
    "std": 3.8505106015945283
  }
}