{
  "f0_hash": "8447f668e0ec17a4e10bc22c9c6f1dd0279d1241a7b4bae21534e0e67e0dc1c7",
  "f1_hash": "e05695e7b06c8aaaced04c53d638399ecdd832d40cb8c620a1f6befe59feda3b",
  "f0_stats": {
    "shape": [
      5
    ],
    "size": 5,
    "min": 0.5356964759933472,
    "max": 175.90373064096448,
    "mean": 36.62001540227479,
    "std": 69.65071524925295
  },
  "f1_stats": {
    "shape": [
      15
    ],
    "size": 15,
    "min": 0.010464365573774614,
    "max": 591.5988282791407,
    "mean": 81.51130920514697,
    "std": 188.280163369338
  }
}