{
  "hash": "4c4c3d6e3f4598d6e78139d22be7fcca32307f87b23b1ba8d1ce96d042c45f7b",
  "stats": {
    "shape": [
      84,
      84
    ],
    "size": 7056,
    "min": 0.0,
    "max": 15.799603440460485,
    "mean": 7.869650568273373,
    "std": 3.172492725681216
  }
}