{
  "hash": "492e7746c585829bad575f9038e053aaacf4be99354b5862f7a0684b1f87519e",
  "stats": {
    "shape": [
      77,
      77
    ],
    "size": 5929,
    "min": 0.0,
    "max": 14.815977977765844,
    "mean": 6.898731488208135,
    "std": 2.7616714548421397
  }
}