MODEL,PRED_DOCKQ
5FM5,0.67151904
5FM5_af2m,0.6003891
