{
  "hash": "190ec7b6190aedcb90a0c03eef7da73e0b36decdc840ac2f65d87a9b6c37ac02",
  "stats": {
    "shape": [
      107,
      107
    ],
    "size": 11449,
    "min": 0.0,
    "max": 15.583371400697565,
    "mean": 7.933398224782913,
    "std": 3.0322069969831644
  }
}