{
  "hash": "bbc5a5cc2efabc35b4d3cb53572c18a4f1475a88712dc5790e5567dfc6955635",
  "stats": {
    "shape": [
      119,
      119
    ],
    "size": 14161,
    "min": 0.0,
    "max": 15.526782094483869,
    "mean": 8.034963055759267,
    "std": 3.0466291136755634
  }
}