{
  "f0_hash": "23ea06ad595ec6386fa58837ce01e28258d47a7d42bdfb09d446e4834935a318",
  "f1_hash": "b94fc72646d1e8bf2c93c3522c954de088cc1ba8759b0abf7ee2702c199752a5",
  "f0_stats": {
    "shape": [
      5
    ],
    "size": 5,
    "min": 0.5217114621716775,
    "max": 165.37407966768274,
    "mean": 34.506040139915484,
    "std": 65.44321661906153
  },
  "f1_stats": {
    "shape": [
      15
    ],
    "size": 15,
    "min": 0.01117345312952267,
    "max": 534.8995856365015,
    "mean": 73.89181500286871,
    "std": 170.4527018843915
  }
}