{
  "hash": "68dec967f0288a0e84ec2b7237cd9ef859a3a21324e9f2e55ad024a61ed86ea9",
  "stats": {
    "shape": [
      109,
      109
    ],
    "size": 11881,
    "min": 0.0,
    "max": 15.649723104258044,
    "mean": 8.031692622514006,
    "std": 3.0899202759811324
  }
}