{
  "hash": "c600aadfad306406113865858769cd16eeae9d2467d5b3c4e6e882669785b991",
  "stats": {
    "shape": [
      104,
      104
    ],
    "size": 10816,
    "min": 0.0,
    "max": 15.744900222525077,
    "mean": 7.962634234269068,
    "std": 3.012031099965099
  }
}