{
  "hash": "9eb2fffc8fd9d4a5aa398b0a12ab83986b6be1c3f9f10810ffcd8454fb7c5754",
  "stats": {
    "shape": [
      137,
      137
    ],
    "size": 18769,
    "min": 0.0,
    "max": 15.749538679904699,
    "mean": 7.9379512230759985,
    "std": 3.0728706926138782
  }
}