{
  "count": 69,
  "ids_hash": "c9aba503f9c761765ed6ec8c083c92ef06070ad1bdf2ec8976294de3744ecd93",
  "coords_hash": "0d799ddebcc3b9643a81f8f2b2d1213dbb94f2a8813866e77bcf841f05e6480e",
  "coords_stats": {
    "shape": [
      69,
      3
    ],
    "size": 207,
    "min": -7.710000038146973,
    "max": 25.820999145507812,
    "mean": 8.532507244839472,
    "std": 9.144205564660963
  }
}