{
  "hash": "e91f6128936e466723b4285c405be355a5597f0f4dc3260e53e8e4e0eef1e69b",
  "stats": {
    "shape": [
      101,
      101
    ],
    "size": 10201,
    "min": 0.0,
    "max": 15.683436360221878,
    "mean": 7.917430691718569,
    "std": 3.0380822407695827
  }
}