{
  "count": 74,
  "ids_hash": "1426f5cbbdc823ff00fd521a9a9c3eb1bf2d413c77e9badf1a0f35403ca75933",
  "coords_hash": "a8e574871f12453d4ce928104c2b3ec7dbb776ebb02fc9d46408ff1a699db868",
  "coords_stats": {
    "shape": [
      74,
      3
    ],
    "size": 222,
    "min": -0.8080000281333923,
    "max": 92.48799896240234,
    "mean": 35.34035589666785,
    "std": 36.62514138250199
  }
}