MODEL,PRED_DOCKQ
3ZS9_af2m,0.7423958
3ZS9,0.644492
