MODEL,PRED_DOCKQ
6UK3_af2m,0.88520443
6UK3,0.8285184
