{
  "hash": "bb9bfe9f7916109e91df52be5df55cf614c01c062a8bdc26c9cf46165d7dc5ff",
  "stats": {
    "shape": [
      122,
      122
    ],
    "size": 14884,
    "min": 0.0,
    "max": 15.613880556229361,
    "mean": 8.210442996144359,
    "std": 3.095540629987144
  }
}