{
  "f0_hash": "92c18974911354cbad2a60e92dae7a24b92ee017244906e1449e67df08b3e6fb",
  "f1_hash": "dea6450896d52bc0c404180887eb62d8100286621be89c08a798f12f1abcbf7a",
  "f0_stats": {
    "shape": [
      5
    ],
    "size": 5,
    "min": 0.513056573858369,
    "max": 133.55280145356443,
    "mean": 28.066654594454956,
    "std": 52.751994567104944
  },
  "f1_stats": {
    "shape": [
      15
    ],
    "size": 15,
    "min": 0.011522031559618284,
    "max": 383.7622466346994,
    "mean": 53.467054088928535,
    "std": 122.60279917642036
  }
}