{
  "f0_hash": "52f712b3a9b26f32bdb40a21f0bc276d406a2060f6195ec165fec496bea328d0",
  "f1_hash": "cd49e78f8005f56e7d0e7674fce86bc2dfd485249f09b73a7aae9aebb546158c",
  "f0_stats": {
    "shape": [
      5
    ],
    "size": 5,
    "min": 0.15468898241396342,
    "max": 236.81550971235137,
    "mean": 48.25275158408148,
    "std": 94.285630902619
  },
  "f1_stats": {
    "shape": [
      15
    ],
    "size": 15,
    "min": 0.010854561317183542,
    "max": 491.2121307601459,
    "mean": 67.40100982770646,
    "std": 153.4841758216774
  }
}