{
  "hash": "302592ef9907b088883dec7b01228d37427ac174704548f056eb0492a341f226",
  "stats": {
    "shape": [
      107,
      107
    ],
    "size": 11449,
    "min": 0.0,
    "max": 15.707535591631503,
    "mean": 8.071829282474495,
    "std": 3.093516090781625
  }
}