{
  "count": 62,
  "ids_hash": "8066d30c4cffbedd059286e65727f22769ede81890dba7b082c9178350c6c9ca",
  "coords_hash": "e532248228703ae02536955d43fe283af6c69460e4fc7e6e5aa5e26e35307310",
  "coords_stats": {
    "shape": [
      62,
      3
    ],
    "size": 186,
    "min": -24.565000534057617,
    "max": 43.4900016784668,
    "mean": 4.252876347631857,
    "std": 23.432085616395312
  }
}