{
  "count": 104,
  "ids_hash": "9ca97ad4ab816ac468d08acfe28376c0f0f1d5c5005ceb1c5033ec9173b8405e",
  "coords_hash": "520d4f8c1ba0ea7e8cc31dbb8956de56b056924a253ecc4f3db35f9606f71faf",
  "coords_stats": {
    "shape": [
      104,
      3
    ],
    "size": 312,
    "min": -1.9390000104904175,
    "max": 39.74100112915039,
    "mean": 23.17489104288129,
    "std": 13.237765208823365
  }
}