{
  "f0_hash": "8a771095a4058c44584fb39158fed8b57754ae035d3b0ef92307649e96dd70f8",
  "f1_hash": "04beac87f596b56783cc5ff3a7741a76b94f0051a22eb3393699f832b5edad2b",
  "f0_stats": {
    "shape": [
      5
    ],
    "size": 5,
    "min": 0.26077133078433495,
    "max": 151.02711559874447,
    "mean": 31.36157402435229,
    "std": 59.83839483626037
  },
  "f1_stats": {
    "shape": [
      15
    ],
    "size": 15,
    "min": 0.010623220558805713,
    "max": 355.078929323997,
    "mean": 49.20179962762072,
    "std": 111.67607392426211
  }
}