{
  "count": 115,
  "ids_hash": "48fef0aee2ea46f91f2eb90beeb49e0290c934ba3ba3cc23349fbd019b337694",
  "coords_hash": "e95325a5388da79aba79b0ddb59d29fad31a5f6f099c1c9029cd7b2cbee029ec",
  "coords_stats": {
    "shape": [
      115,
      3
    ],
    "size": 345,
    "min": -29.03499984741211,
    "max": 36.4119987487793,
    "mean": 7.651263787089914,
    "std": 21.830565885797977
  }
}