{
  "count": 58,
  "ids_hash": "3cf8d2559ef5323854c5b24d37184614ee5383b16d9cdee2f1a248e8a5aaa52a",
  "coords_hash": "f58b4fa766f90e97111ce2d01dfc27626eaa37f8450e555bd276c70a6f5225cb",
  "coords_stats": {
    "shape": [
      58,
      3
    ],
    "size": 174,
    "min": -18.608999252319336,
    "max": 22.14299964904785,
    "mean": 4.285270135978172,
    "std": 11.792330357952967
  }
}