{
  "count": 91,
  "ids_hash": "f99b061fc386af5dbb05af5a1af452e7845d6391cc5bde0fea392580b9e58982",
  "coords_hash": "5d46a357022947f4e45844a0f8663f3d9990259f73094ef6e8aced98ebd32bbe",
  "coords_stats": {
    "shape": [
      91,
      3
    ],
    "size": 273,
    "min": -48.683998107910156,
    "max": 33.316001892089844,
    "mean": -13.653684986379993,
    "std": 29.396072952048645
  }
}