MODEL,PRED_DOCKQ
3K51_af2m,0.8611272
3K51,0.00045599046
