{
  "hash": "83b566adb6a12475c7c2aaf1aa35253858d22f82ee6c9835b2e64fc223ded7fa",
  "stats": {
    "shape": [
      101,
      101
    ],
    "size": 10201,
    "min": 0.0,
    "max": 15.497646762241768,
    "mean": 7.95094988730266,
    "std": 3.0597308827485272
  }
}