{
  "f0_hash": "945915257019b2e6351e4e6e8c5b92482e09dc5bcaf1b95b3335b6f6f68714de",
  "f1_hash": "f3c63e7dc32ae9ce31ee0d1135ecc668219b74c7ce7c4f5b30a0a9dd0470b3b5",
  "f0_stats": {
    "shape": [
      5
    ],
    "size": 5,
    "min": 0.5646571514193195,
    "max": 146.62758698577338,
    "mean": 30.87461906246374,
    "std": 57.891102343662745
  },
  "f1_stats": {
    "shape": [
      15
    ],
    "size": 15,
    "min": 0.010071832209727738,
    "max": 407.69633625637164,
    "mean": 56.85845467599014,
    "std": 128.18326796204968
  }
}