{
  "hash": "6ae1ba7192b8a03488a0a7a336c2496c29b93a5c0ef3a76e81d6caa7169121f1",
  "stats": {
    "shape": [
      117,
      117
    ],
    "size": 13689,
    "min": 0.0,
    "max": 15.548369983883825,
    "mean": 8.003816870587196,
    "std": 3.081723272409808
  }
}