{
  "hash": "b45de536b8644a021d8d71843796d28a94091b1ce675bee6a71d5d3de5d6fd7c",
  "stats": {
    "shape": [
      70,
      70
    ],
    "size": 4900,
    "min": 0.0,
    "max": 15.780527658929769,
    "mean": 7.450990816090853,
    "std": 3.129191758118845
  }
}