{
  "f0_hash": "bff440f85e733f389058670f86cac52a043269d1fe4abc54f3ba8467fbc0243c",
  "f1_hash": "80257d7ece7fb6c4d42a38ff9149c824956c6787538995e68e0512431354716e",
  "f0_stats": {
    "shape": [
      5
    ],
    "size": 5,
    "min": 0.4463074744300112,
    "max": 163.59054939391513,
    "mean": 34.10915834781655,
    "std": 64.7501022833634
  },
  "f1_stats": {
    "shape": [
      15
    ],
    "size": 15,
    "min": 0.010230321126055486,
    "max": 590.5784680483221,
    "mean": 80.8558191581259,
    "std": 189.55243617410648
  }
}