{
  "f0_hash": "05d8f891af11637e89444211347a61d5e1120992fe7869534a69b0b018a08a64",
  "f1_hash": "7dbe5a89f2a6b19c09809bf73eca62c04ff3cbcacbc3cc89800a5cccd92efd38",
  "f0_stats": {
    "shape": [
      5
    ],
    "size": 5,
    "min": 0.44777644688260293,
    "max": 147.50862717813234,
    "mean": 30.895509008352064,
    "std": 58.31759027845572
  },
  "f1_stats": {
    "shape": [
      15
    ],
    "size": 15,
    "min": 0.010276346575627926,
    "max": 394.03223699857745,
    "mean": 54.81299324196957,
    "std": 124.67751637803465
  }
}