{
  "f0_hash": "c4a2ddca44187bba2da57b94e61798c3b8e7e36e0897e8d80ad098f35626fa74",
  "f1_hash": "191704364f97660a8241c02354e7b866d10f5d652dcb64e22d79b7379de41659",
  "f0_stats": {
    "shape": [
      5
    ],
    "size": 5,
    "min": 0.4651256453609716,
    "max": 164.7192105923022,
    "mean": 34.27447916132089,
    "std": 65.22950143187717
  },
  "f1_stats": {
    "shape": [
      15
    ],
    "size": 15,
    "min": 0.010404256359126896,
    "max": 497.8627261971531,
    "mean": 68.74194652733011,
    "std": 157.9332063337346
  }
}