MODEL,PRED_DOCKQ
6JKG_af2m,0.096497566
6JKG,0.00015938476
