{
  "count": 96,
  "ids_hash": "e01956b49deb3e308444932498bff7bb333b131d53489f19e65abf02c3766f98",
  "coords_hash": "5824e95c88263b4e1d594b1776cb136e920bd1c72a8e437108e62ee7ea8689ee",
  "coords_stats": {
    "shape": [
      96,
      3
    ],
    "size": 288,
    "min": -40.48699951171875,
    "max": 60.948001861572266,
    "mean": 5.634520815374951,
    "std": 36.682048344611665
  }
}