{
  "f0_hash": "1f5d4d1a9d12656d59dac9eeaf410c61e1bf01b986620eaa3c662e6a6d700219",
  "f1_hash": "9abd1080993bc102231116c7f1e2027f99b52fc1a66caaf289b77d56cbfae51a",
  "f0_stats": {
    "shape": [
      5
    ],
    "size": 5,
    "min": 0.5474342341255948,
    "max": 171.4033751154655,
    "mean": 35.669137603636536,
    "std": 67.87470392047402
  },
  "f1_stats": {
    "shape": [
      15
    ],
    "size": 15,
    "min": 0.011572500872998326,
    "max": 513.3845813209073,
    "mean": 70.73326804170989,
    "std": 163.28498500173396
  }
}