{
  "f0_hash": "ba0abf2d3d253d4f537cfcdb40562e41b599ac61c125814c1cbf341f69cb5d73",
  "f1_hash": "35eda097c7998698ab0264198721b05f961ee2b1ee47209dd469ed43f1e77928",
  "f0_stats": {
    "shape": [
      5
    ],
    "size": 5,
    "min": 0.39476289024415534,
    "max": 137.52096566711433,
    "mean": 28.847287401789856,
    "std": 54.34709766226424
  },
  "f1_stats": {
    "shape": [
      15
    ],
    "size": 15,
    "min": 0.0102097250360913,
    "max": 300.6049808061165,
    "mean": 42.724218089908625,
    "std": 94.34655788336232
  }
}