{
  "count": 61,
  "ids_hash": "9500e20b851580e983e400d0491fb0d1e6e5d2445acdd496480775ad77d3632f",
  "coords_hash": "4020be769fe9c78b6ed754abe25907b8b295516a687f7fb63452fdbe6a546a4d",
  "coords_stats": {
    "shape": [
      61,
      3
    ],
    "size": 183,
    "min": 0.23899999260902405,
    "max": 25.922000885009766,
    "mean": 11.395885222107987,
    "std": 6.562468900100008
  }
}