{
  "f0_hash": "df89a4990d6cad03a3c8967a2a4ecc6276ab3a249a8ed0b420e1c3ce89eab9f0",
  "f1_hash": "18ec931067ec8930da2ad0e6a6ccfc3f2b19eba5c47c585c25e48bc4a2ee577b",
  "f0_stats": {
    "shape": [
      5
    ],
    "size": 5,
    "min": 0.5581541141800164,
    "max": 165.11422858392453,
    "mean": 34.470404126876744,
    "std": 65.33128424042874
  },
  "f1_stats": {
    "shape": [
      15
    ],
    "size": 15,
    "min": 0.010229088867767189,
    "max": 418.42305700052333,
    "mean": 58.01015898619597,
    "std": 130.9881182167281
  }
}