MODEL,PRED_DOCKQ
5O6T_af2m,0.76974154
5O6T,0.75313693
