MODEL,PRED_DOCKQ
6H24_af2m,0.9157831
6H24,0.26158547
