{
  "hash": "861cafaf1ecca52515f9b4e60e0ddf0f3688bd93e817f4dfcc097954dd0b27f6",
  "stats": {
    "shape": [
      116,
      116
    ],
    "size": 13456,
    "min": 0.0,
    "max": 15.822560233399054,
    "mean": 8.016521844763133,
    "std": 3.0458047614308246
  }
}