{
  "count": 118,
  "ids_hash": "73f808b092e5cc6793e88853d7f2e65a0061dce367be6e3be864583f0e089a8b",
  "coords_hash": "57237c8af94bb7e8ead041cce54a45fe27c2350a252a4ad16aa944ecc20575f7",
  "coords_stats": {
    "shape": [
      118,
      3
    ],
    "size": 354,
    "min": 6.791999816894531,
    "max": 95.47599792480469,
    "mean": 42.80523732422435,
    "std": 32.90696976526811
  }
}