{
  "hash": "5951106a79b3c8ae520873423f76477a7c7dd5c6a08759c06b1151c696135248",
  "stats": {
    "shape": [
      62,
      62
    ],
    "size": 3844,
    "min": 0.0,
    "max": 15.129330438890463,
    "mean": 7.063189538127108,
    "std": 3.0084727027441827
  }
}