{
  "count": 102,
  "ids_hash": "a3e51cc5f16b79e6374fe8ae393bdc512e32e9dd99fc61fae65a0895a81cde09",
  "coords_hash": "e73e9a48741a8158581cf69feb04158ad7d9ded704462f183b0a96b9ce82a3cd",
  "coords_stats": {
    "shape": [
      102,
      3
    ],
    "size": 306,
    "min": 10.02400016784668,
    "max": 94.96299743652344,
    "mean": 41.84539541855357,
    "std": 33.385928089642015
  }
}