MODEL,PRED_DOCKQ
2A5Y_af2m,0.72504926
2A5Y,0.6822418
