{
  "f0_hash": "cfb78ff3d15fd8d5f1fb4a066feb08a74636bce25f4ce918664322f120980147",
  "f1_hash": "9f0e2a2a42bd5f6685e9da99a547c1b5f2b1afa4490e7c5fbff70f8ff30ce9f2",
  "f0_stats": {
    "shape": [
      5
    ],
    "size": 5,
    "min": 0.49034378551152097,
    "max": 101.58240413715944,
    "mean": 21.730592848042054,
    "std": 39.941384066573306
  },
  "f1_stats": {
    "shape": [
      15
    ],
    "size": 15,
    "min": 0.011700157005694933,
    "max": 241.6632121207318,
    "mean": 34.16928451188615,
    "std": 76.6898442794387
  }
}