{
  "count": 106,
  "ids_hash": "a268c56813cfca461326da1746cc32ed2f050a49f21028b5a701d013bd74f570",
  "coords_hash": "12bc0e78d565456211e11dd200269e627efbcc22252311eb997629aeed088d04",
  "coords_stats": {
    "shape": [
      106,
      3
    ],
    "size": 318,
    "min": -19.885000228881836,
    "max": 34.49100112915039,
    "mean": 12.034594315402913,
    "std": 18.110490272807137
  }
}