{
  "hash": "c363bb23c564c80343197a8a44f62e3239ec1d49ebafe7f9bb446dff358c853f",
  "stats": {
    "shape": [
      85,
      85
    ],
    "size": 7225,
    "min": 0.0,
    "max": 15.295141127375596,
    "mean": 7.562396128354975,
    "std": 2.9907682297853317
  }
}