{
  "hash": "7d2c8f633be6aba62926c6e0fd4b5d767db71868b77214f6958bb0e05f3e1621",
  "stats": {
    "shape": [
      104,
      104
    ],
    "size": 10816,
    "min": 0.0,
    "max": 15.692560937441533,
    "mean": 7.95522660711389,
    "std": 3.0327834221600565
  }
}