{
  "hash": "61861e0a85fcc6f15c25e2241de8df9f40821dbffe9f436ae12171b86a5649ec",
  "stats": {
    "shape": [
      84,
      84
    ],
    "size": 7056,
    "min": 0.0,
    "max": 15.49791494869915,
    "mean": 7.8239952455545465,
    "std": 3.1012061199822085
  }
}