MODEL,PRED_DOCKQ
5VN4_af2m,0.8719515
5VN4,0.86486566
