{
  "f0_hash": "2195e53a21c36b64d525d83a3b7b7aa363a496d8ef095917ec65b22859b994a4",
  "f1_hash": "a2ff76759f96d5df9fe82010a5aa7e4644bbe1256be72b4949e0a3fbf0db3a10",
  "f0_stats": {
    "shape": [
      5
    ],
    "size": 5,
    "min": 0.6437864956905702,
    "max": 108.13758480761285,
    "mean": 23.398252066237852,
    "std": 42.402511290523464
  },
  "f1_stats": {
    "shape": [
      15
    ],
    "size": 15,
    "min": 0.010467017766853104,
    "max": 270.9370859399471,
    "mean": 38.61190689205113,
    "std": 86.07600422989175
  }
}