MODEL,PRED_DOCKQ
5B3F,0.8565218
5B3F_af2m,0.85508204
