{
  "f0_hash": "5f7fff8b402f2cf02f155e6c993aece125a5d1b55425a886369376d305bc246a",
  "f1_hash": "59376752c179998bcdb95e1b931584ee20e5e1209819b3f283b26628b0de788a",
  "f0_stats": {
    "shape": [
      5
    ],
    "size": 5,
    "min": 0.401170822781706,
    "max": 110.9699141978099,
    "mean": 23.638041591279453,
    "std": 43.68337774025642
  },
  "f1_stats": {
    "shape": [
      15
    ],
    "size": 15,
    "min": 0.014413222638333556,
    "max": 223.57785541181903,
    "mean": 33.11369761658241,
    "std": 70.46503467719069
  }
}