{
  "count": 76,
  "ids_hash": "49568d30dc269f2c165d9ca1cfc6868b9e20c9c0fb1ebbec280405bd113b8170",
  "coords_hash": "c0a55e15449000f5ae7084fc38f00929b536d4fe061d81308e22b834077e4a5e",
  "coords_stats": {
    "shape": [
      76,
      3
    ],
    "size": 228,
    "min": -16.91900062561035,
    "max": 37.97100067138672,
    "mean": 3.1884868887432836,
    "std": 20.712879602604986
  }
}