MODEL,PRED_DOCKQ
6J6A_af2m,0.82250404
6J6A,0.028697899
