{
  "count": 79,
  "ids_hash": "06f9c5dbcdf17b95e79fedb682be79537c8a50d7ba578d2ebe33125b672421a8",
  "coords_hash": "9277270077a8167d52a2fb4c7079230c4b232078625a8212221a5a81052a246f",
  "coords_stats": {
    "shape": [
      79,
      3
    ],
    "size": 237,
    "min": -11.439000129699707,
    "max": 3.382999897003174,
    "mean": -4.535054850808584,
    "std": 3.2431748537064897
  }
}