{
  "hash": "9b8609158cd0a633805768bad44a10d31144fb1544b709e8acc453df1da43342",
  "stats": {
    "shape": [
      73,
      73
    ],
    "size": 5329,
    "min": 0.0,
    "max": 15.606148598853899,
    "mean": 7.329281602842559,
    "std": 2.9927198630438205
  }
}