{
  "count": 107,
  "ids_hash": "00914c3cf4c239fab8c9e9517119511d8673450562f97c986d90b0eefca61d3b",
  "coords_hash": "b7dc4c0a6dceb4de57f00abf40590f93d4ba26c9ccd1454cf27b8564eee60da4",
  "coords_stats": {
    "shape": [
      107,
      3
    ],
    "size": 321,
    "min": -11.902999877929688,
    "max": 23.538999557495117,
    "mean": 8.249579444411573,
    "std": 9.536245688595463
  }
}