{
  "hash": "ffbd8d54cf40c35813f568f885c7e88aef9c7f1be187376b32da964a495801aa",
  "stats": {
    "shape": [
      76,
      76
    ],
    "size": 5776,
    "min": 0.0,
    "max": 15.132331393622193,
    "mean": 7.6543668715441235,
    "std": 3.1408553954705276
  }
}