{
  "hash": "8000199668ec07551cf7c7db200dde709ad59e578128ab6b0b0a98f5fdfd1931",
  "stats": {
    "shape": [
      83,
      83
    ],
    "size": 6889,
    "min": 0.0,
    "max": 15.494141079944749,
    "mean": 7.560409186082106,
    "std": 3.0658704866498683
  }
}