{
  "f0_hash": "3b76dc10c888fcc457d71eced7c4dbd641ff3b64a7ebb18c6bb9d419084e6427",
  "f1_hash": "6d1aabf8316bd758b6d1559ee3065178325a1893c4388b328399ad5f75b0d285",
  "f0_stats": {
    "shape": [
      5
    ],
    "size": 5,
    "min": 0.6465151977695215,
    "max": 132.78849728515152,
    "mean": 28.471804038236723,
    "std": 52.19561848377322
  },
  "f1_stats": {
    "shape": [
      15
    ],
    "size": 15,
    "min": 0.010076820705983813,
    "max": 377.41015215314246,
    "mean": 53.420307654816376,
    "std": 119.85550945908173
  }
}