{
  "hash": "d4c438045770818faea863269925b85f977a99e6a0344fcd79a1ab1da24b7796",
  "stats": {
    "shape": [
      62,
      62
    ],
    "size": 3844,
    "min": 0.0,
    "max": 15.025457041734011,
    "mean": 7.146405660546141,
    "std": 3.052361113264628
  }
}