{
  "hash": "46f6effd6efb2864a644906192aae2e58568c90514dbc24aa4a45e91eae1320d",
  "stats": {
    "shape": [
      94,
      94
    ],
    "size": 8836,
    "min": 0.0,
    "max": 15.230104187877904,
    "mean": 7.524230933803436,
    "std": 3.0499211919774516
  }
}