MODEL,PRED_DOCKQ
2FQM,0.6962767
2FQM_af2m,0.69130594
