{
  "hash": "61a70769f825dc6d87ad2ef2550b6dca66cfa199af6a3f24982cd4c1c410608b",
  "stats": {
    "shape": [
      80,
      80
    ],
    "size": 6400,
    "min": 0.0,
    "max": 15.537764448964559,
    "mean": 7.345846219262475,
    "std": 2.9759620037014294
  }
}