{
  "hash": "ad1712cc0f04400f56fce1b672219fcfba684cd5e83015c88dea3648c31a8147",
  "stats": {
    "shape": [
      80,
      80
    ],
    "size": 6400,
    "min": 0.0,
    "max": 14.448262438123347,
    "mean": 7.195852723617998,
    "std": 2.906560477683543
  }
}