{
  "hash": "12a9b9eeb3231d8e177802b667a5135d6d447956b27452ab92dbdd4f32da96f2",
  "stats": {
    "shape": [
      110,
      110
    ],
    "size": 12100,
    "min": 0.0,
    "max": 15.72894042799505,
    "mean": 8.071461400957677,
    "std": 3.0607578908462907
  }
}