{
  "hash": "f76b175a25992b38e3a32e8b1dcba3de404c3baeeaafa016b39cb7b996a3ff90",
  "stats": {
    "shape": [
      91,
      91
    ],
    "size": 8281,
    "min": 0.0,
    "max": 15.612902891303492,
    "mean": 7.804739352251635,
    "std": 3.103627047086839
  }
}