{
  "hash": "2f80b613c470d5352eeacf8ff86cf337cf699dd4c25d6398a8f1b7d93cd718e6",
  "stats": {
    "shape": [
      120,
      120
    ],
    "size": 14400,
    "min": 0.0,
    "max": 15.778891385825885,
    "mean": 8.043634158007626,
    "std": 3.0838704457233765
  }
}