{
  "hash": "e30ba088aecb16e854fcae2b1c409a516b85d31f6a88d9b914babcfcba733077",
  "stats": {
    "shape": [
      69,
      69
    ],
    "size": 4761,
    "min": 0.0,
    "max": 15.430188215322767,
    "mean": 7.055895525410242,
    "std": 2.984256128290158
  }
}