{
  "f0_hash": "9f19775a408bc8722adf0219af5f817ab3b12f6b7348faa01de68681388c2684",
  "f1_hash": "3c68693a4bd50a3ababde7543c0f2c74bdeb84bdd4acabd37ca312f325bfd6ad",
  "f0_stats": {
    "shape": [
      5
    ],
    "size": 5,
    "min": 0.24463463048566356,
    "max": 266.1612449404691,
    "mean": 54.306722686109104,
    "std": 105.93330359744093
  },
  "f1_stats": {
    "shape": [
      15
    ],
    "size": 15,
    "min": 0.01017166295205385,
    "max": 609.9955141870848,
    "mean": 82.99180066401367,
    "std": 191.1539586415981
  }
}