MODEL,PRED_DOCKQ
1EGJ,0.026429653
1EGJ_af2m,0.02236918
