{
  "f0_hash": "9e20b30963e2873e34a2fa0f6e669a12ea9123b007fe18cc7166c13b02db462f",
  "f1_hash": "9fc66662fe1b17526642f9ee94f5a7237dbb8a1e10dc64bf24dadb0969eb338c",
  "f0_stats": {
    "shape": [
      5
    ],
    "size": 5,
    "min": 0.5108119251726169,
    "max": 135.27627570252574,
    "mean": 28.546542374531395,
    "std": 53.378917894552984
  },
  "f1_stats": {
    "shape": [
      15
    ],
    "size": 15,
    "min": 0.010149082926153019,
    "max": 394.2211926156152,
    "mean": 55.11701302998981,
    "std": 126.31827367689952
  }
}