{
  "hash": "44f92ae4d27a9c5dc0b8b7bae1ca14dc5acb51af73ea1e898a2c086d26b78e58",
  "stats": {
    "shape": [
      94,
      94
    ],
    "size": 8836,
    "min": 0.0,
    "max": 15.515528841043626,
    "mean": 7.764717366817352,
    "std": 3.0284266609569697
  }
}