{
  "count": 103,
  "ids_hash": "23fb35aeef6af039af7ec07a60c1a4cbccc5ba8da676349c53ab8cbe15b261f6",
  "coords_hash": "7109b413dfa93452fe0f1638f902376b77e2825c3c426c3f5137dcf3554d4098",
  "coords_stats": {
    "shape": [
      103,
      3
    ],
    "size": 309,
    "min": -16.63800048828125,
    "max": 62.16999816894531,
    "mean": 17.386323581766156,
    "std": 27.72618458373182
  }
}