{
  "f0_hash": "fd1721c1f203bd13819ae8400f22a9c5a76d9ee8c7f3f782a6914602ec05476f",
  "f1_hash": "0c2807542f54371c93083184f0bea840544db8052f315e8b9529ebeecaee0ee3",
  "f0_stats": {
    "shape": [
      5
    ],
    "size": 5,
    "min": 0.5023032800830691,
    "max": 147.13109991445697,
    "mean": 30.80911334442228,
    "std": 58.17008128957667
  },
  "f1_stats": {
    "shape": [
      15
    ],
    "size": 15,
    "min": 0.010240522617523062,
    "max": 432.02181478108093,
    "mean": 59.988537740231195,
    "std": 137.9855467149103
  }
}