{
  "f0_hash": "017e3e47e21b074f07078bd33f2ad536801fec48f95ce198e5f2965ee326fc68",
  "f1_hash": "7fac27ca0bcef91090d24e4149ae92cd6ff0898f581e9b2ff9744272eb142736",
  "f0_stats": {
    "shape": [
      5
    ],
    "size": 5,
    "min": 0.35177530269152985,
    "max": 164.1701075439538,
    "mean": 34.1549773330229,
    "std": 65.01589102344845
  },
  "f1_stats": {
    "shape": [
      15
    ],
    "size": 15,
    "min": 0.010212472231212466,
    "max": 453.36358812612843,
    "mean": 63.523811393519864,
    "std": 143.94916656576513
  }
}