MODEL,PRED_DOCKQ
5YUG,0.89896196
5YUG_af2m,0.88232934
