{
  "hash": "c5b79bd7a40b3a8e68ce6e8db6bcb63a3f211dcf415f74e140d9c40825c178e6",
  "stats": {
    "shape": [
      108,
      108
    ],
    "size": 11664,
    "min": 0.0,
    "max": 15.547503194802072,
    "mean": 7.870668633386196,
    "std": 2.991487000482858
  }
}