{
  "count": 112,
  "ids_hash": "88036e24f96f3a235ae1a378fef8b86021927d51292970dc9ddb7055222f836c",
  "coords_hash": "64ebbe71492c2418f90c3d93ebe8d036bbe9e38b8f8cc32117a6d00161356d4a",
  "coords_stats": {
    "shape": [
      112,
      3
    ],
    "size": 336,
    "min": -51.98500061035156,
    "max": 65.26799774169922,
    "mean": -3.1028988985788253,
    "std": 44.426847754644
  }
}