{
  "count": 154,
  "ids_hash": "20760dbf784d801f82939cbadef8c2d071f9e86ef347fda5ed031c35cdc32056",
  "coords_hash": "a476ed133e64f906c7e84c3cebaddbaabde6e47ed4ba4e5e13403b954f78ab6b",
  "coords_stats": {
    "shape": [
      154,
      3
    ],
    "size": 462,
    "min": -35.472999572753906,
    "max": 24.48900032043457,
    "mean": 1.279777076853302,
    "std": 21.64981034443834
  }
}