{
  "f0_hash": "ad91f645ab70235e14df153338b93033560059109a0239e68713771d4e099835",
  "f1_hash": "541af236332912b283266860e2b1ec512306fbbfad586086ca06cc2eb5304f92",
  "f0_stats": {
    "shape": [
      5
    ],
    "size": 5,
    "min": 0.4013683977267449,
    "max": 166.08035226612535,
    "mean": 34.54493700988934,
    "std": 65.77552248579342
  },
  "f1_stats": {
    "shape": [
      15
    ],
    "size": 15,
    "min": 0.010081706864245588,
    "max": 520.4628693176849,
    "mean": 71.73165887058758,
    "std": 166.0634034975344
  }
}