{
  "f0_hash": "7c29c1ab2a97bf7ac7074c46ce9430bc2b106cd1f41d33f8b27589686b9d664b",
  "f1_hash": "91d91cd4c6b1eee925830d562149268da25995a21b10461e5adf510cb715b5d4",
  "f0_stats": {
    "shape": [
      5
    ],
    "size": 5,
    "min": 0.5664309657257247,
    "max": 177.37139029407703,
    "mean": 36.97815298491213,
    "std": 70.20687674541269
  },
  "f1_stats": {
    "shape": [
      15
    ],
    "size": 15,
    "min": 0.0107740806466472,
    "max": 617.4398066417436,
    "mean": 84.57485669088955,
    "std": 196.54146095868353
  }
}