{
  "f0_hash": "9c72f138ee4365e6c765a7cb7a507d82b1794fdbf1496763d64724e30ea1f050",
  "f1_hash": "fcc1353f17eca26a830304c5bbde39220b215414f4587ac1ededa5a8ac5a60a5",
  "f0_stats": {
    "shape": [
      5
    ],
    "size": 5,
    "min": 0.40519477883758054,
    "max": 154.04422102962513,
    "mean": 32.17316089579067,
    "std": 60.94505106503593
  },
  "f1_stats": {
    "shape": [
      15
    ],
    "size": 15,
    "min": 0.010910858640623466,
    "max": 381.6766767397496,
    "mean": 52.871307281585054,
    "std": 120.2733825738825
  }
}