{
  "f0_hash": "56e6ade88c1940de620475e754fc4f38205ab6fccf48ffdf50c3a24fe81b763b",
  "f1_hash": "2db47fb5e9fdb9c10ca5cfd3b0c3707853f975af101bb3f420aa5d545970566d",
  "f0_stats": {
    "shape": [
      5
    ],
    "size": 5,
    "min": 0.5755525162640858,
    "max": 175.30387536610002,
    "mean": 36.5089808426014,
    "std": 69.40600800637924
  },
  "f1_stats": {
    "shape": [
      15
    ],
    "size": 15,
    "min": 0.010886397994128494,
    "max": 542.4264463771478,
    "mean": 74.36852875674705,
    "std": 172.04772122450242
  }
}