{
  "f0_hash": "cc3af9ff9f7db61dcea8f72a3e35f91c7f8cc91479e0923a7031d72d1c434b29",
  "f1_hash": "d6754fe0a178d98e6122c2f7043765e10c10760a842ec103f3cedac0a0a5f2d1",
  "f0_stats": {
    "shape": [
      5
    ],
    "size": 5,
    "min": 0.48319160285182966,
    "max": 163.74505452045952,
    "mean": 34.22799121535523,
    "std": 64.77001284996892
  },
  "f1_stats": {
    "shape": [
      15
    ],
    "size": 15,
    "min": 0.011884019810066704,
    "max": 452.7883226168359,
    "mean": 62.83968266943777,
    "std": 142.7135861903154
  }
}