{
  "f0_hash": "a1e7d66258e519aabd9ac7772b68e36cde83fb6a0033a6611ba7668dba14c0d2",
  "f1_hash": "7bbcca649d8cd74ee14d2e852f136e6c86b12b113b1e12ba9efd689eb2f3e6ee",
  "f0_stats": {
    "shape": [
      5
    ],
    "size": 5,
    "min": 0.6268805921090016,
    "max": 77.78239177455416,
    "mean": 17.0296992743174,
    "std": 30.39643133974767
  },
  "f1_stats": {
    "shape": [
      15
    ],
    "size": 15,
    "min": 0.01162502748652372,
    "max": 162.17257960222778,
    "mean": 24.352550672375013,
    "std": 51.65344036928138
  }
}