{
  "hash": "f8e5388c1f0cc50d642c9158f126b4718f1ffff6d5201a847df57f4fc2f1016b",
  "stats": {
    "shape": [
      98,
      98
    ],
    "size": 9604,
    "min": 0.0,
    "max": 15.809026967319028,
    "mean": 7.8236315755652495,
    "std": 3.069062810652057
  }
}