{
  "hash": "615c6454ccf51a838e5b6a70bbd9216c9a4519d0759909affb7366147b0fc2cd",
  "stats": {
    "shape": [
      110,
      110
    ],
    "size": 12100,
    "min": 0.0,
    "max": 15.857348308698068,
    "mean": 8.054129431040177,
    "std": 3.0660831457248383
  }
}