{
  "f0_hash": "188c0b4949d62c2747fe944fbf298d30a54ac5255c46efa8d96932f1ad65c063",
  "f1_hash": "bf5102cc9a9657d7ba31109add57cdb92b1a238518f11447cd4fe739efc1335a",
  "f0_stats": {
    "shape": [
      5
    ],
    "size": 5,
    "min": 0.3398938196066295,
    "max": 125.42148493541276,
    "mean": 26.373251746652052,
    "std": 49.53448909341497
  },
  "f1_stats": {
    "shape": [
      15
    ],
    "size": 15,
    "min": 0.01188832590498401,
    "max": 324.415694278119,
    "mean": 45.24786161615038,
    "std": 103.68145433706525
  }
}