{
  "f0_hash": "fd6eb70cb624eb414e84409240c98d55a66a2fda9b51b09537db506683b9ed80",
  "f1_hash": "127d052b00507ed25d2ab83bb1ed3ee794e03a918517030527e1b4af457cab51",
  "f0_stats": {
    "shape": [
      5
    ],
    "size": 5,
    "min": 0.6097017937251937,
    "max": 140.02010126231465,
    "mean": 29.46409033701115,
    "std": 55.289084659352376
  },
  "f1_stats": {
    "shape": [
      15
    ],
    "size": 15,
    "min": 0.013479819032921725,
    "max": 397.5489338867226,
    "mean": 55.35151628754478,
    "std": 125.89246869800326
  }
}