{
  "count": 82,
  "ids_hash": "98c5146b2ce5ca7ae6664d98613f50b7cb9ebb0582b7d3066ac0362bd808c75f",
  "coords_hash": "1771ec83a3a449837edf08647cd29fbdd38e1ab89a035bcde74cd3de4a8c8b48",
  "coords_stats": {
    "shape": [
      82,
      3
    ],
    "size": 246,
    "min": 7.242000102996826,
    "max": 94.60800170898438,
    "mean": 46.06239046895407,
    "std": 30.140126190626347
  }
}