{
  "f0_hash": "4a9bd525fc330565f786d32159c41bc472ac37d1dec678a2a7225d4b12748815",
  "f1_hash": "fabce639a027f04e14107ad3ea2cfd0ce8ad0ac30ca4a39a17efd9e78567a243",
  "f0_stats": {
    "shape": [
      5
    ],
    "size": 5,
    "min": 0.4114198866837822,
    "max": 150.8561601825333,
    "mean": 31.47667688570698,
    "std": 59.69755528576122
  },
  "f1_stats": {
    "shape": [
      15
    ],
    "size": 15,
    "min": 0.011933170843214658,
    "max": 403.96506959575544,
    "mean": 55.699660447801406,
    "std": 128.34361917490187
  }
}