{
  "hash": "fb45b739743c13d833e470b8f9d2aa90bc95923fffdff4a6b6be4a3d7181f72f",
  "stats": {
    "shape": [
      92,
      92
    ],
    "size": 8464,
    "min": 0.0,
    "max": 15.262142795136187,
    "mean": 7.647949719977649,
    "std": 2.9839036800453007
  }
}