{
  "f0_hash": "3fe5b57422de1f8390a94d4d66118c085a111f2df9872df4d1bd4c4a888cb0e7",
  "f1_hash": "57911f793226a2be798cd6cb4ed116737253593f80d62e70cf6cc239847082b1",
  "f0_stats": {
    "shape": [
      5
    ],
    "size": 5,
    "min": 0.6138238114278428,
    "max": 147.87181749841952,
    "mean": 31.059749296032066,
    "std": 58.417187732715156
  },
  "f1_stats": {
    "shape": [
      15
    ],
    "size": 15,
    "min": 0.010113728664014943,
    "max": 469.39694338298335,
    "mean": 65.9680935417071,
    "std": 149.06388384301852
  }
}