{
  "hash": "0fac0b5d96bb885f857cb7809e7de0da893980fed0de9a1e46522114f3e87d8d",
  "stats": {
    "shape": [
      85,
      85
    ],
    "size": 7225,
    "min": 0.0,
    "max": 15.39283314240437,
    "mean": 7.321821915360843,
    "std": 3.099317583944771
  }
}