{
  "hash": "0a850d11b616ebd1f6fb9697cd34910464a7c0666667898f1c34ce846e96402f",
  "stats": {
    "shape": [
      64,
      64
    ],
    "size": 4096,
    "min": 0.0,
    "max": 15.586346142154605,
    "mean": 7.36761570890067,
    "std": 3.166006326786574
  }
}