{
  "count": 92,
  "ids_hash": "f6f952e151d55e2d94853862c3b7be25c03c80745be0b4f653eb5b54a83d5b4c",
  "coords_hash": "8e923875bf70c57afa087a943b1cbedc9f7a3b526546ee5108e19723fa30f2c4",
  "coords_stats": {
    "shape": [
      92,
      3
    ],
    "size": 276,
    "min": -34.327999114990234,
    "max": 56.50199890136719,
    "mean": 10.342623158641484,
    "std": 31.68973248136074
  }
}