{
  "count": 91,
  "ids_hash": "e693a295c7bd75c16f9142d8c3eb5b28a1151797cd9270ab17a682d65c093770",
  "coords_hash": "6d75522fc0c4d7da5950cd4477d7e8ad860f53ff77dc7f9c176f99633d7f89c3",
  "coords_stats": {
    "shape": [
      91,
      3
    ],
    "size": 273,
    "min": 6.210999965667725,
    "max": 116.95700073242188,
    "mean": 54.99428200634408,
    "std": 41.17731775281297
  }
}