{
  "count": 93,
  "ids_hash": "11e87e6726a086236072fa9674035f2c01a2adcfed8cb862edb2ed97e590550f",
  "coords_hash": "143103c0e16788210a9b1ebf9e3cc1478ceaeb8bbb2ce80b31756bfce1587092",
  "coords_stats": {
    "shape": [
      93,
      3
    ],
    "size": 279,
    "min": 5.453999996185303,
    "max": 31.43199920654297,
    "mean": 18.67898210915186,
    "std": 6.0389985857393205
  }
}