{
  "hash": "369ca1ddea6cc7d325408c3ad2bd129047c12ddddca379a8110822d5ad178968",
  "stats": {
    "shape": [
      96,
      96
    ],
    "size": 9216,
    "min": 0.0,
    "max": 15.612649989219738,
    "mean": 7.796618142193034,
    "std": 3.0757092462377673
  }
}