{
  "f0_hash": "7cc776bec729e459a11f8b6131dfa82d20a450fca4382ea95316f6b5f9e3e3f4",
  "f1_hash": "7c0fd0e7d344a73b438f85b3a59273ffad97fd6b58de7d4effea905fec2dd6e2",
  "f0_stats": {
    "shape": [
      5
    ],
    "size": 5,
    "min": 0.3505275867254424,
    "max": 128.51297901146523,
    "mean": 27.02293445515017,
    "std": 50.755809943919175
  },
  "f1_stats": {
    "shape": [
      15
    ],
    "size": 15,
    "min": 0.01111236910016311,
    "max": 329.58758063319,
    "mean": 46.11317763921027,
    "std": 105.10804603497468
  }
}