{
  "hash": "2e5542e3ce121508e8dcb31cd2af62f12701a05ffcf26bab6875147b262d0bde",
  "stats": {
    "shape": [
      96,
      96
    ],
    "size": 9216,
    "min": 0.0,
    "max": 15.015541988743122,
    "mean": 7.55185907508495,
    "std": 2.9083788628635587
  }
}