{
  "hash": "ca273869e5f5e1f2b38937a9ea7398827d59ddff0d657d7f362ee16e9d8919d6",
  "stats": {
    "shape": [
      83,
      83
    ],
    "size": 6889,
    "min": 0.0,
    "max": 14.94039668111828,
    "mean": 7.369163116024779,
    "std": 2.936235691906994
  }
}