{
  "count": 146,
  "ids_hash": "97ed302d839b977039bdf83216fc7c4a9bf5af036459eb1b0e05cfe8b7e2e7cf",
  "coords_hash": "d4bf22a77e19a16d3ab5ab6b0ec4f9272db2d030d09322bf0917cbb79d65988b",
  "coords_stats": {
    "shape": [
      146,
      3
    ],
    "size": 438,
    "min": -29.072999954223633,
    "max": 16.85300064086914,
    "mean": -8.964582200464049,
    "std": 14.66847499811293
  }
}