{
  "f0_hash": "2a4ede68e50a455dad128d760944c2b6287d107c945a8fa58e130035849d6838",
  "f1_hash": "bb7870acb591d34e19bd7606083f19ba5b3da97aa769eb3229af3ebb17e813c9",
  "f0_stats": {
    "shape": [
      5
    ],
    "size": 5,
    "min": 0.5072427966171312,
    "max": 119.51347135871745,
    "mean": 25.436234106849987,
    "std": 47.057508705991154
  },
  "f1_stats": {
    "shape": [
      15
    ],
    "size": 15,
    "min": 0.010076820705986478,
    "max": 304.255266110442,
    "mean": 42.67591789419559,
    "std": 97.32283774705783
  }
}