{
  "count": 106,
  "ids_hash": "4ef5148d2f3755501d500c81d0fc03d64dbfee5b66614de7b5efcc516943acb6",
  "coords_hash": "cf7142b17369e8951d5c8d80ebdbd66aad91d1cae0a96832dec8c6d16a2e3876",
  "coords_stats": {
    "shape": [
      106,
      3
    ],
    "size": 318,
    "min": -15.366999626159668,
    "max": 33.66699981689453,
    "mean": 13.318279871400797,
    "std": 16.359464429297862
  }
}