{
  "count": 114,
  "ids_hash": "6573ab1d100ccad0069b2a01d86b7912efde39339d83f0c4b28f5f75c8dfdb1b",
  "coords_hash": "952b0909882e74c4909d7ffba7fd4a56585ab7b5f39c2eab34dc5a660516b8d4",
  "coords_stats": {
    "shape": [
      114,
      3
    ],
    "size": 342,
    "min": -62.6879997253418,
    "max": 45.840999603271484,
    "mean": 7.6330907442416365,
    "std": 44.574051946617594
  }
}