{
  "f0_hash": "7cf8d8132c46a4014c2dba4e8dfb693991f36df13101ea0b6e255cc3151ca7fc",
  "f1_hash": "9cef5d5bcaf686e313b14e1713d201cb30a60002de4f61d98cc98f892ce182c3",
  "f0_stats": {
    "shape": [
      5
    ],
    "size": 5,
    "min": 0.48063804034484714,
    "max": 132.37915376421978,
    "mean": 27.89208035088182,
    "std": 52.25542166740995
  },
  "f1_stats": {
    "shape": [
      15
    ],
    "size": 15,
    "min": 0.011867496726049254,
    "max": 327.63211023788654,
    "mean": 47.318504327934335,
    "std": 103.08303813680776
  }
}