{
  "f0_hash": "f6e60a33c50c2269c0e113ebf4b35411155b2ea35bca212b8cddfa93f0039b2e",
  "f1_hash": "04f87212e861d7cebffd6f3c4fa784fe01b8e96cf47b68a881f89ccf1512bbca",
  "f0_stats": {
    "shape": [
      5
    ],
    "size": 5,
    "min": 0.4203181340178088,
    "max": 143.14117103648724,
    "mean": 30.035880227642615,
    "std": 56.564337811181346
  },
  "f1_stats": {
    "shape": [
      15
    ],
    "size": 15,
    "min": 0.0120320749235443,
    "max": 398.68260049839,
    "mean": 55.6313048020141,
    "std": 126.99650282247096
  }
}