{
  "hash": "7d382c7942754b52ddcea4da9eb2a351ffb9c9d2a7de72ca14200e076f8515a4",
  "stats": {
    "shape": [
      104,
      104
    ],
    "size": 10816,
    "min": 0.0,
    "max": 15.50696039903028,
    "mean": 7.82056369868078,
    "std": 3.007350657173737
  }
}