{
  "f0_hash": "bfd48c74c59b787258e051e9a348a52f2efe7fd52d49bb9834cf6d5141e2fe34",
  "f1_hash": "35be56a9cfc4f4c1b407ced857a3c7b4ff91668d4d06ff512d7e0dc1d6b0f0c5",
  "f0_stats": {
    "shape": [
      5
    ],
    "size": 5,
    "min": 0.3718765431555858,
    "max": 155.01681173030804,
    "mean": 32.40942417054325,
    "std": 61.31528013865334
  },
  "f1_stats": {
    "shape": [
      15
    ],
    "size": 15,
    "min": 0.011019079997332426,
    "max": 407.2159810166178,
    "mean": 56.52399384880976,
    "std": 129.19284588752365
  }
}