{
  "hash": "f3f3037660f6b7cffa7eb267ef493f77b3529ffebba9c1f98477982478d6d2c8",
  "stats": {
    "shape": [
      93,
      93
    ],
    "size": 8649,
    "min": 0.0,
    "max": 15.871128605645216,
    "mean": 7.745484824937145,
    "std": 3.166565590044841
  }
}