{
  "hash": "24aedf738ec5cd8adab12c734052825a16c57205e0370fc0af94264496daa013",
  "stats": {
    "shape": [
      105,
      105
    ],
    "size": 11025,
    "min": 0.0,
    "max": 15.41583029452034,
    "mean": 7.718608132282347,
    "std": 2.9513074540918574
  }
}