{
  "f0_hash": "b8bbb355bbdae37edc9f334cab45f23dc0c620479d829fe905d27f8b0465d544",
  "f1_hash": "d666e5a1aab82afa17b1b2d92a7ad6b93dd824326de3a97f0b324bf47fd918d5",
  "f0_stats": {
    "shape": [
      5
    ],
    "size": 5,
    "min": 0.5091687086396736,
    "max": 160.32915089421007,
    "mean": 33.522123486511944,
    "std": 63.41414561643685
  },
  "f1_stats": {
    "shape": [
      15
    ],
    "size": 15,
    "min": 0.010213155807987206,
    "max": 474.26493391277813,
    "mean": 66.35080811035633,
    "std": 151.0960585612441
  }
}