MODEL,PRED_DOCKQ
2DGB_af2m,0.8577959
2DGB,0.79241043
