{
  "hash": "ff674d3946e8e8d734f0916399b90e5e58c4912616e3e5b4248868a4cbcf64ce",
  "stats": {
    "shape": [
      85,
      85
    ],
    "size": 7225,
    "min": 0.0,
    "max": 14.702017627009726,
    "mean": 7.351526754794813,
    "std": 2.9368329934210777
  }
}