{
  "f0_hash": "512998f7ff5d8f5e40ca38c00158a497928421cf5b1941a62efd9e2d82550276",
  "f1_hash": "661bf35703bd5bf218db1cf90fe921138898dfffc7d97b197c700255f120973f",
  "f0_stats": {
    "shape": [
      5
    ],
    "size": 5,
    "min": 0.24686768678916698,
    "max": 130.70601123275927,
    "mean": 27.331208273301723,
    "std": 51.695159264120214
  },
  "f1_stats": {
    "shape": [
      15
    ],
    "size": 15,
    "min": 0.010172316618398902,
    "max": 311.87179945191,
    "mean": 44.01547228088914,
    "std": 99.55709233645018
  }
}