MODEL,PRED_DOCKQ
5WO2_af2m,0.7509913
5WO2,0.46914548
