{
  "hash": "c51fc86e0209bacc284925a03c2744133fc9e1486270f01e3691d336c55b21bc",
  "stats": {
    "shape": [
      106,
      106
    ],
    "size": 11236,
    "min": 0.0,
    "max": 15.485210595750901,
    "mean": 8.245780145678241,
    "std": 3.166414328899544
  }
}