{
  "f0_hash": "bc6bfeffc891cb415b0ff9a7c9364ff0a45a8877faa3448595e2482c5bc2613f",
  "f1_hash": "5198fc9e32663eea291da8c96519411fa9d20812a36de31e54ed5c7c699339c1",
  "f0_stats": {
    "shape": [
      5
    ],
    "size": 5,
    "min": 0.5119379100590813,
    "max": 127.7375883267081,
    "mean": 27.050481567880013,
    "std": 50.35906616575222
  },
  "f1_stats": {
    "shape": [
      15
    ],
    "size": 15,
    "min": 0.010093350743960006,
    "max": 336.49508342294047,
    "mean": 47.28552761896872,
    "std": 107.40808384993392
  }
}