{
  "f0_hash": "134748774055850919c599feeb2cd4c16cbc98841b88ccb3a89bcc5eb209333d",
  "f1_hash": "b9de75c2e6a3eea8b7a275acbf983e2f874cf5cd135e9f22d287d2d1845d5cd5",
  "f0_stats": {
    "shape": [
      5
    ],
    "size": 5,
    "min": 0.5800855860631097,
    "max": 135.3300619166934,
    "mean": 28.730876014616864,
    "std": 53.32086317509108
  },
  "f1_stats": {
    "shape": [
      15
    ],
    "size": 15,
    "min": 0.01254199195448491,
    "max": 377.28716481565476,
    "mean": 53.30837502689437,
    "std": 120.18701146574841
  }
}