{
  "f0_hash": "3c48c7753bcf35ec472033571b21fdc2bc417f8f55418209d60fb5164c03c68e",
  "f1_hash": "1aab27d51e2297c370a03ae3a7edf58e7b711a2b72b140f9d4fa800cac63f5f5",
  "f0_stats": {
    "shape": [
      5
    ],
    "size": 5,
    "min": 0.5251371407562959,
    "max": 158.69528679531368,
    "mean": 33.1901048962817,
    "std": 62.76654958886876
  },
  "f1_stats": {
    "shape": [
      15
    ],
    "size": 15,
    "min": 0.010346467924280844,
    "max": 416.7517099794172,
    "mean": 57.91417000485358,
    "std": 132.09523055712282
  }
}