{
  "f0_hash": "aa20e4030ea9ba86a7ee9530be2fdc32cd6f539fee6480c1c046ee3aa79389de",
  "f1_hash": "3277649a0c9cdb227143b57581235e90f91ee083ae4587bd00ff6b094abf8e40",
  "f0_stats": {
    "shape": [
      5
    ],
    "size": 5,
    "min": 0.4747342015406769,
    "max": 131.79490423399503,
    "mean": 27.790764669039543,
    "std": 52.01455008707606
  },
  "f1_stats": {
    "shape": [
      15
    ],
    "size": 15,
    "min": 0.012046060025608263,
    "max": 380.48349337690325,
    "mean": 53.62638469960565,
    "std": 121.05303765273136
  }
}