{
  "count": 77,
  "ids_hash": "dacbc2d5614035a3e9f00cc16cbbeb5898c0162c0a548f59654c4c105bb13454",
  "coords_hash": "317bc495a8321ddd3c93cb9ff9cef90f58843d2ef66a41edd04529778a048525",
  "coords_stats": {
    "shape": [
      77,
      3
    ],
    "size": 231,
    "min": -0.23199999332427979,
    "max": 47.505001068115234,
    "mean": 24.49982680457753,
    "std": 14.564774673395906
  }
}