{
  "f0_hash": "a20851ebff83be4c7fde966ebb5f96411012f1b5052920ec1bec4cfb2c52118b",
  "f1_hash": "7eb41b261697f66125c95f5ab0a9be392f10ff67aa74184d619e40d7c2ea9c7d",
  "f0_stats": {
    "shape": [
      5
    ],
    "size": 5,
    "min": 0.5230059315524399,
    "max": 153.23676051352976,
    "mean": 32.07805607708027,
    "std": 60.58929903437528
  },
  "f1_stats": {
    "shape": [
      15
    ],
    "size": 15,
    "min": 0.010090589143722184,
    "max": 414.355576825901,
    "mean": 57.54040409730971,
    "std": 130.89127978518584
  }
}