{
  "f0_hash": "bfc5c4bec4df429b1480e46f2834e6e2f6c0b41346f7f3a9ee7c716ee458d64b",
  "f1_hash": "043e5e2115b4d37d16e927915dd8dde41b1d31f43c24172d540af03098a5c359",
  "f0_stats": {
    "shape": [
      5
    ],
    "size": 5,
    "min": 0.49023765967357835,
    "max": 121.10967311799895,
    "mean": 25.633178629468773,
    "std": 47.75076878701513
  },
  "f1_stats": {
    "shape": [
      15
    ],
    "size": 15,
    "min": 0.010000060715087855,
    "max": 272.73294215115106,
    "mean": 40.114605400679245,
    "std": 86.34438444170375
  }
}