MODEL,PRED_DOCKQ
2DKJ,0.8959957
2DKJ_af2m,0.89169157
