{
  "count": 106,
  "ids_hash": "2f5bcf7d7883cb6472db616a5197959cbe1d95d13917a5b673feee0aabdc9a68",
  "coords_hash": "971259745b6800fccd4f9cd5ed56a02333febeb954c0dc4c39a3955d0bf7a63d",
  "coords_stats": {
    "shape": [
      106,
      3
    ],
    "size": 318,
    "min": -14.706000328063965,
    "max": 42.55099868774414,
    "mean": 12.460761043635554,
    "std": 18.203893290117342
  }
}