{
  "hash": "2a782339eb6cb48301f8486288d4b45f839c10d2a68c1f8093c1a137bb2a2804",
  "stats": {
    "shape": [
      73,
      73
    ],
    "size": 5329,
    "min": 0.0,
    "max": 15.229291580207397,
    "mean": 7.610556088594994,
    "std": 3.125758303109632
  }
}