{
  "hash": "9811ad095e517cd9b35ba5689c21298f2541acf5bfcaa8e335257bdda2a6f2df",
  "stats": {
    "shape": [
      102,
      102
    ],
    "size": 10404,
    "min": 0.0,
    "max": 15.352967183193545,
    "mean": 7.739033666890895,
    "std": 2.9963193443611797
  }
}