{
  "hash": "50c6a9d4f17a89293119f2494b5d3b4aad48d469217b5ffb92c9331af5338855",
  "stats": {
    "shape": [
      76,
      76
    ],
    "size": 5776,
    "min": 0.0,
    "max": 15.509198218649276,
    "mean": 7.174213167611352,
    "std": 2.939851786238645
  }
}