{
  "count": 114,
  "ids_hash": "9c8c618bc87e81a9b2e55889856de6e3aba44a7d5f32e78b27426a834c2c0499",
  "coords_hash": "f230c80971db809021ea0caf64cbf1610f981c1defd6f1f9d0056e89866df225",
  "coords_stats": {
    "shape": [
      114,
      3
    ],
    "size": 342,
    "min": 6.310999870300293,
    "max": 95.1969985961914,
    "mean": 39.10802339949803,
    "std": 34.524105366432025
  }
}