{
  "hash": "a58d8e8487a72500b79b18a337fe24b28ed1bab697007c7538c90f5049fc738c",
  "stats": {
    "shape": [
      30,
      30
    ],
    "size": 900,
    "min": 0.0,
    "max": 10.063661434972857,
    "mean": 5.152078185535887,
    "std": 2.287850038057439
  }
}