MODEL,PRED_DOCKQ
1MNM_af2m,0.2197734
1MNM,0.19004247
