{
  "count": 90,
  "ids_hash": "d5f6334ce043c569e8fe4065f1ba38f7d8f577589ed5f0666aa857144fe843cb",
  "coords_hash": "02daf25b166b03ed39f4bd5104eaf6558983d7efcf1d7d0d10302462348f0466",
  "coords_stats": {
    "shape": [
      90,
      3
    ],
    "size": 270,
    "min": -11.928999900817871,
    "max": 37.7130012512207,
    "mean": 16.293099984857772,
    "std": 16.085248344833378
  }
}