{
  "f0_hash": "3e1dc3893c694de5968f5040098639701780cffab4ffe7ea3ed036a6eee9a208",
  "f1_hash": "a449908484adb14b82ae0b266d4c2296e35565b806546083343d76de5a44c8fc",
  "f0_stats": {
    "shape": [
      5
    ],
    "size": 5,
    "min": 0.5322959052152145,
    "max": 145.02384950266813,
    "mean": 30.544518025414476,
    "std": 57.25479089310458
  },
  "f1_stats": {
    "shape": [
      15
    ],
    "size": 15,
    "min": 0.011075968108330114,
    "max": 385.15445181657014,
    "mean": 53.75270822195667,
    "std": 122.01638144180892
  }
}