{
  "f0_hash": "8b9c590895aa5c3cb3fd743255384d072707eb19b3fb7b87ede99c0a0f6b405e",
  "f1_hash": "a389aa9195a1ae26007ce9d3c84ddd918f430c20a67b52f0aa2bb79c84bb077c",
  "f0_stats": {
    "shape": [
      5
    ],
    "size": 5,
    "min": 0.5543869761917909,
    "max": 132.36191392863935,
    "mean": 27.89841268203515,
    "std": 52.24280421965971
  },
  "f1_stats": {
    "shape": [
      15
    ],
    "size": 15,
    "min": 0.010629793533326826,
    "max": 354.0278903241219,
    "mean": 49.78982604809802,
    "std": 112.28720691986602
  }
}