{
  "f0_hash": "c156216700ec34956ed0ac8a395d1f99af91aa1c4c0488f16f0fa1f2eae7522b",
  "f1_hash": "d2da55e9785e206310f8c8438fd2bd0fca92197bd3e63765beb866f716d06589",
  "f0_stats": {
    "shape": [
      5
    ],
    "size": 5,
    "min": 0.30939025254093844,
    "max": 151.3281038298661,
    "mean": 31.333676088760445,
    "std": 60.00484961257298
  },
  "f1_stats": {
    "shape": [
      15
    ],
    "size": 15,
    "min": 0.010306310169789334,
    "max": 419.5173424018035,
    "mean": 58.8063663983449,
    "std": 133.68419409072368
  }
}