{
  "count": 112,
  "ids_hash": "8f136c5dbf34c90cedbf0206ec88e0a4e6bbf6871c547f7f8ca9c7a8fff46678",
  "coords_hash": "74026c7b40e97d06eaf1e19103dfd4daa4d2ad29d1be0834f6b6158f97e01e2c",
  "coords_stats": {
    "shape": [
      112,
      3
    ],
    "size": 336,
    "min": -22.586999893188477,
    "max": 20.6560001373291,
    "mean": -0.7205357231155393,
    "std": 12.6245299164039
  }
}