{
  "count": 46,
  "ids_hash": "5f3ce27f1e62e5720a251afd5c5a4d9ffe22809775657270629c9e6f8382cb8c",
  "coords_hash": "3342d87e7fe2eb565b36e3150d9a4612bdf7a1480a9811650c9d7bcf728e0cce",
  "coords_stats": {
    "shape": [
      46,
      3
    ],
    "size": 138,
    "min": -41.340999603271484,
    "max": -6.120999813079834,
    "mean": -21.219565232594807,
    "std": 11.295242462558388
  }
}