{
  "f0_hash": "e9bef2d59b5d785cc5ca988abcf31d8ba8e3ba78e4d6de1b754c20d2952a6c95",
  "f1_hash": "f6a641ca0d5b5da51efb5f2483c88b74e625dbbd0d56d8a57fee330efe2910cf",
  "f0_stats": {
    "shape": [
      5
    ],
    "size": 5,
    "min": 0.43733417054467644,
    "max": 118.64820078932246,
    "mean": 25.111989030149537,
    "std": 46.78119784068027
  },
  "f1_stats": {
    "shape": [
      15
    ],
    "size": 15,
    "min": 0.010068981611500716,
    "max": 305.9090585838786,
    "mean": 43.463565671376855,
    "std": 98.23143812104075
  }
}