{
  "f0_hash": "c0c64f7312e094840f94c5a419bc4d40a03320919c548bb4b834ca337ac01b71",
  "f1_hash": "02af91f0ab2bda3d63f9329a8bf7a432e622f83f03b095b8ccaf3084257968a3",
  "f0_stats": {
    "shape": [
      5
    ],
    "size": 5,
    "min": 0.5371141170158364,
    "max": 180.1901767184459,
    "mean": 37.469781978250666,
    "std": 71.368725217631
  },
  "f1_stats": {
    "shape": [
      15
    ],
    "size": 15,
    "min": 0.011654239090953311,
    "max": 546.8603968212075,
    "mean": 75.31414589264645,
    "std": 172.8969084819154
  }
}