{
  "f0_hash": "41829cac58be0b009d2bd5adecd3c195ae1a22534f8ec1c344cf2e3349229cd1",
  "f1_hash": "6f7f6241b2be7849c77e832ec1258d9f25b6753b6d89f28265e04549d71ec1c8",
  "f0_stats": {
    "shape": [
      5
    ],
    "size": 5,
    "min": 0.49235440291514115,
    "max": 168.41225033728333,
    "mean": 35.12067749404472,
    "std": 66.65608693631262
  },
  "f1_stats": {
    "shape": [
      15
    ],
    "size": 15,
    "min": 0.010341882465022323,
    "max": 607.1507385869082,
    "mean": 83.1690360991244,
    "std": 194.48132631429664
  }
}