{
  "hash": "1c118bf020c4b4354bd1311058058372c29909525e4342022d411bb7393f79ee",
  "stats": {
    "shape": [
      111,
      111
    ],
    "size": 12321,
    "min": 0.0,
    "max": 15.793698795362895,
    "mean": 8.16256065582773,
    "std": 3.1124325651239064
  }
}