{
  "count": 91,
  "ids_hash": "ec864e3435a270f5d4dd708081b935065420165fee0217f5db902d7ec3fa1c01",
  "coords_hash": "c895cdefdf9251650a7362d99ff5ba9bfd4592c9875004e4ab6a88009b078f89",
  "coords_stats": {
    "shape": [
      91,
      3
    ],
    "size": 273,
    "min": -61.81700134277344,
    "max": 22.14699935913086,
    "mean": -13.466304002936942,
    "std": 29.912407973473016
  }
}