MODEL,PRED_DOCKQ
4DN7_af2m,0.89819115
4DN7,0.81880325
