{
  "hash": "cc8f64953231bbe32bde0a5230bd30c92ea67b568525f1cce13f907d73545500",
  "stats": {
    "shape": [
      69,
      69
    ],
    "size": 4761,
    "min": 0.0,
    "max": 15.54191355924672,
    "mean": 7.468503339469341,
    "std": 3.1506395264467013
  }
}