{
  "hash": "ecdb6f23dbe425be01c10b0735e81be2beb8aea668fcaac8ece691f2db69c812",
  "stats": {
    "shape": [
      84,
      84
    ],
    "size": 7056,
    "min": 0.0,
    "max": 15.522244659261158,
    "mean": 7.554928412190182,
    "std": 3.143244281111554
  }
}