MODEL,PRED_DOCKQ
4BLG_af2m,0.8922064
4BLG,0.021968756
