{
  "f0_hash": "499e53e24f108fa27b0d96b646f6f90324e8d098fc2673bd64ce527e971e9d1d",
  "f1_hash": "636c8a1bf71bff018935f8d404b98b1cf6c163fa79c29aeb8884de318ca7ead0",
  "f0_stats": {
    "shape": [
      5
    ],
    "size": 5,
    "min": 0.9927873117260864,
    "max": 107.85932554328642,
    "mean": 23.509955666162313,
    "std": 42.20721581340831
  },
  "f1_stats": {
    "shape": [
      15
    ],
    "size": 15,
    "min": 0.01031406779742472,
    "max": 369.16477765365175,
    "mean": 53.89798320667294,
    "std": 118.77831271077912
  }
}