{
  "hash": "fcaedc941f5f08348e830c14ce922848dcea6702ff922887249047592adc8a42",
  "stats": {
    "shape": [
      82,
      82
    ],
    "size": 6724,
    "min": 0.0,
    "max": 15.346732152558078,
    "mean": 7.658290855343712,
    "std": 3.104311593122917
  }
}