{
  "hash": "b47e9c90146ae5b364dbb98dc5469102acaa01a9ef9a846b51abcf5e557c12c4",
  "stats": {
    "shape": [
      108,
      108
    ],
    "size": 11664,
    "min": 0.0,
    "max": 15.786658123670588,
    "mean": 7.977016091537754,
    "std": 3.0485472085465166
  }
}