{
  "f0_hash": "c509aa0ccd9d463c1116aaffae3c883b511ed0790d349bfcf65afbb3fcd59937",
  "f1_hash": "c74417ee148ea6af72957e86b8d06ba6ca9b8e5017c2590dadabebf5bc23504d",
  "f0_stats": {
    "shape": [
      5
    ],
    "size": 5,
    "min": 0.5394905849846197,
    "max": 131.3939642625612,
    "mean": 27.743408841798896,
    "std": 51.83806931103469
  },
  "f1_stats": {
    "shape": [
      15
    ],
    "size": 15,
    "min": 0.010753864398388657,
    "max": 357.2104622607454,
    "mean": 50.32246517477847,
    "std": 113.5084846597481
  }
}