{
  "f0_hash": "6e0e9eb6ec1944924706553e22c25b52b36d0dffb0854150152eddf4431327d7",
  "f1_hash": "5a53530dcacf46a4dff773550034271c2ba3cedf34e5948e341da4f45879885a",
  "f0_stats": {
    "shape": [
      5
    ],
    "size": 5,
    "min": 0.2899077527432673,
    "max": 116.48367108771969,
    "mean": 24.47570861294892,
    "std": 46.0114742912117
  },
  "f1_stats": {
    "shape": [
      15
    ],
    "size": 15,
    "min": 0.011201489586239344,
    "max": 263.8824886496732,
    "mean": 37.01648784945931,
    "std": 82.91826840592644
  }
}