{
  "count": 115,
  "ids_hash": "068505f0ee09e4bef18ee2e72744f3b532941d60e6116ffadaf15830958578b8",
  "coords_hash": "4b836c13a8197fd8f583ed2d1430f97eaddf4220bc034e68fa61fdd471e451e4",
  "coords_stats": {
    "shape": [
      115,
      3
    ],
    "size": 345,
    "min": -25.614999771118164,
    "max": 32.154998779296875,
    "mean": 8.571078300476074,
    "std": 19.861332392947265
  }
}