MODEL,PRED_DOCKQ
6OTN_af2m,0.76351094
6OTN,0.082193546
