{
  "hash": "59df145fc46603c37962b7a76f3df707707a3479882e6ee049916fc590cb5069",
  "stats": {
    "shape": [
      79,
      79
    ],
    "size": 6241,
    "min": 0.0,
    "max": 15.610750589744951,
    "mean": 7.7885082995615385,
    "std": 3.2350993101275756
  }
}