{
  "count": 87,
  "ids_hash": "a5595805c2eef0d3b7abfa7520155fc75c32fdac3fb39b9e2d6f2c1cdf3ce1b1",
  "coords_hash": "9550dd3c36fe0d63d36067ac02eb4edcfa3a35d9aab88edf50957d096f9ae3cc",
  "coords_stats": {
    "shape": [
      87,
      3
    ],
    "size": 261,
    "min": 14.258000373840332,
    "max": 66.052001953125,
    "mean": 34.886954135821696,
    "std": 17.861508017557213
  }
}