{
  "count": 96,
  "ids_hash": "4382d46b140b166f60bceb354eff8f7377d0b1f893b08474da26dbde2b52bd60",
  "coords_hash": "da32223222db3279624ca3676c1fae9b0e61d8847b9c397ccdc93ece30ef8045",
  "coords_stats": {
    "shape": [
      96,
      3
    ],
    "size": 288,
    "min": 10.517000198364258,
    "max": 35.224998474121094,
    "mean": 23.863864580790203,
    "std": 6.292034058628899
  }
}