{
  "count": 74,
  "ids_hash": "d926c377a95980830929ffec00174bc2196b2a8ad82d5c22d7c0f180e03dc22a",
  "coords_hash": "02e4ef555d0b724689a2c537c33b12e1208ccb6d6a20359ebc37bf85aa0dfa0d",
  "coords_stats": {
    "shape": [
      74,
      3
    ],
    "size": 222,
    "min": -47.94200134277344,
    "max": 41.75600051879883,
    "mean": 2.2259683909716905,
    "std": 31.492195031671713
  }
}