{
  "hash": "e2e00e8b28ec55d51d8f07508082d4a79cb68238e447885c106d8f1c25fc0c63",
  "stats": {
    "shape": [
      85,
      85
    ],
    "size": 7225,
    "min": 0.0,
    "max": 15.557857734946673,
    "mean": 7.653955504477664,
    "std": 3.0739248256689202
  }
}