{
  "hash": "65f74429dd3998efd649357fb5070814f89fbb5f98713f647636c5f583a68af2",
  "stats": {
    "shape": [
      92,
      92
    ],
    "size": 8464,
    "min": 0.0,
    "max": 15.678842396246036,
    "mean": 7.92124162505907,
    "std": 3.125658573357833
  }
}