{
  "count": 80,
  "ids_hash": "22b512fe5772c57e01f56027c6ba877cd88c3f60ff996e90230b8f0c68975e1b",
  "coords_hash": "5e7d785bf86f10434cae4efbe5691b5953a21ba1804abcf6595e9817f77a0df9",
  "coords_stats": {
    "shape": [
      80,
      3
    ],
    "size": 240,
    "min": -48.382999420166016,
    "max": 23.628000259399414,
    "mean": -19.689970803260803,
    "std": 26.950093451685724
  }
}