{
  "f0_hash": "d3e7adc45f2596c94ed89c9cc74f142e21cfc88037ce314aebdb13fba8a564ab",
  "f1_hash": "185b653a061680e8590cab0d14ca256d28e2608bc7fb4c8d849626cb0e07e0af",
  "f0_stats": {
    "shape": [
      5
    ],
    "size": 5,
    "min": 0.6862604833155616,
    "max": 145.11562319006828,
    "mean": 30.507982247587638,
    "std": 57.31415631512199
  },
  "f1_stats": {
    "shape": [
      15
    ],
    "size": 15,
    "min": 0.012716438890482351,
    "max": 483.80861473950864,
    "mean": 67.78309284662714,
    "std": 153.94728791656618
  }
}