{
  "hash": "56ea29185d80edbdb5d8be551ff68685fd95871065de7405c4e1d0837f833327",
  "stats": {
    "shape": [
      84,
      84
    ],
    "size": 7056,
    "min": 0.0,
    "max": 15.330392016549832,
    "mean": 7.3634880987379425,
    "std": 2.9815527044814214
  }
}