{
  "hash": "44ee5dd66b1edf7eba416b4ca6cf131f72a8177a034e8b38dfaecc8c2a6d5c08",
  "stats": {
    "shape": [
      69,
      69
    ],
    "size": 4761,
    "min": 0.0,
    "max": 15.186485238239056,
    "mean": 7.168593119179409,
    "std": 3.070657788317868
  }
}