{
  "hash": "acadcafa5f2f668b292ea41a215e7d5cafdf564a794e91e11bc87f14b7f37c11",
  "stats": {
    "shape": [
      84,
      84
    ],
    "size": 7056,
    "min": 0.0,
    "max": 15.603192729490916,
    "mean": 7.833028721331808,
    "std": 3.1795736462676913
  }
}