{
  "hash": "46beca3090bf40411ba78245998352a8fcb4e02970455840a6144c3ecb07abfd",
  "stats": {
    "shape": [
      79,
      79
    ],
    "size": 6241,
    "min": 0.0,
    "max": 14.865785841855443,
    "mean": 7.080578018237191,
    "std": 2.8711164352652405
  }
}