{
  "f0_hash": "384ad2a9ed463bdfb34a3121230174d0fd5b3fae42795794d9885f2b80739770",
  "f1_hash": "f982d7adcc6f0118bed5536c4fed7753f12c9f71c02c172f2ce41865cdc27e8d",
  "f0_stats": {
    "shape": [
      5
    ],
    "size": 5,
    "min": 0.4316254840504295,
    "max": 158.1260158953198,
    "mean": 32.96932863095304,
    "std": 62.58682511138271
  },
  "f1_stats": {
    "shape": [
      15
    ],
    "size": 15,
    "min": 0.01205927212789959,
    "max": 428.93737455012274,
    "mean": 59.278894420630614,
    "std": 135.83082721115437
  }
}