{
  "count": 102,
  "ids_hash": "4780d268823839b225dacb9cbc467dc0a53fdbceee44bdd17a8a730313a757b4",
  "coords_hash": "53c44c19e1d4ee1f12307ec4f46eae341403587db21868aa8362f63f3c0b7eda",
  "coords_stats": {
    "shape": [
      102,
      3
    ],
    "size": 306,
    "min": -38.698001861572266,
    "max": 82.48699951171875,
    "mean": 28.046094807144865,
    "std": 45.1099400694906
  }
}