{
  "f0_hash": "8cbb50aa9681e96192e3633fe9e6bdad3e5c39cb2c98c8f6d70e528b276d9154",
  "f1_hash": "6a9f5ae494218a65f1726162ac9d3bf73433900a6a3f80b0fd81928b572266b6",
  "f0_stats": {
    "shape": [
      5
    ],
    "size": 5,
    "min": 0.4235917378211323,
    "max": 134.2501715899437,
    "mean": 28.18662662163938,
    "std": 53.04148016655056
  },
  "f1_stats": {
    "shape": [
      15
    ],
    "size": 15,
    "min": 0.01062811442547762,
    "max": 368.54404497249845,
    "mean": 52.106543266523246,
    "std": 118.22163682913295
  }
}