{
  "f0_hash": "b842f9abf61a47d8e374d2076918d0b1465ed905213633f0179dda0a3b1f6882",
  "f1_hash": "1936b4493b2634461fdf818ce377d514d18d6e7a28bbe7903443a4f880e9944e",
  "f0_stats": {
    "shape": [
      5
    ],
    "size": 5,
    "min": 0.4194430089162397,
    "max": 141.81601076326913,
    "mean": 29.68078143382423,
    "std": 56.076211544558
  },
  "f1_stats": {
    "shape": [
      15
    ],
    "size": 15,
    "min": 0.011094822141826999,
    "max": 412.36124645615,
    "mean": 58.156113427521895,
    "std": 131.90646489234143
  }
}