{
  "count": 118,
  "ids_hash": "d7eb01a17a02871a80e26b165e909818af3644a277b6498738765768b2cce257",
  "coords_hash": "37ab5c6649b4b4331de6be94ff4077098ff65ae62a4b55b3820f5d0e5c143a89",
  "coords_stats": {
    "shape": [
      118,
      3
    ],
    "size": 354,
    "min": -26.549999237060547,
    "max": 27.466999053955078,
    "mean": 6.86816384159239,
    "std": 19.0712577530253
  }
}