MODEL,PRED_DOCKQ
3PG6_af2m,0.5299629
3PG6,0.007372893
