MODEL,PRED_DOCKQ
3IJM_af2m,0.87051207
3IJM,0.80587167
