{
  "count": 109,
  "ids_hash": "77ae732d8006acbbcdbddde0b299d275c94cc4ce98864957c1c3149291901506",
  "coords_hash": "069db397039043b4eae148f610cba16f66aa27c0304820b34bdfd8ccd00acc65",
  "coords_stats": {
    "shape": [
      109,
      3
    ],
    "size": 327,
    "min": -8.562999725341797,
    "max": 84.052001953125,
    "mean": 35.65288063552265,
    "std": 32.59335305053098
  }
}