{
  "f0_hash": "94833fa895ca6d81e79e133a97b210b3e503e93608eddf2f9374a9d990253b69",
  "f1_hash": "c5209ce93dc24bd03d38096f5229a95f62b66b837ea3d32f17a2f1647f24367f",
  "f0_stats": {
    "shape": [
      5
    ],
    "size": 5,
    "min": 0.4317496923334468,
    "max": 145.16554381139255,
    "mean": 30.33783432238119,
    "std": 57.42153189990678
  },
  "f1_stats": {
    "shape": [
      15
    ],
    "size": 15,
    "min": 0.010193389241789585,
    "max": 397.1249400896187,
    "mean": 55.62922672225875,
    "std": 126.7681753457107
  }
}