{
  "count": 61,
  "ids_hash": "91226687b852fc45bf6e3ffcfd20c21fea3b9635337d85183bdfd96e677403c5",
  "coords_hash": "ccc76fe9e26d306ab4e0ed6eff5b32cb331dc008a62200620b5d0f212e95ec8d",
  "coords_stats": {
    "shape": [
      61,
      3
    ],
    "size": 183,
    "min": -42.48400115966797,
    "max": 64.1989974975586,
    "mean": -3.8174099114423243,
    "std": 43.36401576700112
  }
}