{
  "hash": "1343c2bb274391031b0321f72f1598590da0a5d16c8ccc6a6b105b652cc8cc7b",
  "stats": {
    "shape": [
      89,
      89
    ],
    "size": 7921,
    "min": 0.0,
    "max": 15.487735618946754,
    "mean": 7.7057618236193335,
    "std": 3.0581003903999786
  }
}