{
  "hash": "32206972e1a39f38b28a4cbd5a434f0f5d92e7e16f40a358b2275fbaf0a34acc",
  "stats": {
    "shape": [
      80,
      80
    ],
    "size": 6400,
    "min": 0.0,
    "max": 15.662902666862694,
    "mean": 7.8736634366960425,
    "std": 3.334967290412134
  }
}