{
  "hash": "c508d03c1ca6e730debe3a3f8896dfe65d9f4c96a2dac4547ab83c753b0ef578",
  "stats": {
    "shape": [
      82,
      82
    ],
    "size": 6724,
    "min": 0.0,
    "max": 15.392101671168714,
    "mean": 7.703045281429477,
    "std": 3.0907006607303282
  }
}