MODEL,PRED_DOCKQ
3TBI_af2m,0.9069724
3TBI,0.0100092655
