{
  "f0_hash": "94d5bb04e272f47ffb41561885a443d152480f00c49b57b34a105f2ad112025e",
  "f1_hash": "3040d196e8a0a763f3b53c08eb3477d7be2ce3415690dc026bd43121f2782e0f",
  "f0_stats": {
    "shape": [
      5
    ],
    "size": 5,
    "min": 0.6904470004418674,
    "max": 152.74545013496854,
    "mean": 32.15333777681505,
    "std": 60.310009811993154
  },
  "f1_stats": {
    "shape": [
      15
    ],
    "size": 15,
    "min": 0.011699925630690888,
    "max": 477.6626204043619,
    "mean": 66.5858118490927,
    "std": 151.7790399013777
  }
}