{
  "hash": "1a80b21b79ddab5b06314092f57c173acf525844d1b2a2afe98bb98a5b4f44b5",
  "stats": {
    "shape": [
      101,
      101
    ],
    "size": 10201,
    "min": 0.0,
    "max": 15.45605532492511,
    "mean": 7.718432790420756,
    "std": 2.974975186795942
  }
}