MODEL,PRED_DOCKQ
3C48_af2m,0.9291846
3C48,0.8556637
