{
  "f0_hash": "b58989df240e8bfcc93a6aa66156c229e20fdcd3ff1036b1d4fd4127d3068661",
  "f1_hash": "dcb5d1ab228122c86b2e762451036a8f74b64e08417008e19293eb8517ce6142",
  "f0_stats": {
    "shape": [
      5
    ],
    "size": 5,
    "min": 0.5168262541828901,
    "max": 133.13613644680544,
    "mean": 28.034713523195627,
    "std": 52.56161571434116
  },
  "f1_stats": {
    "shape": [
      15
    ],
    "size": 15,
    "min": 0.011345966700973875,
    "max": 318.32764511766834,
    "mean": 45.3993144526172,
    "std": 100.46529390890619
  }
}