{
  "hash": "39641a9b78bd41ede8f8394fb76129ed6a87ddbe1f0231ed1487369747e65bc7",
  "stats": {
    "shape": [
      96,
      96
    ],
    "size": 9216,
    "min": 0.0,
    "max": 15.406976642725418,
    "mean": 7.691108038031239,
    "std": 3.0320325348903485
  }
}