{
  "hash": "b7738caaf7ec1a34511657fa027c1e487e69714dfda84082a84000f334474c3b",
  "stats": {
    "shape": [
      86,
      86
    ],
    "size": 7396,
    "min": 0.0,
    "max": 15.150276652988293,
    "mean": 7.453436621442414,
    "std": 2.9544840707574993
  }
}