{
  "f0_hash": "32457a274e66324b5db5f29ac78ccd87ce9f5a376d8ef821b5a8b0934b538923",
  "f1_hash": "2200f54789599eadce8af10e1897abed327c9d23524f6422cbbb851c90247d07",
  "f0_stats": {
    "shape": [
      5
    ],
    "size": 5,
    "min": 0.4146124442447039,
    "max": 164.35724298282497,
    "mean": 34.2134974756269,
    "std": 65.08002205047326
  },
  "f1_stats": {
    "shape": [
      15
    ],
    "size": 15,
    "min": 0.010919397656097729,
    "max": 455.6516172652186,
    "mean": 62.96270209934885,
    "std": 144.06778057254897
  }
}