{
  "hash": "148b7c5fb9d7f2f6c6843994b29152ea367db2ceec590faee80b5dba205010d9",
  "stats": {
    "shape": [
      103,
      103
    ],
    "size": 10609,
    "min": 0.0,
    "max": 15.531055352991377,
    "mean": 7.889612765789357,
    "std": 3.0387700131822686
  }
}