{
  "hash": "e5abbb5e6fbe85ac0a419143f0af07321a3e8a51573c7482e753de067ef4e7fb",
  "stats": {
    "shape": [
      105,
      105
    ],
    "size": 11025,
    "min": 0.0,
    "max": 15.446087071837205,
    "mean": 7.786943409626032,
    "std": 3.007387575026662
  }
}