{
  "count": 106,
  "ids_hash": "5d7077b729992d8729ffc58e00767598e08fc54a81a31c7c2bcda3781d8736f1",
  "coords_hash": "ed064e5e419c93fedffc6119315b575c2e68c68ba5c6db1d3434bfb7c5661260",
  "coords_stats": {
    "shape": [
      106,
      3
    ],
    "size": 318,
    "min": 14.86299991607666,
    "max": 75.76599884033203,
    "mean": 38.070691906431186,
    "std": 21.997266431667658
  }
}