{
  "hash": "2117e9206fe634c1a5984ecd841fcd378bb5c87a1094a2854877f96455ad2ca9",
  "stats": {
    "shape": [
      112,
      112
    ],
    "size": 12544,
    "min": 0.0,
    "max": 15.805667955376354,
    "mean": 7.812033961486113,
    "std": 3.0056249722149495
  }
}