{
  "f0_hash": "9a2fb73cca5c1f5472709fcd7f914d772fdbf4a02da12fda9d24db89db0d547b",
  "f1_hash": "ab5fe97a41311eacd248dd3d61c800c2f86881aa24b5bc04a12e95244309cea1",
  "f0_stats": {
    "shape": [
      5
    ],
    "size": 5,
    "min": 0.5102218599274422,
    "max": 159.26894937431484,
    "mean": 33.22029541930618,
    "std": 63.03213670607959
  },
  "f1_stats": {
    "shape": [
      15
    ],
    "size": 15,
    "min": 0.010638541446948757,
    "max": 486.3625693915716,
    "mean": 67.0533362949251,
    "std": 154.60838878474814
  }
}