{
  "hash": "7ae58781d4c840f96b382c24e51c128cf10e33a296c75633bcc88c1b7c7f3e5f",
  "stats": {
    "shape": [
      98,
      98
    ],
    "size": 9604,
    "min": 0.0,
    "max": 15.667692812188866,
    "mean": 8.055508156436506,
    "std": 3.1062949121196377
  }
}