{
  "hash": "b51052b51b1bf061b7ad4a87e6bf7437710a20b5afdecb2c8d80579b60c11abd",
  "stats": {
    "shape": [
      104,
      104
    ],
    "size": 10816,
    "min": 0.0,
    "max": 15.42491204330023,
    "mean": 7.846575375777155,
    "std": 3.0375924189186003
  }
}