{
  "hash": "98a13a2cce59112c38f76c0ecb70052045ed39cf7bfe7cd666d4068551bee355",
  "stats": {
    "shape": [
      175,
      175
    ],
    "size": 30625,
    "min": 0.0,
    "max": 15.73991220055158,
    "mean": 7.4064007405271575,
    "std": 2.9556998333204465
  }
}