{
  "count": 118,
  "ids_hash": "135db629c3973db8d817aa5955ed37f2977c91ec5750b0b35120c8b81390ba73",
  "coords_hash": "0fb3b31c683991168c35d03ce45e58be595ce2c118a03bb8af549aa2bee467b3",
  "coords_stats": {
    "shape": [
      118,
      3
    ],
    "size": 354,
    "min": 14.826000213623047,
    "max": 54.446998596191406,
    "mean": 32.66179944431715,
    "std": 11.027155405303594
  }
}