{
  "f0_hash": "136e97feec7026f604aac7eb6d2fd7ba7c62c65d56a3f4dc1b59dc04fd7426ea",
  "f1_hash": "ecd837c1b54856d681750932a7d9d912c3c03759c288d9e7b6e135041cd61262",
  "f0_stats": {
    "shape": [
      5
    ],
    "size": 5,
    "min": 0.37618744395064035,
    "max": 158.0877580167429,
    "mean": 32.957573406665674,
    "std": 62.573835695241286
  },
  "f1_stats": {
    "shape": [
      15
    ],
    "size": 15,
    "min": 0.011156966170842608,
    "max": 467.3093966942209,
    "mean": 64.75421762171715,
    "std": 147.74440876495424
  }
}