{
  "f0_hash": "6f50a158fbff9ebfe5092cd3e589e2a994af520f28d7c036d7308b3a06754926",
  "f1_hash": "68badbab18be85d575211451d65608fb3f2140cd7ed3d1914a3cd3dac1a0dfc7",
  "f0_stats": {
    "shape": [
      5
    ],
    "size": 5,
    "min": 0.3901261126638309,
    "max": 90.90636273351072,
    "mean": 19.472149165289945,
    "std": 35.73004064658606
  },
  "f1_stats": {
    "shape": [
      15
    ],
    "size": 15,
    "min": 0.011107862455904893,
    "max": 199.6650818971078,
    "mean": 29.70459369993279,
    "std": 63.162862625207424
  }
}