{
  "hash": "980f115616d283290e35b2f7af4e4128218ecb560a3ede2c0bf03d07cd9567dd",
  "stats": {
    "shape": [
      99,
      99
    ],
    "size": 9801,
    "min": 0.0,
    "max": 15.607019840190734,
    "mean": 7.8989503392595,
    "std": 3.0529031928138988
  }
}