{
  "hash": "998dbbf5c33abe36b14c9a463fb7611a9ae3168183f8d22a0a5c9f154cc27d72",
  "stats": {
    "shape": [
      90,
      90
    ],
    "size": 8100,
    "min": 0.0,
    "max": 15.432423906060423,
    "mean": 7.662351442433818,
    "std": 3.060112460982914
  }
}