{
  "count": 117,
  "ids_hash": "0cacb079ee9d3c5fe3432a12cbfcd77c5884f08bd9aea44e29d1b4ecaa87e504",
  "coords_hash": "863e0f27e5b7daecf20de4aa80c3479636a7cd7926402378621833855b677d25",
  "coords_stats": {
    "shape": [
      117,
      3
    ],
    "size": 351,
    "min": 4.723999977111816,
    "max": 95.04100036621094,
    "mean": 40.89777213963348,
    "std": 33.29813868849828
  }
}