MODEL,PRED_DOCKQ
2X3L_af2m,0.84164333
2X3L,0.76726866
