{
  "hash": "02478ddc687599dd9c89fde026d605363d37c5fa749b30ff69fe85b2caf62a9d",
  "stats": {
    "shape": [
      107,
      107
    ],
    "size": 11449,
    "min": 0.0,
    "max": 15.707667877201663,
    "mean": 8.071874959518347,
    "std": 3.0935421991105216
  }
}