MODEL,PRED_DOCKQ
5L8H_af2m,0.8210185
5L8H,6.570574e-05
