{
  "f0_hash": "873b649522cc8c71cb5879c0d11ec9fbee8fcc7180d051f576954f72e8b5825b",
  "f1_hash": "750e75aeb756aa2d146da6af88c43988bb408fa6f24737dc39d0f8fee23833a5",
  "f0_stats": {
    "shape": [
      5
    ],
    "size": 5,
    "min": 0.6007664333640467,
    "max": 135.98934967541254,
    "mean": 28.70581731768804,
    "std": 53.654862856965735
  },
  "f1_stats": {
    "shape": [
      15
    ],
    "size": 15,
    "min": 0.01054770023185192,
    "max": 376.95599840884285,
    "mean": 52.498770668110936,
    "std": 120.26029920143591
  }
}