{
  "hash": "427dcfb3155c3a16dbc98ce661a642a9ef1d00b09572b4ecb5fd59021c816474",
  "stats": {
    "shape": [
      112,
      112
    ],
    "size": 12544,
    "min": 0.0,
    "max": 15.317205806122956,
    "mean": 7.954339814801717,
    "std": 3.0197369104998146
  }
}