{
  "f0_hash": "b950310230252cfabe393d23f0d3e6fdbb24ce0a0626dac4bf8303cf4ae1f66c",
  "f1_hash": "aa45e9e7aef43448ac194fc2dfcc91883267eb60e410de368a5a71c5abcf5ff1",
  "f0_stats": {
    "shape": [
      5
    ],
    "size": 5,
    "min": 0.4663998343177758,
    "max": 180.24864607070324,
    "mean": 37.4294372718735,
    "std": 71.41720052612351
  },
  "f1_stats": {
    "shape": [
      15
    ],
    "size": 15,
    "min": 0.010739323890665453,
    "max": 520.6106821980214,
    "mean": 71.59816761839139,
    "std": 164.91924725716478
  }
}