{
  "f0_hash": "69c41a86b05f2c1faa5dd3388b8139a6c0d9debf4d1705d6aac35495f32d1ce1",
  "f1_hash": "df3a70e4efb9e18a89d2f145142bf352a8d0d49f28c1be2cafc7412b4a13e300",
  "f0_stats": {
    "shape": [
      5
    ],
    "size": 5,
    "min": 0.4656564292646958,
    "max": 132.4417301667617,
    "mean": 27.888265017066665,
    "std": 52.288670045023714
  },
  "f1_stats": {
    "shape": [
      15
    ],
    "size": 15,
    "min": 0.011128744999865159,
    "max": 403.38187521066203,
    "mean": 56.64660741924677,
    "std": 129.2206917072028
  }
}