{
  "count": 92,
  "ids_hash": "8fcb1e77316e5ffec2022a7cfe5abff64d161610bda9c32d5aa50c2c1d211e0e",
  "coords_hash": "0b981008919c7137084df73cded8e06abdbe27767a42ad436f240c3eabd9ce8d",
  "coords_stats": {
    "shape": [
      92,
      3
    ],
    "size": 276,
    "min": -25.739999771118164,
    "max": 8.418000221252441,
    "mean": -10.631782607688312,
    "std": 9.10280251567642
  }
}