{
  "f0_hash": "d528d6512fcfac7a6c9835fe6ccd11d9f9d4805ed0a29bdf2fea0f886935cbf2",
  "f1_hash": "e9ef508800ddd54f5177a487d8e32216e40f607438013377e70658864d57c1df",
  "f0_stats": {
    "shape": [
      5
    ],
    "size": 5,
    "min": 0.4590288533763496,
    "max": 105.0393221830662,
    "mean": 22.49457536827034,
    "std": 41.29191443863577
  },
  "f1_stats": {
    "shape": [
      15
    ],
    "size": 15,
    "min": 0.010552164644283657,
    "max": 215.52289480726162,
    "mean": 30.633623145807952,
    "std": 68.57332562473746
  }
}