{
  "count": 70,
  "ids_hash": "112581e22c64523f859a1b578c5548e5d8d08aa5dbe74c66db8db4aa2033d411",
  "coords_hash": "8daf3cd871e901f785e0e4bdd0c3e416c50c6e42775a0d2b82146c3523e107dc",
  "coords_stats": {
    "shape": [
      70,
      3
    ],
    "size": 210,
    "min": -9.350000381469727,
    "max": 68.61499786376953,
    "mean": 18.405961912231785,
    "std": 29.21820622389274
  }
}