{
  "count": 85,
  "ids_hash": "a8137fd1f68b62a67b61306c2fce3badfa5e904b701ec4841a643bff2a774b8d",
  "coords_hash": "0903ed783135fa5edf4f9043f1903c1d3669c4f806938579525d808f02ab96d2",
  "coords_stats": {
    "shape": [
      85,
      3
    ],
    "size": 255,
    "min": -18.332000732421875,
    "max": 61.75400161743164,
    "mean": 17.83948625489777,
    "std": 28.057298850746005
  }
}