MODEL,PRED_DOCKQ
2QWW_af2m,0.78683364
2QWW,0.6928571
