{
  "hash": "525806bc1998c8ca92cf0b9d22bafd7d1fd0e23f9c3a664d488ad4b73fdc7e62",
  "stats": {
    "shape": [
      49,
      49
    ],
    "size": 2401,
    "min": 0.0,
    "max": 15.063972240166658,
    "mean": 6.154338364524368,
    "std": 2.7370122349767945
  }
}