{
  "count": 110,
  "ids_hash": "3807673274007ec559124574edfe4efb6cef50e5906b168f8275d8596281a574",
  "coords_hash": "44bf3df33ee06a3c5a5465330222fa3c490c855f181e7ddd6ad09ff6e6cc3b16",
  "coords_stats": {
    "shape": [
      110,
      3
    ],
    "size": 330,
    "min": -15.567000389099121,
    "max": 21.305999755859375,
    "mean": 5.148457582791647,
    "std": 10.888190826730236
  }
}