{
  "hash": "674956fd6a83145fbd9ef1691489ce789c67ebe1bbbc5515200b7a51d2f511e8",
  "stats": {
    "shape": [
      97,
      97
    ],
    "size": 9409,
    "min": 0.0,
    "max": 15.421776677561448,
    "mean": 7.559032812813254,
    "std": 3.0582787214269387
  }
}