{
  "hash": "3b939f569efeaf4540dd90d222bf3858c88d0b6e7bcd4b7a27227b00e874bca3",
  "stats": {
    "shape": [
      107,
      107
    ],
    "size": 11449,
    "min": 0.0,
    "max": 15.466409781276303,
    "mean": 7.930677854386952,
    "std": 3.0367218010283663
  }
}