MODEL,PRED_DOCKQ
4P22_af2m,0.8782268
4P22,0.8404117
