{
  "hash": "46a52e024d2d8a9d61b3a5990c65e8c47e316950aced4c679a5015639771ab94",
  "stats": {
    "shape": [
      48,
      48
    ],
    "size": 2304,
    "min": 0.0,
    "max": 14.691176523006991,
    "mean": 5.788729911462984,
    "std": 2.4686027686695073
  }
}