{
  "hash": "87cdebe31ccef579428c4f1df5bf3830e8194084aa95b652d72776e4adb50cc6",
  "stats": {
    "shape": [
      100,
      100
    ],
    "size": 10000,
    "min": 0.0,
    "max": 15.330166829083742,
    "mean": 7.921627164463696,
    "std": 3.0682957422298847
  }
}