{
  "f0_hash": "2ff6fd5e152d37ae39b615460a92e1cf869a9a827cbb87de7890d09dcaa29ca7",
  "f1_hash": "8509ac45f6548db73db178d08c7c4b07994ce978f181adf811db5429c3440dba",
  "f0_stats": {
    "shape": [
      5
    ],
    "size": 5,
    "min": 0.512868208980531,
    "max": 162.50899610098318,
    "mean": 33.91787982169488,
    "std": 64.30469657050035
  },
  "f1_stats": {
    "shape": [
      15
    ],
    "size": 15,
    "min": 0.011776724448039566,
    "max": 487.0195479495219,
    "mean": 67.3203824002861,
    "std": 154.6445289095247
  }
}