{
  "count": 82,
  "ids_hash": "ae549304934464fa9e3cb27ae767e41894deb286228421f577feb8da73de3fd6",
  "coords_hash": "7d4ef254da15415f25f53a0b5252caf28e708f2685388dd38fc0e1b4709aaa24",
  "coords_stats": {
    "shape": [
      82,
      3
    ],
    "size": 246,
    "min": -21.041000366210938,
    "max": 24.184999465942383,
    "mean": -1.4708496041414214,
    "std": 14.087567411557801
  }
}