{
  "count": 78,
  "ids_hash": "bdcacfeece442220d792a0b2c5c6c3e48e671b90370678031723e8ab879ced3f",
  "coords_hash": "018f004a92b8da7e0c4aea17d9138b7c5c5a5285be3d693dcde2786c6a3bb170",
  "coords_stats": {
    "shape": [
      78,
      3
    ],
    "size": 234,
    "min": -69.90599822998047,
    "max": 44.808998107910156,
    "mean": -21.470957372942543,
    "std": 44.68696920803302
  }
}