{
  "hash": "fb0fc735b8d69ae46540bce3fac244e13ae7a576177d2b277098b695412529ea",
  "stats": {
    "shape": [
      70,
      70
    ],
    "size": 4900,
    "min": 0.0,
    "max": 15.639214340053067,
    "mean": 7.206955758219858,
    "std": 3.101475579392757
  }
}