{
  "f0_hash": "216f5c43452441a74b39bc47b13f55ed935bff08367050b27047aa4721db27dc",
  "f1_hash": "a53a2e2dd3c6c12a9230c4cb40e92a526fe284e019370a92d16f422534b9b12d",
  "f0_stats": {
    "shape": [
      5
    ],
    "size": 5,
    "min": 0.4663669965858336,
    "max": 109.55731428963041,
    "mean": 23.332450442790996,
    "std": 43.12713683063165
  },
  "f1_stats": {
    "shape": [
      15
    ],
    "size": 15,
    "min": 0.010946354212546083,
    "max": 256.98077092168216,
    "mean": 36.500040252963714,
    "std": 81.09406755688103
  }
}