{
  "f0_hash": "3d77d890007edd3f1983cfe00dac57ca86948b04dfe52daa861f4a75c5f15c34",
  "f1_hash": "12ad2387b9688b29f6fb4f4053bec769e7681206a25a92a3bd98542a51447092",
  "f0_stats": {
    "shape": [
      5
    ],
    "size": 5,
    "min": 0.43052988141596005,
    "max": 175.44200550240697,
    "mean": 36.390082341543334,
    "std": 69.5341306171713
  },
  "f1_stats": {
    "shape": [
      15
    ],
    "size": 15,
    "min": 0.010030830447798067,
    "max": 453.81384268985806,
    "mean": 63.16765167853867,
    "std": 141.9564804141641
  }
}