{
  "hash": "04094c7c7fb1523dce2b1b5f5fcc33d3c611eb4de35dbe57cb598f2cdd5fd6ad",
  "stats": {
    "shape": [
      89,
      89
    ],
    "size": 7921,
    "min": 0.0,
    "max": 15.299816117630536,
    "mean": 7.576698494859464,
    "std": 3.0184526983252766
  }
}