{
  "hash": "df157fb7e7930b268eebd80e827417a2fcaf6e307246c815a76265a1a1192c07",
  "stats": {
    "shape": [
      92,
      92
    ],
    "size": 8464,
    "min": 0.0,
    "max": 15.575147902617239,
    "mean": 7.8498960212455815,
    "std": 3.1151016431910823
  }
}