{
  "f0_hash": "20d0834dba2083d911b58f3b1958a467f2ca620a6ba92719e82a0bc1a01a38d5",
  "f1_hash": "49160a7deebe7f9a837a9716a71593682787b89027ec5ad20d9a5004086dcb33",
  "f0_stats": {
    "shape": [
      5
    ],
    "size": 5,
    "min": 0.3707656627544552,
    "max": 183.58427686483313,
    "mean": 38.04658706114928,
    "std": 72.77666701453637
  },
  "f1_stats": {
    "shape": [
      15
    ],
    "size": 15,
    "min": 0.0112858400338407,
    "max": 584.6894108209099,
    "mean": 80.02765447009351,
    "std": 187.42495906385065
  }
}