{
  "count": 69,
  "ids_hash": "70c3c8e467646592f4ef33b37948d34dc3fff94b061ad6475a237c291dcfa98f",
  "coords_hash": "3538ae3649c8b63c4ccea85a6e2d04bef5d6c29b5029359e1f220400ef98a8c7",
  "coords_stats": {
    "shape": [
      69,
      3
    ],
    "size": 207,
    "min": -33.47100067138672,
    "max": 52.62200164794922,
    "mean": 2.0832706396130547,
    "std": 31.94969691324737
  }
}