{
  "hash": "44366da8815d8934f95ecd31fb175e43f81fc4c4d3e1b149e539f84bd58ff322",
  "stats": {
    "shape": [
      55,
      55
    ],
    "size": 3025,
    "min": 0.0,
    "max": 14.289855824063256,
    "mean": 6.450574622257159,
    "std": 2.7317084212982885
  }
}