MODEL,PRED_DOCKQ
1ICR,0.82598907
1ICR_af2m,0.8197299
