{
  "f0_hash": "50427e49d61887bedb37793c1460c95b22194446650c4b5ac19fc4738a877232",
  "f1_hash": "762163eafbdf99fc7c220d3d85ea7cb1fcaf9ee6e911094c0b49c24c41cfe44b",
  "f0_stats": {
    "shape": [
      5
    ],
    "size": 5,
    "min": 0.2893078341984385,
    "max": 145.65474579009998,
    "mean": 30.321271569372822,
    "std": 57.67348102268822
  },
  "f1_stats": {
    "shape": [
      15
    ],
    "size": 15,
    "min": 0.010640516325947313,
    "max": 378.49782828675234,
    "mean": 52.70374069997704,
    "std": 120.33789689822218
  }
}