MODEL,PRED_DOCKQ
3O2I,0.80897117
3O2I_af2m,0.6382131
