MODEL,PRED_DOCKQ
1SBY_af2m,0.90000564
1SBY,0.7322484
