{
  "count": 98,
  "ids_hash": "6deba94e5c913fcd6261ef57eac08104cdeaf833cd187f5ea3629bd1b98bee18",
  "coords_hash": "592fbd7013e193a830870da9d9965f819cb014915d608378f212b22558c4e4ce",
  "coords_stats": {
    "shape": [
      98,
      3
    ],
    "size": 294,
    "min": -18.035999298095703,
    "max": 42.72100067138672,
    "mean": 13.420479662564336,
    "std": 19.843499417053643
  }
}