{
  "count": 103,
  "ids_hash": "09e9ea18b42c065f13bd5ad89ba08c140c2ecfb504c064100921bf5dacbd028f",
  "coords_hash": "9f1010c32fd19e5a7f90cf637115efd2b29eac93f18fd57d4e2ce075181ded53",
  "coords_stats": {
    "shape": [
      103,
      3
    ],
    "size": 309,
    "min": -27.268999099731445,
    "max": 20.121999740600586,
    "mean": -2.69161166601534,
    "std": 13.779245253061106
  }
}