{
  "count": 73,
  "ids_hash": "f27ebfcd302ad5fa529b9744e3b8bdd34366c402625f408423d2c56f00e7ad28",
  "coords_hash": "4e5d045ee203eb6127d84f8afc41153d0c9e47701ef11dd7bd7a2ac1956d1a6c",
  "coords_stats": {
    "shape": [
      73,
      3
    ],
    "size": 219,
    "min": -29.82200050354004,
    "max": 23.547000885009766,
    "mean": -0.5706894612747785,
    "std": 17.740144545899565
  }
}