{
  "count": 75,
  "ids_hash": "a80a783ea7ef4d02e27ad5ce3f6272374c0a39f2568344df7613260ec765fdc6",
  "coords_hash": "9a8263c2f6f67de12a6d4aa052ebfa6ae1a5fc6581b536082d030b143314cfb4",
  "coords_stats": {
    "shape": [
      75,
      3
    ],
    "size": 225,
    "min": 12.444000244140625,
    "max": 35.685001373291016,
    "mean": 23.805542216830784,
    "std": 5.749352156783925
  }
}