{
  "count": 93,
  "ids_hash": "1b8a9b4e6e85f2320a788132bf526db853292fca244f9b9dde7eb37fadb86cea",
  "coords_hash": "d989fa29aea646da88a579dd820d6b2dc443e612fdfa79382fe8888e009f7c82",
  "coords_stats": {
    "shape": [
      93,
      3
    ],
    "size": 279,
    "min": -8.90999984741211,
    "max": 28.253000259399414,
    "mean": 12.882878127197424,
    "std": 11.495511956253809
  }
}