{
  "f0_hash": "4707981bf64e110ea6fde2ea80327253e1f835c178cfdf91e51a9172c4e8c06b",
  "f1_hash": "c3e66b152ef8001783dfb8867a42dff6eb25c501c1b5399994cf1bde3e4dbc81",
  "f0_stats": {
    "shape": [
      5
    ],
    "size": 5,
    "min": 0.5080905110212195,
    "max": 145.9774783444915,
    "mean": 30.621874897428064,
    "std": 57.68847719676019
  },
  "f1_stats": {
    "shape": [
      15
    ],
    "size": 15,
    "min": 0.010255120230477033,
    "max": 432.74232345358257,
    "mean": 60.449636586660155,
    "std": 137.31636789127236
  }
}