{
  "hash": "d18b619b85aab59f4f819c02a35bda26c57e2a76eed59069b98f3551116b8196",
  "stats": {
    "shape": [
      100,
      100
    ],
    "size": 10000,
    "min": 0.0,
    "max": 15.726863968489633,
    "mean": 7.634064181142869,
    "std": 2.999006882010111
  }
}