{
  "count": 107,
  "ids_hash": "88028f88650474af5e5fd91f01ae34e7d027693cf59c0ec90be7f1cbc33d0382",
  "coords_hash": "9b5a8f7847d7df4b41446093ba8fd622a1a453d2c00326d5a7245f1487779938",
  "coords_stats": {
    "shape": [
      107,
      3
    ],
    "size": 321,
    "min": -69.11499786376953,
    "max": 40.75,
    "mean": -1.7907258209038375,
    "std": 42.493366311786446
  }
}