{
  "hash": "79fb9c4ce239b55aec5d79d0037d4c1378a90d7d3486f0c29eab57f422054a4d",
  "stats": {
    "shape": [
      110,
      110
    ],
    "size": 12100,
    "min": 0.0,
    "max": 15.622829195030725,
    "mean": 7.6952823254099405,
    "std": 2.973362025178069
  }
}