{
  "count": 110,
  "ids_hash": "7a8146a4c2637aa333684606f8559f0e630fbfbf9027d33810123e240c6797b4",
  "coords_hash": "a59e55d5c6c617c74330567373e2abb9d956fb55020cc7360a12117f37c99970",
  "coords_stats": {
    "shape": [
      110,
      3
    ],
    "size": 330,
    "min": -27.98699951171875,
    "max": 19.81100082397461,
    "mean": -3.409178768611993,
    "std": 14.055070072278355
  }
}