{
  "count": 89,
  "ids_hash": "e3b097e5e0176fad0f92a7965f238f359ba17336f72027a25ad5acb37318adf7",
  "coords_hash": "16c7763bfe34944956d6bd8a3c727e34bc98f75aa94bc596923c19ebd95c1459",
  "coords_stats": {
    "shape": [
      89,
      3
    ],
    "size": 267,
    "min": -51.816001892089844,
    "max": 43.87699890136719,
    "mean": -10.790677895706692,
    "std": 36.11772195775981
  }
}