{
  "hash": "6834d762490ee20f3b87aba0ca938c7dfd46def92fc30a6d1ae1b5c17f44b304",
  "stats": {
    "shape": [
      104,
      104
    ],
    "size": 10816,
    "min": 0.0,
    "max": 15.729213393461876,
    "mean": 8.043635290519362,
    "std": 3.079146609095722
  }
}