{
  "hash": "bc41efee24adc6dedd02e14424f9d9ad128881dae826ee31f10713d858376cdd",
  "stats": {
    "shape": [
      102,
      102
    ],
    "size": 10404,
    "min": 0.0,
    "max": 15.538430338638397,
    "mean": 7.8364861105314825,
    "std": 3.118662749215253
  }
}