{
  "count": 103,
  "ids_hash": "d4f992420541793068b3594a114f6f41d42f7e1e24d42867c75ee2256bbdf00d",
  "coords_hash": "a656ee3b6464881d274cf88aa7298f7810e5538d291f5f2b6b3585708976d484",
  "coords_stats": {
    "shape": [
      103,
      3
    ],
    "size": 309,
    "min": 2.0,
    "max": 39.64099884033203,
    "mean": 23.143478962210004,
    "std": 11.340254636306726
  }
}