{
  "hash": "ad05b876520885d2e3aa5ec5e39d52399163c9d47cb2d425be9bde9ebd3e5722",
  "stats": {
    "shape": [
      88,
      88
    ],
    "size": 7744,
    "min": 0.0,
    "max": 15.654165399709198,
    "mean": 7.686574692441348,
    "std": 3.071369140054717
  }
}