{
  "f0_hash": "00e7d4bd9a8ffc2b7723fb6178d141625f51ec24b1b9d4ad695747b1df1478d6",
  "f1_hash": "b4d0832283c395e80072e9c4db5b026df4a3401c8b6c4dd1a3c6cbdb04db151d",
  "f0_stats": {
    "shape": [
      5
    ],
    "size": 5,
    "min": 0.5393038134198176,
    "max": 131.09808643394413,
    "mean": 27.81232152073452,
    "std": 51.66154073364262
  },
  "f1_stats": {
    "shape": [
      15
    ],
    "size": 15,
    "min": 0.010650745078102375,
    "max": 366.9378204119153,
    "mean": 51.444132374165584,
    "std": 117.46417028830413
  }
}