MODEL,PRED_DOCKQ
4TQU_af2m,0.67191726
4TQU,0.032882456
