{
  "hash": "1e0149e014c6bffb51b45842952386356eccf0b832ed845d1f6826dc45ffac3d",
  "stats": {
    "shape": [
      94,
      94
    ],
    "size": 8836,
    "min": 0.0,
    "max": 15.460093734262783,
    "mean": 7.533075937357611,
    "std": 2.9584022638427308
  }
}