{
  "f0_hash": "e6fee89da9e23c1b8db7b53ac792e962f2246b45e6fa3bedcd7f84207ff2632b",
  "f1_hash": "5962f35ee25e8bbbef1fae48ff904b9395baec49b34e48853394c2a62bd4a840",
  "f0_stats": {
    "shape": [
      5
    ],
    "size": 5,
    "min": 0.49226645605387204,
    "max": 143.19891188596696,
    "mean": 30.113929752696027,
    "std": 56.55577378361138
  },
  "f1_stats": {
    "shape": [
      15
    ],
    "size": 15,
    "min": 0.01021975390564478,
    "max": 398.312108929316,
    "mean": 55.15872230572269,
    "std": 127.06271287017059
  }
}