{
  "count": 71,
  "ids_hash": "6e2a1e070935c9b64d66e0d450b41ad0a52ff38aad4a79f258a09e387ed50a54",
  "coords_hash": "0e61b5fce1b76a4ce4f14c9923466f27de3ffe21bab4c8ea89a11d774ce03989",
  "coords_stats": {
    "shape": [
      71,
      3
    ],
    "size": 213,
    "min": -47.73099899291992,
    "max": 3.61299991607666,
    "mean": -16.440647841601724,
    "std": 18.012163255253046
  }
}