{
  "f0_hash": "863f2ebf7e73045afbdd54d30ed33fc9795395dd18b9bead852cb6381124bdff",
  "f1_hash": "ff9c35330b3534378c18b0d843398641b2632b652ae42139dad8b679cba41ebf",
  "f0_stats": {
    "shape": [
      5
    ],
    "size": 5,
    "min": 0.5650193051535373,
    "max": 121.65721999001438,
    "mean": 25.765764170660667,
    "std": 47.9579061948873
  },
  "f1_stats": {
    "shape": [
      15
    ],
    "size": 15,
    "min": 0.01557353941581141,
    "max": 281.6610293648808,
    "mean": 41.987342692541475,
    "std": 87.72550838607027
  }
}