{
  "hash": "e0467c063336ccc73b4df8fb963ca2340226ca6e2a671e757e3ccd5fd4b97f94",
  "stats": {
    "shape": [
      83,
      83
    ],
    "size": 6889,
    "min": 0.0,
    "max": 15.344464227111933,
    "mean": 7.590183962265494,
    "std": 3.112579246221715
  }
}