MODEL,PRED_DOCKQ
5EY0_af2m,0.61522776
5EY0,0.5800831
