{
  "hash": "791ae447cfceea056df40f5a1c0b1e4df58edda9cbd830049631c2e7d044ffbc",
  "stats": {
    "shape": [
      67,
      67
    ],
    "size": 4489,
    "min": 0.0,
    "max": 15.669036145391747,
    "mean": 7.407303603558407,
    "std": 3.1633202170820303
  }
}