{
  "hash": "a76ec68332282d120264f4d11375f1a11eab0ed355af4c267aa45728b84c89f9",
  "stats": {
    "shape": [
      86,
      86
    ],
    "size": 7396,
    "min": 0.0,
    "max": 15.005459152612481,
    "mean": 7.415713953720518,
    "std": 2.911105220175022
  }
}