{
  "f0_hash": "d99e7324c468c8f70d7e3a98177493e3f10c3d09cfa117975917e833cf7fd09f",
  "f1_hash": "4a37bbe14317a68d673481875f23122ad5699a0f441df742434df847a51cd9dc",
  "f0_stats": {
    "shape": [
      5
    ],
    "size": 5,
    "min": 0.3293044746380384,
    "max": 123.75487632239977,
    "mean": 25.922757651694734,
    "std": 48.92246165347352
  },
  "f1_stats": {
    "shape": [
      15
    ],
    "size": 15,
    "min": 0.010072809408203653,
    "max": 306.9904609750553,
    "mean": 43.43968523728533,
    "std": 97.34517820829974
  }
}