{
  "f0_hash": "abeeb3853fabe6299cc96f6323f531554a5df5767ac361eac4e459633639d177",
  "f1_hash": "476fb42f3b4b4bfcba556945262e2797b04a71dfb61f2b682356aac48625bdd5",
  "f0_stats": {
    "shape": [
      5
    ],
    "size": 5,
    "min": 0.48811624406517046,
    "max": 167.17804267822248,
    "mean": 34.791688653171235,
    "std": 66.2005728981349
  },
  "f1_stats": {
    "shape": [
      15
    ],
    "size": 15,
    "min": 0.010344956369309877,
    "max": 466.68904511385426,
    "mean": 64.37353680935493,
    "std": 147.56020143355633
  }
}