{
  "hash": "c4e514ab83ab0793560a81e627af6fc9c05638481a7af95399a08508041d2d00",
  "stats": {
    "shape": [
      76,
      76
    ],
    "size": 5776,
    "min": 0.0,
    "max": 15.393361276596334,
    "mean": 7.49680645721755,
    "std": 3.075531951674385
  }
}