{
  "hash": "dc48976f710fdc8efda259b5d936f8ec4f1881c0b4c927da6f5248eff7973960",
  "stats": {
    "shape": [
      111,
      111
    ],
    "size": 12321,
    "min": 0.0,
    "max": 15.142288381907456,
    "mean": 8.253884012600475,
    "std": 3.1483459350595218
  }
}