MODEL,PRED_DOCKQ
3E18_af2m,0.5285395
3E18,0.2583665
