MODEL,PRED_DOCKQ
1XU2,0.8931856
1XU2_af2m,0.7829741
