MODEL,PRED_DOCKQ
6NJY_af2m,0.32984135
6NJY,0.016698023
