MODEL,PRED_DOCKQ
4AY3_af2m,0.8954158
4AY3,0.8869839
