{
  "f0_hash": "867cf1f04c822ff90241c3f0dc9c6e0f91b9402067c844ab911a47a0c5e7618e",
  "f1_hash": "4dbf66f43011f56d6423119ec305f7cb68de71d2ab6e1e2a962b1b8d5ade4ae4",
  "f0_stats": {
    "shape": [
      5
    ],
    "size": 5,
    "min": 0.45000529280167767,
    "max": 181.7567374407044,
    "mean": 37.679177199008876,
    "std": 72.04554396223871
  },
  "f1_stats": {
    "shape": [
      15
    ],
    "size": 15,
    "min": 0.01191474140014348,
    "max": 521.1466693245181,
    "mean": 71.74944880313878,
    "std": 165.03784324618334
  }
}