{
  "hash": "f14dbb4ebbd85cfb81cefdc32b3b97b558758e1a545708adb9ebbd70c6e5f00c",
  "stats": {
    "shape": [
      104,
      104
    ],
    "size": 10816,
    "min": 0.0,
    "max": 15.614129843046541,
    "mean": 8.029367984119753,
    "std": 3.064032466150463
  }
}