{
  "count": 106,
  "ids_hash": "f2f365e362094b3d55b702c54aaf90bc35d709c2161c6bb317a80b95b7b98d67",
  "coords_hash": "ba80b7c8ac9f5da5bf35280666349d5eaa6fc1bb26579058c2f22e8fb66efd79",
  "coords_stats": {
    "shape": [
      106,
      3
    ],
    "size": 318,
    "min": -16.038999557495117,
    "max": 33.92399978637695,
    "mean": 13.618298718764347,
    "std": 16.967743374324147
  }
}