{
  "count": 205,
  "ids_hash": "55e87f5f79840f5abdc17c0b3afb2c258eac61fd8187df8def97c0ec94645628",
  "coords_hash": "33be674b3f29d718a1db8fac9152302964eb2116ef958e843ad2aa889f9ff59c",
  "coords_stats": {
    "shape": [
      205,
      3
    ],
    "size": 615,
    "min": -22.510000228881836,
    "max": 13.076000213623047,
    "mean": -6.483473173221498,
    "std": 9.725701074119806
  }
}