{
  "hash": "d9b446f2d89fef82169679542522ff9b293602e8657c61d916a5add50feb7a13",
  "stats": {
    "shape": [
      100,
      100
    ],
    "size": 10000,
    "min": 0.0,
    "max": 15.56140203147496,
    "mean": 7.721164116467412,
    "std": 2.988820714375389
  }
}