{
  "count": 119,
  "ids_hash": "2f0b97ef6f36dcaff84897001c7b8581d3fac66f56d397df1bb54e60925e9f9a",
  "coords_hash": "47273d365c4a0c89bb9576f170c70e4aa33e55550d6f8b4700bbd338db3fab24",
  "coords_stats": {
    "shape": [
      119,
      3
    ],
    "size": 357,
    "min": -7.0289998054504395,
    "max": 45.060001373291016,
    "mean": 20.831274534755643,
    "std": 15.601503825113575
  }
}