{
  "count": 118,
  "ids_hash": "ad7d67feff0f667259fd50588906267578aa325612beca6ea6cc9c547a58c88c",
  "coords_hash": "1cafc6b3545ffef1d41645cf9407ba52649e4a6e5a527efb69f6241a748bad4c",
  "coords_stats": {
    "shape": [
      118,
      3
    ],
    "size": 354,
    "min": -26.549999237060547,
    "max": 27.466999053955078,
    "mean": 6.86816384159239,
    "std": 19.0712577530253
  }
}