MODEL,PRED_DOCKQ
2ZIG,0.84394693
2ZIG_af2m,0.66565096
