{
  "count": 99,
  "ids_hash": "cd8bcb2471384865ecb0aa2067ebc28b3dadf6651afcd5338f6c00e38c0ebb85",
  "coords_hash": "99400fc3e9f63e067e0aa91c809132f4be6092ad74c94977910479375bfc8c98",
  "coords_stats": {
    "shape": [
      99,
      3
    ],
    "size": 297,
    "min": 6.15500020980835,
    "max": 61.6349983215332,
    "mean": 30.31473403025155,
    "std": 17.16372386979679
  }
}