MODEL,PRED_DOCKQ
4HBE,0.75317967
4HBE_af2m,0.4939003
