MODEL,PRED_DOCKQ
1OVA,0.05912236
1OVA_af2m,0.0028763835
