{
  "f0_hash": "45cbe0a5679706f98b498f6d191a360599cfb0792d0090b5635c1e9f66cd94e1",
  "f1_hash": "c23d13eaa97a1058420a9904ea7f2b6dd1ed74bc653a3445fea52309c912cf0a",
  "f0_stats": {
    "shape": [
      5
    ],
    "size": 5,
    "min": 0.6033908369015254,
    "max": 153.84231345382415,
    "mean": 32.305676855842,
    "std": 60.780825379872276
  },
  "f1_stats": {
    "shape": [
      15
    ],
    "size": 15,
    "min": 0.010415445724144767,
    "max": 468.6550614291299,
    "mean": 64.62126659129989,
    "std": 149.3671276249062
  }
}