{
  "f0_hash": "286040db738d9892dfdbbf9e8b97ef573929188d44c8b6ab625436775924aeb8",
  "f1_hash": "d2b2a9eb4ac45dd01acf81b5996c0cbf09eea0142e88622ec4117e28353232fa",
  "f0_stats": {
    "shape": [
      5
    ],
    "size": 5,
    "min": 0.5376931774449445,
    "max": 149.74369337714947,
    "mean": 31.344854007930667,
    "std": 59.208206800227295
  },
  "f1_stats": {
    "shape": [
      15
    ],
    "size": 15,
    "min": 0.01015383962180394,
    "max": 470.279547210699,
    "mean": 65.618322335871,
    "std": 149.43202699907295
  }
}