MODEL,PRED_DOCKQ
5D3I_af2m,0.11365386
5D3I,0.027241142
