MODEL,PRED_DOCKQ
3G8L_af2m,0.86234844
3G8L,0.4367749
