{
  "f0_hash": "8363db091a9fb4c6188f475992a383f5e423d2d847eb3f47b11406966fb1bd6b",
  "f1_hash": "5c4d3556de5826ae9ba757539b4fcfddbc3bb1c21d32bcf6622030b31ae95982",
  "f0_stats": {
    "shape": [
      5
    ],
    "size": 5,
    "min": 0.37328897836958513,
    "max": 113.3351544067785,
    "mean": 23.89483729074681,
    "std": 44.7284107279772
  },
  "f1_stats": {
    "shape": [
      15
    ],
    "size": 15,
    "min": 0.011795553117710966,
    "max": 207.8366788487834,
    "mean": 29.661325703383415,
    "std": 65.52408938640572
  }
}