MODEL,PRED_DOCKQ
5YGE,0.8112035
5YGE_af2m,0.80337685
