MODEL,PRED_DOCKQ
1E7L_af2m,0.8756397
1E7L,0.84626
