{
  "hash": "6983cc5ad4e772f0b9ef5304974461aaa05c98bea092684293a9bb816cdc70f5",
  "stats": {
    "shape": [
      78,
      78
    ],
    "size": 6084,
    "min": 0.0,
    "max": 15.416036901051895,
    "mean": 7.339728939494956,
    "std": 3.0488193540723563
  }
}