{
  "f0_hash": "7e436b03d2790cccd9cca36e2d7924b7cdf8c51dc44758dafaace25bb8a26eaa",
  "f1_hash": "36bbe6c43be1ff2714f4442112a0885ac1bd067cc51b3a127d40c165bae8be3a",
  "f0_stats": {
    "shape": [
      5
    ],
    "size": 5,
    "min": 0.4620832481151613,
    "max": 125.18998657811888,
    "mean": 26.561634691256746,
    "std": 49.33240747496362
  },
  "f1_stats": {
    "shape": [
      15
    ],
    "size": 15,
    "min": 0.010938180874620507,
    "max": 283.77066018518394,
    "mean": 40.633476711107285,
    "std": 89.6381904143702
  }
}