MODEL,PRED_DOCKQ
3E7Q_af2m,0.90583986
3E7Q,0.888498
