MODEL,PRED_DOCKQ
4MRT_af2m,0.7450662
4MRT,0.60737365
