{
  "f0_hash": "96d500dd1f474a6d4360eaaad6f91c7423a89b3f0afb81bd6710eb63207e0f0d",
  "f1_hash": "97cb50eb893f9c1e1cf1f79987b4ee5c2c30bebd7542fdedc8cb880a6a0af3aa",
  "f0_stats": {
    "shape": [
      5
    ],
    "size": 5,
    "min": 0.49741339917898286,
    "max": 165.8919445208426,
    "mean": 34.53273538529955,
    "std": 65.68694136499553
  },
  "f1_stats": {
    "shape": [
      15
    ],
    "size": 15,
    "min": 0.01070675555934919,
    "max": 543.7089095796413,
    "mean": 74.84234889684326,
    "std": 173.20904748035605
  }
}