{
  "f0_hash": "c730c40b19c97de70c525c4455882381a81e2e214dbb1c9d29342c372bb4c692",
  "f1_hash": "2f52d3b5188720dfefaf2b446409afbd427adf1d91e3e449468ffd686c98208c",
  "f0_stats": {
    "shape": [
      5
    ],
    "size": 5,
    "min": 0.5573122403775944,
    "max": 155.67914561762387,
    "mean": 32.563758315062145,
    "std": 61.567095581509385
  },
  "f1_stats": {
    "shape": [
      15
    ],
    "size": 15,
    "min": 0.01021056505595297,
    "max": 483.51411401668753,
    "mean": 67.75244182982186,
    "std": 153.59409653107303
  }
}