{
  "hash": "1505f57e14eb2704c033d88cf0c3d32e02bf3c9b6cd52ad56189b3252cb57b67",
  "stats": {
    "shape": [
      132,
      132
    ],
    "size": 17424,
    "min": 0.0,
    "max": 15.475147835747455,
    "mean": 8.006838332160276,
    "std": 3.0061599493283757
  }
}