{
  "count": 105,
  "ids_hash": "3875379754556fb4fefe95303d24c965429ecd798bcc51ef7baca7e3d53f6d60",
  "coords_hash": "fdffd701d27411ef7ba75d79db20e36aa90332f06036f4731d8677e2fa95b56d",
  "coords_stats": {
    "shape": [
      105,
      3
    ],
    "size": 315,
    "min": 12.229000091552734,
    "max": 52.63100051879883,
    "mean": 30.847425357879153,
    "std": 10.780789689561695
  }
}