{
  "hash": "58c733c1ebe1c304c9c743cdaaa43d6193f801c31289d02344afad60f285e1bc",
  "stats": {
    "shape": [
      67,
      67
    ],
    "size": 4489,
    "min": 0.0,
    "max": 14.9038952178564,
    "mean": 6.620318488719438,
    "std": 2.8092162087585835
  }
}