{
  "count": 218,
  "ids_hash": "31587629145ecdbad354359666d062c8159f2b49c50df1321dee5a87bf0d88fe",
  "coords_hash": "9d3b947dca46970d18adbf0acf526bb368ef7abd9ba1ef631e8bf85e933432ee",
  "coords_stats": {
    "shape": [
      218,
      3
    ],
    "size": 654,
    "min": -10.47599983215332,
    "max": 25.457000732421875,
    "mean": 4.307015306370429,
    "std": 10.30543666914496
  }
}