{
  "f0_hash": "b6908ba906eaa600c722e3192ac3f32e7359b3c6aacbbf7bf7f47e3665cdad93",
  "f1_hash": "747afbfa04235d880b0b91503cddd01b4d61b266f18ca14b88c3050ec565366f",
  "f0_stats": {
    "shape": [
      5
    ],
    "size": 5,
    "min": 0.3328706511447159,
    "max": 90.26305409898144,
    "mean": 19.266224873217745,
    "std": 35.509033200235386
  },
  "f1_stats": {
    "shape": [
      15
    ],
    "size": 15,
    "min": 0.010436094944636487,
    "max": 177.57182731407727,
    "mean": 25.96535005795455,
    "std": 57.075474427045165
  }
}