{
  "f0_hash": "b38f72b616897b578596cc14d37860afe6f28c94a188244c95562bb2107f3588",
  "f1_hash": "53bb78a374f49dc34d84ea5e8ba6e6d2c1544422a0cd43c9a1cdf8fa2fbbe737",
  "f0_stats": {
    "shape": [
      5
    ],
    "size": 5,
    "min": 0.515502380644087,
    "max": 167.7107545479233,
    "mean": 34.93824952193292,
    "std": 66.3945164902668
  },
  "f1_stats": {
    "shape": [
      15
    ],
    "size": 15,
    "min": 0.011159052631191102,
    "max": 471.615205849381,
    "mean": 65.12830135256449,
    "std": 148.66548582893884
  }
}