{
  "count": 110,
  "ids_hash": "bbcb3a61c590e273a2628de3f84392ebfa0d27a57f6423349556cc592c2e2868",
  "coords_hash": "15aa765f77a016487ac8204118e8647bfe35fdd7ec25e96157a371d9644e4950",
  "coords_stats": {
    "shape": [
      110,
      3
    ],
    "size": 330,
    "min": -11.12600040435791,
    "max": 31.5,
    "mean": 13.760242418713064,
    "std": 12.873504730081432
  }
}