{
  "hash": "d3d7ade8601164e1c4c40b94e229baa08068c6373c56e66c4fc23432e9ef11d3",
  "stats": {
    "shape": [
      54,
      54
    ],
    "size": 2916,
    "min": 0.0,
    "max": 14.574708601314722,
    "mean": 6.502487377162762,
    "std": 2.825031613494351
  }
}