{
  "hash": "6a427a7e49cf7ffe5d03f82fb346408c97ef2342f2d9dd318dd7145144f37fa2",
  "stats": {
    "shape": [
      70,
      70
    ],
    "size": 4900,
    "min": 0.0,
    "max": 15.352064136457194,
    "mean": 7.38490821149953,
    "std": 3.165889270939064
  }
}