MODEL,PRED_DOCKQ
3GE3_af2m,0.9093204
3GE3,0.88288397
