{
  "f0_hash": "efb641320332bebd62075a13cd5a5c194ca6e63a9ff4911351da317b3dd1c95c",
  "f1_hash": "ebe02d1b65920ecce631db79b043512da21fd4dfd5185d9c233e30ed6aae36c9",
  "f0_stats": {
    "shape": [
      5
    ],
    "size": 5,
    "min": 0.3480714023175777,
    "max": 196.7533873692891,
    "mean": 40.54111194895016,
    "std": 78.11534055552484
  },
  "f1_stats": {
    "shape": [
      15
    ],
    "size": 15,
    "min": 0.010486291323292818,
    "max": 522.795233006271,
    "mean": 71.99207941596786,
    "std": 165.29633635138538
  }
}