{
  "hash": "c27b4f2e666a91b51e0aebd08d45be66745e7d2a2e7ec77fe56da68de731d219",
  "stats": {
    "shape": [
      104,
      104
    ],
    "size": 10816,
    "min": 0.0,
    "max": 15.40774813645944,
    "mean": 7.812146046232101,
    "std": 3.044882951440449
  }
}