{
  "hash": "6640a4fc012818a809442763853cf4fd12d929daee850cd99c9501f772dd740b",
  "stats": {
    "shape": [
      101,
      101
    ],
    "size": 10201,
    "min": 0.0,
    "max": 15.892455293681767,
    "mean": 7.999234051821912,
    "std": 3.0907849878166798
  }
}