{
  "count": 88,
  "ids_hash": "b5b7e376819c7604f79bf1f8558572037cb61fe58dc766b86845aefc73349ca0",
  "coords_hash": "b05f149fd440ee9daeaf8d71f9e12825cee772543d8e5df5d3e5c54c568ac377",
  "coords_stats": {
    "shape": [
      88,
      3
    ],
    "size": 264,
    "min": -1.2769999504089355,
    "max": 83.21199798583984,
    "mean": 37.25217046757991,
    "std": 29.607985716188313
  }
}