MODEL,PRED_DOCKQ
4PW9_af2m,0.30899146
4PW9,0.012620385
