{
  "count": 95,
  "ids_hash": "c68edcfd2b956376e77c85317ec1cd4be06629da981f9fb4fd540d48d1359fe1",
  "coords_hash": "c5cc9f4042620a00ad679d4708c0bad30ade0bbe55d928a344ed8e6192526682",
  "coords_stats": {
    "shape": [
      95,
      3
    ],
    "size": 285,
    "min": -17.766000747680664,
    "max": 99.05500030517578,
    "mean": 38.93264214616073,
    "std": 42.076224937356564
  }
}