{
  "f0_hash": "6f0b446100d51dfeb62bd6a523b6587569ac31ac386b63a6fc5f27687f2d15db",
  "f1_hash": "7afcaeaf67b7a5629f1ad765f53f7f9ff0685d0d5164cbe876ab3284f33650e1",
  "f0_stats": {
    "shape": [
      5
    ],
    "size": 5,
    "min": 0.20028011610991509,
    "max": 217.59064516214838,
    "mean": 44.65308713746694,
    "std": 86.47787763342791
  },
  "f1_stats": {
    "shape": [
      15
    ],
    "size": 15,
    "min": 0.010091102811762731,
    "max": 432.40535650471384,
    "mean": 59.20573941254414,
    "std": 136.05997616702626
  }
}