{
  "f0_hash": "abde325b59cb652f6e0a4f688159072059f68360128537ad7c24b2fe841b78c6",
  "f1_hash": "c80d6977919a8cb396a2e54b83b7ec7de4beae2bc9ca6eac75f3b637117f4df2",
  "f0_stats": {
    "shape": [
      5
    ],
    "size": 5,
    "min": 0.45186327696218037,
    "max": 161.76935006620002,
    "mean": 33.72800177774329,
    "std": 64.02942650555742
  },
  "f1_stats": {
    "shape": [
      15
    ],
    "size": 15,
    "min": 0.011051859344508586,
    "max": 490.65264827134723,
    "mean": 67.70987687080624,
    "std": 155.4525814759419
  }
}