{
  "count": 65,
  "ids_hash": "ae9369e85b18dab7b63aed90eef40ce3db775aa5e7bf0dfd08bdb082ab7e58f1",
  "coords_hash": "afff51d980192dc96e1074b055a56a94dacb80c9537ef9edad9ef29cc76d22d1",
  "coords_stats": {
    "shape": [
      65,
      3
    ],
    "size": 195,
    "min": -16.856000900268555,
    "max": 52.57099914550781,
    "mean": 18.270743526556554,
    "std": 23.66127816
  }
}