{
  "f0_hash": "f07f14fbe24c34e09d8ee44ca60aa3eb1a163d2b774628a919a828a489efc534",
  "f1_hash": "75e459c7e5181bb1fd91396a712e7bda498dbea8a3c08dddb8644d9326651285",
  "f0_stats": {
    "shape": [
      5
    ],
    "size": 5,
    "min": 0.4660609720734161,
    "max": 122.26019766902975,
    "mean": 25.818126268357634,
    "std": 48.23205192774467
  },
  "f1_stats": {
    "shape": [
      15
    ],
    "size": 15,
    "min": 0.012059815529072537,
    "max": 287.32334031450574,
    "mean": 40.62538148332765,
    "std": 90.54472202475033
  }
}