{
  "count": 103,
  "ids_hash": "577669dd90c5ea252c8013fa40e1dce04fc4d927aecd16a2dd822aaa8fd1b06f",
  "coords_hash": "90c7dbdc241f5729cca91bb5f0140f81f204577ebc244325da7ce9c1fef12251",
  "coords_stats": {
    "shape": [
      103,
      3
    ],
    "size": 309,
    "min": -11.015000343322754,
    "max": 37.58100128173828,
    "mean": 18.756491955622884,
    "std": 16.30832230098273
  }
}