{
  "f0_hash": "c808047a0b8c497d4757a6c83e2c5b420f5a983032775d4c92bbe2890be54a77",
  "f1_hash": "af0b3ecfe27c512a29825768699404eca96c34b8d6dc2baedfe877cff9605d41",
  "f0_stats": {
    "shape": [
      5
    ],
    "size": 5,
    "min": 0.5315304677588636,
    "max": 168.67826769115482,
    "mean": 35.12515922683975,
    "std": 66.78417298366944
  },
  "f1_stats": {
    "shape": [
      15
    ],
    "size": 15,
    "min": 0.010996405013046662,
    "max": 499.3099845582832,
    "mean": 69.0255118380317,
    "std": 158.39133683595043
  }
}