{
  "hash": "f492e66220e8a2e5f09e0b5a82634aff2ec88694e26c2ed87f77bf73355c0661",
  "stats": {
    "shape": [
      96,
      96
    ],
    "size": 9216,
    "min": 0.0,
    "max": 15.727144160334948,
    "mean": 7.936654260556504,
    "std": 3.2022522028233977
  }
}