{
  "f0_hash": "a408ffb9d2e26c40fd7a5acbd4a81e1654d8916cf5a9a63ebcc33996af26a47a",
  "f1_hash": "7eb4124a5a72ea0eb40058cee821ef6d229dc5f7772826d322cd9d1923bed16b",
  "f0_stats": {
    "shape": [
      5
    ],
    "size": 5,
    "min": 0.5058408189006107,
    "max": 122.74662018933081,
    "mean": 25.849074806315933,
    "std": 48.458734960508345
  },
  "f1_stats": {
    "shape": [
      15
    ],
    "size": 15,
    "min": 0.010486082182710632,
    "max": 294.7953826540029,
    "mean": 41.54252704907703,
    "std": 92.87714141727874
  }
}