{
  "hash": "0061cfd49bd0d58b03087d7b9c5196b0a197792d6d1be36f594e0afd2ab6ef3c",
  "stats": {
    "shape": [
      100,
      100
    ],
    "size": 10000,
    "min": 0.0,
    "max": 15.187383641616513,
    "mean": 7.826314215625652,
    "std": 3.017472835539588
  }
}