{
  "count": 85,
  "ids_hash": "acae00592ecd8e55964bc97adf36bf81c8dab5d789d4bc012e8365f2d2c3ca80",
  "coords_hash": "5c6deefd931d6b2855663e159089caafbcb5bdd33dc61fbfa920c4debfa2f34a",
  "coords_stats": {
    "shape": [
      85,
      3
    ],
    "size": 255,
    "min": -10.333000183105469,
    "max": 15.354999542236328,
    "mean": 1.984345086956141,
    "std": 6.318560576992123
  }
}