{
  "f0_hash": "14c54c20d010b02cd9bd68d62b814d1ff55f3b8ae9cce263275470c5134d7b62",
  "f1_hash": "eb72c3b2aa9125dbbbc33c2c15d52926e1b32bda64d59808b173b94d3c92acf2",
  "f0_stats": {
    "shape": [
      5
    ],
    "size": 5,
    "min": 0.4365846878462483,
    "max": 103.22318548712262,
    "mean": 22.072983101629184,
    "std": 40.59206581641177
  },
  "f1_stats": {
    "shape": [
      15
    ],
    "size": 15,
    "min": 0.01017231661839002,
    "max": 216.43840642515246,
    "mean": 31.20480766603919,
    "std": 68.91187548687945
  }
}