{
  "count": 95,
  "ids_hash": "a2107f9d08ac4be6446c46da2a7e4fd8a99a41aa131d7a03651c1d5aff3c5a77",
  "coords_hash": "f277c423bfc94feba8007166386e269bfe023e91678f4b928d2dfaed82c2561d",
  "coords_stats": {
    "shape": [
      95,
      3
    ],
    "size": 285,
    "min": -8.032999992370605,
    "max": 46.040000915527344,
    "mean": 13.959256118513121,
    "std": 18.451152296963055
  }
}