{
  "hash": "a739c4d523be4de846c2c63ae08331934856af19c97fd0de6553cab866e75592",
  "stats": {
    "shape": [
      110,
      110
    ],
    "size": 12100,
    "min": 0.0,
    "max": 15.862489863734034,
    "mean": 7.591979406518207,
    "std": 3.1220733776510188
  }
}