{
  "count": 72,
  "ids_hash": "83aa22cdea32d1853fa0d5c5449ca112d7c3cc1a212cae3e8d199f49ed82bb81",
  "coords_hash": "26b63969c0d50779c2556d401cba18bec93573837c75adcabf0616d2a0d62b12",
  "coords_stats": {
    "shape": [
      72,
      3
    ],
    "size": 216,
    "min": -53.1619987487793,
    "max": 36.3380012512207,
    "mean": -13.813537014855278,
    "std": 32.94284044145475
  }
}