{
  "f0_hash": "53eead1c6d1c2d4ea35b0084bef7a1dc78288d48cab3a3be5dd9d858165ee833",
  "f1_hash": "78e9385b8ac977ad1e8ade189c45ae131fb3a15716709e06c84dde184cb44726",
  "f0_stats": {
    "shape": [
      5
    ],
    "size": 5,
    "min": 0.523161891502801,
    "max": 127.30512506227595,
    "mean": 26.86948641011069,
    "std": 50.229515860281445
  },
  "f1_stats": {
    "shape": [
      15
    ],
    "size": 15,
    "min": 0.010205389603612502,
    "max": 326.5618996435628,
    "mean": 46.45435569485484,
    "std": 103.89325197764977
  }
}