{
  "f0_hash": "5d05510a624a98ad018d48790a314e8127ee771f7e55dcae1c428de138342b13",
  "f1_hash": "b7d389787e0dfcbb11a2f9b65991ec851b8041343818d62a885d1b4df28ce97a",
  "f0_stats": {
    "shape": [
      5
    ],
    "size": 5,
    "min": 0.5876027467004501,
    "max": 139.8154607284943,
    "mean": 29.553098535766917,
    "std": 55.14792115202906
  },
  "f1_stats": {
    "shape": [
      15
    ],
    "size": 15,
    "min": 0.010231373686460543,
    "max": 332.06554285263513,
    "mean": 47.31529636368056,
    "std": 104.08334702564136
  }
}