MODEL,PRED_DOCKQ
4MSP_af2m,0.26445124
4MSP,0.011911435
