{
  "f0_hash": "7c3122c9628b4152df22f66f6742b234cd7cd727c0e1dfa97e5c0b54cff4397c",
  "f1_hash": "03144af7091e294078b6650cdd17e6d5420245393cb4f7c432e055576cbcc349",
  "f0_stats": {
    "shape": [
      5
    ],
    "size": 5,
    "min": 0.47124586950495373,
    "max": 109.95458577728513,
    "mean": 23.378953064726993,
    "std": 43.30110265546161
  },
  "f1_stats": {
    "shape": [
      15
    ],
    "size": 15,
    "min": 0.010967003335859538,
    "max": 249.3509945237745,
    "mean": 36.46866511572683,
    "std": 78.34940895544979
  }
}