{
  "f0_hash": "58e2b47b79cc773248472b609df688f917101ccc832ca55430427d5d888d83a0",
  "f1_hash": "81dfa88039db8c5ab1cfa5bc23c00d5250e7d2920e075ed535c46b453d0f99f2",
  "f0_stats": {
    "shape": [
      5
    ],
    "size": 5,
    "min": 0.5567346726437934,
    "max": 80.70612685396357,
    "mean": 17.802768628520575,
    "std": 31.49447426949506
  },
  "f1_stats": {
    "shape": [
      15
    ],
    "size": 15,
    "min": 0.017963266974871495,
    "max": 131.90005952102769,
    "mean": 20.00541299991298,
    "std": 41.50592632969947
  }
}