{
  "f0_hash": "0e84c251c608ed5b809731b70dcd4909003314ee784cdfd673610d2cfc65b1f9",
  "f1_hash": "599174e7c66ac434a5af934252234a8b3d3d45c90d84db15b80085147ed83d24",
  "f0_stats": {
    "shape": [
      5
    ],
    "size": 5,
    "min": 0.47009441227549187,
    "max": 173.2644776404896,
    "mean": 36.04471305094987,
    "std": 68.61832793797709
  },
  "f1_stats": {
    "shape": [
      15
    ],
    "size": 15,
    "min": 0.01266303477764641,
    "max": 527.88956101647,
    "mean": 73.63871576084738,
    "std": 167.30710835594394
  }
}