MODEL,PRED_DOCKQ
6J0E,0.76436377
6J0E_af2m,0.5623632
