{
  "hash": "8f15478a5a9f16056c754839032d3d06347349a1539aabec8cd7d38203896eaa",
  "stats": {
    "shape": [
      82,
      82
    ],
    "size": 6724,
    "min": 0.0,
    "max": 14.981044909412068,
    "mean": 7.014244024799455,
    "std": 2.8428119253560933
  }
}