MODEL,PRED_DOCKQ
3DDC_af2m,0.57447577
3DDC,0.13837919
