MODEL,PRED_DOCKQ
1TY4_af2m,0.8238035
1TY4,0.4544664
