{
  "count": 134,
  "ids_hash": "e8a5decda7181b2dfa6720618db76390e8c4665f219761724144264044e56fdc",
  "coords_hash": "c5be0c9080d404225c9904e21b15918eb5d11719ae160d41926494415144c974",
  "coords_stats": {
    "shape": [
      134,
      3
    ],
    "size": 402,
    "min": -12.555000305175781,
    "max": 35.15999984741211,
    "mean": 13.856972652306752,
    "std": 14.901049757715409
  }
}