{
  "count": 105,
  "ids_hash": "3ff220435e509d0071c3e0d0f6ff4c35d7ed6fa4e077db6fb72707e222b000cb",
  "coords_hash": "4d2bfab29881c3b9a639196781a7e43ff6746e5264f741c24df9fb4a8ae40430",
  "coords_stats": {
    "shape": [
      105,
      3
    ],
    "size": 315,
    "min": -13.871000289916992,
    "max": 85.7030029296875,
    "mean": 31.189396759808538,
    "std": 35.66455180202241
  }
}