MODEL,PRED_DOCKQ
5I34_af2m,0.90753645
5I34,0.8640461
