{
  "f0_hash": "d5aa5a26268e8c9e080f58ff11d8628a28268c76d0dc81ab68b8732ba22deb9c",
  "f1_hash": "ed3cd42f0627023870bbcc0eb913793e6ed94b2b2a5fd83c7d67386de1094fe7",
  "f0_stats": {
    "shape": [
      5
    ],
    "size": 5,
    "min": 0.42475865988313,
    "max": 115.13739727876545,
    "mean": 24.371678758059474,
    "std": 45.39443722433419
  },
  "f1_stats": {
    "shape": [
      15
    ],
    "size": 15,
    "min": 0.010424182508639745,
    "max": 249.97937940327685,
    "mean": 35.62439470071331,
    "std": 78.7473878229672
  }
}