{
  "count": 191,
  "ids_hash": "44402382d4dbd6547698f3ca16df574ccdf5a4c38e78f1f02bf54658a64586ae",
  "coords_hash": "d64de133baeef9fe67941c3b1ff3baeb3d33bff90a2d36d4569c066d98840da3",
  "coords_stats": {
    "shape": [
      191,
      3
    ],
    "size": 573,
    "min": -22.687999725341797,
    "max": 1.3639999628067017,
    "mean": -11.481347321228727,
    "std": 5.628428744010065
  }
}