{
  "count": 109,
  "ids_hash": "115dd65226e90736f69176272f0f395dceb32bb4e67c06fd248334ff41457d37",
  "coords_hash": "ec9d6ad5eca66015c2c3dd049c0350d9f4ad81fd87d36e15062bc3dd34571b83",
  "coords_stats": {
    "shape": [
      109,
      3
    ],
    "size": 327,
    "min": -15.71399974822998,
    "max": 13.595000267028809,
    "mean": -0.08283181663955752,
    "std": 7.359725387662925
  }
}