{
  "hash": "2bd6f1bf9938f2b4f6b8eea3dce2ab833233df7c658596ba8f2e21dc68311238",
  "stats": {
    "shape": [
      106,
      106
    ],
    "size": 11236,
    "min": 0.0,
    "max": 15.30561016697201,
    "mean": 7.766305700456968,
    "std": 2.9707985526698972
  }
}