{
  "count": 91,
  "ids_hash": "57c4fb820fbd545a92c82e5950dc00c5d4159a50dbeece4a43f7be1cc7ad0be4",
  "coords_hash": "9952b078011f410af8e11b94d0ffa1bf1632bfeeb9d37be74b17af1b092ce216",
  "coords_stats": {
    "shape": [
      91,
      3
    ],
    "size": 273,
    "min": 19.354999542236328,
    "max": 42.45000076293945,
    "mean": 31.762487173953772,
    "std": 5.914011148427948
  }
}