MODEL,PRED_DOCKQ
5VSC_af2m,0.75705296
5VSC,0.61482996
