MODEL,PRED_DOCKQ
5D7O_af2m,0.34003827
5D7O,0.10134855
