{
  "f0_hash": "1298326e82e083ce62bdcc0d75edc9853a1ddb1fa8fe5edab631189aa520eff5",
  "f1_hash": "5cbe13ab44cf53efab61e2cc75e4df77cb4a118fad53ceca6d8c9e9db10351c3",
  "f0_stats": {
    "shape": [
      5
    ],
    "size": 5,
    "min": 0.6164367908264757,
    "max": 103.22936770278163,
    "mean": 22.395038616444843,
    "std": 40.45057222835758
  },
  "f1_stats": {
    "shape": [
      15
    ],
    "size": 15,
    "min": 0.02198301787947976,
    "max": 198.1654817435431,
    "mean": 28.85004433976334,
    "std": 62.1134779015943
  }
}