{
  "count": 73,
  "ids_hash": "87f5666091a330c08c65554f4c546918910d890e1ce892cb4e302e572f743163",
  "coords_hash": "dae19d09f72e93ffc612834ddd16087ee2b28f0f5642f8d98d23b8076fc56b72",
  "coords_stats": {
    "shape": [
      73,
      3
    ],
    "size": 219,
    "min": 3.121999979019165,
    "max": 44.31999969482422,
    "mean": 22.273876714924153,
    "std": 12.525172655077585
  }
}