{
  "hash": "4fd311d53937c69a5a9bb5d9b2ecc98552ddbb4020be512dd82978fe272bfb1d",
  "stats": {
    "shape": [
      100,
      100
    ],
    "size": 10000,
    "min": 0.0,
    "max": 15.742829701509324,
    "mean": 8.158060445105129,
    "std": 3.210535536284607
  }
}