{
  "f0_hash": "f22e81c0603cb19e3e6eff432315a13210942e206b636aa893adb0acaa799f91",
  "f1_hash": "8badb857e03150e4f47309128deda521b2a6d02009050e6c5ec315c43cbf0f66",
  "f0_stats": {
    "shape": [
      5
    ],
    "size": 5,
    "min": 0.45192466081471483,
    "max": 172.258112244808,
    "mean": 35.76372624744814,
    "std": 68.25349261665555
  },
  "f1_stats": {
    "shape": [
      15
    ],
    "size": 15,
    "min": 0.01166258393710784,
    "max": 543.6644713769442,
    "mean": 74.9811383770913,
    "std": 171.41274103525353
  }
}