MODEL,PRED_DOCKQ
2C1M_af2m,0.8621701
2C1M,0.7896319
