{
  "f0_hash": "69a673dd1830187db873a59d01b8067631067f268f2a77eda3847d2dae308906",
  "f1_hash": "16a35391007a6abbb0d920914d4a464617122a339a3b52e706e237dc55b16096",
  "f0_stats": {
    "shape": [
      5
    ],
    "size": 5,
    "min": 0.32122697289865587,
    "max": 76.22043681597529,
    "mean": 16.514597997469053,
    "std": 29.8690138108451
  },
  "f1_stats": {
    "shape": [
      15
    ],
    "size": 15,
    "min": 0.011226622254223884,
    "max": 116.83509343827492,
    "mean": 18.131179178113527,
    "std": 37.05825685412234
  }
}