{
  "count": 94,
  "ids_hash": "193d987dd862cec97c7029fb994286e6d4fbda9a1b88dcb0656bbc8e93baff25",
  "coords_hash": "37c881414c9f36aa1e4705f83793dbb810dea12ce83ccfb9720e330aa3c83fbf",
  "coords_stats": {
    "shape": [
      94,
      3
    ],
    "size": 282,
    "min": -23.378999710083008,
    "max": 65.21800231933594,
    "mean": 22.043709142833738,
    "std": 30.940032936494436
  }
}