{
  "hash": "ad205279a095286f7fcb8a09ee563966a7bec187ee7cf6db9f3fa02af0994370",
  "stats": {
    "shape": [
      73,
      73
    ],
    "size": 5329,
    "min": 0.0,
    "max": 15.254334541358029,
    "mean": 7.058933669875033,
    "std": 2.860068511175602
  }
}