{
  "hash": "22be14c25faa490b8627a7b3cec033ea099657af8c1985d8753e5282d1808bdf",
  "stats": {
    "shape": [
      97,
      97
    ],
    "size": 9409,
    "min": 0.0,
    "max": 15.837740818579121,
    "mean": 7.928354671981032,
    "std": 3.1223059142379728
  }
}