{
  "hash": "353c3d6003914a5de888b3015ace98e2be226230d0aa5f2b5c8543b977fccbff",
  "stats": {
    "shape": [
      110,
      110
    ],
    "size": 12100,
    "min": 0.0,
    "max": 15.780091418301565,
    "mean": 8.08465525351528,
    "std": 3.1017381142411455
  }
}