{
  "count": 111,
  "ids_hash": "172d1ccc9733b3f229e6c8a8188a8ef574c5b840260c4e18bc88f113f5155e62",
  "coords_hash": "4d64467ae3c368dceddeaf037ebcc77733e6bdda32890729d388383d92a8881f",
  "coords_stats": {
    "shape": [
      111,
      3
    ],
    "size": 333,
    "min": -2.9509999752044678,
    "max": 57.00899887084961,
    "mean": 27.90142338564088,
    "std": 19.280022219907302
  }
}