MODEL,PRED_DOCKQ
2DVM,0.8640163
2DVM_af2m,0.82686555
