{
  "f0_hash": "f18ae5aa61b330e2c4d7faadb4250cc0d9c37c7bed506a245ac33ffb2427bf62",
  "f1_hash": "69837d7ff1f4011e30445a1407ad55994bfd9775d2b296f96fb8f426d2878113",
  "f0_stats": {
    "shape": [
      5
    ],
    "size": 5,
    "min": 0.5188619775369128,
    "max": 163.01012493921343,
    "mean": 33.97878090124872,
    "std": 64.52348565507104
  },
  "f1_stats": {
    "shape": [
      15
    ],
    "size": 15,
    "min": 0.010448387753164923,
    "max": 518.6805028458322,
    "mean": 71.33545351911847,
    "std": 165.0806008882613
  }
}