{
  "f0_hash": "c92fe7cb2c527ed34f9acffbde11b9b956634b8c9b5821abdc923faf6203c424",
  "f1_hash": "73eeb8787f77db91e94074d3a66f6fdc608694975a074fb451bca2b2b977a88c",
  "f0_stats": {
    "shape": [
      5
    ],
    "size": 5,
    "min": 0.3228818235779989,
    "max": 101.11435214958958,
    "mean": 21.614158125642465,
    "std": 39.76817669677035
  },
  "f1_stats": {
    "shape": [
      15
    ],
    "size": 15,
    "min": 0.010446781263438343,
    "max": 176.91695619508198,
    "mean": 25.556869650830727,
    "std": 55.640540327540506
  }
}