{
  "hash": "6942c28da4f376d0ad24e9a530fc1929e0f3b45d72713c3ee8fe4a0aaf98e89c",
  "stats": {
    "shape": [
      96,
      96
    ],
    "size": 9216,
    "min": 0.0,
    "max": 15.700050230010545,
    "mean": 8.193599681262242,
    "std": 3.1996795819397192
  }
}