MODEL,PRED_DOCKQ
1R8S,0.8770247
1R8S_af2m,0.73857963
