MODEL,PRED_DOCKQ
2F2E_af2m,0.9166938
2F2E,0.88256747
