{
  "f0_hash": "1eb4d40df9317721f8721ef4fe86251c9ec52fb2b2d2a709ca0ec29b118b9b0d",
  "f1_hash": "3d5af70e2eafa6a12d8dc3b529dedeafd5747b35bfc16b73910d3255e257eb59",
  "f0_stats": {
    "shape": [
      5
    ],
    "size": 5,
    "min": 0.38188211099294755,
    "max": 125.17277253466676,
    "mean": 26.374120294073663,
    "std": 49.41107172433894
  },
  "f1_stats": {
    "shape": [
      15
    ],
    "size": 15,
    "min": 0.010278310486059539,
    "max": 297.854110428843,
    "mean": 42.23530537798617,
    "std": 95.20910003432408
  }
}