{
  "f0_hash": "64cb76e4f260c0ddb81c288aa3abe0e588371e67f04d297376167f16dcb28e4c",
  "f1_hash": "5062f7977579a7e41ead756b63e95afb91cb0ea051197a0c34ba88eca68ecdb7",
  "f0_stats": {
    "shape": [
      5
    ],
    "size": 5,
    "min": 0.4606628611051699,
    "max": 87.66503503700018,
    "mean": 18.874920064544263,
    "std": 34.409546600771264
  },
  "f1_stats": {
    "shape": [
      15
    ],
    "size": 15,
    "min": 0.010327929882910425,
    "max": 184.7993020338515,
    "mean": 26.744562478199313,
    "std": 58.953663931791674
  }
}