{
  "count": 110,
  "ids_hash": "fe6231ac007666bc592c9a9b8b58be7caaf20b83f4f5ee40bbb81fa17526ed5d",
  "coords_hash": "3587f37c49b9519be03c59fd3f125ce88b1dcc155a1ff8554b4525672bbc3ebf",
  "coords_stats": {
    "shape": [
      110,
      3
    ],
    "size": 330,
    "min": 10.038000106811523,
    "max": 64.46299743652344,
    "mean": 33.97766666701346,
    "std": 17.054163029153827
  }
}