{
  "f0_hash": "2dbdd863749b6e2469bb9c3362e5948b0050ce19ea7f6f418e203fb15100f8ab",
  "f1_hash": "ee725b1bea5b18089a46860410e345394baf05ca0dfb339499d19d96f38b72d8",
  "f0_stats": {
    "shape": [
      5
    ],
    "size": 5,
    "min": 0.5144026660083075,
    "max": 109.86203620653752,
    "mean": 23.457622088198782,
    "std": 43.2194367347527
  },
  "f1_stats": {
    "shape": [
      15
    ],
    "size": 15,
    "min": 0.011541839087284789,
    "max": 265.4238096153117,
    "mean": 38.236411021776846,
    "std": 84.5234051436588
  }
}