{
  "count": 202,
  "ids_hash": "ca8282308dbf3248a27345d7f642560a07d007bd503691f219486fbacb94d73e",
  "coords_hash": "0e88eecd22684ed6fd6239007b1ee02989aef0bcc841f5f49d85e9e02fd8cd00",
  "coords_stats": {
    "shape": [
      202,
      3
    ],
    "size": 606,
    "min": 1.7369999885559082,
    "max": 33.88399887084961,
    "mean": 15.839849819051157,
    "std": 8.307524273675801
  }
}