{
  "count": 90,
  "ids_hash": "8298739cd17e70e2a263bd8e9057d99b15c9dcd05cb19e444c370a03e5c6d790",
  "coords_hash": "5fd91b2e8a7faf579c30f5a33fac42d773b747baa85846678a87a03c455776f8",
  "coords_stats": {
    "shape": [
      90,
      3
    ],
    "size": 270,
    "min": 4.603000164031982,
    "max": 61.6349983215332,
    "mean": 29.15505560768975,
    "std": 18.291754857292588
  }
}