{
  "hash": "776200270de0dcfc72f36482137e59eb7676fc71f627175c3b927b3010c76ccb",
  "stats": {
    "shape": [
      62,
      62
    ],
    "size": 3844,
    "min": 0.0,
    "max": 13.853669011192489,
    "mean": 6.761148396439126,
    "std": 2.7985051144664035
  }
}