{
  "hash": "8c49dd9a8dbb5a10373ab44d3c0215265de0e3e812eba4b18283b1503fb252b0",
  "stats": {
    "shape": [
      94,
      94
    ],
    "size": 8836,
    "min": 0.0,
    "max": 15.430694897782326,
    "mean": 7.955951637078961,
    "std": 3.1209532447588106
  }
}