{
  "hash": "ef798d2995500bc91df270b843c7ee002e30ae6565ab8fdad1a60b36995099ea",
  "stats": {
    "shape": [
      77,
      77
    ],
    "size": 5929,
    "min": 0.0,
    "max": 15.069792574742483,
    "mean": 7.5845169627687135,
    "std": 3.079858862564477
  }
}