{
  "hash": "1a0bac876f7c060d864a3b085db48614f102f4dea0d1efe396f11aa0a46614fd",
  "stats": {
    "shape": [
      70,
      70
    ],
    "size": 4900,
    "min": 0.0,
    "max": 15.594844205034693,
    "mean": 6.874832864424574,
    "std": 2.855873614050677
  }
}