{
  "f0_hash": "c987257103cb518ac8d308c056b7e9d834c8f8cca3796c33c0a8441a1a24dadd",
  "f1_hash": "c1ee432302028c9095ecd2f796330083b365f11e039ad664511b3af0c5f3cccd",
  "f0_stats": {
    "shape": [
      5
    ],
    "size": 5,
    "min": 0.404404784613391,
    "max": 150.05258507392628,
    "mean": 31.4290250669225,
    "std": 59.32337502594682
  },
  "f1_stats": {
    "shape": [
      15
    ],
    "size": 15,
    "min": 0.01002302026997981,
    "max": 383.7927078604334,
    "mean": 53.18646529877396,
    "std": 121.37124453543332
  }
}