{
  "hash": "faa1d898e30816c01525919cde2652cb87ffa75fbe4f4111b1885e4f8f06d828",
  "stats": {
    "shape": [
      81,
      81
    ],
    "size": 6561,
    "min": 0.0,
    "max": 15.439183422996322,
    "mean": 7.422567109314921,
    "std": 2.961588720896258
  }
}