{
  "count": 84,
  "ids_hash": "500b8abc5ce60589a0c3e53dd03a50f164912de58ac4b013b2f86e5eaf604bfb",
  "coords_hash": "35b495369228ed1d9c5964c40f67892da5263cd3be30a915099dd2e29a145d70",
  "coords_stats": {
    "shape": [
      84,
      3
    ],
    "size": 252,
    "min": -18.422000885009766,
    "max": 56.28099822998047,
    "mean": 11.513805613926952,
    "std": 27.8488873559577
  }
}