{
  "hash": "6f1ecfa3fe9a4d5d30b56267efe541f0444f51f2ecab3dd5b7cfa38cbc6d6433",
  "stats": {
    "shape": [
      103,
      103
    ],
    "size": 10609,
    "min": 0.0,
    "max": 15.561770465489385,
    "mean": 7.837572306268807,
    "std": 2.990823924785708
  }
}