{
  "f0_hash": "6822d45a7efade76baee00f4d4769f7cc6dde421f584e0019621553877eed9bb",
  "f1_hash": "1e550d4a65e2db5d88fb396880595aa7a7b2524a58bf989cf3d8b00850c75793",
  "f0_stats": {
    "shape": [
      5
    ],
    "size": 5,
    "min": 0.44861353171368223,
    "max": 153.88309195914644,
    "mean": 32.15090295139653,
    "std": 60.87597634779439
  },
  "f1_stats": {
    "shape": [
      15
    ],
    "size": 15,
    "min": 0.010341882465022323,
    "max": 514.3679108565727,
    "mean": 71.21007853966404,
    "std": 164.91814730009946
  }
}