{
  "f0_hash": "6399407e376c7a1f3c18f1878b6a7422f6ecb8923c245b5578df591c01f2ffa3",
  "f1_hash": "1a814f7d684404b6ed1fca11ab83a5411d32c077d5664b847099c0d54fb21956",
  "f0_stats": {
    "shape": [
      5
    ],
    "size": 5,
    "min": 0.5568625577352646,
    "max": 142.90750050380305,
    "mean": 29.984672837006645,
    "std": 56.47057152957518
  },
  "f1_stats": {
    "shape": [
      15
    ],
    "size": 15,
    "min": 0.01013699654973621,
    "max": 355.6435717292238,
    "mean": 50.22066986906038,
    "std": 111.65456207309882
  }
}