{
  "f0_hash": "bf58fcfc8b1cda25247e43d54f15c63d988613bd80f12c1ec7d76b4829e3d762",
  "f1_hash": "fb9885a183984e3acba5412d60fa1f879db5c6988893421f4250a03a08314d4b",
  "f0_stats": {
    "shape": [
      5
    ],
    "size": 5,
    "min": 0.46985453648612396,
    "max": 163.13890684808092,
    "mean": 33.912394444130314,
    "std": 64.62383081861996
  },
  "f1_stats": {
    "shape": [
      15
    ],
    "size": 15,
    "min": 0.010310519569379117,
    "max": 501.8713073163505,
    "mean": 69.87512413703786,
    "std": 160.72585584327004
  }
}