{
  "count": 69,
  "ids_hash": "0e6bc2399ab2c5ca69b6ee5f3520ce703ef33b3d7fe26da244b374e698809e3a",
  "coords_hash": "bb3028e9d52aad686c7360b294a8b59a9b3ac5258b0eb846886c34565583136f",
  "coords_stats": {
    "shape": [
      69,
      3
    ],
    "size": 207,
    "min": 5.671000003814697,
    "max": 56.83599853515625,
    "mean": 30.827627932967772,
    "std": 15.81680270164396
  }
}