{
  "count": 117,
  "ids_hash": "07a7506c32498071c8db5596d7fa2967acfe7c28c9ce06ec11ea5d57522b2dbf",
  "coords_hash": "4f2b1a91e18fa324f22d190cbb444ee16aec62d2731c50d64b24bc19a26a3abb",
  "coords_stats": {
    "shape": [
      117,
      3
    ],
    "size": 351,
    "min": -29.60099983215332,
    "max": 21.46500015258789,
    "mean": -2.9418831807574484,
    "std": 15.220846148256209
  }
}