{
  "hash": "3e0242f79865c9318d4ed6fcc2b9f9a167b9aaa0f5586187e91b6298729272d8",
  "stats": {
    "shape": [
      100,
      100
    ],
    "size": 10000,
    "min": 0.0,
    "max": 15.522541064305623,
    "mean": 7.846086241791618,
    "std": 3.0510654759455886
  }
}