{
  "f0_hash": "94c30eda1deb614bf897f1228ddbe618fcdc49e20d845222ed80e123e43b19e4",
  "f1_hash": "fc3bdc3618202fc070abce63f66fd7a358a92af8025050daab4909dc001ce134",
  "f0_stats": {
    "shape": [
      5
    ],
    "size": 5,
    "min": 0.5107776458593524,
    "max": 179.12292378480691,
    "mean": 37.26385454585201,
    "std": 70.93873670443543
  },
  "f1_stats": {
    "shape": [
      15
    ],
    "size": 15,
    "min": 0.010862871002793817,
    "max": 499.9885128493959,
    "mean": 68.88290819299371,
    "std": 157.54919303129643
  }
}