{
  "count": 102,
  "ids_hash": "e3aa7301855a9dded45792359c195768e3bab850f8598c4b738bf4975a7c7b5b",
  "coords_hash": "57bc9d414ce64af90164955dbe6a7cbb918e6cb201ab838b747d36214ba13240",
  "coords_stats": {
    "shape": [
      102,
      3
    ],
    "size": 306,
    "min": -1.4989999532699585,
    "max": 81.11199951171875,
    "mean": 35.262539171887674,
    "std": 29.08610972236992
  }
}