MODEL,PRED_DOCKQ
3TSN_af2m,0.9306024
3TSN,0.91961557
