{
  "f0_hash": "fd0284dc8ed0db1e3c447477bc2efac6dc9cc3dc0c15a4ff230cc813f4027e81",
  "f1_hash": "f877a0e90b2e59eef08d8311690f2eda09b1f02e7eb89c7e850c7c16873e4a56",
  "f0_stats": {
    "shape": [
      5
    ],
    "size": 5,
    "min": 0.5065409120439288,
    "max": 174.57858612564397,
    "mean": 36.345724506499984,
    "std": 69.12527106285096
  },
  "f1_stats": {
    "shape": [
      15
    ],
    "size": 15,
    "min": 0.011328704918776467,
    "max": 561.1784485578613,
    "mean": 77.29097201658816,
    "std": 177.74527290946793
  }
}