{
  "count": 102,
  "ids_hash": "a668b8076ae66e13b59c7f10e3c8f6e4595aca59546a99b7f60fa9345081f2c8",
  "coords_hash": "b00a4abedb6340cbef5a39b6d46d4772f554300a34acd8b63703abee1693139c",
  "coords_stats": {
    "shape": [
      102,
      3
    ],
    "size": 306,
    "min": 0.36800000071525574,
    "max": 97.5,
    "mean": 38.24957845676568,
    "std": 37.1473382470769
  }
}