{
  "hash": "18c940048f86d75e41569e926dc6a0d6b27ea6453589ce66fabbbed4f22fb8da",
  "stats": {
    "shape": [
      80,
      80
    ],
    "size": 6400,
    "min": 0.0,
    "max": 15.2031899729461,
    "mean": 7.5576385592435384,
    "std": 3.068784165720283
  }
}