{
  "f0_hash": "bb21821bc915337747b0670ea312022b8941a09fa10f4a1598ab61bab001fe36",
  "f1_hash": "6188bbfc0d9bcc28067b0fab942fbd22ceb09f8dc3939f9f38cbed3b03775cc3",
  "f0_stats": {
    "shape": [
      5
    ],
    "size": 5,
    "min": 0.4969769938736572,
    "max": 167.73194731989202,
    "mean": 34.9304881858388,
    "std": 66.40895095749624
  },
  "f1_stats": {
    "shape": [
      15
    ],
    "size": 15,
    "min": 0.010089645722351825,
    "max": 506.4156451100959,
    "mean": 69.93361522892013,
    "std": 160.82305333919416
  }
}