{
  "count": 138,
  "ids_hash": "202456c7ae61128fa0c61e5e4eb43eace5718245113080887e7ce16ceb9743dc",
  "coords_hash": "92f9051b48f793eb3461afe8ea4c1c0ac1d0857b028e28f1c49e3c8bcdb2ab2c",
  "coords_stats": {
    "shape": [
      138,
      3
    ],
    "size": 414,
    "min": -40.45600128173828,
    "max": 9.09000015258789,
    "mean": -15.54396133845591,
    "std": 15.07131209423235
  }
}