{
  "f0_hash": "ebe66a653b46951993bfe33795be22ca9421a19a9c079da55e4a3efa51b6c9af",
  "f1_hash": "70e177cad230d81cf27617a12d99f2fd7a40521e062e1eaf73037d3352e4df8f",
  "f0_stats": {
    "shape": [
      5
    ],
    "size": 5,
    "min": 0.3747099262788152,
    "max": 152.96280263963385,
    "mean": 32.06941023919886,
    "std": 60.46169749669291
  },
  "f1_stats": {
    "shape": [
      15
    ],
    "size": 15,
    "min": 0.010020686919065547,
    "max": 453.35986648313633,
    "mean": 63.37843770153458,
    "std": 144.36436402056458
  }
}