{
  "f0_hash": "d6c9a708af4d0f03bb66f4512ff76071c41de0cb3de7ce9e363c11f67ab1f4fb",
  "f1_hash": "d4728e873f17c7c7cea0722b681d946251430f854d04e72f8bfee06803afabe2",
  "f0_stats": {
    "shape": [
      5
    ],
    "size": 5,
    "min": 0.48542668822842056,
    "max": 138.89552325374203,
    "mean": 29.218539741581377,
    "std": 54.85067062993031
  },
  "f1_stats": {
    "shape": [
      15
    ],
    "size": 15,
    "min": 0.012211342655174207,
    "max": 389.55227443115234,
    "mean": 54.63955034777565,
    "std": 123.61679643677911
  }
}