{
  "f0_hash": "db150d0eca0e5448422abcdcb588afcea4dd96bf71dbd2c0b6778ddd35159e0e",
  "f1_hash": "fb21b8d6209e0eb26535bb7ec11d6b5ceea76c13684f2ba2a0850b9a24a9dc12",
  "f0_stats": {
    "shape": [
      5
    ],
    "size": 5,
    "min": 0.3358759295034668,
    "max": 149.8371728849642,
    "mean": 31.24917493892616,
    "std": 59.302354983720065
  },
  "f1_stats": {
    "shape": [
      15
    ],
    "size": 15,
    "min": 0.010378974981893663,
    "max": 439.05861561330136,
    "mean": 60.71324077777395,
    "std": 139.97400922263452
  }
}