{
  "count": 64,
  "ids_hash": "92ddfcee94449eb304500b220121b259c164539edc4663d508a3cd27a6695e3c",
  "coords_hash": "1780a0690e11c8cf0a4ee9ebc2040c2b8cc8fc7e0710c842d2d9608f46b5ccbc",
  "coords_stats": {
    "shape": [
      64,
      3
    ],
    "size": 192,
    "min": -30.520000457763672,
    "max": 79.7030029296875,
    "mean": 27.89025541146596,
    "std": 39.80942586313359
  }
}