{
  "f0_hash": "a71979fc2a86b08393350ffd19244dd33ae26d31efa0d27bf3c455a86816a79c",
  "f1_hash": "acf715dd98c51c3f729cb0a2aff00748a624b82f6f5f056d5dcac45a0f2c6de8",
  "f0_stats": {
    "shape": [
      5
    ],
    "size": 5,
    "min": 0.4603458687192537,
    "max": 181.72836392028896,
    "mean": 37.67449001022281,
    "std": 72.0334999212852
  },
  "f1_stats": {
    "shape": [
      15
    ],
    "size": 15,
    "min": 0.010108834399715771,
    "max": 615.1682705897156,
    "mean": 84.08150830860112,
    "std": 195.76332001815675
  }
}