{
  "f0_hash": "17e3f9f778030f6dda84e3bc32325bfd5c8685405411fd4ab45ddd1d37890e70",
  "f1_hash": "e2f8617442d79f834511b798d8c8810e035f8502a9e9ad5bcb168ec5c4b6b30d",
  "f0_stats": {
    "shape": [
      5
    ],
    "size": 5,
    "min": 0.3520289034368234,
    "max": 118.9719522883523,
    "mean": 25.05027961557074,
    "std": 46.97026388588315
  },
  "f1_stats": {
    "shape": [
      15
    ],
    "size": 15,
    "min": 0.010275193955215478,
    "max": 268.16608649764675,
    "mean": 37.617961291635154,
    "std": 85.08160826156282
  }
}