MODEL,PRED_DOCKQ
4MCW_af2m,0.85670495
4MCW,0.8047595
