{
  "hash": "b5f542f72b44ddd814fe0abb7a93f583044e30c47156169f2ce15b07a05a9cd3",
  "stats": {
    "shape": [
      108,
      108
    ],
    "size": 11664,
    "min": 0.0,
    "max": 15.73270669971165,
    "mean": 7.860217561269855,
    "std": 3.050643176376714
  }
}