MODEL,PRED_DOCKQ
3PVZ_af2m,0.300442
3PVZ,0.028382374
