{
  "hash": "1987a526a2b502b86f5e54a4209186151d3b95d76d9976a59d73e40b6c8f6acf",
  "stats": {
    "shape": [
      103,
      103
    ],
    "size": 10609,
    "min": 0.0,
    "max": 15.841329709206924,
    "mean": 7.9115883093084065,
    "std": 3.0506425642733137
  }
}