{
  "hash": "a539d3c9b0cadf75c4f0c2795d14cb505cdc2ada449a4db320d27faeafbb282d",
  "stats": {
    "shape": [
      30,
      30
    ],
    "size": 900,
    "min": 0.0,
    "max": 14.291832365542444,
    "mean": 6.086845760530691,
    "std": 2.953990759179201
  }
}