{
  "f0_hash": "26670acaa2a4e4faf8e659ab567ce185ba2c3449d7391ebfeb9780d05181418b",
  "f1_hash": "1c57323fc1e75b1d170bd242d58e76a2f233736cb17ef089427fdffcdc64c59b",
  "f0_stats": {
    "shape": [
      5
    ],
    "size": 5,
    "min": 0.41109834907942794,
    "max": 130.4603668051276,
    "mean": 27.374385824509858,
    "std": 51.551311640071496
  },
  "f1_stats": {
    "shape": [
      15
    ],
    "size": 15,
    "min": 0.011051142557982008,
    "max": 339.73778335087945,
    "mean": 48.502919177667785,
    "std": 106.86259019616774
  }
}