{
  "count": 106,
  "ids_hash": "28de36a60d27393bf849d3a147021816e30510389f9455c01d6ab56afc05fcb7",
  "coords_hash": "3971b17ef39c35b29e23418fae3fe7e53c51de8513b699c80646b3ad9dbc9beb",
  "coords_stats": {
    "shape": [
      106,
      3
    ],
    "size": 318,
    "min": -12.473999977111816,
    "max": 43.18600082397461,
    "mean": 19.554811348236584,
    "std": 18.309258148322776
  }
}