{
  "f0_hash": "7db4081e8c1e97f4b84b0615feb97c30c5fceb26adc184b6e2e76db55fe4dd57",
  "f1_hash": "cc09fb36e39a8e264b597e78974752e9ad8d3848d0353b16224b317142ba6117",
  "f0_stats": {
    "shape": [
      5
    ],
    "size": 5,
    "min": 0.4604429835017644,
    "max": 90.55408165424738,
    "mean": 19.608301040944614,
    "std": 35.496230466330566
  },
  "f1_stats": {
    "shape": [
      15
    ],
    "size": 15,
    "min": 0.010266511828099567,
    "max": 176.74133063167318,
    "mean": 26.252732178648248,
    "std": 56.03366551947272
  }
}