{
  "count": 117,
  "ids_hash": "c7f5118f0cc2f38cedf0a72c2df153a392acaf4307fcf8dd621b0905a1556dcd",
  "coords_hash": "379546143074f61adf9441d3aa77cc7035e8536faa82bf73a88b3cd7bfdccb7b",
  "coords_stats": {
    "shape": [
      117,
      3
    ],
    "size": 351,
    "min": -5.689000129699707,
    "max": 93.76399993896484,
    "mean": 39.67708539896966,
    "std": 35.21498404218943
  }
}