{
  "hash": "68f0e483b2c5ac624cca622d0d1570dd740bea5dc07bfe30a6bb90b9fb8e6e89",
  "stats": {
    "shape": [
      104,
      104
    ],
    "size": 10816,
    "min": 0.0,
    "max": 15.691941080339662,
    "mean": 7.955347685917086,
    "std": 3.0328139865902948
  }
}