{
  "f0_hash": "28d6e805c2ae83721e4e3fb95eede69daed3d582df62036f2cbf1c19624aadf3",
  "f1_hash": "7005f16ec8ca4f399bb0de2cb592c0da89d69c17a17705904d4c4f7d455320bb",
  "f0_stats": {
    "shape": [
      5
    ],
    "size": 5,
    "min": 0.5126749675190077,
    "max": 173.81037345526005,
    "mean": 36.19562833742273,
    "std": 68.81628811372438
  },
  "f1_stats": {
    "shape": [
      15
    ],
    "size": 15,
    "min": 0.010370720886968776,
    "max": 556.6329009826228,
    "mean": 76.48987252800234,
    "std": 176.7565455849846
  }
}