{
  "f0_hash": "834074e0144afff4b1ec62a904ae1e723c2a1ad2b9ad3e3f63e9ba72ee0d90a3",
  "f1_hash": "057b0a04074c5532fa2d7b1a8b1b55a37da0493b92b53318d216ae2017dccfa9",
  "f0_stats": {
    "shape": [
      5
    ],
    "size": 5,
    "min": 0.44628346740893704,
    "max": 171.96385116100146,
    "mean": 35.74607550537264,
    "std": 68.11681029134762
  },
  "f1_stats": {
    "shape": [
      15
    ],
    "size": 15,
    "min": 0.010108834399715771,
    "max": 523.0451533847372,
    "mean": 71.90604330855768,
    "std": 166.64889381774063
  }
}