{
  "count": 121,
  "ids_hash": "174b469a4611c87567b2dd420fc4764f48d50fcf17dcab2bd53753acbdb52979",
  "coords_hash": "8b7ab71b0f09e78f7c1f3c8f86366c2389862f0e14d1d16cd528f8c7ad23f5c6",
  "coords_stats": {
    "shape": [
      121,
      3
    ],
    "size": 363,
    "min": -5.1620001792907715,
    "max": 36.88800048828125,
    "mean": 18.342016579721832,
    "std": 12.140252241858438
  }
}