{
  "f0_hash": "1a90e1eea191beb57a9b19a267beff90fe096fc191a1ccabd3c3822d7ce3ba15",
  "f1_hash": "3e49982c729f6fd848a5f762257aa56ecf4e9a732714f21948c3d1a775580387",
  "f0_stats": {
    "shape": [
      5
    ],
    "size": 5,
    "min": 0.48868324838483623,
    "max": 105.05404716687056,
    "mean": 22.42965574145715,
    "std": 41.32740003145616
  },
  "f1_stats": {
    "shape": [
      15
    ],
    "size": 15,
    "min": 0.010230321126056374,
    "max": 262.9796614329456,
    "mean": 37.59526889516936,
    "std": 84.04493712631442
  }
}