{
  "count": 54,
  "ids_hash": "e8a1c466471b22c97185c0cdbd66f180153c33ea8b798120d7e597312118633b",
  "coords_hash": "7629d8a98160a76d7977b4a8e8aa96049233cf461141bddcffa6675782769d15",
  "coords_stats": {
    "shape": [
      54,
      3
    ],
    "size": 162,
    "min": 2.941999912261963,
    "max": 62.367000579833984,
    "mean": 36.19148763462349,
    "std": 20.54388091290857
  }
}