{
  "f0_hash": "15fcd5c8dfb40bba5364c7c0c18af4c64f746fe200f0efff86c3d953d59837a5",
  "f1_hash": "f246e786934d7c8c3c4bd889922497c60fe3123ce6c2a6ff1d9401050c918cbc",
  "f0_stats": {
    "shape": [
      5
    ],
    "size": 5,
    "min": 0.5835479509088402,
    "max": 168.2736178240536,
    "mean": 35.137015447575756,
    "std": 66.57833782010245
  },
  "f1_stats": {
    "shape": [
      15
    ],
    "size": 15,
    "min": 0.010893589875198728,
    "max": 565.2979685381072,
    "mean": 77.64079880679063,
    "std": 180.00571752186846
  }
}