{
  "hash": "3643a56197bf9e590219d05c7b90a934b8b7412037dc01d0cf9307eb9273b4ef",
  "stats": {
    "shape": [
      99,
      99
    ],
    "size": 9801,
    "min": 0.0,
    "max": 15.473776370687256,
    "mean": 7.972959634256338,
    "std": 3.075514930914506
  }
}