{
  "hash": "eb16bf7f0f4594d503e70e887c76f2a3c62fe26727bf76718a72f60e90c13805",
  "stats": {
    "shape": [
      90,
      90
    ],
    "size": 8100,
    "min": 0.0,
    "max": 15.090590122685132,
    "mean": 7.304866349365529,
    "std": 2.881825520079116
  }
}