MODEL,PRED_DOCKQ
1ULK_af2m,0.2588539
1ULK,0.0003778727
