{
  "hash": "6768de1c724a172cc11614508f2d2f45cb44c3e280b6af4e3a88f370d326e073",
  "stats": {
    "shape": [
      107,
      107
    ],
    "size": 11449,
    "min": 0.0,
    "max": 15.767409818875173,
    "mean": 7.983608299342063,
    "std": 3.0531110717945062
  }
}