MODEL,PRED_DOCKQ
1VLR_af2m,0.83585596
1VLR,0.80808467
