MODEL,PRED_DOCKQ
2E8V_af2m,0.88136137
2E8V,0.8365506
