{
  "f0_hash": "4575a6904314ea40a8d0280614e8864f65d70a87663c81c569420baca034eaa0",
  "f1_hash": "33494788f171fabb3232baab9abcb466630a660edc52739515d2679293b1e2c6",
  "f0_stats": {
    "shape": [
      5
    ],
    "size": 5,
    "min": 0.48961270219731734,
    "max": 137.53887163305404,
    "mean": 28.950699246214505,
    "std": 54.30636703983103
  },
  "f1_stats": {
    "shape": [
      15
    ],
    "size": 15,
    "min": 0.013638712119539598,
    "max": 335.1581592428367,
    "mean": 47.36595524762688,
    "std": 105.32165608132634
  }
}