{
  "count": 92,
  "ids_hash": "1d3745e804cffce6d4ada77a9abc7f5fd6e6e94aacc22b62ea543c192d9a4671",
  "coords_hash": "c809f55959955f3299e88d871f775d33e18c4d99d8a36fd2f1001304a882e1a3",
  "coords_stats": {
    "shape": [
      92,
      3
    ],
    "size": 276,
    "min": -5.118000030517578,
    "max": 27.937000274658203,
    "mean": 12.58746014173696,
    "std": 8.836558836118854
  }
}