{
  "hash": "43fc4e5e97b379735c4aa7688238c59caee2b0f2f5d7ca7798e8bcd097944ecc",
  "stats": {
    "shape": [
      80,
      80
    ],
    "size": 6400,
    "min": 0.0,
    "max": 15.113025312186126,
    "mean": 7.1911602472650324,
    "std": 2.9492513412848314
  }
}