{
  "count": 115,
  "ids_hash": "ac0c83f4807b6fe0f292173645bd276b3b444a00c11f809366be5c2313d68259",
  "coords_hash": "f802d7ce692fc17bad5bb9af24429f554dc9eb2da5e518c1f56c091b7fefcb70",
  "coords_stats": {
    "shape": [
      115,
      3
    ],
    "size": 345,
    "min": -1.4249999523162842,
    "max": 28.18600082397461,
    "mean": 12.996965210852416,
    "std": 7.669079043476034
  }
}