{
  "count": 104,
  "ids_hash": "93d09088255488c3e72cad1088687db44438ab1decc7c75d3e0db8be4a608e2c",
  "coords_hash": "ac4673434f671e34bbdca09ce3dae255db6baae6c3591d880dc759b7e3f86891",
  "coords_stats": {
    "shape": [
      104,
      3
    ],
    "size": 312,
    "min": -6.797999858856201,
    "max": 32.069000244140625,
    "mean": 12.076913447978978,
    "std": 10.817492491789318
  }
}