{
  "hash": "7b91ebc1a2ed3f44f0eb81eed1e96137cac17c314c584945f1077c4bb92cd70a",
  "stats": {
    "shape": [
      107,
      107
    ],
    "size": 11449,
    "min": 0.0,
    "max": 15.695527847353443,
    "mean": 7.677707924065551,
    "std": 2.9541363404797707
  }
}