{
  "count": 106,
  "ids_hash": "74930e50108e08b2e3b5bc59808105800bb24ea6abfa970039464914c86b431f",
  "coords_hash": "ac423bb1156de755d3dd6df0454fcd46e96bf11a23c5cac527069a77945b83b5",
  "coords_stats": {
    "shape": [
      106,
      3
    ],
    "size": 318,
    "min": -6.190000057220459,
    "max": 64.5999984741211,
    "mean": 28.14605027276718,
    "std": 23.1358956709742
  }
}