{
  "count": 113,
  "ids_hash": "44f74e3a0b2a1d7895cadbad25f7330064eae5c7a74765afc7bfaf76568e5dc7",
  "coords_hash": "ca03ed61f05b5ccc69aca589aa86836f8d47a829b055326805182dfbea0c6d1c",
  "coords_stats": {
    "shape": [
      113,
      3
    ],
    "size": 339,
    "min": -2.0490000247955322,
    "max": 54.03900146484375,
    "mean": 20.017825948145887,
    "std": 18.956278585964355
  }
}