{
  "f0_hash": "788c0ba5d85c52d076363d75665efa6630ec92431fb42ca5728d7b398df9c468",
  "f1_hash": "8b048e76bc22dd49f73666f4ff6057bf9efe67946cfbf23c3bd494630a01fe98",
  "f0_stats": {
    "shape": [
      5
    ],
    "size": 5,
    "min": 0.4962622098251046,
    "max": 126.24768244793157,
    "mean": 26.67666332874692,
    "std": 49.79802476296599
  },
  "f1_stats": {
    "shape": [
      15
    ],
    "size": 15,
    "min": 0.011196793075184175,
    "max": 324.8623897702146,
    "mean": 45.46566092109053,
    "std": 102.50644131364002
  }
}