{
  "f0_hash": "1dd37a0bd6c6d751442df9aca7807f0baef836ae9e54b61eda01e47a56993a7c",
  "f1_hash": "0164e24f6a0571a5cc2ab3bf2b3799b26112ece563a1af541b28a76bc24af826",
  "f0_stats": {
    "shape": [
      5
    ],
    "size": 5,
    "min": 0.4990171080979845,
    "max": 157.87179791420058,
    "mean": 33.03439196663477,
    "std": 62.42972554966755
  },
  "f1_stats": {
    "shape": [
      15
    ],
    "size": 15,
    "min": 0.010656522768564436,
    "max": 492.35128512359694,
    "mean": 68.07667941043901,
    "std": 155.60610613512543
  }
}