{
  "f0_hash": "2c0b3876fa0adbb928fd418970c0706ff34d2f269129b6d3a41dc39862c025dd",
  "f1_hash": "0ef21fb2c616b120314b50417b618f7793d7d9bccbf283b0dba1d6f178fe9d32",
  "f0_stats": {
    "shape": [
      5
    ],
    "size": 5,
    "min": 0.9928390160752474,
    "max": 107.86068499609527,
    "mean": 23.510402510352325,
    "std": 42.20767406485544
  },
  "f1_stats": {
    "shape": [
      15
    ],
    "size": 15,
    "min": 0.010422037928054628,
    "max": 369.17063097026687,
    "mean": 53.89879254247111,
    "std": 118.78013926788
  }
}