{
  "f0_hash": "bc85ac01f025890201bb4459ce396449e5757bf45b6c63e1db91fc2e271174be",
  "f1_hash": "c964436b7bae810bd7c0ecbcf5d9b1d9138069f6b8d69f4c659f8dfb0e7b4a72",
  "f0_stats": {
    "shape": [
      5
    ],
    "size": 5,
    "min": 0.5664352102665927,
    "max": 177.3632579117552,
    "mean": 36.97640003821493,
    "std": 70.20368626654376
  },
  "f1_stats": {
    "shape": [
      15
    ],
    "size": 15,
    "min": 0.010818458974116929,
    "max": 617.4623345801838,
    "mean": 84.57818190106286,
    "std": 196.54835636262106
  }
}