{
  "hash": "a3430ada5412946253bfdfb52e5ea3d34067992cc8216786121a430ed820e9fe",
  "stats": {
    "shape": [
      117,
      117
    ],
    "size": 13689,
    "min": 0.0,
    "max": 15.512471238070113,
    "mean": 8.01857843801582,
    "std": 3.092329459201694
  }
}