{
  "count": 96,
  "ids_hash": "afcecbffe3300673ed27835b7ef258ff4cec919013f5f4d16ae98712c4759162",
  "coords_hash": "59cd1d9224c29dca4faccf5b257245f47217dd9e1d4cdb0c4d8cc6ca26cc3b67",
  "coords_stats": {
    "shape": [
      96,
      3
    ],
    "size": 288,
    "min": -7.794000148773193,
    "max": 54.35499954223633,
    "mean": 17.71885769938429,
    "std": 21.517834703996925
  }
}