{
  "hash": "1b688c83a4f9bb68880aa8eb4fc2015053adb904032bf3a1a2c4c4ec6228d3c8",
  "stats": {
    "shape": [
      72,
      72
    ],
    "size": 5184,
    "min": 0.0,
    "max": 15.181885981901052,
    "mean": 7.372601402391138,
    "std": 2.980476833571647
  }
}