{
  "f0_hash": "b4b7c9ba936b64493c4cf10839fcdb75345c5c08b0d1b7bc4452c771d8374889",
  "f1_hash": "a672dc003e112e3dd7835e10046ed239df7fdcff3e3903a209e1a8813fd835a9",
  "f0_stats": {
    "shape": [
      5
    ],
    "size": 5,
    "min": 0.5125828536806669,
    "max": 118.98700899368207,
    "mean": 25.229655300459864,
    "std": 46.89166838549855
  },
  "f1_stats": {
    "shape": [
      15
    ],
    "size": 15,
    "min": 0.015002100493797244,
    "max": 329.295333529236,
    "mean": 48.03921834477993,
    "std": 104.22610634011785
  }
}