{
  "hash": "efac267f569486744a51d155c964cb0bc5b911893a1777eb3436a52b5e0e2470",
  "stats": {
    "shape": [
      58,
      58
    ],
    "size": 3364,
    "min": 0.0,
    "max": 15.406777045901272,
    "mean": 7.509008669788299,
    "std": 3.305978301237135
  }
}