{
  "hash": "ae040d0dc1d0e013da3221c2f4b66c5076d6d3adf67dd33c38e8ff3728935102",
  "stats": {
    "shape": [
      112,
      112
    ],
    "size": 12544,
    "min": 0.0,
    "max": 15.537285746285526,
    "mean": 8.349638927139834,
    "std": 3.187052259253091
  }
}