{
  "hash": "4c5d0bf07b554632fe2788d78b12d3f17c3c1a4d0af7a559838cfd3fd92a3f19",
  "stats": {
    "shape": [
      89,
      89
    ],
    "size": 7921,
    "min": 0.0,
    "max": 15.587502601837231,
    "mean": 7.419742521393882,
    "std": 2.938177444453157
  }
}