{
  "hash": "dd1711bc6867c03e42cc11684df10b6a17ec545d3a86a91c67a46415a54f587d",
  "stats": {
    "shape": [
      55,
      55
    ],
    "size": 3025,
    "min": 0.0,
    "max": 14.876322685832175,
    "mean": 6.45826912465937,
    "std": 2.813195978347773
  }
}