{
  "count": 110,
  "ids_hash": "d742f0cd8c69c0bdba613af29564bd3d55afda3653adbbc1413f98283f4150a4",
  "coords_hash": "296d83d4ff76b6e26f4b48902bffd4d78331d6ed165127e6d8069f5e52c5eca0",
  "coords_stats": {
    "shape": [
      110,
      3
    ],
    "size": 330,
    "min": -39.1510009765625,
    "max": 35.198001861572266,
    "mean": 7.292790875290379,
    "std": 27.79600718795728
  }
}