{
  "count": 58,
  "ids_hash": "ad59d8ba6cbeb2ac15860de71f509ca21a8728b407ae8b0a710a76138cd38ccf",
  "coords_hash": "99c66c1be854496bc56eb48e9a4ea4eb989969fbea617dc6147fabefb8429fcb",
  "coords_stats": {
    "shape": [
      58,
      3
    ],
    "size": 174,
    "min": -12.119000434875488,
    "max": 45.82500076293945,
    "mean": 19.201465484910997,
    "std": 19.134680248422313
  }
}