{
  "count": 93,
  "ids_hash": "f8cf06c0f9887384588ae68d6001fd851e816167e9b4c42839543944e31e8939",
  "coords_hash": "c4d054666806695730a3a022f23b7762ba30c2909f5647ebb93dd80b7a6ec0a6",
  "coords_stats": {
    "shape": [
      93,
      3
    ],
    "size": 279,
    "min": 8.118000030517578,
    "max": 66.02899932861328,
    "mean": 41.96358064425889,
    "std": 20.033913642958805
  }
}