{
  "hash": "d0ae536691384d89f3c71a2fe4259cb2bdd2f4dc83e996ca0bc4248d0eb345df",
  "stats": {
    "shape": [
      49,
      49
    ],
    "size": 2401,
    "min": 0.0,
    "max": 12.73108671355184,
    "mean": 6.187717401645868,
    "std": 2.585141584178843
  }
}