{
  "hash": "db6d0eacd351aaf55d11d13e186a8fa230aec7f8e7598255ab07f51bcdd0688f",
  "stats": {
    "shape": [
      84,
      84
    ],
    "size": 7056,
    "min": 0.0,
    "max": 15.530746573971717,
    "mean": 7.583668702955189,
    "std": 3.037827814034815
  }
}