{
  "f0_hash": "143f02c9e29ffa5d4d504732ec5bc8947f827379144e5ee09f94cb33198d234f",
  "f1_hash": "d54dee62fba5707b257b7debaa0f549a760e71400db40057c85badbd35edd3cf",
  "f0_stats": {
    "shape": [
      5
    ],
    "size": 5,
    "min": 0.3976356169330623,
    "max": 123.1965444633005,
    "mean": 25.9636882942586,
    "std": 48.62729868742071
  },
  "f1_stats": {
    "shape": [
      15
    ],
    "size": 15,
    "min": 0.01205927212789959,
    "max": 344.980854385474,
    "mean": 47.88790604632431,
    "std": 110.30719073889752
  }
}