{
  "count": 88,
  "ids_hash": "95b022577dbdae1013cffec2aa64ba0e5a1cacb9499983024aa1f823ff6e5cb7",
  "coords_hash": "bf0ec15165d7b68bc4bfc1fc8b753af412ff689936d28e26b25ed8a258bd6abc",
  "coords_stats": {
    "shape": [
      88,
      3
    ],
    "size": 264,
    "min": -5.105000019073486,
    "max": 57.46799850463867,
    "mean": 28.58957951861631,
    "std": 20.80561521042838
  }
}