{
  "count": 73,
  "ids_hash": "42ac0d9299111d6a3f46ba6150be74cfadca528e735c3b1fb260aafc3452e251",
  "coords_hash": "2b217f97b6a9157ccbc696f2dd337f810a16a1c48089e74cc2b221d78af0c20b",
  "coords_stats": {
    "shape": [
      73,
      3
    ],
    "size": 219,
    "min": -1.9869999885559082,
    "max": 49.46900177001953,
    "mean": 21.87235623378664,
    "std": 15.720874264514835
  }
}