{
  "count": 81,
  "ids_hash": "036fb7c89f0928fe003fcf299473462d7467b35ae0ce954e1f21a7cbdf4077fe",
  "coords_hash": "3c0783b1a25743e3113ed96bd4b4f016ffcc460b8f75f85a264e8871518a6d8a",
  "coords_stats": {
    "shape": [
      81,
      3
    ],
    "size": 243,
    "min": -29.767000198364258,
    "max": 54.25299835205078,
    "mean": 4.642930085766953,
    "std": 31.13946218071933
  }
}