{
  "count": 65,
  "ids_hash": "34c2269827faee5a0c8e1126fe1c15facc32faf072ecd4d55f8794a44f0319d1",
  "coords_hash": "f8bb165d7d19950b60b357665ae0951d6a57358da2f27534d98f399b469bce97",
  "coords_stats": {
    "shape": [
      65,
      3
    ],
    "size": 195,
    "min": -11.746000289916992,
    "max": 18.55900001525879,
    "mean": 1.4375230976404287,
    "std": 8.235273027729441
  }
}