{
  "hash": "9eff6b190f7854b0b6e53e25050a514b67952c19511b16b0d8aa8a3724e53d47",
  "stats": {
    "shape": [
      79,
      79
    ],
    "size": 6241,
    "min": 0.0,
    "max": 15.551892549448272,
    "mean": 7.108370848770168,
    "std": 2.950431352032184
  }
}