{
  "f0_hash": "efa01c681da0f50f740672570831379f99a5aad56f86d22f570b4be8450b3e21",
  "f1_hash": "0e49964a948fbc110e3c72f3214e47b406c3f7b0852425936632d979b966e9f3",
  "f0_stats": {
    "shape": [
      5
    ],
    "size": 5,
    "min": 0.11916786648037012,
    "max": 322.53618411817854,
    "mean": 65.54598089124639,
    "std": 128.50030852336943
  },
  "f1_stats": {
    "shape": [
      15
    ],
    "size": 15,
    "min": 0.010000847699827453,
    "max": 655.7748805192391,
    "mean": 89.41452818028874,
    "std": 203.68237098424854
  }
}