{
  "count": 117,
  "ids_hash": "0b2e26d379645d52329eab00b868c3acbe45a2c11463b14edd26610e8159e1ca",
  "coords_hash": "a58d0ed24f2531f05beff729a13118f1bae49704654aefd72dfa407cda8dcdc5",
  "coords_stats": {
    "shape": [
      117,
      3
    ],
    "size": 351,
    "min": -32.000999450683594,
    "max": 21.215999603271484,
    "mean": -5.0830911263462655,
    "std": 16.477030459922485
  }
}