{
  "hash": "de7fa453e1df4dde731fb703b5dcc407b26c88a0c7ef99e00c66572cc5138009",
  "stats": {
    "shape": [
      74,
      74
    ],
    "size": 5476,
    "min": 0.0,
    "max": 15.581970074944758,
    "mean": 7.04716363948752,
    "std": 2.8954187994993434
  }
}