{
  "f0_hash": "1beb9d5344fd506e144e99d12bfae4d55e93689306e4034db258d73091024ee9",
  "f1_hash": "43787d1d093c756b1fafa3361be640d344a39d525db511878e40cde98f215788",
  "f0_stats": {
    "shape": [
      5
    ],
    "size": 5,
    "min": 0.4176781654732618,
    "max": 149.4172872241125,
    "mean": 31.24384539471098,
    "std": 59.096226804913094
  },
  "f1_stats": {
    "shape": [
      15
    ],
    "size": 15,
    "min": 0.010285417315735401,
    "max": 409.0814930696776,
    "mean": 56.60316960273068,
    "std": 129.70515490227058
  }
}