{
  "hash": "ee357f1689a9ba9d2eb7403077a93c0d746da47364a0282f015536b2abb307db",
  "stats": {
    "shape": [
      86,
      86
    ],
    "size": 7396,
    "min": 0.0,
    "max": 15.656417145175006,
    "mean": 7.493134344567973,
    "std": 3.159632419248388
  }
}