{
  "hash": "e973f76500d6e140b0127e973b37e5fe30449b22dccc0ec3463be4a59a2e5dc8",
  "stats": {
    "shape": [
      45,
      45
    ],
    "size": 2025,
    "min": 0.0,
    "max": 12.739082431927793,
    "mean": 5.694631811642614,
    "std": 2.3759960538933407
  }
}