{
  "hash": "53dad742343fffaa16b88d3fabc300b28f640757fde98beb63ede2be0ccc4c24",
  "stats": {
    "shape": [
      69,
      69
    ],
    "size": 4761,
    "min": 0.0,
    "max": 15.202725063429092,
    "mean": 7.139851455122044,
    "std": 3.0348091939059767
  }
}