{
  "count": 78,
  "ids_hash": "5d7aa5d7c763ddf1f47572ed48381f1f27f5b34d19eded708e01b72b47156206",
  "coords_hash": "2c384f31044747f1909c11065eb745d9ca9caec1fc5d5da0a9db3c733882f89e",
  "coords_stats": {
    "shape": [
      78,
      3
    ],
    "size": 234,
    "min": -11.307000160217285,
    "max": 49.83700180053711,
    "mean": 20.782256407448305,
    "std": 19.855932618064777
  }
}