MODEL,PRED_DOCKQ
6DQP_af2m,0.88359517
6DQP,0.8465606
