{
  "f0_hash": "83404dffda9fdbb1c1a5027a6cce676ad6ae3dc82a9a42233dd6ad0701290cde",
  "f1_hash": "d7ab0498857ec7c21becbbd86aadb7217338e48cecbd11778efefd43acee7c4f",
  "f0_stats": {
    "shape": [
      5
    ],
    "size": 5,
    "min": 0.23283023030383224,
    "max": 135.71983139130677,
    "mean": 28.315620614163816,
    "std": 53.70910250569509
  },
  "f1_stats": {
    "shape": [
      15
    ],
    "size": 15,
    "min": 0.010359344831417872,
    "max": 305.11782272322955,
    "mean": 42.55985650560639,
    "std": 96.2024886517085
  }
}