{
  "count": 98,
  "ids_hash": "21877a062246a11b4745991d490f5efcd4ed22c82211a269d3aca005fb0bd060",
  "coords_hash": "d5eaf4fecf96dd2b661b8d66507540a53db606d19a9c3f945b1b9335ee269eb4",
  "coords_stats": {
    "shape": [
      98,
      3
    ],
    "size": 294,
    "min": 1.222000002861023,
    "max": 28.08799934387207,
    "mean": 15.627153051953737,
    "std": 6.09108286120124
  }
}