{
  "hash": "ce9ee9cb2b7823e642a52ebf468ef856f70ae0fe5ff1e9692a80da912a4bd25f",
  "stats": {
    "shape": [
      112,
      112
    ],
    "size": 12544,
    "min": 0.0,
    "max": 15.436839620646476,
    "mean": 7.949209174207625,
    "std": 2.993072848444726
  }
}