{
  "count": 125,
  "ids_hash": "51a6fab4186a8753da9574a01d9b7f07abdd910b8f1d72d62854937ebac3a52f",
  "coords_hash": "7ff5ecaaba92fddcc3a55fecdc61d9323b9d5aa03484b80ec86af36f8dd0b732",
  "coords_stats": {
    "shape": [
      125,
      3
    ],
    "size": 375,
    "min": -11.324000358581543,
    "max": 30.749000549316406,
    "mean": 13.831639982024829,
    "std": 13.145867139546334
  }
}