{
  "count": 121,
  "ids_hash": "eec66ec88f84d9eb32226e10768f0c9e7b8e548af59df8c24d9deb93dfb0627f",
  "coords_hash": "8eaf5d72de4da2004dbd4a0543211d567c41c730ab378bfe35aa976f6d982c6e",
  "coords_stats": {
    "shape": [
      121,
      3
    ],
    "size": 363,
    "min": 7.561999797821045,
    "max": 35.685001373291016,
    "mean": 23.392140500144855,
    "std": 7.572978846533579
  }
}