{
  "count": 191,
  "ids_hash": "4e727452045e27514f0d17759ff0352be2e4127fdd49e4dc65cde75fa1774270",
  "coords_hash": "7b66222f7215639f0a63d7f23866bc4993039afa38493ce5c9bbf64565e6d5a0",
  "coords_stats": {
    "shape": [
      191,
      3
    ],
    "size": 573,
    "min": -35.05799865722656,
    "max": 13.102999687194824,
    "mean": -8.1099144465763,
    "std": 15.112745122318866
  }
}