{
  "f0_hash": "f78dc3f6a8a68429f6820d7c9095d81d82bf0b3342cf47f814ca29db169e6ecd",
  "f1_hash": "b500fb70b1c3df8ee54fe3c88293178d7f4644f2c7e35fbd144ff34b9c473f0b",
  "f0_stats": {
    "shape": [
      5
    ],
    "size": 5,
    "min": 0.39220033923825043,
    "max": 143.3431696422866,
    "mean": 29.98991860979868,
    "std": 56.6855790778122
  },
  "f1_stats": {
    "shape": [
      15
    ],
    "size": 15,
    "min": 0.010488207009598405,
    "max": 394.6769359834226,
    "mean": 55.00274016610356,
    "std": 125.76601133715026
  }
}