{
  "count": 121,
  "ids_hash": "46731bc229c86470926b3105cc6ff1edd5709bb5c7129ef9f1d7ed6f313717ca",
  "coords_hash": "61527d069efca09dd143635451671a863eac34054f23a5b49fe91c14a8bf1f97",
  "coords_stats": {
    "shape": [
      121,
      3
    ],
    "size": 363,
    "min": -2.2720000743865967,
    "max": 39.027000427246094,
    "mean": 21.85960883743671,
    "std": 12.361759857733029
  }
}