MODEL,PRED_DOCKQ
5B1Q_af2m,0.52992517
5B1Q,0.071755245
