{
  "hash": "36e00cbb7ad22af269ab61f6ee0da4a95dfd69bf7f8e880ae6ad01ff6ec758db",
  "stats": {
    "shape": [
      87,
      87
    ],
    "size": 7569,
    "min": 0.0,
    "max": 15.678196249957141,
    "mean": 8.061649496622277,
    "std": 3.2865469084253744
  }
}