MODEL,PRED_DOCKQ
5X2D_af2m,0.8713724
5X2D,0.75469327
