{
  "hash": "da6d890db86a73cf756b7aea028c6143ebb7793e2fb2f3c9cfd93df6027d2787",
  "stats": {
    "shape": [
      96,
      96
    ],
    "size": 9216,
    "min": 0.0,
    "max": 15.61363077707384,
    "mean": 7.860422100047611,
    "std": 3.0739454965127795
  }
}