{
  "f0_hash": "b04f4d94f687684bb53da3f4cdd9501197ed441f0bbec73dcb48443db625383e",
  "f1_hash": "82ad27267e34ce6fb2360da880c8b411ab81c2388dffef6810bda4e207c7cdb7",
  "f0_stats": {
    "shape": [
      5
    ],
    "size": 5,
    "min": 0.4985015934911155,
    "max": 158.75812687650512,
    "mean": 33.17151413604841,
    "std": 62.80302684132558
  },
  "f1_stats": {
    "shape": [
      15
    ],
    "size": 15,
    "min": 0.010030830447798955,
    "max": 478.4972765784403,
    "mean": 66.7178418412586,
    "std": 152.160335199197
  }
}