{
  "hash": "fdddd477a8dedb75b710a173542b3ff3bfeaa44c79670dd0aa10a20a21a928ae",
  "stats": {
    "shape": [
      94,
      94
    ],
    "size": 8836,
    "min": 0.0,
    "max": 15.476793390584596,
    "mean": 7.675157556339477,
    "std": 3.062110704561008
  }
}