MODEL,PRED_DOCKQ
5VYR_af2m,0.85422254
5VYR,0.10668105
