MODEL,PRED_DOCKQ
4ZKJ,0.37865582
4ZKJ_af2m,0.23257406
