{
  "count": 104,
  "ids_hash": "283db0895095fee9f887e4cf3fa17754686b9e78e6d52479874433d2f4e89a66",
  "coords_hash": "26c01997611f5bb6602c8d883f129e78aa815c9588f427b370eb8e02aca2b137",
  "coords_stats": {
    "shape": [
      104,
      3
    ],
    "size": 312,
    "min": 8.630000114440918,
    "max": 29.864999771118164,
    "mean": 18.83280132367061,
    "std": 4.951541665575362
  }
}