{
  "f0_hash": "46e5f98f9d36160328f36d95267c2ca293c017227652073f1e973f9d136a25e5",
  "f1_hash": "bf90bf1da246c0c6845bd5dbac57c4959f199e82266d0dd77220d642e74da9b7",
  "f0_stats": {
    "shape": [
      5
    ],
    "size": 5,
    "min": 0.6094410855072651,
    "max": 124.001036953936,
    "mean": 26.42237138793347,
    "std": 48.809635737598065
  },
  "f1_stats": {
    "shape": [
      15
    ],
    "size": 15,
    "min": 0.010988078096122234,
    "max": 321.94447216466216,
    "mean": 45.649142066707405,
    "std": 101.76231446754981
  }
}