{
  "f0_hash": "495326cbf3e0b78b4c5fd3726d5d526cee09c6d5ea1e1ec9f0b85d932b662efc",
  "f1_hash": "8a955061bfdc7a6b2fb6f0a644a33d75a9773af1057b7e76fff03968c80368ef",
  "f0_stats": {
    "shape": [
      5
    ],
    "size": 5,
    "min": 0.6257163025508571,
    "max": 129.6931480915315,
    "mean": 27.620711081683673,
    "std": 51.05841889778284
  },
  "f1_stats": {
    "shape": [
      15
    ],
    "size": 15,
    "min": 0.010966364553572028,
    "max": 342.6623853288709,
    "mean": 48.95416265255844,
    "std": 108.86710022399953
  }
}