MODEL,PRED_DOCKQ
4BSZ_af2m,0.82380366
4BSZ,0.004456134
