MODEL,PRED_DOCKQ
3HZH_af2m,0.7538108
3HZH,0.09207734
