MODEL,PRED_DOCKQ
2QSX,0.83366907
2QSX_af2m,0.8332721
