MODEL,PRED_DOCKQ
4V0X_af2m,0.79033273
4V0X,0.14054212
