{
  "hash": "61f008158a8d00f609671ed87d0380e5e0167c1031f10065a98d897b9606fa2c",
  "stats": {
    "shape": [
      89,
      89
    ],
    "size": 7921,
    "min": 0.0,
    "max": 15.6265215047154,
    "mean": 7.735112564477959,
    "std": 3.068427646500036
  }
}