{
  "hash": "72b79117eed94d6f81c165ef8f0a48f0df1cb101f653056fd9f0d2c091f3e89d",
  "stats": {
    "shape": [
      139,
      139
    ],
    "size": 19321,
    "min": 0.0,
    "max": 15.76405329003979,
    "mean": 7.902090103053386,
    "std": 3.0145410956387595
  }
}