MODEL,PRED_DOCKQ
5FF5,0.86022824
5FF5_af2m,0.7442855
