{
  "count": 88,
  "ids_hash": "725df01d1f322fe1976ddb3922a979c527f355dafa5a7662d5c2ab4a4148d873",
  "coords_hash": "bd9ba914b9e29d1938becfa30251f2ef2d6027a317e538ead5b7432a447b3190",
  "coords_stats": {
    "shape": [
      88,
      3
    ],
    "size": 264,
    "min": -5.673999786376953,
    "max": 91.10600280761719,
    "mean": 33.80207954493888,
    "std": 37.15586734141024
  }
}