{
  "count": 107,
  "ids_hash": "145e1e99cdf01b3789f27fd5bc932b775f32b6c1aba7956afc7997e451a3be5e",
  "coords_hash": "f32847a1a10aa0875546e7af5499fa8f58186cace9c424a64d2c65b2e6be9cbe",
  "coords_stats": {
    "shape": [
      107,
      3
    ],
    "size": 321,
    "min": 11.170000076293945,
    "max": 46.935001373291016,
    "mean": 28.276003163180246,
    "std": 9.562800869861286
  }
}