MODEL,PRED_DOCKQ
5JK5_af2m,0.60607386
5JK5,0.0390411
