{
  "count": 82,
  "ids_hash": "0f0d505e14aa232d3417e8efd33c6fd390d773cf03c5d723b6bf10b84f94c622",
  "coords_hash": "65a9fc9244c6217a2332c9e071aa88fbe5470292dfdbb099f6dd2ab5173ba0ef",
  "coords_stats": {
    "shape": [
      82,
      3
    ],
    "size": 246,
    "min": 12.33899974822998,
    "max": 41.124000549316406,
    "mean": 26.85376018818801,
    "std": 6.9877085270044095
  }
}