{
  "f0_hash": "113669a7d8ac8990d9b2e740866cad6a29a9f12a73294d21ded0d53b3e0c48d2",
  "f1_hash": "ad643dddeccd4cb604f445b8f206e2dab01737c65947813608efcc44c650dd86",
  "f0_stats": {
    "shape": [
      5
    ],
    "size": 5,
    "min": 0.5282290527289856,
    "max": 119.48620011338086,
    "mean": 25.33872763496741,
    "std": 47.08696749578602
  },
  "f1_stats": {
    "shape": [
      15
    ],
    "size": 15,
    "min": 0.01015383962180394,
    "max": 348.6364477661482,
    "mean": 49.21110543767314,
    "std": 111.06823556404055
  }
}