{
  "hash": "2f650c7ab1cb38333aad557c64dca40cd9ee039530df711cff6de89fd4fa9f4a",
  "stats": {
    "shape": [
      73,
      73
    ],
    "size": 5329,
    "min": 0.0,
    "max": 14.243094578345382,
    "mean": 7.102974651958984,
    "std": 2.9628506699684913
  }
}