{
  "count": 113,
  "ids_hash": "306e2216fe83c5566b552d8492e77f50fb742ded1b6ad8c5547b453a64b247c7",
  "coords_hash": "7011c125548d27283af479f813601c3125e2e0ff5a35a109b41fe423e78c5f49",
  "coords_stats": {
    "shape": [
      113,
      3
    ],
    "size": 339,
    "min": -2.5280001163482666,
    "max": 41.944000244140625,
    "mean": 21.065740451601314,
    "std": 13.16026681784781
  }
}