{
  "count": 113,
  "ids_hash": "93006c625201b779367339cb8b9eebf0fd63f058617c7768d08baa14be7c6ce7",
  "coords_hash": "2b1d5d296f3b52f66890d54a0bf181a8f299d5c2f8c7d3232772ee5460ed511b",
  "coords_stats": {
    "shape": [
      113,
      3
    ],
    "size": 339,
    "min": -34.84600067138672,
    "max": 59.11399841308594,
    "mean": 20.762469103202708,
    "std": 34.965540218856084
  }
}