{
  "f0_hash": "e53e983bfae5e396712fc6612de8289d57672384c7d7912b91064794a19b82f3",
  "f1_hash": "7db8eb9b82a748d6fb316589bc4b1b0b3bab6da4b84aa802aa7db667ebbeeb32",
  "f0_stats": {
    "shape": [
      5
    ],
    "size": 5,
    "min": 0.5161813911243763,
    "max": 137.28266991826706,
    "mean": 28.872186039798958,
    "std": 54.21578500354887
  },
  "f1_stats": {
    "shape": [
      15
    ],
    "size": 15,
    "min": 0.013203741119065526,
    "max": 383.7763822148909,
    "mean": 54.3879184579536,
    "std": 121.93130443576615
  }
}