{
  "count": 95,
  "ids_hash": "bdbe872bfde0561f2a5bd1273858e5e7d67355696be87e121897608f2470beaf",
  "coords_hash": "2a56e47aa9e8f95b63bb63b1969aa1181d611d0e1e072c5f48d93b2566bcdd47",
  "coords_stats": {
    "shape": [
      95,
      3
    ],
    "size": 285,
    "min": -20.68199920654297,
    "max": 38.435001373291016,
    "mean": 13.944305297784638,
    "std": 20.583627120585614
  }
}