{
  "f0_hash": "b6ed4c59db56695612952ed6fea84d0cded3074077323722f8ab41a71737a204",
  "f1_hash": "36f3f127053aa93c5c6dd353d7d27bcd14b6315b87a6ccbe025e773fe654c799",
  "f0_stats": {
    "shape": [
      5
    ],
    "size": 5,
    "min": 0.534327582150966,
    "max": 168.32747321455082,
    "mean": 35.082446773148156,
    "std": 66.63108137992698
  },
  "f1_stats": {
    "shape": [
      15
    ],
    "size": 15,
    "min": 0.010484675696148749,
    "max": 468.47881628374864,
    "mean": 64.55385012469448,
    "std": 148.19451574258815
  }
}