{
  "count": 81,
  "ids_hash": "53600cc15db0b7e520df75469226a20cc301224a54ac881a9e8a8732214a9a36",
  "coords_hash": "f132f006c01f9e147e111175a8241847eddc28e44529c0ec877ebb13fe1ac4c4",
  "coords_stats": {
    "shape": [
      81,
      3
    ],
    "size": 243,
    "min": -3.8410000801086426,
    "max": 76.18699645996094,
    "mean": 37.989357877446054,
    "std": 27.86412956050541
  }
}