MODEL,PRED_DOCKQ
1R8G,0.7988576
1R8G_af2m,0.590529
