{
  "hash": "33f32c655cb2cfde2be6950481e1276a0aa82028770dd4b5aa1d580b21fd22b3",
  "stats": {
    "shape": [
      78,
      78
    ],
    "size": 6084,
    "min": 0.0,
    "max": 14.817315680669635,
    "mean": 7.424444307066032,
    "std": 3.01249886013768
  }
}