MODEL,PRED_DOCKQ
2Y27_af2m,0.87603664
2Y27,0.7427495
