{
  "f0_hash": "d8c97aed7bcf58857536775e92426a0107a0794b7c8728c7d1b5c1c8c5cbd86f",
  "f1_hash": "9cdc8e7c5ae501536d52386ddc81acbabcee4806d772ffbe97e07aa5f04618c5",
  "f0_stats": {
    "shape": [
      5
    ],
    "size": 5,
    "min": 0.45893026917064383,
    "max": 105.04019423473302,
    "mean": 22.49444713424125,
    "std": 41.29240234970533
  },
  "f1_stats": {
    "shape": [
      15
    ],
    "size": 15,
    "min": 0.010308956613723552,
    "max": 215.5269968575754,
    "mean": 30.63409015431374,
    "std": 68.57450325901767
  }
}