{
  "count": 55,
  "ids_hash": "b6b114bba4c9bbcf4b0cf6534e0d4fc427a4a0f37e8f938f8628e1915b059a40",
  "coords_hash": "1a5a2afd69249eee41662d4afafb574f6fe982615bfbfad905391dade3218bb9",
  "coords_stats": {
    "shape": [
      55,
      3
    ],
    "size": 165,
    "min": -12.767999649047852,
    "max": 66.46700286865234,
    "mean": 19.753612146187912,
    "std": 28.86527782140172
  }
}