{
  "f0_hash": "c63de9316dff98693fb27d3e97f9d91f44d723a0560d2cb80f325d3a61952916",
  "f1_hash": "85b923c825ba04783d07ecfc1c423f6b2289e8c1f08d7436b23dcce16e9a0e25",
  "f0_stats": {
    "shape": [
      5
    ],
    "size": 5,
    "min": 0.4193425475148957,
    "max": 104.23393575156238,
    "mean": 22.108887105673134,
    "std": 41.07199965396626
  },
  "f1_stats": {
    "shape": [
      15
    ],
    "size": 15,
    "min": 0.010529564660269664,
    "max": 231.01950756285413,
    "mean": 33.92170022319452,
    "std": 73.19031296466773
  }
}