MODEL,PRED_DOCKQ
4AF3_af2m,0.7845173
4AF3,0.11834173
