{
  "hash": "52c85c3c211744bae63b6ed06c6b34a1c5f8650111f667ed725a5b90ec0bdbaa",
  "stats": {
    "shape": [
      90,
      90
    ],
    "size": 8100,
    "min": 0.0,
    "max": 15.430335899961074,
    "mean": 7.69158868639372,
    "std": 3.035138716957049
  }
}