{
  "count": 74,
  "ids_hash": "0fdccbf7817815eefddcebb4423f11e912c8434069de8f8fc433947b518b8cc4",
  "coords_hash": "2b342d73cbc6e0a97f76d0099344df1b35eb86242ecb8c7884d469b6fa3f3030",
  "coords_stats": {
    "shape": [
      74,
      3
    ],
    "size": 222,
    "min": -2.305999994277954,
    "max": 32.43000030517578,
    "mean": 13.954950460576796,
    "std": 9.525728080006987
  }
}