{
  "f0_hash": "0af021cc78739cb870d4cbdbb7f00148b35e4d9d22cd91de55098f8567e11955",
  "f1_hash": "ad6bb8ad4826665212403ec0ea4f887b77c90bc68d14a8f2117d679fd0dc4e57",
  "f0_stats": {
    "shape": [
      5
    ],
    "size": 5,
    "min": 0.5584347806143095,
    "max": 152.69204639551293,
    "mean": 31.964207025920803,
    "std": 60.37894382433453
  },
  "f1_stats": {
    "shape": [
      15
    ],
    "size": 15,
    "min": 0.010480883815061404,
    "max": 405.4482935207323,
    "mean": 56.49806168424217,
    "std": 127.78186707971763
  }
}