{
  "hash": "649b09f655fcc52ff989c832f6295d1363fe849aae4783dd9f3ed8707383c90e",
  "stats": {
    "shape": [
      83,
      83
    ],
    "size": 6889,
    "min": 0.0,
    "max": 15.785611408782186,
    "mean": 7.442928299695514,
    "std": 3.064140857073063
  }
}