{
  "f0_hash": "248761e59daeeb4c5a8e5f66584f6d3c4e0b1864399d0ecb04925d69e202a29a",
  "f1_hash": "6a3bbae0e47530b205e698241abeca107dc08efd98d95f67403b5ff81fabb2c1",
  "f0_stats": {
    "shape": [
      5
    ],
    "size": 5,
    "min": 0.5032514028532553,
    "max": 167.32418001343834,
    "mean": 34.854667491046705,
    "std": 66.24280178687928
  },
  "f1_stats": {
    "shape": [
      15
    ],
    "size": 15,
    "min": 0.010739323890669006,
    "max": 510.0241433243221,
    "mean": 71.19057936010034,
    "std": 162.79405859119913
  }
}