{
  "f0_hash": "c484aaf54e20aebac46f07bda40292a42559b278bec4c15597db95ac943b3437",
  "f1_hash": "8a57a075cbd0231e40687bbe803ff7781946699a266cf48227e7e79b7169e60b",
  "f0_stats": {
    "shape": [
      5
    ],
    "size": 5,
    "min": 0.3528133633164626,
    "max": 216.96798723122706,
    "mean": 44.53573386069222,
    "std": 86.22271903076236
  },
  "f1_stats": {
    "shape": [
      15
    ],
    "size": 15,
    "min": 0.010148801230569049,
    "max": 534.2028562140334,
    "mean": 73.75287473349506,
    "std": 167.3909598798114
  }
}