{
  "hash": "ca5d1f122ab524cfa04065a4d40f1def46a13b81e3d5c112b698e2b9a5f93080",
  "stats": {
    "shape": [
      61,
      61
    ],
    "size": 3721,
    "min": 0.0,
    "max": 15.58431682741138,
    "mean": 7.225085884141539,
    "std": 3.1837861862321644
  }
}