{
  "count": 93,
  "ids_hash": "ec0e24479a00e3b8db34f6a1042ebe426d4b77968452ce619c84bd5b58537f0c",
  "coords_hash": "d3782673521853586683e3ae312e87e97f4c73b94d1ecf11d44058599f26711b",
  "coords_stats": {
    "shape": [
      93,
      3
    ],
    "size": 279,
    "min": -25.83799934387207,
    "max": 38.78099822998047,
    "mean": 0.6072653083391087,
    "std": 22.501861931486587
  }
}