{
  "count": 187,
  "ids_hash": "4f6efdc8838ba6076139a53d552d149ff89d7b43c954c1afe9ed3584c1081d9b",
  "coords_hash": "41f19e375b1d0ab71161bbb2698234bf85acd64850c28497c973c09ae364164f",
  "coords_stats": {
    "shape": [
      187,
      3
    ],
    "size": 561,
    "min": -28.6560001373291,
    "max": 20.05299949645996,
    "mean": -7.648295923562824,
    "std": 15.191859808980329
  }
}