{
  "count": 117,
  "ids_hash": "4a8c54de1c82c45d0907a6c2aef94e98ca928caf133fae76ed9d9e5251fbc860",
  "coords_hash": "cbf687cff3c7b228bff7280422ea10080c747499c95d5745a6bc0e19dedcae6b",
  "coords_stats": {
    "shape": [
      117,
      3
    ],
    "size": 351,
    "min": 13.012999534606934,
    "max": 44.28799819946289,
    "mean": 31.250319067908826,
    "std": 8.294210499404905
  }
}