{
  "f0_hash": "2796afd62b09ab390953bb4f16398193ce2cc357336c2a581d33ba53505db2fd",
  "f1_hash": "f7b30a8592b974b2270d6f7b3188d3be6599b9e4000bdde510ff613938b6db2a",
  "f0_stats": {
    "shape": [
      5
    ],
    "size": 5,
    "min": 0.522950301969587,
    "max": 153.24244585957288,
    "mean": 32.079431541908995,
    "std": 60.591457163639625
  },
  "f1_stats": {
    "shape": [
      15
    ],
    "size": 15,
    "min": 0.010770712647580893,
    "max": 409.9509966629276,
    "mean": 56.9539078607422,
    "std": 129.40478413714237
  }
}