{
  "count": 162,
  "ids_hash": "d4eead8588581384ec5ac11a9b6ff2c962e8879f027b8af4ed979cfe4e5e2a78",
  "coords_hash": "acefc917823ce305ecd052595f14ec4e749163ac6df670f7e190cbf5e1af99fc",
  "coords_stats": {
    "shape": [
      162,
      3
    ],
    "size": 486,
    "min": -13.62600040435791,
    "max": 25.753000259399414,
    "mean": 6.326602883851577,
    "std": 10.66136881330926
  }
}