{
  "count": 107,
  "ids_hash": "b0f1b1aacd8f27e417535e559118d1638f8fae306ff3bce73fe32c15bc1dffa6",
  "coords_hash": "2fcaa989599ce2f01f02e405a04e53499d95b3a7c3d678eca30c2fc428827104",
  "coords_stats": {
    "shape": [
      107,
      3
    ],
    "size": 321,
    "min": 1.4199999570846558,
    "max": 87.54900360107422,
    "mean": 36.11464798524744,
    "std": 31.504065594671275
  }
}