{
  "f0_hash": "cc960893d43a73942fa1250f7b561fc636d56a99c9225ff79246026fa8693ab5",
  "f1_hash": "e35d1eac39d29661dcf7a5afe447c7c07cdee80338272bc73fd0e95eee1a69e0",
  "f0_stats": {
    "shape": [
      5
    ],
    "size": 5,
    "min": 0.5048000139040201,
    "max": 163.47781551224938,
    "mean": 34.149348478805486,
    "std": 64.67460533490689
  },
  "f1_stats": {
    "shape": [
      15
    ],
    "size": 15,
    "min": 0.01341421680002508,
    "max": 487.7487041306998,
    "mean": 67.61474961996961,
    "std": 153.629672675271
  }
}