{
  "count": 78,
  "ids_hash": "399c07733c58acff27d24bcad91de8b4b8d3225eccd379ed5ac9ada876867d52",
  "coords_hash": "d18b9f2384d7cfd04eebf6a0259ef84b82972440bfda5a94fb523fa1b7c4d074",
  "coords_stats": {
    "shape": [
      78,
      3
    ],
    "size": 234,
    "min": -23.820999145507812,
    "max": 45.44900131225586,
    "mean": 6.873935936767067,
    "std": 22.936499179330763
  }
}