{
  "count": 77,
  "ids_hash": "2c87623a82296ae71913fce3bc0e3717e5cd07a31922d60510976aa30013cf38",
  "coords_hash": "ec2673cb68446444e421472e99fab2bf26198bdb23b5b9df8ab4cb199eb46144",
  "coords_stats": {
    "shape": [
      77,
      3
    ],
    "size": 231,
    "min": -12.184000015258789,
    "max": 1.965000033378601,
    "mean": -5.317999992850217,
    "std": 3.044075520834407
  }
}