{
  "count": 62,
  "ids_hash": "795c9835743d39fe09cb1c62165c74314731ccfd2467ae94601657aa340425f9",
  "coords_hash": "203d2db40df8b8be24a14350518ae56dbda73cde919ee110d5507adbac810057",
  "coords_stats": {
    "shape": [
      62,
      3
    ],
    "size": 186,
    "min": 4.745999813079834,
    "max": 85.43000030517578,
    "mean": 42.81322058554618,
    "std": 28.11605304062841
  }
}