{
  "hash": "31191a671724961b6cfb028f0beee913556d2dcc8ae42bb9a7d902346c2d5996",
  "stats": {
    "shape": [
      115,
      115
    ],
    "size": 13225,
    "min": 0.0,
    "max": 15.496280075853235,
    "mean": 7.879662153716474,
    "std": 3.0091060501453573
  }
}