MODEL,PRED_DOCKQ
6GP3,0.8263027
6GP3_af2m,0.8128926
