{
  "f0_hash": "8cb81a8526a948898491229299c444b2dc26cc7371cd02a94232888aa391797e",
  "f1_hash": "2a50bbd928406361d606b090b11c1d71ef0958916fb29a950b8d2c4818df29f7",
  "f0_stats": {
    "shape": [
      5
    ],
    "size": 5,
    "min": 0.6191402318860473,
    "max": 98.58890321786224,
    "mean": 21.25843925603092,
    "std": 38.68458192163616
  },
  "f1_stats": {
    "shape": [
      15
    ],
    "size": 15,
    "min": 0.013052071509305208,
    "max": 224.78633687471137,
    "mean": 33.15706153392867,
    "std": 71.14032181294671
  }
}