{
  "count": 109,
  "ids_hash": "e725fdd8122c6718e0cb1a5dc4929a65c97cc9f9b2da97e70be099b56c35dd1c",
  "coords_hash": "94c84e604084a47fe7e47cdcbd9317c31b00a94768524b8784ef7120de95a464",
  "coords_stats": {
    "shape": [
      109,
      3
    ],
    "size": 327,
    "min": 14.258000373840332,
    "max": 66.052001953125,
    "mean": 34.534743201112896,
    "std": 17.246416600725155
  }
}