{
  "hash": "82142638935b168d41d446f10e60264ac23c747b48d2da41ff6c6772b1c1ea7b",
  "stats": {
    "shape": [
      109,
      109
    ],
    "size": 11881,
    "min": 0.0,
    "max": 15.443021403361078,
    "mean": 7.833874532856891,
    "std": 2.9710244023036614
  }
}