{
  "count": 73,
  "ids_hash": "f37452affafb180f60a4e6a35170927b63349eaeccca903d788821cf71eab4bf",
  "coords_hash": "deb337cc22b750583a5a547c51f9f93971bc576808d20047f134f03218154227",
  "coords_stats": {
    "shape": [
      73,
      3
    ],
    "size": 219,
    "min": 2.5889999866485596,
    "max": 43.30799865722656,
    "mean": 21.440634729655365,
    "std": 12.209803916097057
  }
}