{
  "hash": "227399c41a0f706bf38503d5eb125811e295e080632d4e869905f1a1335e0c36",
  "stats": {
    "shape": [
      100,
      100
    ],
    "size": 10000,
    "min": 0.0,
    "max": 15.570038876683594,
    "mean": 7.784601947367273,
    "std": 3.0385298131596086
  }
}