{
  "hash": "a2c5b82d7562e02417dd79cf6eb4e296146e8d658306b25bc14aeaca40f57f8f",
  "stats": {
    "shape": [
      69,
      69
    ],
    "size": 4761,
    "min": 0.0,
    "max": 14.176494584009657,
    "mean": 7.030679796703314,
    "std": 2.889475184018801
  }
}