{
  "f0_hash": "3e83e384106a1923b7ff0494cc38b892bf3f694e300900a7bd3c9f5798da647a",
  "f1_hash": "a9209524052c7237df780fda9cad00046fb6acd7f5ca75d8107e146e487d32d6",
  "f0_stats": {
    "shape": [
      5
    ],
    "size": 5,
    "min": 0.30200851148156,
    "max": 155.0950374263632,
    "mean": 32.315882018287084,
    "std": 61.398400905215325
  },
  "f1_stats": {
    "shape": [
      15
    ],
    "size": 15,
    "min": 0.010172316618398902,
    "max": 422.43388664698773,
    "mean": 58.48322755940747,
    "std": 133.6898254972033
  }
}