MODEL,PRED_DOCKQ
3GG9_af2m,0.91822743
3GG9,0.8939388
