{
  "count": 231,
  "ids_hash": "142fadb14a5a3fcf35fd3e220a456dcb3c0b64b98c9945b33ecbc13702f2fb74",
  "coords_hash": "ab5390f69419942121e7452a5ddae2ce33afe41d7a1e8f14f6f393606d2a0623",
  "coords_stats": {
    "shape": [
      231,
      3
    ],
    "size": 693,
    "min": -16.922000885009766,
    "max": 6.828000068664551,
    "mean": -4.268689757961549,
    "std": 5.230910334888386
  }
}