{
  "hash": "f409f48dbd931ac36f0d2e7e8574f047780a2e3412e2f44649bab17b1e102819",
  "stats": {
    "shape": [
      101,
      101
    ],
    "size": 10201,
    "min": 0.0,
    "max": 15.503224547875137,
    "mean": 8.115142947099116,
    "std": 3.1512751719594485
  }
}