{
  "hash": "c94f034db0dbecc5dfd901e02632d5cf58f91ec81a084e9ecc3bd2d87f918b1e",
  "stats": {
    "shape": [
      85,
      85
    ],
    "size": 7225,
    "min": 0.0,
    "max": 14.924731608940077,
    "mean": 7.186367727119899,
    "std": 2.9148818575197843
  }
}