MODEL,PRED_DOCKQ
5XK6,0.88142914
5XK6_af2m,0.77179545
