{
  "hash": "6ade825eaca8b2d40e302e098f58853b6c59e6ad4143e006980bee93a9f6d3a7",
  "stats": {
    "shape": [
      107,
      107
    ],
    "size": 11449,
    "min": 0.0,
    "max": 15.749018145073473,
    "mean": 7.997036178104201,
    "std": 3.1182302473106325
  }
}