{
  "count": 116,
  "ids_hash": "c8da782b5e787f730eb0c7981a1bc96e4fe61f371cdf2c97e61f3a7d6f7ae8df",
  "coords_hash": "6b96d76ead302f40f5584722382a4de157a1939513626ffde4795a29fad73e7d",
  "coords_stats": {
    "shape": [
      116,
      3
    ],
    "size": 348,
    "min": -23.40999984741211,
    "max": 42.198001861572266,
    "mean": 12.919531624892663,
    "std": 21.59261267786819
  }
}