{
  "f0_hash": "a2c3d46715a93d5e50325f842934e4fea1617f62cd33f76b3b6ffa3d08170879",
  "f1_hash": "0672017e1b9e4bd8378c318327ae0247fc07a4963cb02d49fa3ba928fd7f1467",
  "f0_stats": {
    "shape": [
      5
    ],
    "size": 5,
    "min": 0.6002603262903732,
    "max": 95.43727123553585,
    "mean": 20.569185962582985,
    "std": 37.451821673783186
  },
  "f1_stats": {
    "shape": [
      15
    ],
    "size": 15,
    "min": 0.012048451318751319,
    "max": 209.71682348797594,
    "mean": 30.7951300789401,
    "std": 66.3110004199919
  }
}