MODEL,PRED_DOCKQ
2A1S_af2m,0.6970696
2A1S,0.589695
