{
  "hash": "cef4cd19cc06e3785fc511fa5caa472e7489ccacaf1f0e2fb0cb52e4d7714b65",
  "stats": {
    "shape": [
      39,
      39
    ],
    "size": 1521,
    "min": 0.0,
    "max": 13.83349010999998,
    "mean": 6.135852563064133,
    "std": 2.8367806420617607
  }
}