{
  "count": 92,
  "ids_hash": "6e49aed834ce4b9f86976e8643b66339b1fca2f308768d51902223918799764a",
  "coords_hash": "4f0be83ed379b689f0a3119502b69067357cc9396a9f8bf2611bec92c42e99cc",
  "coords_stats": {
    "shape": [
      92,
      3
    ],
    "size": 276,
    "min": -11.586999893188477,
    "max": 34.42399978637695,
    "mean": 13.94040579452058,
    "std": 13.799008237663635
  }
}