{
  "hash": "f6b12dffc83255d4513cb81ff9cf9cc34877da2550f67547d98ae831ae37851e",
  "stats": {
    "shape": [
      84,
      84
    ],
    "size": 7056,
    "min": 0.0,
    "max": 15.298706896504042,
    "mean": 7.424801725659867,
    "std": 2.957254298774069
  }
}