{
  "hash": "b54381c220b6c3dfb8132d917f98e84cdf95191f75e7c2804f6520aae9472ae8",
  "stats": {
    "shape": [
      48,
      48
    ],
    "size": 2304,
    "min": 0.0,
    "max": 15.363937419199036,
    "mean": 6.765608603897371,
    "std": 3.181026995606774
  }
}