{
  "count": 106,
  "ids_hash": "0d029874fd4551964290ea9b3b7488acad59f884cbfede7a401e5b5344c1acd3",
  "coords_hash": "6f24a8b2f16bb02f42921a7c9246c35992865b0f01106769e88ce165803ec053",
  "coords_stats": {
    "shape": [
      106,
      3
    ],
    "size": 318,
    "min": -3.9749999046325684,
    "max": 40.11399841308594,
    "mean": 13.757880500552929,
    "std": 14.94599414148026
  }
}