{
  "count": 111,
  "ids_hash": "d30cb413bf921670133ce3ed46266678775a901855d55df2690c7d28b5cdf49e",
  "coords_hash": "9f45a09bd3024ab8f178a751ef61de0262e81589521947f5401556b2d7f5fd07",
  "coords_stats": {
    "shape": [
      111,
      3
    ],
    "size": 333,
    "min": -8.989999771118164,
    "max": 36.65999984741211,
    "mean": 13.132756776970325,
    "std": 13.758233996258816
  }
}