{
  "count": 109,
  "ids_hash": "7080be9cb254c10eaa1503950744db63a67f1ec5bf009676515aa3a6ba7aaa59",
  "coords_hash": "0ca6e15436c9d8fd31b2deb206277973e3c7ef3a40ec5f803c9cbc2b3a14c43d",
  "coords_stats": {
    "shape": [
      109,
      3
    ],
    "size": 327,
    "min": -30.358999252319336,
    "max": 27.365999221801758,
    "mean": 4.420055071512858,
    "std": 19.841960826955034
  }
}