MODEL,PRED_DOCKQ
4LUB_af2m,0.8759631
4LUB,0.79506373
