MODEL,PRED_DOCKQ
1I12_af2m,0.85165125
1I12,0.82507885
