{
  "f0_hash": "1e30b0925f4a2fec57dedc7cd56e7e7b3c5ab97b2c974eec497127ae1f3916d9",
  "f1_hash": "5d00a6c26dc736e3068ad4c685abd2721dfb897a971063a59b13015725456f5c",
  "f0_stats": {
    "shape": [
      5
    ],
    "size": 5,
    "min": 0.37648748588089387,
    "max": 148.93440062450563,
    "mean": 31.03895654885694,
    "std": 58.95496960473032
  },
  "f1_stats": {
    "shape": [
      15
    ],
    "size": 15,
    "min": 0.010758213567223507,
    "max": 380.8103179814706,
    "mean": 53.770214159300245,
    "std": 120.20114203410138
  }
}