{
  "count": 104,
  "ids_hash": "731585b3ff6fa446f2d68f8dfd21b02def50c7c8ac2c508c3ceace1be80c4915",
  "coords_hash": "e3baa5e6da0a1b2b32a4e95e6ce82c489e5895d302edbca5b24658dea96d2b56",
  "coords_stats": {
    "shape": [
      104,
      3
    ],
    "size": 312,
    "min": -6.468999862670898,
    "max": 90.54000091552734,
    "mean": 35.04967945949055,
    "std": 36.0497589364202
  }
}