{
  "f0_hash": "30d97d1e6c30f11b558c4bd7e31d228b60f38a700f604de204d3375d539751cd",
  "f1_hash": "9095981a07dee33d75686c84aed243ecc7faa2d2db434fa02fb2071f116b0b69",
  "f0_stats": {
    "shape": [
      5
    ],
    "size": 5,
    "min": 0.4609055574221805,
    "max": 126.54038787725504,
    "mean": 26.716870185667222,
    "std": 49.92407024225126
  },
  "f1_stats": {
    "shape": [
      15
    ],
    "size": 15,
    "min": 0.01271515675118362,
    "max": 297.8657525360762,
    "mean": 41.961944806931335,
    "std": 94.480096945525
  }
}