{
  "count": 106,
  "ids_hash": "864fcd6cd3ac3119bf6c2bf7b115f877c2d4a8e69a8fc3f134b9d953cc657732",
  "coords_hash": "eef2652950a3fc644fb92c369eef28c7d3cd95dd3b08661d18eb5b910f3f53ea",
  "coords_stats": {
    "shape": [
      106,
      3
    ],
    "size": 318,
    "min": -4.8520002365112305,
    "max": 89.52899932861328,
    "mean": 40.00185828179168,
    "std": 33.47420173870858
  }
}