{
  "hash": "a46ad1f73f340bc125ecc260eb443b429ffc2920d9e1e809bbe65dfacce4e908",
  "stats": {
    "shape": [
      102,
      102
    ],
    "size": 10404,
    "min": 0.0,
    "max": 15.5765692906042,
    "mean": 7.768068570665118,
    "std": 3.0113653901805164
  }
}