{
  "count": 102,
  "ids_hash": "0ba4fd81c2b3428cfb39202028b569ab2c20f5e39be90d13db37027e5f4b0edb",
  "coords_hash": "8931aa9461be0246e476d6a4417ef2393d4543ab13496ae860671630df15c5ea",
  "coords_stats": {
    "shape": [
      102,
      3
    ],
    "size": 306,
    "min": 6.807000160217285,
    "max": 94.60800170898438,
    "mean": 44.7351276921291,
    "std": 30.83888899595545
  }
}