MODEL,PRED_DOCKQ
6L33_af2m,0.7306504
6L33,0.6784206
