{
  "hash": "e6ce14c30e66a3710bcaf7cdc944f45129ff52c76038f60794437ae335c51678",
  "stats": {
    "shape": [
      90,
      90
    ],
    "size": 8100,
    "min": 0.0,
    "max": 14.950757449849744,
    "mean": 7.4660331324278,
    "std": 2.9715664874268657
  }
}