{
  "count": 112,
  "ids_hash": "59d7077324e2aa3d7853e232c9d8db9c8f7f0133232ff2bce46bb93f20384090",
  "coords_hash": "7184ede58bd3d0809a820cf9428801b2707cb6e2a93f24deab162649f503927d",
  "coords_stats": {
    "shape": [
      112,
      3
    ],
    "size": 336,
    "min": -33.09400177001953,
    "max": 33.16400146484375,
    "mean": 4.258157775515602,
    "std": 22.24989197826297
  }
}