{
  "f0_hash": "cc9dc262d33127137dd5d0d76d7a85f3106602d4c2e7a2489f35407bc14d7eee",
  "f1_hash": "5930f3498943159317d601c582a7611740b7067be0e4ee5dd78bf0e2900af05f",
  "f0_stats": {
    "shape": [
      5
    ],
    "size": 5,
    "min": 0.47695766725221256,
    "max": 93.21269063385512,
    "mean": 20.00791400903445,
    "std": 36.61684421770427
  },
  "f1_stats": {
    "shape": [
      15
    ],
    "size": 15,
    "min": 0.010883386746954216,
    "max": 206.55730863056885,
    "mean": 29.537509436927156,
    "std": 65.43485083208746
  }
}