{
  "count": 61,
  "ids_hash": "dc406ffcbd72761a2d38e28c80d31af5072bf1d49087b877006e1eaf2e123116",
  "coords_hash": "20dd4b446479f52eada17cb2376e39213d02f51343055280a69d9ecf6e68b835",
  "coords_stats": {
    "shape": [
      61,
      3
    ],
    "size": 183,
    "min": -14.987000465393066,
    "max": 32.7130012512207,
    "mean": 12.34815298664114,
    "std": 16.647252824576103
  }
}