{
  "f0_hash": "95ab7bcb3d54581dc973b25c4ab688b591572a5987ac2e74ab0f1db953837ed6",
  "f1_hash": "e2f2d94106a06292ae7a0bf57cd89641f901a55e70bff9b44b260989a1acb9b7",
  "f0_stats": {
    "shape": [
      5
    ],
    "size": 5,
    "min": 0.5351393283065474,
    "max": 185.9705444334879,
    "mean": 38.60654661307488,
    "std": 73.68944425424776
  },
  "f1_stats": {
    "shape": [
      15
    ],
    "size": 15,
    "min": 0.010489138473833481,
    "max": 590.9614266461563,
    "mean": 81.29538033662841,
    "std": 187.74676911546382
  }
}