{
  "hash": "383c6cdf6696dc9c33b85b4f2563f4f0783f6ec06943a60edf5c362856f4247e",
  "stats": {
    "shape": [
      111,
      111
    ],
    "size": 12321,
    "min": 0.0,
    "max": 15.553506868898989,
    "mean": 7.569359570275365,
    "std": 2.936287327036209
  }
}