{
  "hash": "1adbd876c7f47020c5d8eb6c033675632378df77c210e81f8d3886ce651ff73e",
  "stats": {
    "shape": [
      76,
      76
    ],
    "size": 5776,
    "min": 0.0,
    "max": 15.456651945595977,
    "mean": 7.600983576024369,
    "std": 3.1491749916659533
  }
}