{
  "count": 118,
  "ids_hash": "6644b1dd50225b51783e9a6434bbdc9832736bc95b28f52e9501f31c48cc671d",
  "coords_hash": "3e22902aafdc928e02c7fd0b927e797a3593d650820fb1e5933011607fab19df",
  "coords_stats": {
    "shape": [
      118,
      3
    ],
    "size": 354,
    "min": -12.708999633789062,
    "max": 82.38600158691406,
    "mean": 26.623782467646894,
    "std": 35.09732111311438
  }
}