{
  "f0_hash": "d97cd93ceab34d77592703df6e6720fe0bfcd011635c387a57942fb94acd66d6",
  "f1_hash": "b1a42462b2195b02e76290f543d095508a007423f964eba274de660113accd2c",
  "f0_stats": {
    "shape": [
      5
    ],
    "size": 5,
    "min": 0.5346937779256346,
    "max": 171.41223504566383,
    "mean": 35.74845208638644,
    "std": 67.84184749458264
  },
  "f1_stats": {
    "shape": [
      15
    ],
    "size": 15,
    "min": 0.010030830447798067,
    "max": 505.22598571799836,
    "mean": 70.26786358475893,
    "std": 159.65741328098218
  }
}