{
  "hash": "c95512b3705a8c1050ba72a3f029723da8adf9db6d4ec3b65c362fa9baa08cd1",
  "stats": {
    "shape": [
      95,
      95
    ],
    "size": 9025,
    "min": 0.0,
    "max": 15.782923969389637,
    "mean": 7.562059979946346,
    "std": 2.997316864480994
  }
}