MODEL,PRED_DOCKQ
1YKD,0.04925668
1YKD_af2m,0.044250093
