{
  "hash": "cbe1182619ce33088cb56d8bd9466670449672ed56dade689c1204a1c1182518",
  "stats": {
    "shape": [
      114,
      114
    ],
    "size": 12996,
    "min": 0.0,
    "max": 15.747769632643285,
    "mean": 8.020514406382299,
    "std": 3.061200532553079
  }
}