{
  "count": 108,
  "ids_hash": "01aa471c8b7e0b7fdad14adaf50ebe4ed54c156dc91bbaa6bc7d4821a88c164e",
  "coords_hash": "1fa5b20d7ed984e77ef2d801f868abc0425879082dacd1b3ee6c5651d4850092",
  "coords_stats": {
    "shape": [
      108,
      3
    ],
    "size": 324,
    "min": 5.7729997634887695,
    "max": 47.22800064086914,
    "mean": 27.923614175231368,
    "std": 11.139503980873565
  }
}