{
  "count": 82,
  "ids_hash": "c9a880f7e483a94c1f8752c9150a2c1e221363c78eaf02ddce308ae55aff1a9e",
  "coords_hash": "ede568a3d06ae43c0a01c34725f678472399d1fcf8c14a773e58491384c04ebf",
  "coords_stats": {
    "shape": [
      82,
      3
    ],
    "size": 246,
    "min": 7.493000030517578,
    "max": 80.38700103759766,
    "mean": 33.55278447779214,
    "std": 28.169229344532344
  }
}