MODEL,PRED_DOCKQ
5O32_af2m,0.11372716
5O32,1.5192734e-06
