MODEL,PRED_DOCKQ
1WUI,0.92302144
1WUI_af2m,0.7872343
