{
  "hash": "fe89c49c501f6441f7455692a7483f8b6db14e345f66f44bfda58c6f9d1a64cf",
  "stats": {
    "shape": [
      88,
      88
    ],
    "size": 7744,
    "min": 0.0,
    "max": 15.581970074944758,
    "mean": 7.6094075423088245,
    "std": 3.0607812095207056
  }
}