{
  "f0_hash": "87ecaca110927c4b380f29f80d378f889bbae77431e9f1d5569b4a580b54e14b",
  "f1_hash": "ffcba09883264176255f507f58181d4f8b447e7939e4b37fe1263f821f62b8fc",
  "f0_stats": {
    "shape": [
      5
    ],
    "size": 5,
    "min": 0.4752287244919296,
    "max": 163.7024051646328,
    "mean": 34.102547363176505,
    "std": 64.80853747972769
  },
  "f1_stats": {
    "shape": [
      15
    ],
    "size": 15,
    "min": 0.010065394385444293,
    "max": 481.28432429579846,
    "mean": 66.48772234231537,
    "std": 153.9659542776477
  }
}