{
  "f0_hash": "02eb2360994ca272b39402b159ed13e75a508041710a1681edb120693e27332b",
  "f1_hash": "86cc31342bb7ed6b9027448532293eb127a444f1d4c74be05058bfbf18a484ce",
  "f0_stats": {
    "shape": [
      5
    ],
    "size": 5,
    "min": 0.47790155026428754,
    "max": 154.81100187341576,
    "mean": 32.46006483496923,
    "std": 61.188719202440616
  },
  "f1_stats": {
    "shape": [
      15
    ],
    "size": 15,
    "min": 0.011180912815296207,
    "max": 458.44892408681017,
    "mean": 64.09446464602695,
    "std": 146.15906793212147
  }
}