{
  "hash": "d142ad7d9ebfed153c5eef4a042bbc14fb146be0d1db6768da3b847e7d30f60c",
  "stats": {
    "shape": [
      103,
      103
    ],
    "size": 10609,
    "min": 0.0,
    "max": 15.831604018967433,
    "mean": 7.82823744151065,
    "std": 3.0835228917447197
  }
}