{
  "f0_hash": "beb408b8a5224742d85fda5309edde5a62d8d2e292f119d56eafb251709feb3a",
  "f1_hash": "9809ece6469e6846ea731a3cac2bf2f7745bebb21d967d98b7adc04ea9e121bc",
  "f0_stats": {
    "shape": [
      5
    ],
    "size": 5,
    "min": 0.501570177631764,
    "max": 153.56362537819894,
    "mean": 32.093157458588834,
    "std": 60.74372164208923
  },
  "f1_stats": {
    "shape": [
      15
    ],
    "size": 15,
    "min": 0.010832541112506089,
    "max": 423.2782174406692,
    "mean": 59.1369631920287,
    "std": 132.51609681014025
  }
}