{
  "hash": "d7950ddcbb44e1897c34893597b884c66c914f39bf2a0366ab144e2941a1ce9e",
  "stats": {
    "shape": [
      106,
      106
    ],
    "size": 11236,
    "min": 0.0,
    "max": 15.78445978137722,
    "mean": 8.01897775890559,
    "std": 3.0407433303840246
  }
}