{
  "hash": "b549686a15b43dd8f8f84454c909ee800b0e7472f1e5f2035e5ec36271ab56c8",
  "stats": {
    "shape": [
      89,
      89
    ],
    "size": 7921,
    "min": 0.0,
    "max": 15.3829699669204,
    "mean": 7.518871686278771,
    "std": 3.0874780935750348
  }
}