{
  "count": 117,
  "ids_hash": "bb2e39f51f6c857584730868080293d104c1714fe43b4923fbd90264feae3c16",
  "coords_hash": "665e1a86124e5fdc3faa7f8adc395a7b5911f91426e0682a510a8980196a272c",
  "coords_stats": {
    "shape": [
      117,
      3
    ],
    "size": 351,
    "min": -45.24100112915039,
    "max": 38.88399887084961,
    "mean": 0.6058804099673559,
    "std": 29.015479303829622
  }
}