{
  "hash": "4da09590d840b8d11ab4321e918cbf3df3e29d8edfa6e4087f880f43f1a6094e",
  "stats": {
    "shape": [
      96,
      96
    ],
    "size": 9216,
    "min": 0.0,
    "max": 15.088838282615843,
    "mean": 7.711493643596125,
    "std": 2.9976895875486376
  }
}