{
  "hash": "e4dadd6c197fcd21371653e34c6f0b6094a2f1ba599c3eae8f8c95c46b8b0f2e",
  "stats": {
    "shape": [
      115,
      115
    ],
    "size": 13225,
    "min": 0.0,
    "max": 15.757760350537485,
    "mean": 8.141489052503717,
    "std": 3.1073717685488416
  }
}