{
  "count": 71,
  "ids_hash": "bb940f5061ddf618fb623f6ede11d0ded29c3115917dd17e2e3727eb17ea07d5",
  "coords_hash": "5a289109818a06851e1c464a013edc458f0febae3bf1d144d4d9c85dd79eb0b2",
  "coords_stats": {
    "shape": [
      71,
      3
    ],
    "size": 213,
    "min": -17.04800033569336,
    "max": 40.983001708984375,
    "mean": 12.28372308793762,
    "std": 19.34049288345875
  }
}