{
  "count": 94,
  "ids_hash": "a5ae0055fc1928be97f45b15b528b2a8efacaa54091f868bc3cb3a0b9737f846",
  "coords_hash": "47552e379d3cb80c72b957db47285ff0daaaa9e1845c1a9c7b69cc282cf121cf",
  "coords_stats": {
    "shape": [
      94,
      3
    ],
    "size": 282,
    "min": -14.935999870300293,
    "max": 36.915000915527344,
    "mean": 14.916308545897193,
    "std": 16.74536191376154
  }
}