{
  "count": 97,
  "ids_hash": "9dabb971076894bebca3b46a5df32db18417215fcc2d5b403c90ba8dc256c5bd",
  "coords_hash": "bdb84562afe90d5675f491d219b6173a670f7aeff5cc2cb130ba30267339a695",
  "coords_stats": {
    "shape": [
      97,
      3
    ],
    "size": 291,
    "min": -35.09700012207031,
    "max": 54.63399887084961,
    "mean": 7.92717181861119,
    "std": 31.586530667912918
  }
}