{
  "hash": "9b0661c5cee1517ad5f2838c2035cb3b9614d7238624548b4de5346f9164fe85",
  "stats": {
    "shape": [
      122,
      122
    ],
    "size": 14884,
    "min": 0.0,
    "max": 15.547190573671926,
    "mean": 8.14047147208806,
    "std": 3.0864591823177157
  }
}