{
  "count": 94,
  "ids_hash": "4c4f6508b39465610b6270dc1c2286d2a1cb976e92846b7b6064e796641c912e",
  "coords_hash": "34964ed1fe5135291bfe72b5a8d06e3727c1b4b909653bce966e3178ac712527",
  "coords_stats": {
    "shape": [
      94,
      3
    ],
    "size": 282,
    "min": -7.934999942779541,
    "max": 45.974998474121094,
    "mean": 22.588219818388318,
    "std": 17.593244816786434
  }
}