{
  "count": 119,
  "ids_hash": "5edea57527e40f2c2fd0f2357535130ea646cc7fcc56a15f9b984f929ee4a6e8",
  "coords_hash": "95617948dd3aad8db40855ba8e298c49eb9c9dda638ac1d2c39ee5047ad5bfaa",
  "coords_stats": {
    "shape": [
      119,
      3
    ],
    "size": 357,
    "min": -2.5999999046325684,
    "max": 68.33699798583984,
    "mean": 36.5051625211324,
    "std": 24.144287784007876
  }
}