{
  "hash": "9794aa6b0cea8309854303f61984089921ffa481fc408879fae2ee781a6526aa",
  "stats": {
    "shape": [
      102,
      102
    ],
    "size": 10404,
    "min": 0.0,
    "max": 15.499080333900325,
    "mean": 7.836067217527751,
    "std": 3.0578309874471685
  }
}