{
  "hash": "ecee978f854914249d6d8d5aa7e444f891b8561b82f2425badf67b7b51e48d30",
  "stats": {
    "shape": [
      49,
      49
    ],
    "size": 2401,
    "min": 0.0,
    "max": 14.990038996467518,
    "mean": 6.47372180413284,
    "std": 2.839412436148499
  }
}