{
  "count": 92,
  "ids_hash": "d7d66e3017bc665935bdbb790b51b1f557c41a3de909543cf890c34ac6dd5f6a",
  "coords_hash": "eb7c5034e05801de92634ec73255c87aae91111dfddd78931427618497ef44f6",
  "coords_stats": {
    "shape": [
      92,
      3
    ],
    "size": 276,
    "min": -39.946998596191406,
    "max": 50.47200012207031,
    "mean": 2.099634023970398,
    "std": 31.36247817885123
  }
}