{
  "f0_hash": "86bda46a522dc2457e26be4449de2490fd9c5105ffcfde5d81afe383e34e7fce",
  "f1_hash": "f0b7ecb7a37a883c72ddd2fc65755eac841454d0fc48611fb8bce46fbb2da119",
  "f0_stats": {
    "shape": [
      5
    ],
    "size": 5,
    "min": 0.4599559586517263,
    "max": 142.00152633839295,
    "mean": 29.653514256454013,
    "std": 56.18010910839302
  },
  "f1_stats": {
    "shape": [
      15
    ],
    "size": 15,
    "min": 0.011048254062833607,
    "max": 505.80887940527066,
    "mean": 70.48838574056109,
    "std": 164.724215143149
  }
}