MODEL,PRED_DOCKQ
1KQP_af2m,0.92729753
1KQP,0.8846265
