{
  "f0_hash": "c04244bf95dba745cd8950c5c29a5c83ce917511fc69dcecf197c42c07b90b2d",
  "f1_hash": "6cfdedc715cf0024d86653178f9f1c1164b66ab30ff03126509103053a84e514",
  "f0_stats": {
    "shape": [
      5
    ],
    "size": 5,
    "min": 0.4002839961916931,
    "max": 169.61009672865916,
    "mean": 35.21964652035278,
    "std": 67.20696987039182
  },
  "f1_stats": {
    "shape": [
      15
    ],
    "size": 15,
    "min": 0.010519606850663443,
    "max": 539.2675145700197,
    "mean": 75.11206622425262,
    "std": 171.19365244717383
  }
}