MODEL,PRED_DOCKQ
5X2A_af2m,0.06272951
5X2A,0.011868556
