{
  "count": 109,
  "ids_hash": "dea86a12e3e62552d8760f8a938735f6d661aa04cca12c24135fe40584d80d5e",
  "coords_hash": "b98b9e1d7cb3c64f875f2d67c1005482a19fcf5797a1e3609a0014cc12dd9f3b",
  "coords_stats": {
    "shape": [
      109,
      3
    ],
    "size": 327,
    "min": -7.511000156402588,
    "max": 59.999000549316406,
    "mean": 18.260752322941176,
    "std": 24.28631160737985
  }
}