MODEL,PRED_DOCKQ
2ZZV,0.8989893
2ZZV_af2m,0.84698206
