{
  "count": 130,
  "ids_hash": "fd0600fc0ae7b180577173b12042441b95df9966093caefc12138872a52ce792",
  "coords_hash": "dfadd03636840b21f870348b249c97ad36beac3e6ec27bbbb1326f018a5a871a",
  "coords_stats": {
    "shape": [
      130,
      3
    ],
    "size": 390,
    "min": -25.760000228881836,
    "max": 10.723999977111816,
    "mean": -6.058374345694215,
    "std": 9.854031582230595
  }
}