{
  "count": 99,
  "ids_hash": "c869a77eeec83fd8ca7508ff14baed8b2199e2bc21c2fc6de90fa97f26805f81",
  "coords_hash": "0231667657583839871191176912df1639350f15010a67590b7c4b604c9d2529",
  "coords_stats": {
    "shape": [
      99,
      3
    ],
    "size": 297,
    "min": -35.0880012512207,
    "max": 27.739999771118164,
    "mean": -1.0235488352299942,
    "std": 20.744834320460853
  }
}