MODEL,PRED_DOCKQ
3EBN_af2m,0.031111214
3EBN,4.3853498e-07
