{
  "count": 82,
  "ids_hash": "f1c46b131b603090e43ba82eb859e1c46a2d7f6b30b0c5db4bd9fd202c383402",
  "coords_hash": "ac529b560891debdc981bfa0d69c247e601eb7c77d306dc6a56f7c765d704d92",
  "coords_stats": {
    "shape": [
      82,
      3
    ],
    "size": 246,
    "min": 11.470999717712402,
    "max": 41.48099899291992,
    "mean": 25.909573128552942,
    "std": 8.207869807120058
  }
}