{
  "f0_hash": "b7dfa10aec51e43687a4d252edc33d9342de15439a730baee0b53885efa3cd03",
  "f1_hash": "a38999f29c6b072b484d980b0773ba4d792162fa8271f80bd0804916f41ba15d",
  "f0_stats": {
    "shape": [
      5
    ],
    "size": 5,
    "min": 0.4482040906396124,
    "max": 150.33815376781953,
    "mean": 31.526299736931588,
    "std": 59.4183536367591
  },
  "f1_stats": {
    "shape": [
      15
    ],
    "size": 15,
    "min": 0.012071008996459298,
    "max": 402.0683541224518,
    "mean": 56.568566051423886,
    "std": 127.10550855966186
  }
}