{
  "count": 98,
  "ids_hash": "b3032e0270afddfc03fd3fde358f91079e88e2fbccb99692dc5f21017dd4fcca",
  "coords_hash": "5d787697476a7c5d68514ecb8984278e59587cd22744525657d17140fe6378b7",
  "coords_stats": {
    "shape": [
      98,
      3
    ],
    "size": 294,
    "min": 12.977999687194824,
    "max": 104.02400207519531,
    "mean": 47.05835031003368,
    "std": 35.50215768697215
  }
}