{
  "count": 114,
  "ids_hash": "6d0c539acf59f189bb2e03efef3490137b17c9a8ccd90d8aad0b95378accebfa",
  "coords_hash": "436eeb57828e9fa174162c36e5703a5add8c2e4f198ebf5e818bbb979d3b3d9f",
  "coords_stats": {
    "shape": [
      114,
      3
    ],
    "size": 342,
    "min": -28.143999099731445,
    "max": 94.4219970703125,
    "mean": 21.78307594949848,
    "std": 47.3231295168005
  }
}