{
  "hash": "349c30e4dbac91ddb899b725507e74f5729b3d21e4168632190c9693c808c806",
  "stats": {
    "shape": [
      92,
      92
    ],
    "size": 8464,
    "min": 0.0,
    "max": 15.728692019410946,
    "mean": 8.187454961058682,
    "std": 3.208142447331528
  }
}