{
  "f0_hash": "08577b9de22fa820988bbfa7a2e3fcfbdf49018394283ad2ddcc25c2c6f46802",
  "f1_hash": "42472263e5493192795f8d8dd3fa63221928111cb93d180a453db08441c013bd",
  "f0_stats": {
    "shape": [
      5
    ],
    "size": 5,
    "min": 0.5251027755590602,
    "max": 134.51688433517086,
    "mean": 28.355136215080552,
    "std": 53.093358102279836
  },
  "f1_stats": {
    "shape": [
      15
    ],
    "size": 15,
    "min": 0.01001891978793168,
    "max": 295.9548263330028,
    "mean": 42.34559010284473,
    "std": 93.12741030399104
  }
}