{
  "f0_hash": "5a33006eb4fb415c51b72c67041067ea61c01e10fa39a055311fe3bb83630d0a",
  "f1_hash": "53eabb30abd2e9cc3861273d4bc143f85832762bd157c2c9849995daf6e2fbab",
  "f0_stats": {
    "shape": [
      5
    ],
    "size": 5,
    "min": 0.3887520693123765,
    "max": 106.04964292121859,
    "mean": 22.46280844590452,
    "std": 41.80287830303731
  },
  "f1_stats": {
    "shape": [
      15
    ],
    "size": 15,
    "min": 0.013239774226063261,
    "max": 232.64090519179405,
    "mean": 33.58417175793375,
    "std": 72.83931110867474
  }
}