{
  "hash": "a799406af1cd5ad534601cd6d1186437571335e1370dba474bfc402a7993651c",
  "stats": {
    "shape": [
      113,
      113
    ],
    "size": 12769,
    "min": 0.0,
    "max": 15.543591159709461,
    "mean": 7.974269420107004,
    "std": 3.043587150273767
  }
}