{
  "hash": "94ddddaf6fd8f9fad7ab8e3f7a2dec5737a2da9f09a9b2a9d329684abd4100d3",
  "stats": {
    "shape": [
      82,
      82
    ],
    "size": 6724,
    "min": 0.0,
    "max": 15.771510619108888,
    "mean": 7.6099934100028,
    "std": 3.119140752896596
  }
}