{
  "hash": "6dbcf715af7df658edff4deb272ed3b82978910e2593b7862190b0e11ad75a98",
  "stats": {
    "shape": [
      100,
      100
    ],
    "size": 10000,
    "min": 0.0,
    "max": 15.746183806828578,
    "mean": 7.4714265853724395,
    "std": 2.900668556062249
  }
}