{
  "f0_hash": "f2c782d2cb2012ae8fe82b6c3a0217794357a93933bc3e9452797f3394e223f9",
  "f1_hash": "767ed61090b5b9e04520a20a8093bba1cc5f10846b55249f89975c2f75528685",
  "f0_stats": {
    "shape": [
      5
    ],
    "size": 5,
    "min": 0.6698180698998266,
    "max": 111.22859720672366,
    "mean": 23.86016834806083,
    "std": 43.70475228075184
  },
  "f1_stats": {
    "shape": [
      15
    ],
    "size": 15,
    "min": 0.012840910129317429,
    "max": 252.9469376090299,
    "mean": 36.020987125209096,
    "std": 80.84976365971711
  }
}