{
  "f0_hash": "ed2b8441215fd3d7a5adade3c99c4629869ab7c3b8a01a47a2e28a0086c8e5f7",
  "f1_hash": "76f3a02b157911b4e76e1691d277cec98ac28352a90a7dea2daf99652c653ac8",
  "f0_stats": {
    "shape": [
      5
    ],
    "size": 5,
    "min": 0.5016913789668882,
    "max": 164.53647180150944,
    "mean": 34.2882515330814,
    "std": 65.13239016910732
  },
  "f1_stats": {
    "shape": [
      15
    ],
    "size": 15,
    "min": 0.010924821531322237,
    "max": 481.03680315452283,
    "mean": 66.7485163355682,
    "std": 151.92751241802887
  }
}