{
  "count": 192,
  "ids_hash": "8712a8a9c65378b25478df528fc8e7ae2ee8c62ce30eee2e202fe70fe0309d13",
  "coords_hash": "61ac1e62b4bd6f0ae3c1263c6579ff262892eac67b6193f03927680d3b1c2bbb",
  "coords_stats": {
    "shape": [
      192,
      3
    ],
    "size": 576,
    "min": -2.2720000743865967,
    "max": 15.699000358581543,
    "mean": 6.942685759830056,
    "std": 3.8963551773871816
  }
}