{
  "hash": "aff57c23e16aec9d6e9f3890a6036f71016ab813878547f8180fc136b7270b82",
  "stats": {
    "shape": [
      112,
      112
    ],
    "size": 12544,
    "min": 0.0,
    "max": 15.531801450501694,
    "mean": 8.07909137244289,
    "std": 3.0427727556919115
  }
}