{
  "f0_hash": "a1d4f8a9045c95ef833ba0b0a8b77dcfd9b1b7ecf4de162b5c35fbd6404acab7",
  "f1_hash": "23058faf5a8a579cc5a37248a903adc8717cbda123f35b8d21d10054353e3095",
  "f0_stats": {
    "shape": [
      5
    ],
    "size": 5,
    "min": 0.4404052232079699,
    "max": 143.88309916200618,
    "mean": 30.191890322506584,
    "std": 56.8572989134237
  },
  "f1_stats": {
    "shape": [
      15
    ],
    "size": 15,
    "min": 0.012679438640941232,
    "max": 422.6216602907566,
    "mean": 58.482913570693235,
    "std": 135.06251619547203
  }
}