{
  "f0_hash": "0ba6d622722f065b6c28e65dc7a6e28b14af33e874214333e8839267b7ab26a7",
  "f1_hash": "ccc7079847593d6c845c7cb8cc1cc57afba983de2c4abcfe64a526eb29478321",
  "f0_stats": {
    "shape": [
      5
    ],
    "size": 5,
    "min": 0.4450746392371514,
    "max": 136.45616907023825,
    "mean": 28.679542796023007,
    "std": 53.899370913464224
  },
  "f1_stats": {
    "shape": [
      15
    ],
    "size": 15,
    "min": 0.010520667968648034,
    "max": 330.9655808344809,
    "mean": 46.841219969184074,
    "std": 104.40178792490124
  }
}