{
  "hash": "af90bc449878db2ee050e609af220f42b959d24ede276c9f05eef43dfd2e390e",
  "stats": {
    "shape": [
      74,
      74
    ],
    "size": 5476,
    "min": 0.0,
    "max": 15.441563879402809,
    "mean": 7.338310085251501,
    "std": 3.0830905428206763
  }
}