{
  "f0_hash": "05204bf0e729364edfdc5306bcf384cb638a5d0a07487b995a2ca1807c325712",
  "f1_hash": "85c82f7aa5571f9c02302e20b212f5ff913d357b3fa537c71daf3101ba142c0c",
  "f0_stats": {
    "shape": [
      5
    ],
    "size": 5,
    "min": 0.5333578454263498,
    "max": 113.69858288470505,
    "mean": 24.284487987094835,
    "std": 44.72674463660305
  },
  "f1_stats": {
    "shape": [
      15
    ],
    "size": 15,
    "min": 0.0102097250360913,
    "max": 269.3648747663881,
    "mean": 38.24838196129229,
    "std": 85.14380954753366
  }
}