{
  "hash": "645af709ac4a638cad046d9e5887f6cee5ceae8fd72d9bf9a4ca38cef35e5911",
  "stats": {
    "shape": [
      62,
      62
    ],
    "size": 3844,
    "min": 0.0,
    "max": 13.854074842497305,
    "mean": 6.761058170234035,
    "std": 2.798496072122799
  }
}