{
  "f0_hash": "f1d59e1f6f87de0c250ea4c200816aeedc8952f7914dfd20d20b5b011298fe4b",
  "f1_hash": "97c64a91c53975b7de6cbd5a097252aa667faec9db832f9bdb76b2a04142acd7",
  "f0_stats": {
    "shape": [
      5
    ],
    "size": 5,
    "min": 1.1289072818367647,
    "max": 97.98633382290006,
    "mean": 21.83610160784432,
    "std": 38.13785531559257
  },
  "f1_stats": {
    "shape": [
      15
    ],
    "size": 15,
    "min": 0.01470705059082511,
    "max": 314.48067840766726,
    "mean": 46.39092670706019,
    "std": 100.16325059492152
  }
}