{
  "count": 103,
  "ids_hash": "b8b744024a6f4e7401eef94d62dfe94d5097e98ff4f9e03eaf6f883aad54fe8e",
  "coords_hash": "bd74c14f9cc38b48aea6f98230ee65a2d4266281e503c9185a4f25d6963335a4",
  "coords_stats": {
    "shape": [
      103,
      3
    ],
    "size": 309,
    "min": -5.2230000495910645,
    "max": 98.09200286865234,
    "mean": 35.0608090264994,
    "std": 39.73575747376461
  }
}