MODEL,PRED_DOCKQ
2PBI_af2m,0.7162994
2PBI,0.0011659997
