{
  "hash": "8bc45b4af6d13d982fa0b2db5973551cc7bdfbcd2b232c2c0ee57a1738a04787",
  "stats": {
    "shape": [
      91,
      91
    ],
    "size": 8281,
    "min": 0.0,
    "max": 15.211085420617998,
    "mean": 7.90709504184744,
    "std": 3.1066505038504704
  }
}