{
  "hash": "7253b2761b01617d24ea2a332505f2c7f139526ea3cbb5deada99078d92f5e3e",
  "stats": {
    "shape": [
      84,
      84
    ],
    "size": 7056,
    "min": 0.0,
    "max": 15.226055492549252,
    "mean": 7.6599853219173895,
    "std": 3.0123139203576508
  }
}