MODEL,PRED_DOCKQ
5KS7_af2m,0.70094675
5KS7,0.11371939
