{
  "count": 61,
  "ids_hash": "8cd4e83b80d2028cd7257da6d5e889423c078e252484786eedd2f99a4ae05556",
  "coords_hash": "037e53651af0c8017f86d3d467cbe9668bb22378f83c91d620e311cdf8f091b6",
  "coords_stats": {
    "shape": [
      61,
      3
    ],
    "size": 183,
    "min": 1.7960000038146973,
    "max": 27.756999969482422,
    "mean": 13.050393451107004,
    "std": 6.772914257848684
  }
}