MODEL,PRED_DOCKQ
2V57_af2m,0.85771555
2V57,0.6602098
