MODEL,PRED_DOCKQ
3EFY_af2m,0.83651495
3EFY,0.18091007
