{
  "hash": "8e6f01cb74cc1172fa15f04ee54c9c0a965d702cf05dec9c598dea7e76d48d51",
  "stats": {
    "shape": [
      86,
      86
    ],
    "size": 7396,
    "min": 0.0,
    "max": 15.31911452946296,
    "mean": 7.82749728559646,
    "std": 3.166972200944459
  }
}