{
  "count": 98,
  "ids_hash": "ef4963212eca48536761a464c234e4c315eb89f442240871ab91e0bc49faac0f",
  "coords_hash": "2d4d50aa4c5e51f7c732e53332f015453b4197b444c31c08b65ec472d9119a1f",
  "coords_stats": {
    "shape": [
      98,
      3
    ],
    "size": 294,
    "min": 8.420999526977539,
    "max": 43.409000396728516,
    "mean": 28.214374123787394,
    "std": 10.225727590419476
  }
}