{
  "f0_hash": "e884012fb47bd0f0c0b34c3c8d54f1af4f66e2eb6f2ed15ea00f628f5ec997ba",
  "f1_hash": "2c128ff78c1368490cd8388aaf531eb52ccef01d0b4bfe6261b0f14d565a69ed",
  "f0_stats": {
    "shape": [
      5
    ],
    "size": 5,
    "min": 0.6164716157778586,
    "max": 103.23187965800207,
    "mean": 22.395741361990346,
    "std": 40.45148575760453
  },
  "f1_stats": {
    "shape": [
      15
    ],
    "size": 15,
    "min": 0.022014216473712267,
    "max": 198.16827092373478,
    "mean": 28.850450110195325,
    "std": 62.11476922731711
  }
}