{
  "f0_hash": "bb821e38a86975242eed2766608e07a15f9aa961f298044c0269e9508adbad29",
  "f1_hash": "7e9382f0226aba8e7eb4e92cef7cbd62f75e9a8f961a1275c13cb3529128923e",
  "f0_stats": {
    "shape": [
      5
    ],
    "size": 5,
    "min": 0.43722785534506947,
    "max": 133.54263014298635,
    "mean": 28.04993888495713,
    "std": 52.75605130492692
  },
  "f1_stats": {
    "shape": [
      15
    ],
    "size": 15,
    "min": 0.01001272372987172,
    "max": 331.3427658949576,
    "mean": 46.45465261393224,
    "std": 104.77844903343744
  }
}