MODEL,PRED_DOCKQ
2NLV_af2m,0.8260364
2NLV,0.61968035
