{
  "f0_hash": "b16e6810c233cfaf3a1b03e2cb2e2606a69e7009fd4756f9732ea3bcb8ac77c1",
  "f1_hash": "f12ae5c328d4ba7baa03fe0fc401aa87f658f0eac40bbb5a90cb00ac397f7d87",
  "f0_stats": {
    "shape": [
      5
    ],
    "size": 5,
    "min": 0.5765502449473793,
    "max": 184.83548449293698,
    "mean": 38.4220368794271,
    "std": 73.21495425520534
  },
  "f1_stats": {
    "shape": [
      15
    ],
    "size": 15,
    "min": 0.013303298168291455,
    "max": 578.7816273508381,
    "mean": 79.52689591233565,
    "std": 183.33198980397603
  }
}