{
  "hash": "1b9d77d444aed7bfcc1c592ee57b1be674359d1b6502727c5e173d7f126fc906",
  "stats": {
    "shape": [
      47,
      47
    ],
    "size": 2209,
    "min": 0.0,
    "max": 14.337492134079653,
    "mean": 6.006233520035966,
    "std": 2.6953812627006326
  }
}