{
  "count": 97,
  "ids_hash": "438f80ff18b015220173b5934599de84ba509cc902dbce4e5912efdc4e675e44",
  "coords_hash": "a866acb68e95515e89ca01e51bc66ff052d56baa0f1872ac092aa8f86a6d5bf5",
  "coords_stats": {
    "shape": [
      97,
      3
    ],
    "size": 291,
    "min": -13.616000175476074,
    "max": 39.07500076293945,
    "mean": 15.816439920428282,
    "std": 16.797258581611064
  }
}