{
  "hash": "76b6ad89dd31283f5a29b8b96c10c4d0c7bc97f058d110de9487d2fd9f068087",
  "stats": {
    "shape": [
      91,
      91
    ],
    "size": 8281,
    "min": 0.0,
    "max": 15.53245241726744,
    "mean": 7.74200775957162,
    "std": 3.0875674007195175
  }
}