MODEL,PRED_DOCKQ
5BY7_af2m,0.90168905
5BY7,0.81910455
