MODEL,PRED_DOCKQ
2YGK_af2m,0.6911627
2YGK,0.68109715
