MODEL,PRED_DOCKQ
4LQS_af2m,0.16552925
4LQS,0.08486888
