{
  "f0_hash": "11a263ded096e783a9c452163875d45faa4bf7a71762f6d8782a9e790b1c419f",
  "f1_hash": "9bbe5bd17d4e29c0033a43ebf4547647cf9100af536962081bdd4168963804b5",
  "f0_stats": {
    "shape": [
      5
    ],
    "size": 5,
    "min": 0.3659013200376815,
    "max": 160.73106549417847,
    "mean": 33.48581449021964,
    "std": 63.63142024690304
  },
  "f1_stats": {
    "shape": [
      15
    ],
    "size": 15,
    "min": 0.01086037340067314,
    "max": 458.75147747174344,
    "mean": 63.44673409734716,
    "std": 145.93160265642334
  }
}