{
  "f0_hash": "3abc76521ea565d79c56d0dee328749b40667dcc320c3cbe4384b8611d8f403e",
  "f1_hash": "96396b313a5d3896dba2558a21dd43ef6f590e68e359eee7b274129507bc7c09",
  "f0_stats": {
    "shape": [
      5
    ],
    "size": 5,
    "min": 0.39273540847232974,
    "max": 133.44291603039736,
    "mean": 28.011495801992016,
    "std": 52.7254859173508
  },
  "f1_stats": {
    "shape": [
      15
    ],
    "size": 15,
    "min": 0.011346826205079985,
    "max": 289.7011860656247,
    "mean": 41.5795501434255,
    "std": 91.34715424726772
  }
}