MODEL,PRED_DOCKQ
6NZ4_af2m,0.376842
6NZ4,0.02349812
