{
  "f0_hash": "ac236767774ddd7dbf02da011e3fda67f19497a54be0f2086000e941e5b0846c",
  "f1_hash": "a279624880092b02c99a32a8c1aa2d813ef01b191600fd01e6549ba3485593f1",
  "f0_stats": {
    "shape": [
      5
    ],
    "size": 5,
    "min": 0.6868520068891293,
    "max": 106.62918277021524,
    "mean": 22.87831193516596,
    "std": 41.89213689311616
  },
  "f1_stats": {
    "shape": [
      15
    ],
    "size": 15,
    "min": 0.011994161391893243,
    "max": 205.66003154178367,
    "mean": 29.78653998925441,
    "std": 64.82284599313157
  }
}