MODEL,PRED_DOCKQ
4E6N_af2m,0.86500114
4E6N,0.79181045
