{
  "hash": "5e848f32ea81cb81fff3c2bfd7cdcdd0ad2b89ab39697eaaf5b4c4c7757a0add",
  "stats": {
    "shape": [
      107,
      107
    ],
    "size": 11449,
    "min": 0.0,
    "max": 15.742076660952861,
    "mean": 8.011237160592811,
    "std": 3.0596877055346607
  }
}