MODEL,PRED_DOCKQ
4LTB_af2m,0.77420986
4LTB,0.76529866
