{
  "hash": "5b43d251ad8ffe8faf31c46773e095b4253cfb6f0d4a71f06aa180a91adf7d89",
  "stats": {
    "shape": [
      105,
      105
    ],
    "size": 11025,
    "min": 0.0,
    "max": 15.439233134239617,
    "mean": 8.1273844903339,
    "std": 3.094940971984163
  }
}