{
  "count": 79,
  "ids_hash": "624f027f22056fab095081c0ef315c92e75cf9e00015badea8819d3d79941e1f",
  "coords_hash": "4f8de64a33ac47afa981d70fd0c7c67bf61399fcfa36acf636ef2cd88c94c467",
  "coords_stats": {
    "shape": [
      79,
      3
    ],
    "size": 237,
    "min": -7.35099983215332,
    "max": 58.2400016784668,
    "mean": 18.709021072890238,
    "std": 24.30805034789968
  }
}