{
  "count": 52,
  "ids_hash": "0dae60a784b193414a666a9a88c3c340eaef50f52e8fa668635a33fbcae1a1d3",
  "coords_hash": "c10a28ffd943e8df03a45c0b5e368ab59f4782b284351f8e2a49dabccaad9929",
  "coords_stats": {
    "shape": [
      52,
      3
    ],
    "size": 156,
    "min": -38.74599838256836,
    "max": 56.88199996948242,
    "mean": 4.07887172851807,
    "std": 35.920799389744694
  }
}