{
  "hash": "b15c17bee90d30a294ae878b354a6b5afe60ffc8215b18ca21d5589f2b01f494",
  "stats": {
    "shape": [
      103,
      103
    ],
    "size": 10609,
    "min": 0.0,
    "max": 15.586130627839042,
    "mean": 7.983618874207047,
    "std": 3.118687520783499
  }
}