{
  "f0_hash": "97eb2214005cbe96f4632f63dc80103e9a4e9af9edd7d5a9ffee5f81a5a3b48c",
  "f1_hash": "512a133480f71a8691697b90761e75e25c7f62c276b15477cd82cb1177fd9f6e",
  "f0_stats": {
    "shape": [
      5
    ],
    "size": 5,
    "min": 0.6975232271710846,
    "max": 111.5303891532242,
    "mean": 23.988396208223584,
    "std": 43.79491967410421
  },
  "f1_stats": {
    "shape": [
      15
    ],
    "size": 15,
    "min": 0.011302018223473098,
    "max": 232.00035502370227,
    "mean": 33.49022143392968,
    "std": 72.68833663509973
  }
}