{
  "f0_hash": "52080a1da126061fd7b46f4afe146408187eb57136247ed5342d4b481d51a714",
  "f1_hash": "4dc31b8d6e0f4489cb323973c891ab4f75d1c6668412d04a8d9814c33ebd1d35",
  "f0_stats": {
    "shape": [
      5
    ],
    "size": 5,
    "min": 0.5899817538584038,
    "max": 152.52940229070543,
    "mean": 31.922012216554766,
    "std": 60.31312411493846
  },
  "f1_stats": {
    "shape": [
      15
    ],
    "size": 15,
    "min": 0.011002680000254728,
    "max": 422.5798983082559,
    "mean": 59.367420163999554,
    "std": 133.13367592226282
  }
}