MODEL,PRED_DOCKQ
3B5M_af2m,0.935464
3B5M,0.8596929
