{
  "f0_hash": "b9a76c02545e3e0dbd81d18283a3e7819c4578a0bab3e5234b8953c97af5f8a0",
  "f1_hash": "e3a45808eaabb2530745ad105aace45b1806b767be013867b3751ab9d4eb976b",
  "f0_stats": {
    "shape": [
      5
    ],
    "size": 5,
    "min": 0.5682318060584369,
    "max": 155.74239063408362,
    "mean": 32.64131872067442,
    "std": 61.56174416599465
  },
  "f1_stats": {
    "shape": [
      15
    ],
    "size": 15,
    "min": 0.01015383962180394,
    "max": 520.6159802153396,
    "mean": 72.5272754053518,
    "std": 165.2135409463646
  }
}