{
  "hash": "0097f77ef9ec05f4aabad3681248fa69f43ba568ac9e6b419e672a60bf83280c",
  "stats": {
    "shape": [
      98,
      98
    ],
    "size": 9604,
    "min": 0.0,
    "max": 15.613448406469416,
    "mean": 7.913150273134839,
    "std": 3.1250116411020055
  }
}