MODEL,PRED_DOCKQ
5UI9_af2m,0.8037098
5UI9,0.73116034
