MODEL,PRED_DOCKQ
5B58,0.017925754
5B58_af2m,0.012329159
