MODEL,PRED_DOCKQ
2YF4_af2m,0.795578
2YF4,0.7068083
