{
  "hash": "41034a8986c6d1cb55166e2999a2d5888b632dd609575d3bb510bd3e308e4860",
  "stats": {
    "shape": [
      98,
      98
    ],
    "size": 9604,
    "min": 0.0,
    "max": 15.815878996473643,
    "mean": 7.435348479632114,
    "std": 2.907586043127046
  }
}