{
  "f0_hash": "7a4ebdcda8b40458ba7d9c1db537639ad6c9e135f8f2cc932c84499f902f8d7d",
  "f1_hash": "9f43e74c50d4c898176e2504384f44d2de1bd33250e1453678350669d1fc4ab5",
  "f0_stats": {
    "shape": [
      5
    ],
    "size": 5,
    "min": 0.2958656616131421,
    "max": 134.08291045225332,
    "mean": 28.10851035631037,
    "std": 52.99725582096682
  },
  "f1_stats": {
    "shape": [
      15
    ],
    "size": 15,
    "min": 0.013081463657237613,
    "max": 332.1045199837001,
    "mean": 47.0252323470798,
    "std": 103.86714554894334
  }
}