{
  "hash": "81a3c462ea3a4e596bbb04024b665cfc9e0122d38aafe9308e6fa25fb48defce",
  "stats": {
    "shape": [
      102,
      102
    ],
    "size": 10404,
    "min": 0.0,
    "max": 15.6826561505426,
    "mean": 8.050580441196434,
    "std": 3.1104818441640196
  }
}