MODEL,PRED_DOCKQ
1GH6_af2m,0.3736941
1GH6,0.15039551
