MODEL,PRED_DOCKQ
6RNQ_af2m,0.8667086
6RNQ,0.82721275
