{
  "count": 97,
  "ids_hash": "f3fe279220b51d89a3abac5e21c9c160d06d6974292fefaedb991e111ee6bb33",
  "coords_hash": "f00f3471d24dc01c7d0747fe7d381c43f4c8c9c595e9a9d3a5f1ff639da1035c",
  "coords_stats": {
    "shape": [
      97,
      3
    ],
    "size": 291,
    "min": 11.333999633789062,
    "max": 48.50899887084961,
    "mean": 27.54506183899555,
    "std": 10.894448355625329
  }
}