{
  "hash": "a0dede4fc1c4e8b7948a49507ef51eed82d6d8436876bfd322538e1fc2620f93",
  "stats": {
    "shape": [
      102,
      102
    ],
    "size": 10404,
    "min": 0.0,
    "max": 15.619099621001045,
    "mean": 7.819814474722014,
    "std": 3.022721407075292
  }
}