MODEL,PRED_DOCKQ
4YXP_af2m,0.86992395
4YXP,0.83715844
