{
  "count": 64,
  "ids_hash": "e7b4b183fac498320b7ca4caea5d790f9ad22fb28b84f8b997ec806bc6fade44",
  "coords_hash": "761ebd9c037cf090fbd9a76bd9e1590f9ba85f97e30182ac026ca1447e16eaa8",
  "coords_stats": {
    "shape": [
      64,
      3
    ],
    "size": 192,
    "min": -6.065000057220459,
    "max": 91.10600280761719,
    "mean": 33.030775997559736,
    "std": 37.219305556435934
  }
}