{
  "hash": "b7fedc4a0e58a0268f54e9b187346b5987657e6251bbf4c396bbce2ef8999cc4",
  "stats": {
    "shape": [
      92,
      92
    ],
    "size": 8464,
    "min": 0.0,
    "max": 15.457844910946651,
    "mean": 7.720865070349558,
    "std": 3.0620975805764177
  }
}