{
  "hash": "e922fcbffeca5e4ef9bd73e08795215ae83395f9e5b11b571e0712f8292ac275",
  "stats": {
    "shape": [
      72,
      72
    ],
    "size": 5184,
    "min": 0.0,
    "max": 15.549187734621048,
    "mean": 7.089939831646624,
    "std": 2.900861186310036
  }
}