{
  "f0_hash": "1dc73c61ba0611d56b5313b2f73bcfd346782f7667dd70b92dcb6c9bdc7718c1",
  "f1_hash": "04d2cb59a9ee4739c600d95bded59b6a0880b8e4e8b45669b01a70457ca4559d",
  "f0_stats": {
    "shape": [
      5
    ],
    "size": 5,
    "min": 0.37618836651846405,
    "max": 173.39683963262507,
    "mean": 35.99795504418755,
    "std": 68.70748317518655
  },
  "f1_stats": {
    "shape": [
      15
    ],
    "size": 15,
    "min": 0.010558132083611227,
    "max": 472.3863091280077,
    "mean": 65.19636873284952,
    "std": 149.04946092082744
  }
}