{
  "f0_hash": "8da6dd26af890edc256ad683e1d4cee88a26b133a9ca998d8cff5c3be183ca0e",
  "f1_hash": "6cbf347871e8335b5e071b3fcbbc8a18aeba62f1528d388ec7a697a43052d775",
  "f0_stats": {
    "shape": [
      5
    ],
    "size": 5,
    "min": 0.3910045148395698,
    "max": 162.7262320314867,
    "mean": 33.91295665946281,
    "std": 64.41617639743518
  },
  "f1_stats": {
    "shape": [
      15
    ],
    "size": 15,
    "min": 0.010957953201068626,
    "max": 411.66334166745366,
    "mean": 56.75286508579327,
    "std": 129.28867435880363
  }
}