MODEL,PRED_DOCKQ
3WHL_af2m,0.6367006
3WHL,0.010131339
