{
  "hash": "a07e73bc2c68f6982fc8b8710073601421d167c288538af5889b10805a7259fe",
  "stats": {
    "shape": [
      97,
      97
    ],
    "size": 9409,
    "min": 0.0,
    "max": 15.504079180918719,
    "mean": 7.807511803460598,
    "std": 3.039965721480705
  }
}