{
  "count": 92,
  "ids_hash": "3032ec8acaf3098135e67970ad16fbfa37a9182f898ead28eb1015c12afb9fce",
  "coords_hash": "13ea19e955fa9d818b0d61d24561e97290f4de056914c6a4fc355f8febea820a",
  "coords_stats": {
    "shape": [
      92,
      3
    ],
    "size": 276,
    "min": 10.041000366210938,
    "max": 46.75600051879883,
    "mean": 30.337130380713422,
    "std": 10.527384623862675
  }
}