{
  "count": 128,
  "ids_hash": "751c10f2ca0ca6c0b999772175d1148fbd61ae8bfcef1b78443afefe445956c4",
  "coords_hash": "dc4e273585b3989decf1c94480278cb04c88adb52a768810219b43c9d59b717a",
  "coords_stats": {
    "shape": [
      128,
      3
    ],
    "size": 384,
    "min": -43.41299819946289,
    "max": 21.915000915527344,
    "mean": -2.744372391452392,
    "std": 23.11317326827076
  }
}