{
  "hash": "e7e460b12958673ad14f5bca584f889d41e8ef30c304984e9fe5dc2562e44f5a",
  "stats": {
    "shape": [
      55,
      55
    ],
    "size": 3025,
    "min": 0.0,
    "max": 13.957032923322425,
    "mean": 6.313091526684662,
    "std": 2.665244498343401
  }
}