{
  "hash": "b4cf77a9c2e39eaf06f65d2c838da604c11d24fafaf8947b3f31eb4ceb17978f",
  "stats": {
    "shape": [
      62,
      62
    ],
    "size": 3844,
    "min": 0.0,
    "max": 15.59384575178975,
    "mean": 7.418716668671745,
    "std": 3.2966962758398473
  }
}