{
  "f0_hash": "b8953f3af940b33efb06f8448fdca9ccdc43ed4ed01309fb848e4f41d4e049d8",
  "f1_hash": "892eb276719e4fce77ff8e40dd289d1b4694b553a23a5575aeca40b396a28eca",
  "f0_stats": {
    "shape": [
      5
    ],
    "size": 5,
    "min": 0.5407670438362422,
    "max": 156.6562666938586,
    "mean": 32.75939652256352,
    "std": 61.95788265352085
  },
  "f1_stats": {
    "shape": [
      15
    ],
    "size": 15,
    "min": 0.010328888516125012,
    "max": 464.9173662881595,
    "mean": 64.99786866693701,
    "std": 146.76564915960827
  }
}