{
  "hash": "92432aa6c99f9c90bc8bb2cda38d5fa986d51b143379bb0fced0a4dc7ae4f981",
  "stats": {
    "shape": [
      97,
      97
    ],
    "size": 9409,
    "min": 0.0,
    "max": 15.418441084741977,
    "mean": 8.108790084042434,
    "std": 3.1580635268560804
  }
}