MODEL,PRED_DOCKQ
3D4R_af2m,0.86943716
3D4R,0.032378975
