{
  "f0_hash": "31dd1fc720f073bf2237f0e49b1dea606102f9a6b87f9a8a2f1e95acb6f1d97d",
  "f1_hash": "05ede41f8e9efddc7e0fc7b0ecb1ba69553dcd0942c2d18a2afaf0779b4ddd0e",
  "f0_stats": {
    "shape": [
      5
    ],
    "size": 5,
    "min": 0.3135470004775223,
    "max": 160.49382761068213,
    "mean": 33.36643800868556,
    "std": 63.57116678427099
  },
  "f1_stats": {
    "shape": [
      15
    ],
    "size": 15,
    "min": 0.011110716332362713,
    "max": 369.3280823358135,
    "mean": 51.05577894460955,
    "std": 115.63022972145183
  }
}