{
  "hash": "f5dd8688eab0fdf6475e0feefe196f23e3d0c8f30f9039daeb5a2484ed1114bc",
  "stats": {
    "shape": [
      118,
      118
    ],
    "size": 13924,
    "min": 0.0,
    "max": 15.954220009750465,
    "mean": 8.244578027229954,
    "std": 3.133884134948333
  }
}