{
  "hash": "70111fbb7ba5ba874ecd6a3055be87146568b834dae0816635902c97df9d880f",
  "stats": {
    "shape": [
      69,
      69
    ],
    "size": 4761,
    "min": 0.0,
    "max": 15.356600468878703,
    "mean": 7.332960481131845,
    "std": 3.1493064909088475
  }
}