{
  "count": 46,
  "ids_hash": "5638ca7987295f91516e705d89a9854fb89ff5a216c1c27c02e6b81a234ea82c",
  "coords_hash": "493153fde464b83ecce38f52659c115aba5471af88fb1d46d0d77f5ea6c7fe77",
  "coords_stats": {
    "shape": [
      46,
      3
    ],
    "size": 138,
    "min": -22.02899932861328,
    "max": 14.597999572753906,
    "mean": -0.9215217490774997,
    "std": 12.053209700231694
  }
}