{
  "f0_hash": "f04dbd1ec291209e8d1edf709aca4712f558af44f7fcbd82e8d362749a750afd",
  "f1_hash": "572b50d234dcd9033de9c859d670e0860d6915f96dbe600b727a6054de164736",
  "f0_stats": {
    "shape": [
      5
    ],
    "size": 5,
    "min": 0.1839808631152484,
    "max": 340.6676592476077,
    "mean": 69.17556699786472,
    "std": 135.75139982590562
  },
  "f1_stats": {
    "shape": [
      15
    ],
    "size": 15,
    "min": 0.010106899733512975,
    "max": 523.3527441383601,
    "mean": 71.246024592442,
    "std": 163.07121148810123
  }
}