{
  "count": 118,
  "ids_hash": "f926378564272ab3949da1d544822661c9b71fb64e5ff7b9a462e380bf8493ae",
  "coords_hash": "9d9396ff276ca98359449513901267e19b86118d450032b7a4c46f23b031b81c",
  "coords_stats": {
    "shape": [
      118,
      3
    ],
    "size": 354,
    "min": -19.785999298095703,
    "max": 36.992000579833984,
    "mean": 12.651658227888204,
    "std": 19.04520933611883
  }
}