{
  "f0_hash": "6da1e854878ad98307be97fea65b4e7bb791f0d5ebd50095c11341e0c22496b6",
  "f1_hash": "fc101a152aea5cdfbe64137de2171f1bc33bf8eaacb6a341e35d3a358b9a2486",
  "f0_stats": {
    "shape": [
      5
    ],
    "size": 5,
    "min": 0.5520219610203563,
    "max": 141.66398236253343,
    "mean": 29.78635140830183,
    "std": 55.95035144971048
  },
  "f1_stats": {
    "shape": [
      15
    ],
    "size": 15,
    "min": 0.011597563917980835,
    "max": 367.8357100982841,
    "mean": 51.969495236284246,
    "std": 116.59396589200468
  }
}