MODEL,PRED_DOCKQ
3NME_af2m,0.11128743
3NME,0.021244314
