{
  "count": 109,
  "ids_hash": "9d172df6ba51121b57f1be8eeca674ee0c4dac0be0266c72f50411c9ac589364",
  "coords_hash": "224cf6f0c9aa8dc48c25fb777bdd76d9fb86893b69544b5c17edd9e95baa6e82",
  "coords_stats": {
    "shape": [
      109,
      3
    ],
    "size": 327,
    "min": -20.72800064086914,
    "max": 57.020999908447266,
    "mean": 9.677437310918755,
    "std": 28.669426823453428
  }
}