{
  "count": 98,
  "ids_hash": "3b7e44bddcaff8d65cc1291b302a043a4af20e087324c1c35e37baf201b249b4",
  "coords_hash": "36f9127162457533fed705246478af6222af6d5287d035ffb2880a340c1c5560",
  "coords_stats": {
    "shape": [
      98,
      3
    ],
    "size": 294,
    "min": -15.300000190734863,
    "max": 17.836999893188477,
    "mean": 2.168693881925373,
    "std": 8.701740975309923
  }
}