{
  "f0_hash": "0e019e84d3b8142e41110cdea8431260e7f2717c92acfd4042b99f20229b3aa7",
  "f1_hash": "42333f5a965c9037da2deff669c2176f7b20a8346388bdad1012395e9720d4d4",
  "f0_stats": {
    "shape": [
      5
    ],
    "size": 5,
    "min": 0.5646639970112233,
    "max": 146.62419318447948,
    "mean": 30.873830021573507,
    "std": 57.8898003749438
  },
  "f1_stats": {
    "shape": [
      15
    ],
    "size": 15,
    "min": 0.010157598132724655,
    "max": 407.6973104825869,
    "mean": 56.858357983710064,
    "std": 128.18477605556137
  }
}