{
  "count": 115,
  "ids_hash": "28759652db3cfcc261e2825f434ce05231d7306b7236242c096024dd709279e0",
  "coords_hash": "3181a99ae4e2d9871ac6b36d4922029a3fd6a797e75de534574578757b6a016b",
  "coords_stats": {
    "shape": [
      115,
      3
    ],
    "size": 345,
    "min": -25.614999771118164,
    "max": 32.154998779296875,
    "mean": 8.571078300476074,
    "std": 19.861332392947265
  }
}