MODEL,PRED_DOCKQ
1BK5_af2m,0.19846222
1BK5,0.00017018449
