{
  "count": 84,
  "ids_hash": "c840cf608d836dffd7dbc2d1d4ffbf10e22da522f84ca3e6f9b459d924d567a5",
  "coords_hash": "d2f8c077d7c4ac8bee4f47c5b4bd40c9ee6c35832f9a6247796a76654ba53846",
  "coords_stats": {
    "shape": [
      84,
      3
    ],
    "size": 252,
    "min": -8.526000022888184,
    "max": 34.55400085449219,
    "mean": 12.784321407122272,
    "std": 12.182800931371247
  }
}