{
  "count": 61,
  "ids_hash": "7187a8509df51b286f1b44812045ce1959c8d75fc01e56cd1bbf755a7c8ff1f1",
  "coords_hash": "55b12008f921cbb0beaf2c15e3c70686d9cb0368920fd443944245cab137332b",
  "coords_stats": {
    "shape": [
      61,
      3
    ],
    "size": 183,
    "min": -14.08899974822998,
    "max": 15.41100025177002,
    "mean": -0.5998524667623916,
    "std": 7.510694936484524
  }
}