{
  "hash": "97cba61cdc0f4e1896ae3da791c22629643152496023d808b1853bff83ace5a0",
  "stats": {
    "shape": [
      79,
      79
    ],
    "size": 6241,
    "min": 0.0,
    "max": 15.537764448964559,
    "mean": 7.2864293786543035,
    "std": 2.9552035795402416
  }
}