{
  "count": 107,
  "ids_hash": "672d5625bc0cece41ec5588bbcbf67e87cda2c1757520fd98f2822f9d34df011",
  "coords_hash": "e1e876bf6a6c2dec2d8f55aa9274c65794e232589c0d1c8fc0a5c0380cb4e068",
  "coords_stats": {
    "shape": [
      107,
      3
    ],
    "size": 321,
    "min": -16.961000442504883,
    "max": 12.843999862670898,
    "mean": -0.4641495354798538,
    "std": 7.881864834527079
  }
}