{
  "count": 80,
  "ids_hash": "bc4afa26629148734d35fb3b9c59f633be62886a5ff8e1263161982c100275b0",
  "coords_hash": "847f9c13d3d7265e98220c4eaec260b7a2fdd8a03d1bdd072ec1e8df337d82fc",
  "coords_stats": {
    "shape": [
      80,
      3
    ],
    "size": 240,
    "min": 15.833000183105469,
    "max": 53.80699920654297,
    "mean": 32.544383295377095,
    "std": 11.352356979396692
  }
}