{
  "count": 103,
  "ids_hash": "e7d448268dc74b0d91c343cf41913a397d686234236bbc99ef955caff37ac69b",
  "coords_hash": "264ea06c95f125d6f3fa2660b4a83b822ac241b3b2269166b382ef98972f2f4f",
  "coords_stats": {
    "shape": [
      103,
      3
    ],
    "size": 309,
    "min": -6.367000102996826,
    "max": 45.93199920654297,
    "mean": 21.346711960419242,
    "std": 15.998231917797819
  }
}