{
  "f0_hash": "5a7f7432ae0c2ce3247de873adf41f42fd39a0283d35fda0d6a6192eed9732ad",
  "f1_hash": "0eca3f3aba176312e32179083ea02a4b5099af08b644fc263b6e564f07acf328",
  "f0_stats": {
    "shape": [
      5
    ],
    "size": 5,
    "min": 0.37735811988224954,
    "max": 145.99133526685696,
    "mean": 30.605739657739555,
    "std": 57.70483920328728
  },
  "f1_stats": {
    "shape": [
      15
    ],
    "size": 15,
    "min": 0.010632642249423618,
    "max": 335.5731882665082,
    "mean": 47.03848401908685,
    "std": 106.09880512226503
  }
}