{
  "count": 86,
  "ids_hash": "f9bb46edf84f1a45f6292d4eb6b0566adcb0480196b0a20129bd5f4266a88456",
  "coords_hash": "5d234e7c846c6664a832ed3d155f451e876a0c8ffcc9776f33a639c8da8fb853",
  "coords_stats": {
    "shape": [
      86,
      3
    ],
    "size": 258,
    "min": -12.503999710083008,
    "max": 30.048999786376953,
    "mean": 11.97095348992089,
    "std": 12.946780387935947
  }
}