{
  "count": 46,
  "ids_hash": "93fb55b262a9dbd66222671b852f1a17f6af65214ae080b7d777d511853fa0f7",
  "coords_hash": "5c9e859b6d76cbbbaca251db1bfda2f5f774053d1232ffd9f1b37c5dae4ef57b",
  "coords_stats": {
    "shape": [
      46,
      3
    ],
    "size": 138,
    "min": -22.02899932861328,
    "max": 14.597999572753906,
    "mean": -0.9215217490774997,
    "std": 12.053209700231694
  }
}