{
  "count": 107,
  "ids_hash": "7f75c0962a37a07ca38a58280b2577e8bb931ce5e83eb90479876f26b3304d3d",
  "coords_hash": "ca69b4e7a6d78c1163c7b50d4f76284a49a6597e1e0cd270411219a84c899434",
  "coords_stats": {
    "shape": [
      107,
      3
    ],
    "size": 321,
    "min": -12.340999603271484,
    "max": 83.98100280761719,
    "mean": 32.528408027570286,
    "std": 34.20508496033064
  }
}