MODEL,PRED_DOCKQ
5BWA_af2m,0.7876349
5BWA,0.16166317
