{
  "hash": "577acca8cfa1300a39328bf14a85e659d6a9866e9cd856c3c1bfcb49698552f8",
  "stats": {
    "shape": [
      86,
      86
    ],
    "size": 7396,
    "min": 0.0,
    "max": 15.207938659745237,
    "mean": 7.267657311815826,
    "std": 2.95501520891047
  }
}