{
  "f0_hash": "5bff833b4e0739213972467803bfdd79a39f08b3dfaabe31a38fd147c51f8717",
  "f1_hash": "06a6548e0feb7f2697678ac6773d44088ba052cfe1d7d9fa98decddd2b41c8d4",
  "f0_stats": {
    "shape": [
      5
    ],
    "size": 5,
    "min": 0.45196273825861444,
    "max": 128.2236818908717,
    "mean": 27.144857675298642,
    "std": 50.55602198047468
  },
  "f1_stats": {
    "shape": [
      15
    ],
    "size": 15,
    "min": 0.010568271435573706,
    "max": 269.70568498335876,
    "mean": 38.53068879362811,
    "std": 83.98000416030402
  }
}