{
  "count": 96,
  "ids_hash": "efe6313104cf71f38f2f544e7b4a03d4f1cb49380bc0022ea74ad9f2184d7053",
  "coords_hash": "a86f65ade003233b6dbaec1b5761a92d62006363ad03069871104f0948162bb8",
  "coords_stats": {
    "shape": [
      96,
      3
    ],
    "size": 288,
    "min": 23.899999618530273,
    "max": 47.18899917602539,
    "mean": 34.88440626859665,
    "std": 5.545387985175164
  }
}