{
  "hash": "efa76ab9e7fec345e9b4b0097c4bfe307774e98bdef57b687b0c7f570bda4af5",
  "stats": {
    "shape": [
      96,
      96
    ],
    "size": 9216,
    "min": 0.0,
    "max": 15.492432135447302,
    "mean": 7.660295679976481,
    "std": 2.9967833340076955
  }
}