{
  "hash": "bae2c7e2f0bf8ccdc1e1dbe945f73fb819a52b8060823df53765a0e81a9e151e",
  "stats": {
    "shape": [
      105,
      105
    ],
    "size": 11025,
    "min": 0.0,
    "max": 15.41583029452034,
    "mean": 7.718608132282347,
    "std": 2.9513074540918574
  }
}