{
  "count": 100,
  "ids_hash": "39401784519585a213a28c83b1c5585be1b150f1dd83013a97b505855321127c",
  "coords_hash": "c671455e43e4b5dcd0f9d868239c60747e25a46328d3f5c0ffff050d10df4fe4",
  "coords_stats": {
    "shape": [
      100,
      3
    ],
    "size": 300,
    "min": 12.968999862670898,
    "max": 59.4109992980957,
    "mean": 35.34918339729309,
    "std": 13.210571469609095
  }
}