{
  "hash": "f01d2f3a7a8f19ada117d7164b324d7c8cdfc3e3375c0261446436e9edc72e4b",
  "stats": {
    "shape": [
      84,
      84
    ],
    "size": 7056,
    "min": 0.0,
    "max": 15.513599964964232,
    "mean": 7.381920195156217,
    "std": 2.980837923415199
  }
}