{
  "f0_hash": "c8dccdeb2b1d496f68dcebe3863ef652dbb05d0e34a0d17070223ec50d24ef24",
  "f1_hash": "9b534024c284bca0e38a36614325a93d9f6e9e53bccec152bb69ea38ad510eda",
  "f0_stats": {
    "shape": [
      5
    ],
    "size": 5,
    "min": 0.41376848187327336,
    "max": 121.93459425344432,
    "mean": 25.76255260469228,
    "std": 48.09846248330247
  },
  "f1_stats": {
    "shape": [
      15
    ],
    "size": 15,
    "min": 0.015097883753884211,
    "max": 321.1791315243354,
    "mean": 46.16069856325968,
    "std": 102.7114289100725
  }
}