{
  "f0_hash": "232f3361a1180c6e30ab0e1112628c9c10c78028c7e6abf743555bb99baab5fa",
  "f1_hash": "bf482a698da1bdda36f8dff2315654ca13b74c24b2b8134a4893498673220575",
  "f0_stats": {
    "shape": [
      5
    ],
    "size": 5,
    "min": 0.5621812630611247,
    "max": 168.4306996638719,
    "mean": 35.14282460861984,
    "std": 66.65314775371982
  },
  "f1_stats": {
    "shape": [
      15
    ],
    "size": 15,
    "min": 0.010343557403139414,
    "max": 501.415171266329,
    "mean": 68.91996413835,
    "std": 158.24635751152348
  }
}