MODEL,PRED_DOCKQ
4EUU_af2m,0.35005188
4EUU,0.009979566
