{
  "count": 46,
  "ids_hash": "3ebc5d320f077579db99e6ab2cf3f53fa484d32c1af81d9ca5d539c64a6dbe46",
  "coords_hash": "df8b36369d676868d68a0a7dc80887f93c4ac338f199fb1e4fa23db97de70a2a",
  "coords_stats": {
    "shape": [
      46,
      3
    ],
    "size": 138,
    "min": -22.02899932861328,
    "max": 14.597999572753906,
    "mean": -0.9215217490774997,
    "std": 12.053209700231694
  }
}