{
  "count": 103,
  "ids_hash": "f1dda6fd06a654441b055473a20e1ebe58766a9298ad6b77b1f242430434704b",
  "coords_hash": "64951f92d5182fa221433be6dc6601fa8c64199ad285f096c024b451ffc3eb80",
  "coords_stats": {
    "shape": [
      103,
      3
    ],
    "size": 309,
    "min": -20.660999298095703,
    "max": 60.10599899291992,
    "mean": 13.248809072288495,
    "std": 29.52189723141358
  }
}