{
  "hash": "8571a528608fe09a87e1ae5e4381cfcdb611a5606cf89c58e41b2dc31a207a1d",
  "stats": {
    "shape": [
      106,
      106
    ],
    "size": 11236,
    "min": 0.0,
    "max": 15.461125612591115,
    "mean": 8.026368571823532,
    "std": 3.073601658129338
  }
}