{
  "hash": "21edefea5b27560d2885386cad70d6a3ee23b87d0f09d25f8402a65129be60a3",
  "stats": {
    "shape": [
      107,
      107
    ],
    "size": 11449,
    "min": 0.0,
    "max": 15.55095409563378,
    "mean": 7.867787382703319,
    "std": 3.0459837117753708
  }
}