{
  "count": 81,
  "ids_hash": "ba6fc618a923fc37dd1fa783a21521ca47bd05d233b9e40d2e8be68866b46f4b",
  "coords_hash": "10637e3c322e09a6b65e7ec487b585d1b266e5dc728250b7032f1d532a1f1176",
  "coords_stats": {
    "shape": [
      81,
      3
    ],
    "size": 243,
    "min": 5.736000061035156,
    "max": 36.84000015258789,
    "mean": 24.55644443300035,
    "std": 8.481303316846605
  }
}