{
  "hash": "35abc647652f4cb023b7312643dc7bebc7c8c3d1482f0ee30a8fc7510c0d0bd6",
  "stats": {
    "shape": [
      96,
      96
    ],
    "size": 9216,
    "min": 0.0,
    "max": 15.774340820486232,
    "mean": 7.910765168724421,
    "std": 3.0748384577266914
  }
}