{
  "f0_hash": "abb36224e06c20bc2f1864dfc10cf06e1a1ffe42ae1d65694f5870a194b9deca",
  "f1_hash": "2ec84f08fc7363a0c57cb57aea8ad616c56dc343eb20c845b16fe500865e1922",
  "f0_stats": {
    "shape": [
      5
    ],
    "size": 5,
    "min": 0.3310572180449026,
    "max": 168.3580954302892,
    "mean": 34.98860523366747,
    "std": 66.69307821691572
  },
  "f1_stats": {
    "shape": [
      15
    ],
    "size": 15,
    "min": 0.01121308223013262,
    "max": 452.75519343683436,
    "mean": 62.3968281782098,
    "std": 142.44608406841925
  }
}