{
  "count": 70,
  "ids_hash": "be712b9f80da5652fd0916cfba66635729333c092b95d66c33e5db4c70a0bab0",
  "coords_hash": "e2272a9be10930227a49af3eff1b2602a69579c1d13db0a4926427f3fe7396de",
  "coords_stats": {
    "shape": [
      70,
      3
    ],
    "size": 210,
    "min": -27.91200065612793,
    "max": 75.47000122070312,
    "mean": 20.1957809312003,
    "std": 37.47949204583709
  }
}