MODEL,PRED_DOCKQ
3AB0_af2m,0.462118
3AB0,0.008583404
