{
  "count": 58,
  "ids_hash": "9079ee1383afcf09ce08371f339b31b768f080885391dd235b453f45e0f02603",
  "coords_hash": "ad7f5de9039e35c5c5675f583c2a507fb3c5ea66c8266f74665041dd1c985314",
  "coords_stats": {
    "shape": [
      58,
      3
    ],
    "size": 174,
    "min": -16.586000442504883,
    "max": 43.29399871826172,
    "mean": 11.177321722206456,
    "std": 20.510302417987518
  }
}