{
  "f0_hash": "fea53f7733cca74e93af665819d626d1477a975fc19f096479713d2c5806123f",
  "f1_hash": "d80855771986fddbffe57824c8494d04b92c5c752e26dfc985124e4b7ad2e8da",
  "f0_stats": {
    "shape": [
      5
    ],
    "size": 5,
    "min": 0.6182873799317369,
    "max": 90.22680134873765,
    "mean": 19.57684020962895,
    "std": 35.34570319261273
  },
  "f1_stats": {
    "shape": [
      15
    ],
    "size": 15,
    "min": 0.010668869988366803,
    "max": 257.89230626981055,
    "mean": 37.96321402180006,
    "std": 83.0293878272303
  }
}