{
  "f0_hash": "49fe40afdb7c00a7d2b3e111d7d356fb31209652db05ecd38f529357cdd2635a",
  "f1_hash": "9ee9014de82d8de0241aa3d78b04e4e777de16d25d47706d7a45bd43773992cb",
  "f0_stats": {
    "shape": [
      5
    ],
    "size": 5,
    "min": 0.4995601514553943,
    "max": 165.10340348752163,
    "mean": 34.42367746396471,
    "std": 65.34894696058694
  },
  "f1_stats": {
    "shape": [
      15
    ],
    "size": 15,
    "min": 0.011119752309642905,
    "max": 535.3211293239877,
    "mean": 73.66218556270961,
    "std": 170.7131576455996
  }
}