MODEL,PRED_DOCKQ
4ESY_af2m,0.85638535
4ESY,0.28132147
