{
  "f0_hash": "3414d0fef96fb45bc24136108cd0ce7b8f087cd7a663d2e32b791ea3c2d42f92",
  "f1_hash": "b33bd4cc881b8e3da0aee1226ce30f8152b913b7c54f8e57e6b5edfbd1fe50c2",
  "f0_stats": {
    "shape": [
      5
    ],
    "size": 5,
    "min": 0.3824488257736144,
    "max": 113.52658899780609,
    "mean": 23.946163491855607,
    "std": 44.79857699642588
  },
  "f1_stats": {
    "shape": [
      15
    ],
    "size": 15,
    "min": 0.011017370414791117,
    "max": 232.17534076978882,
    "mean": 33.10452316241611,
    "std": 73.27736108545349
  }
}