{
  "f0_hash": "678297d54e67ee27522d342eae17fd056881645de4764957ed4f9512696893e4",
  "f1_hash": "b401aaf2694e107e6ba903a2b12962ca113dc89141c6287894b81b1b7acb30e3",
  "f0_stats": {
    "shape": [
      5
    ],
    "size": 5,
    "min": 0.5583162695394347,
    "max": 117.84491188781239,
    "mean": 25.072042218743398,
    "std": 46.40281996820122
  },
  "f1_stats": {
    "shape": [
      15
    ],
    "size": 15,
    "min": 0.017332434015306042,
    "max": 301.7447629626927,
    "mean": 42.7026574046372,
    "std": 96.18750329278532
  }
}