{
  "hash": "ccf3932547bf1f207078ada939f6484bcbb0e652e15e13b8f559c8c72cb2aa02",
  "stats": {
    "shape": [
      113,
      113
    ],
    "size": 12769,
    "min": 0.0,
    "max": 15.78827335469311,
    "mean": 8.185559801762047,
    "std": 3.097962302745009
  }
}