{
  "count": 86,
  "ids_hash": "d8425e72bf14e98ad577db639fc12b7495f83b72320c4004e4b4b08122d236a1",
  "coords_hash": "d2dfdb72acf0606d569835d78b7e3793badacf7567a24d93a6911fc21b259923",
  "coords_stats": {
    "shape": [
      86,
      3
    ],
    "size": 258,
    "min": 2.4649999141693115,
    "max": 67.0270004272461,
    "mean": 26.40850773153379,
    "std": 24.958672966200965
  }
}