MODEL,PRED_DOCKQ
3ILX_af2m,0.80877984
3ILX,0.74584675
