{
  "count": 79,
  "ids_hash": "1814b400714bb2a2d14c609f3e7c08fa7eee34d7c2bc5805288b238d5f57de23",
  "coords_hash": "7899af0b6985945825bd4c135d0041ec697ac59c8d95419dedb22adb2f070250",
  "coords_stats": {
    "shape": [
      79,
      3
    ],
    "size": 237,
    "min": -30.048999786376953,
    "max": 40.43899917602539,
    "mean": 3.310261531532565,
    "std": 23.6343813815931
  }
}