{
  "count": 151,
  "ids_hash": "c1ef4b246859a4680cb76a60ff3d5df33b4e88785493bec7c979d73ece84fa04",
  "coords_hash": "e5aba3c1e1da27d0f4705cb2190ade9322a470bdbfd1830f0c0e6a08059ecdd4",
  "coords_stats": {
    "shape": [
      151,
      3
    ],
    "size": 453,
    "min": 6.74399995803833,
    "max": 44.2599983215332,
    "mean": 23.156821167758494,
    "std": 11.087021091129696
  }
}