MODEL,PRED_DOCKQ
2P11_af2m,0.87380624
2P11,0.757745
