{
  "count": 114,
  "ids_hash": "943d387771cba186c632936b7c59f0325512e1199f658cd3e16571881f300b59",
  "coords_hash": "f9c4c91b780993185d66793936d20d40b795c25fc13f909e2e5e4840a8ced079",
  "coords_stats": {
    "shape": [
      114,
      3
    ],
    "size": 342,
    "min": -1.1510000228881836,
    "max": 45.183998107910156,
    "mean": 23.515502901105155,
    "std": 13.554351673670652
  }
}