{
  "count": 94,
  "ids_hash": "668ff3beace081f29d7b9bea9212ec7d20eeeab8629be3842294aab0913eee01",
  "coords_hash": "e0c2f53449f3a22a88c9551b31b7dee0155eaca75b350ae4c704e404fed98869",
  "coords_stats": {
    "shape": [
      94,
      3
    ],
    "size": 282,
    "min": -24.652000427246094,
    "max": 18.26099967956543,
    "mean": -3.0731099181616983,
    "std": 13.052712298609043
  }
}