{
  "f0_hash": "2b1376615818e62fa906c940dd894e4f2808a62d02b6de5d4195d64a8474ad17",
  "f1_hash": "b7a4ffc58f7ddb778bf1dea28dd182485f90d30f529dd0ae45bc1ea25abd94a2",
  "f0_stats": {
    "shape": [
      5
    ],
    "size": 5,
    "min": 0.47519056116512154,
    "max": 116.07125895831715,
    "mean": 24.601740862898602,
    "std": 45.74699709882034
  },
  "f1_stats": {
    "shape": [
      15
    ],
    "size": 15,
    "min": 0.010805295744534149,
    "max": 292.12852803180647,
    "mean": 41.55686855408159,
    "std": 93.0592507512091
  }
}