{
  "count": 143,
  "ids_hash": "7bbfe186b5cadaf43af58e3f1fed9052952598b426fbde18ae046815d87b7bba",
  "coords_hash": "e2fe3c272d43adbc1846a81c9b40024c06e97f769fb3bfe88db15784dde2f218",
  "coords_stats": {
    "shape": [
      143,
      3
    ],
    "size": 429,
    "min": -15.08899974822998,
    "max": 19.385000228881836,
    "mean": -1.2665804118821116,
    "std": 9.912074062439734
  }
}