MODEL,PRED_DOCKQ
3FJ1,0.8054951
3FJ1_af2m,0.39583644
