{
  "count": 113,
  "ids_hash": "ba9bf5e603d1325f2ee0eed6593b20ffb52b2b3c2e77c5cb95f2d6e802ff7ad7",
  "coords_hash": "9b9cbaaee16cd3b13791dfcb1c81c1e6c7af522bc1ed14429eaff4fc08ede5ec",
  "coords_stats": {
    "shape": [
      113,
      3
    ],
    "size": 339,
    "min": -66.87799835205078,
    "max": 30.716999053955078,
    "mean": -6.281752206582938,
    "std": 38.015637031720495
  }
}