{
  "hash": "00895b4abe5999ed75efce53d3a5595706f27b5dd1068591ed66622151a04fda",
  "stats": {
    "shape": [
      105,
      105
    ],
    "size": 11025,
    "min": 0.0,
    "max": 15.288531870248049,
    "mean": 7.99388746932824,
    "std": 3.0495258519828146
  }
}