MODEL,PRED_DOCKQ
5LY9,0.7887466
5LY9_af2m,0.73233414
