{
  "count": 119,
  "ids_hash": "f5eee7d7e1189a5c65e84eec0a34bfe9d655c2af2fbe10176d16acebed13747a",
  "coords_hash": "138971c9144b0824cd1bb2e8320cf78a0085627b2dc109f414c69da923eed8b9",
  "coords_stats": {
    "shape": [
      119,
      3
    ],
    "size": 357,
    "min": -15.317000389099121,
    "max": 12.902000427246094,
    "mean": 1.107406154723645,
    "std": 7.267504570958351
  }
}