{
  "f0_hash": "67c3766ac01cb9088c0e77ef1906833f0922a9bb7881ad7a7f7f5043772d4ca6",
  "f1_hash": "26753bc658cd569a26724a15fb3504516cab77faf64068024325106d31919554",
  "f0_stats": {
    "shape": [
      5
    ],
    "size": 5,
    "min": 0.4916246179162206,
    "max": 166.39248030240293,
    "mean": 34.65655374792222,
    "std": 65.87603938478391
  },
  "f1_stats": {
    "shape": [
      15
    ],
    "size": 15,
    "min": 0.010235389176886045,
    "max": 543.268354533915,
    "mean": 74.64924327685301,
    "std": 173.49478255534112
  }
}