{
  "f0_hash": "3cfadf93d6afc6741643784cf569dff6b1448fbe0d5c2447a35f3c47e0a54945",
  "f1_hash": "e58200c3fa71f3502df9636cea868fc8ae47ac229a0605cfe3f2c7fe676bc08d",
  "f0_stats": {
    "shape": [
      5
    ],
    "size": 5,
    "min": 0.49359781282437865,
    "max": 85.31905343076906,
    "mean": 18.50985552923221,
    "std": 33.42493617014603
  },
  "f1_stats": {
    "shape": [
      15
    ],
    "size": 15,
    "min": 0.01221020499794001,
    "max": 146.20313522215892,
    "mean": 21.77660089277035,
    "std": 46.20933380122925
  }
}