{
  "count": 56,
  "ids_hash": "ad605f1e32b7004b62808b717da54c0423dc0c1e118ad0aa680b0858fcc070c3",
  "coords_hash": "b6c57e13218792bf8304342d102075012bcefda51e8889e9c85c4baab087fcf5",
  "coords_stats": {
    "shape": [
      56,
      3
    ],
    "size": 168,
    "min": 20.94300079345703,
    "max": 99.9520034790039,
    "mean": 49.44971438816616,
    "std": 30.246089631573568
  }
}