{
  "hash": "e5c0127b6dff9d05abad1d0789b9ecc2c79fa8b9f6ac24c13a6aa4447e97ebec",
  "stats": {
    "shape": [
      59,
      59
    ],
    "size": 3481,
    "min": 0.0,
    "max": 14.070173695490661,
    "mean": 6.859881438465494,
    "std": 2.9407556594641786
  }
}