{
  "hash": "eb33a9bb2fceceb05d9828cdd9ba04a92e8e300bba7e83600ef05614e40f310d",
  "stats": {
    "shape": [
      115,
      115
    ],
    "size": 13225,
    "min": 0.0,
    "max": 15.594087955733302,
    "mean": 8.094238326800092,
    "std": 3.1473751692093463
  }
}