MODEL,PRED_DOCKQ
2B9S,0.6428294
2B9S_af2m,0.33430803
