{
  "count": 112,
  "ids_hash": "829429172d8b20044ff968356ca50686e1f56dd8730df81fd05266da488d4414",
  "coords_hash": "50c1fede06d89b52dd9bd2985c15dbfb4c1168dc4210b51fdec8496d5893805a",
  "coords_stats": {
    "shape": [
      112,
      3
    ],
    "size": 336,
    "min": -64.20500183105469,
    "max": 44.88600158691406,
    "mean": 3.812949436051505,
    "std": 42.96930092910997
  }
}