MODEL,PRED_DOCKQ
6GFL_af2m,0.1345166
6GFL,0.072389066
