{
  "f0_hash": "61a2f973dd552b7e99f286833726816142921b458e68f076bbc0cfae03083ddd",
  "f1_hash": "20f26900fb7eda8dcd42d18e6142de6f0fd50568a11860ab1079aecd6049604c",
  "f0_stats": {
    "shape": [
      5
    ],
    "size": 5,
    "min": 0.33277315507252586,
    "max": 90.2653860916962,
    "mean": 19.266463256169672,
    "std": 35.51007261083656
  },
  "f1_stats": {
    "shape": [
      15
    ],
    "size": 15,
    "min": 0.010372456660819651,
    "max": 177.57249373480903,
    "mean": 25.965599384623765,
    "std": 57.07588412140291
  }
}