MODEL,PRED_DOCKQ
5VQF_af2m,0.6975849
5VQF,0.68631643
