MODEL,PRED_DOCKQ
3CEQ_af2m,0.010969909
3CEQ,0.0037438052
