MODEL,PRED_DOCKQ
4Q2U_af2m,0.7293591
4Q2U,0.6321938
