{
  "count": 69,
  "ids_hash": "441f8ea9006478e8b83e20844526e4ea27ee98a2a7015e9e37998c55a32c934c",
  "coords_hash": "8c912976a3ba3c962d3147ad8ec3eedd9b2aae60a9821e1bda54ffeb8737dbed",
  "coords_stats": {
    "shape": [
      69,
      3
    ],
    "size": 207,
    "min": -11.767999649047852,
    "max": 53.4119987487793,
    "mean": 14.828241537014643,
    "std": 22.765297796961104
  }
}