{
  "f0_hash": "538a15b4321e5ac4b55421cf7a3531b7df193c0a501196d7f626b385ef85df0f",
  "f1_hash": "233b7ec86ccb9705f774113249b66b7dfbc843b887ae17d7b49d1a240904519b",
  "f0_stats": {
    "shape": [
      5
    ],
    "size": 5,
    "min": 0.3826873373659162,
    "max": 161.613878710577,
    "mean": 33.67618377743577,
    "std": 63.97788390980597
  },
  "f1_stats": {
    "shape": [
      15
    ],
    "size": 15,
    "min": 0.010541475360139607,
    "max": 503.76524492834665,
    "mean": 69.48433441213135,
    "std": 159.8504208354251
  }
}