{
  "f0_hash": "8571aa5ba79aaa72bf32e12d16aa2fbcf89b982d6e0c0b0d2bfc618be8169e93",
  "f1_hash": "1add46e4bf2d0aec6e695caffe912681f72a43e46b1704582ce6e2ded414e35a",
  "f0_stats": {
    "shape": [
      5
    ],
    "size": 5,
    "min": 0.2863403074683867,
    "max": 152.8543774527911,
    "mean": 31.748746983158846,
    "std": 60.558580743833126
  },
  "f1_stats": {
    "shape": [
      15
    ],
    "size": 15,
    "min": 0.010295782552033117,
    "max": 437.88260334849986,
    "mean": 60.71947815531853,
    "std": 138.65098617618176
  }
}