{
  "f0_hash": "70cf1df0f833f5cc028c7ab3c6c92e9293065f13f331d8a0f1d4011385dba837",
  "f1_hash": "64c217f507cc0ffe465b88c4fd867984d345364cc5fe195a8b4d392833003c9b",
  "f0_stats": {
    "shape": [
      5
    ],
    "size": 5,
    "min": 0.5844407447838627,
    "max": 107.6697008161349,
    "mean": 23.09395926713001,
    "std": 42.30833859091598
  },
  "f1_stats": {
    "shape": [
      15
    ],
    "size": 15,
    "min": 0.01113371157294285,
    "max": 256.8205668660415,
    "mean": 37.63594295240777,
    "std": 82.27708688605028
  }
}