MODEL,PRED_DOCKQ
5LG4_af2m,0.7664466
5LG4,0.0028271326
