{
  "hash": "a8c4904c84962636e5a3ef8651b6cadbc26c9c89435362b0a0178f4fcbcf2f56",
  "stats": {
    "shape": [
      65,
      65
    ],
    "size": 4225,
    "min": 0.0,
    "max": 15.26218193295313,
    "mean": 6.981491182978371,
    "std": 2.9205306625336
  }
}