MODEL,PRED_DOCKQ
4JBE_af2m,0.88832027
4JBE,0.8538451
