{
  "hash": "a6da7750823fce68ef197b912110fca53d870e3c5496db99b3713ddb6a339317",
  "stats": {
    "shape": [
      98,
      98
    ],
    "size": 9604,
    "min": 0.0,
    "max": 15.004199111980071,
    "mean": 7.492430189012683,
    "std": 2.915934623502105
  }
}