MODEL,PRED_DOCKQ
5J2L_af2m,0.8179822
5J2L,0.77937704
