{
  "f0_hash": "62ffd8ec08f2dc9493cff4ce3e4418168e8c90913666dac50b4877dec33600c1",
  "f1_hash": "4afd7a6d4f8a80150b7a92639ce94c956bc7d57f17668e921f676642379a40c3",
  "f0_stats": {
    "shape": [
      5
    ],
    "size": 5,
    "min": 0.5214938443882519,
    "max": 100.5230365020482,
    "mean": 21.68801860145526,
    "std": 39.44242549513669
  },
  "f1_stats": {
    "shape": [
      15
    ],
    "size": 15,
    "min": 0.013096244736957363,
    "max": 202.85116822600355,
    "mean": 29.788451371166843,
    "std": 63.98330365218293
  }
}