{
  "f0_hash": "e60b5a4904340622cfaab9493f9084daf8dc102686d3d08ea7e6ef094cc0019f",
  "f1_hash": "fbb8d6900f486b2c390c976437bda9b4e61dc2d4110ad991a1ae666a5c5a5f1b",
  "f0_stats": {
    "shape": [
      5
    ],
    "size": 5,
    "min": 0.5755222244547484,
    "max": 145.55745060663014,
    "mean": 30.595674737555136,
    "std": 57.492836674587856
  },
  "f1_stats": {
    "shape": [
      15
    ],
    "size": 15,
    "min": 0.0117929431974102,
    "max": 506.1105519411359,
    "mean": 70.23765865243494,
    "std": 162.9788258854077
  }
}