MODEL,PRED_DOCKQ
2PTF,0.8567072
2PTF_af2m,0.85245734
