MODEL,PRED_DOCKQ
4C0Z_af2m,0.046639293
4C0Z,0.0001795112
