MODEL,PRED_DOCKQ
1TII,0.10380647
1TII_af2m,0.016102262
