{
  "hash": "e16890bf457bcc743c465dd47b003bf3ed210cde22966c74c1d30044344a5889",
  "stats": {
    "shape": [
      113,
      113
    ],
    "size": 12769,
    "min": 0.0,
    "max": 15.630845476200633,
    "mean": 7.923111950214803,
    "std": 3.012262625632149
  }
}