MODEL,PRED_DOCKQ
3BBD,0.9040393
3BBD_af2m,0.88138777
