MODEL,PRED_DOCKQ
2DTJ,0.76502824
2DTJ_af2m,0.55774325
