{
  "hash": "a02fe683092b70df1a84bc3b7692676c8346d64f55202ebc31d62c570d1dffc1",
  "stats": {
    "shape": [
      397,
      397
    ],
    "size": 157609,
    "min": 0.0,
    "max": 15.825667729944898,
    "mean": 7.4034851405276525,
    "std": 2.898627772073657
  }
}