{
  "hash": "a362ccf683110342bbe7eb21ab771ff7cf24c4ae0a5282034c00360a55529f73",
  "stats": {
    "shape": [
      89,
      89
    ],
    "size": 7921,
    "min": 0.0,
    "max": 15.487560386070937,
    "mean": 7.705693860600997,
    "std": 3.058086500845426
  }
}