MODEL,PRED_DOCKQ
5E3I_af2m,0.88451666
5E3I,0.8452402
