{
  "hash": "cfe6ca1cf65f53f08dc8d595d4bf155a55f99394f9caf8b628989698249e17e4",
  "stats": {
    "shape": [
      94,
      94
    ],
    "size": 8836,
    "min": 0.0,
    "max": 15.671908950371675,
    "mean": 7.545665409205768,
    "std": 2.959853088106209
  }
}