MODEL,PRED_DOCKQ
3Q5W,0.7633405
3Q5W_af2m,0.7630913
