MODEL,PRED_DOCKQ
3BKX_af2m,0.89652705
3BKX,0.86496556
