{
  "hash": "c86a4172815c87f37680ed8625db47ff4f5f2f58f0fa873af87737bacd900920",
  "stats": {
    "shape": [
      96,
      96
    ],
    "size": 9216,
    "min": 0.0,
    "max": 15.823146698673334,
    "mean": 8.036835767489608,
    "std": 3.16445600903947
  }
}