{
  "hash": "02f088981e420c6b651decf2bad719acb7aa14ac13a544ac96a18a91444374d4",
  "stats": {
    "shape": [
      90,
      90
    ],
    "size": 8100,
    "min": 0.0,
    "max": 15.371054792741663,
    "mean": 7.766438815042416,
    "std": 3.041672912548656
  }
}