MODEL,PRED_DOCKQ
2GD9,0.8147238
2GD9_af2m,0.76713353
