MODEL,PRED_DOCKQ
6SJ8_af2m,0.8921033
6SJ8,0.8651809
