{
  "count": 122,
  "ids_hash": "3b14a72b1e2a6ba92361bd8cc4f517a1b6ca4fd3386a4a4c4cdacee18c235b1b",
  "coords_hash": "3056dc5525727a52b49cb68f416618a0cf38d2b18a72a67d1543e35a44d223ea",
  "coords_stats": {
    "shape": [
      122,
      3
    ],
    "size": 366,
    "min": 4.614999771118164,
    "max": 39.930999755859375,
    "mean": 23.881344294938884,
    "std": 9.237734017283735
  }
}