{
  "hash": "9f7ea71440d13b8180f0cf35eaf3597732462ea0a1eff45630bf564c36670706",
  "stats": {
    "shape": [
      97,
      97
    ],
    "size": 9409,
    "min": 0.0,
    "max": 15.34127307247224,
    "mean": 7.497329201169091,
    "std": 2.9445731069012835
  }
}