{
  "f0_hash": "e17dab656f5a89e63a0e02ca7ef80e8e18b74b850c566d7a45994640060f7fb5",
  "f1_hash": "e28592854bc08846d6453616f9d81c04548a36c53c713638a9eb912a5ec3ea0b",
  "f0_stats": {
    "shape": [
      5
    ],
    "size": 5,
    "min": 0.5148684691224942,
    "max": 181.531083510589,
    "mean": 37.7094478328594,
    "std": 71.91855860957835
  },
  "f1_stats": {
    "shape": [
      15
    ],
    "size": 15,
    "min": 0.010388169268165548,
    "max": 589.7498049557421,
    "mean": 80.86654203935676,
    "std": 187.05984310778703
  }
}