{
  "hash": "df3008ab0b17f2e0ae3a5022fd931d99bd65720ab6495be2e84cbede95540f11",
  "stats": {
    "shape": [
      86,
      86
    ],
    "size": 7396,
    "min": 0.0,
    "max": 15.005459152612481,
    "mean": 7.415713953720518,
    "std": 2.911105220175022
  }
}