{
  "count": 107,
  "ids_hash": "9ea0f46f15cf5395548919744d93fb94276dc4ad4d1a355d7f15916c422713f8",
  "coords_hash": "f800fd6da6afe81de0f79ccb24e86867ebe25cc921980faeb1c184cf7d1b81c9",
  "coords_stats": {
    "shape": [
      107,
      3
    ],
    "size": 321,
    "min": -17.50200080871582,
    "max": 33.1870002746582,
    "mean": 13.81392838279035,
    "std": 18.036289446688798
  }
}