{
  "f0_hash": "068a1e8b50cd65cbac99a66d958c847f05bd5a125a01011f90dcb8de536ac95f",
  "f1_hash": "7f6511390a3b153e048698f8b31da0d99e7825b9d4b294db3d78d7d4f77b00e5",
  "f0_stats": {
    "shape": [
      5
    ],
    "size": 5,
    "min": 0.5036197534740565,
    "max": 112.45965287467597,
    "mean": 23.91274766279507,
    "std": 44.28733880699684
  },
  "f1_stats": {
    "shape": [
      15
    ],
    "size": 15,
    "min": 0.018262963898708406,
    "max": 262.9568922857031,
    "mean": 37.993007659777206,
    "std": 83.04679113172926
  }
}