{
  "hash": "2f47b81641cfe2dbea466390363eb59282db12064d64765231cfa7aec2ebc7a2",
  "stats": {
    "shape": [
      96,
      96
    ],
    "size": 9216,
    "min": 0.0,
    "max": 15.265814219207819,
    "mean": 7.450257255462511,
    "std": 2.950528553996829
  }
}