MODEL,PRED_DOCKQ
2GV8_af2m,0.8510507
2GV8,3.688213e-05
