{
  "f0_hash": "218cdf051f3d1c9b93d2a71977cb511ecaa60111502c55eee096771dd166157a",
  "f1_hash": "7e82952cff62f6042898a90f66c379e9e51b01988916bb1b2e4a8f27ec5ddfe6",
  "f0_stats": {
    "shape": [
      5
    ],
    "size": 5,
    "min": 0.44998223324526687,
    "max": 134.91652911584026,
    "mean": 28.294904190071254,
    "std": 53.32239152266665
  },
  "f1_stats": {
    "shape": [
      15
    ],
    "size": 15,
    "min": 0.01228885766883403,
    "max": 336.464397438262,
    "mean": 46.870354396052086,
    "std": 106.24683024740897
  }
}