{
  "hash": "cd6bcbaa9e77a88d48f5d43a5be13765b1c1290ebce160dd7115551f3a5db9cc",
  "stats": {
    "shape": [
      81,
      81
    ],
    "size": 6561,
    "min": 0.0,
    "max": 14.853445413925563,
    "mean": 7.077748999175869,
    "std": 2.893833320075793
  }
}