{
  "count": 81,
  "ids_hash": "bc99f51e7c2ae20d3fe767211ecae968a62c71f474b6efabaa440ffb59bfeffc",
  "coords_hash": "2260dd5cbffd4e101fef8d04e9081c5daba363cc14062eeb0b9b5fd12c7ccd1b",
  "coords_stats": {
    "shape": [
      81,
      3
    ],
    "size": 243,
    "min": 16.832000732421875,
    "max": 54.874000549316406,
    "mean": 33.009164566856356,
    "std": 11.168629952496499
  }
}