MODEL,PRED_DOCKQ
3FLD_af2m,0.40211466
3FLD,0.002922092
