MODEL,PRED_DOCKQ
2UUZ_af2m,0.8951149
2UUZ,0.82851905
