{
  "count": 118,
  "ids_hash": "4a5dc041841e4f27fb9e2f280d510f8c20f95141ed5425fb457ffbb2d95d0913",
  "coords_hash": "7a91667f6af1b34c862dc297e972f3fe87a95f99dfe03dca97c497bedf452be5",
  "coords_stats": {
    "shape": [
      118,
      3
    ],
    "size": 354,
    "min": -30.54400062561035,
    "max": 42.000999450683594,
    "mean": 9.885101708988685,
    "std": 24.144468261252104
  }
}