{
  "count": 107,
  "ids_hash": "8269e54c108576b5e0feaa1ad7802b90bf0ecf21e731f37ad55ec5f7c7451fff",
  "coords_hash": "02445213e3822a071b447030b3b8c9a0e8518456c2c2f4410d079503f8d136f7",
  "coords_stats": {
    "shape": [
      107,
      3
    ],
    "size": 321,
    "min": -26.19499969482422,
    "max": 27.996999740600586,
    "mean": 2.389514017792134,
    "std": 17.028946835773308
  }
}