{
  "count": 94,
  "ids_hash": "0fd66b6d75fc9012a26457439a1f1ddca6d6308787fde8582b302d4a36a63f60",
  "coords_hash": "c01697d28518e63634596a5cb2a6da9ea9f4db56fa31ccef7aa8a6a577deb4c5",
  "coords_stats": {
    "shape": [
      94,
      3
    ],
    "size": 282,
    "min": 4.603000164031982,
    "max": 61.6349983215332,
    "mean": 29.044737612947504,
    "std": 18.075044231384712
  }
}