{
  "f0_hash": "f9af8645e23fa7651902bb4b6c2773ab385e49066c4746bb6f09e4455f183789",
  "f1_hash": "e5d152ebc88db9df40c7d3e1ebf0506ab2d11e9d3a5c91ecf81baddb7058dab9",
  "f0_stats": {
    "shape": [
      5
    ],
    "size": 5,
    "min": 0.43390478802566257,
    "max": 90.48866504398386,
    "mean": 19.451757474850993,
    "std": 35.53358836633583
  },
  "f1_stats": {
    "shape": [
      15
    ],
    "size": 15,
    "min": 0.010600423538203785,
    "max": 132.9862491095358,
    "mean": 20.899739468547263,
    "std": 41.96357031486509
  }
}