{
  "count": 186,
  "ids_hash": "978dcb45bee3ae959b23401a431ca2f2a8545705f94ff559e53be1eee910fb4d",
  "coords_hash": "da3964cdf9d8c49f17072f165fabe9be62608a38f7814399c0f4546545187b65",
  "coords_stats": {
    "shape": [
      186,
      3
    ],
    "size": 558,
    "min": -20.739999771118164,
    "max": 9.503000259399414,
    "mean": -3.714652321444938,
    "std": 8.279621282639335
  }
}