{
  "count": 72,
  "ids_hash": "87191e46e075312e1e0ede435ff80478e3bfb9241461c42bc67011506772ab06",
  "coords_hash": "d645832bb59c8d4f9792006ca9670019e55e9ed5720ce866b6330b15fa886831",
  "coords_stats": {
    "shape": [
      72,
      3
    ],
    "size": 216,
    "min": -29.47800064086914,
    "max": 17.208999633789062,
    "mean": -4.05398614252745,
    "std": 14.318907931702721
  }
}