{
  "f0_hash": "3d35b5b6ded1c341ac875dfc624e330f21fb88fbb00bd912469b81d694947f06",
  "f1_hash": "4796218042a65acf7de90c0e59e51e937379158751afc868d6b086928b6f2480",
  "f0_stats": {
    "shape": [
      5
    ],
    "size": 5,
    "min": 0.4364585999713168,
    "max": 166.31932500876547,
    "mean": 34.761502894578385,
    "std": 65.79238394270902
  },
  "f1_stats": {
    "shape": [
      15
    ],
    "size": 15,
    "min": 0.010170349046703109,
    "max": 443.5569400490295,
    "mean": 61.16792260352223,
    "std": 140.10718977351704
  }
}