{
  "hash": "766c092efd40d45a4f89d5693e8cd9cf457a37bedc9a113b677d88403c2b37db",
  "stats": {
    "shape": [
      171,
      171
    ],
    "size": 29241,
    "min": 0.0,
    "max": 15.256466755098105,
    "mean": 7.6836326804532264,
    "std": 2.9704740090811823
  }
}