MODEL,PRED_DOCKQ
4QDS_af2m,0.83342785
4QDS,0.35794458
