MODEL,PRED_DOCKQ
1OI2_af2m,0.815002
1OI2,0.74706936
