{
  "hash": "b7e2cf1e50d1825d0eb80c6f4e7ccf4e5abd2de32f6e1f72eb8dce74e448d992",
  "stats": {
    "shape": [
      101,
      101
    ],
    "size": 10201,
    "min": 0.0,
    "max": 15.687356427467614,
    "mean": 7.903480067574344,
    "std": 3.0384209808793097
  }
}