MODEL,PRED_DOCKQ
5UMP_af2m,0.88655984
5UMP,0.8228041
