{
  "hash": "08bd874dc8e31e65cf0426874ca1baea631c801025ada35b118d457ec5170c67",
  "stats": {
    "shape": [
      89,
      89
    ],
    "size": 7921,
    "min": 0.0,
    "max": 15.552233984638477,
    "mean": 7.662196602089371,
    "std": 3.05975834720579
  }
}