{
  "hash": "014687fea81bece1f2172f6e0fc1c19b36707b3bae82aa9bee48d3dbf59bd1ad",
  "stats": {
    "shape": [
      71,
      71
    ],
    "size": 5041,
    "min": 0.0,
    "max": 15.685504934306064,
    "mean": 7.259282037937308,
    "std": 3.0733617409267375
  }
}