{
  "f0_hash": "16db94afa235e557fe2b1477f6c90bb021bae79d6290a11536de7a019dcf2ba9",
  "f1_hash": "7b0348d693bc5d4681cba18fc1e5f26832992d3b53573acc98bf22628f082bdc",
  "f0_stats": {
    "shape": [
      5
    ],
    "size": 5,
    "min": 0.5743746757889032,
    "max": 91.61645677323443,
    "mean": 19.83080428726201,
    "std": 35.91305583658259
  },
  "f1_stats": {
    "shape": [
      15
    ],
    "size": 15,
    "min": 0.01157094721929841,
    "max": 218.7573924107085,
    "mean": 31.823821808939773,
    "std": 69.05691160501799
  }
}