{
  "f0_hash": "db7d13ffe0da8d887fed34b762ce8af5cd6e3787406503a7163afec40331cac2",
  "f1_hash": "2ebecb1512d43e0c4f918ba9aa69a92039f7ad332ee801c095d5c8e0e2f4f5dc",
  "f0_stats": {
    "shape": [
      5
    ],
    "size": 5,
    "min": 0.46677176443542084,
    "max": 143.90260999211185,
    "mean": 30.14598349219534,
    "std": 56.88765570756079
  },
  "f1_stats": {
    "shape": [
      15
    ],
    "size": 15,
    "min": 0.010400619698025082,
    "max": 404.7291469190786,
    "mean": 56.0926402601139,
    "std": 128.75357517877188
  }
}