MODEL,PRED_DOCKQ
3HSS,0.9104314
3HSS_af2m,0.87737036
