{
  "count": 113,
  "ids_hash": "b8ba22542f2f1c5f9a26f6a37f1f08e5f5a7d05ae4b2ac6c5bce27b8f117e818",
  "coords_hash": "c51cd65a260164219b7f2d7a27c6292d5d6fa3e555a762daf0d79b6c23aaf5e2",
  "coords_stats": {
    "shape": [
      113,
      3
    ],
    "size": 339,
    "min": -17.148000717163086,
    "max": 62.50299835205078,
    "mean": 24.2417463475624,
    "std": 27.238935956351522
  }
}