{
  "hash": "45c643b36d03149757452c34ea592971def6038fd51a5ab0419a1f576dd54821",
  "stats": {
    "shape": [
      58,
      58
    ],
    "size": 3364,
    "min": 0.0,
    "max": 14.584888927011937,
    "mean": 7.087810140414553,
    "std": 3.026730899443452
  }
}