{
  "f0_hash": "f851df975d9317c8228cb628b25a95e714781bafe6d45060ce0bbb9f47277673",
  "f1_hash": "5ba61695cc1cac4b364d5df6ae153d6b4854e7c2edcb85a097ba42e6020a5712",
  "f0_stats": {
    "shape": [
      5
    ],
    "size": 5,
    "min": 0.5328248418269811,
    "max": 172.6026485351401,
    "mean": 36.03368765247886,
    "std": 68.29594021344907
  },
  "f1_stats": {
    "shape": [
      15
    ],
    "size": 15,
    "min": 0.011795053134758149,
    "max": 515.3154978407548,
    "mean": 70.94300934670186,
    "std": 163.08505967584944
  }
}