{
  "hash": "51b380229454a3b7a543b431e6cb20a5d902d558438395f08a5be045ea1b274d",
  "stats": {
    "shape": [
      96,
      96
    ],
    "size": 9216,
    "min": 0.0,
    "max": 15.352168499000538,
    "mean": 7.832997864079491,
    "std": 2.998898990408934
  }
}