{
  "hash": "a27b5a198bd9e38b3134a3aa655dfedb48421c542fd560989c7b9b76ee981589",
  "stats": {
    "shape": [
      107,
      107
    ],
    "size": 11449,
    "min": 0.0,
    "max": 15.861342988349278,
    "mean": 8.127457702791245,
    "std": 3.1253561267495207
  }
}