{
  "hash": "90e8366b7234df9fac99380e8b89f5ef206d87b3d35b9407afdba7a681bf749b",
  "stats": {
    "shape": [
      52,
      52
    ],
    "size": 2704,
    "min": 0.0,
    "max": 14.666932664043479,
    "mean": 6.072489561586542,
    "std": 2.60141457026097
  }
}