{
  "count": 80,
  "ids_hash": "d026b97823b31dbdc64fa690646fc3ca61cfb2fea8619d57d474fd464af942a7",
  "coords_hash": "c756b046153a22169093741d83268c8a8a461000ef6e1f7ff13f94d2eaa83a1e",
  "coords_stats": {
    "shape": [
      80,
      3
    ],
    "size": 240,
    "min": 11.470999717712402,
    "max": 41.48099899291992,
    "mean": 25.851029137770336,
    "std": 8.141444468815747
  }
}