{
  "hash": "6d86b84aff8c339b7c29e400bf0089322b2904bfe3548c64cdb701e2afbc19e1",
  "stats": {
    "shape": [
      95,
      95
    ],
    "size": 9025,
    "min": 0.0,
    "max": 15.599274133037932,
    "mean": 7.672293235744898,
    "std": 3.018183217864938
  }
}