{
  "count": 60,
  "ids_hash": "a35d8201139263b773a7291c2d0277fe8c3cc16531dc9e8f3a055cfe018bb819",
  "coords_hash": "6c0b64194918c90f40c68fcae20eafa1e660dd813fb68215982eef8f11b33074",
  "coords_stats": {
    "shape": [
      60,
      3
    ],
    "size": 180,
    "min": 4.361000061035156,
    "max": 45.24800109863281,
    "mean": 21.842933389875625,
    "std": 12.83710769661596
  }
}