{
  "hash": "cd324bc7f9c339e999f2cef2bf7eb9af803c2431d4578bcd43550b7ba25ff258",
  "stats": {
    "shape": [
      88,
      88
    ],
    "size": 7744,
    "min": 0.0,
    "max": 15.599327486021451,
    "mean": 7.6723956185716045,
    "std": 2.9936531471024557
  }
}