{
  "f0_hash": "baf8d5fa00af09269e3a7b02b75b0288521f7d7848f007301189f1336efec6b0",
  "f1_hash": "64dfccec93f3bc4f988a03fb36f7e9e2cd4ca46973a3ff3dd815ce27204e0e7e",
  "f0_stats": {
    "shape": [
      5
    ],
    "size": 5,
    "min": 0.5028517858521636,
    "max": 134.09045356576283,
    "mean": 28.183525970812468,
    "std": 52.9630392971167
  },
  "f1_stats": {
    "shape": [
      15
    ],
    "size": 15,
    "min": 0.010094012595638802,
    "max": 363.04995788783884,
    "mean": 50.80188959608628,
    "std": 115.0992517024754
  }
}