{
  "hash": "66c7a862ed5aa6090e27895333d8770e39ef3f097035ccc5ef0c70227889591d",
  "stats": {
    "shape": [
      68,
      68
    ],
    "size": 4624,
    "min": 0.0,
    "max": 15.723588381021447,
    "mean": 7.463947629102681,
    "std": 3.1271439966656476
  }
}