MODEL,PRED_DOCKQ
3QFM_af2m,0.86741614
3QFM,0.8623571
