MODEL,PRED_DOCKQ
2PW8_af2m,0.58673275
2PW8,7.216991e-05
