{
  "f0_hash": "ed1b9c98e8a25deeea06e750450d347977f4d23fbd7c24d56beb35887a485809",
  "f1_hash": "215ce6f54c4675430b8e4500ac6ed7c8d1167d843592049f2b95233f38541a43",
  "f0_stats": {
    "shape": [
      5
    ],
    "size": 5,
    "min": 0.22416511213114085,
    "max": 168.0334609268175,
    "mean": 34.67019142167423,
    "std": 66.69061756797981
  },
  "f1_stats": {
    "shape": [
      15
    ],
    "size": 15,
    "min": 0.010845816990785906,
    "max": 414.89176439500307,
    "mean": 57.406119632222655,
    "std": 131.35267999391223
  }
}