{
  "count": 53,
  "ids_hash": "8a910d396ecb272ef9a33df3217b626591d95daa0197da47f3cd7e852dc2fd1a",
  "coords_hash": "d1bbf7de7ca24bc460703fb29d2eae3d89929464bd773444ecc55f3d309ca8c8",
  "coords_stats": {
    "shape": [
      53,
      3
    ],
    "size": 159,
    "min": 1.2350000143051147,
    "max": 62.983001708984375,
    "mean": 32.586666629749274,
    "std": 20.38851567066732
  }
}