{
  "hash": "1a9660d84ae03aefa332f75f8b89343fc746f036a4148d9411fd76e69be4ec67",
  "stats": {
    "shape": [
      114,
      114
    ],
    "size": 12996,
    "min": 0.0,
    "max": 15.446971840085187,
    "mean": 7.946168917063089,
    "std": 3.0020410348574393
  }
}