{
  "hash": "150d5c3d52bb83f892e38066c44f5f23e088dcba8a8b3a3616926362e966ff25",
  "stats": {
    "shape": [
      96,
      96
    ],
    "size": 9216,
    "min": 0.0,
    "max": 15.499080333900325,
    "mean": 7.796151192926999,
    "std": 3.033368509168565
  }
}