{
  "hash": "451e5f3de002c1444f395c4301c15ca818b937c73f7dedf8048ed714cf05de3a",
  "stats": {
    "shape": [
      90,
      90
    ],
    "size": 8100,
    "min": 0.0,
    "max": 15.406691179236041,
    "mean": 7.771186404412925,
    "std": 3.0621068321399845
  }
}