{
  "count": 87,
  "ids_hash": "ad8ace78309748f88894434236d1fa2a92b9baabe42ffce66be54a6554f47c75",
  "coords_hash": "6263bfa3c4a40deb32afe4969cc36ac24b01131d733ab6fed8849b20c1b78979",
  "coords_stats": {
    "shape": [
      87,
      3
    ],
    "size": 261,
    "min": 13.21399974822998,
    "max": 30.091999053955078,
    "mean": 21.293122594840682,
    "std": 3.389186234295233
  }
}