MODEL,PRED_DOCKQ
4NBM,0.017161092
4NBM_af2m,2.6665328e-05
