{
  "count": 46,
  "ids_hash": "309c6ccba8651cabde8e293243dcaa996b871504248190e1b087c710af95e589",
  "coords_hash": "f42569b425eef5288171c6ace59d2f8e649b9821713154a97c4b14b51fec6d92",
  "coords_stats": {
    "shape": [
      46,
      3
    ],
    "size": 138,
    "min": -39.895999908447266,
    "max": 30.172000885009766,
    "mean": -1.053565065389958,
    "std": 24.593944340334495
  }
}