{
  "f0_hash": "53bce58771f579a7670d57fad709b70d37fb8ad1c2cd717b9a463e57301e243d",
  "f1_hash": "3b7bff3a98a0cb35bc36d63d31ae05bb040de80f8485147a658fcdad9dcf4e20",
  "f0_stats": {
    "shape": [
      5
    ],
    "size": 5,
    "min": 0.5874969805285087,
    "max": 139.8146325712963,
    "mean": 29.552985153663563,
    "std": 55.14755678768098
  },
  "f1_stats": {
    "shape": [
      15
    ],
    "size": 15,
    "min": 0.010453779173562161,
    "max": 332.04080309105535,
    "mean": 47.3119948722026,
    "std": 104.077105499467
  }
}