{
  "count": 109,
  "ids_hash": "5984466324e12791074cfd9d7547eee7d0a588bab6511f92e5842b3f3c34126d",
  "coords_hash": "706faa2e18442177a3faed3a7a85d8e1a7da50b5051aa39212d1f41ab1227d1d",
  "coords_stats": {
    "shape": [
      109,
      3
    ],
    "size": 327,
    "min": -4.646999835968018,
    "max": 30.485000610351562,
    "mean": 15.912122357465805,
    "std": 10.241683288183319
  }
}