{
  "count": 62,
  "ids_hash": "70eaf5330bddc61328df4977e994e8e47749ccf6589e33219d440594b1adea11",
  "coords_hash": "b7fe9944863fa8911c87b3ff4fce6e7d9a3106ee908c66fa163d30c60f4d3b0a",
  "coords_stats": {
    "shape": [
      62,
      3
    ],
    "size": 186,
    "min": 4.745999813079834,
    "max": 85.43000030517578,
    "mean": 42.81322058554618,
    "std": 28.11605304062841
  }
}