{
  "hash": "9bcdf8300effae7c6f9898bfb528cc6238a971eb41260753201e73cd2c2a30c7",
  "stats": {
    "shape": [
      113,
      113
    ],
    "size": 12769,
    "min": 0.0,
    "max": 15.698808206433954,
    "mean": 7.8583739518433156,
    "std": 2.982209139274467
  }
}