{
  "count": 75,
  "ids_hash": "c25b957e6a3ee18f1b44139cf2be2886f502f627a528a840219a1a2f0fa952d0",
  "coords_hash": "d805767957ad9efec73b48faa537f673d09e9f51cb44e2e8db9d0517b60c6a6a",
  "coords_stats": {
    "shape": [
      75,
      3
    ],
    "size": 225,
    "min": 7.2220001220703125,
    "max": 98.63999938964844,
    "mean": 41.956493303510875,
    "std": 35.925390808019095
  }
}