MODEL,PRED_DOCKQ
1O1H_af2m,0.91507334
1O1H,0.88112754
