MODEL,PRED_DOCKQ
5KL1_af2m,0.606362
5KL1,0.17829685
