MODEL,PRED_DOCKQ
3OZW_af2m,0.052767325
3OZW,0.00026491313
