{
  "hash": "a65c10b285bc286cb3de155a3a5c800749b7d2924e59bd6ad99d7eae2d4bf3e8",
  "stats": {
    "shape": [
      95,
      95
    ],
    "size": 9025,
    "min": 0.0,
    "max": 15.516337559245144,
    "mean": 7.433183176477813,
    "std": 2.879849885033197
  }
}