MODEL,PRED_DOCKQ
6GCV_af2m,0.83575547
6GCV,0.7836162
