{
  "f0_hash": "b85bb6100f7cc7b386e6372f9c1e2e5356dabda0487dbc4f67fd99176b11e789",
  "f1_hash": "2afb08af2e74381f52af2fd252b3744a47a9ca5fb4771b875c023dc008b840fd",
  "f0_stats": {
    "shape": [
      5
    ],
    "size": 5,
    "min": 0.5310523611442187,
    "max": 155.72446462980494,
    "mean": 32.535568505174545,
    "std": 61.60299391862305
  },
  "f1_stats": {
    "shape": [
      15
    ],
    "size": 15,
    "min": 0.010591002502158275,
    "max": 429.26016541524587,
    "mean": 60.054675057580205,
    "std": 135.1509012149384
  }
}