{
  "hash": "c66d7d750340ceaadd9e541ab9f0f8ac75f18d4845b544e797b024fcd13cfdde",
  "stats": {
    "shape": [
      84,
      84
    ],
    "size": 7056,
    "min": 0.0,
    "max": 14.799230081767021,
    "mean": 7.074064167181817,
    "std": 2.818055584741726
  }
}