{
  "f0_hash": "6a476e5cf3abbef0b500867ea52c85758551746372053c3ca93217f9bd8fa109",
  "f1_hash": "f14f3995727cb819a5e1395d7a7ee5654afcbc134db73ae7064b9b711aec6728",
  "f0_stats": {
    "shape": [
      5
    ],
    "size": 5,
    "min": 0.4011251127814678,
    "max": 105.89571984187316,
    "mean": 22.515036131163804,
    "std": 41.703270545586655
  },
  "f1_stats": {
    "shape": [
      15
    ],
    "size": 15,
    "min": 0.010209725036081974,
    "max": 219.48879695340472,
    "mean": 31.785962926374356,
    "std": 69.6211150438097
  }
}