{
  "hash": "8f737a0af4a7e8789b7a23ba5ade33f1985ad444e3fb755aa40a538804b56e20",
  "stats": {
    "shape": [
      77,
      77
    ],
    "size": 5929,
    "min": 0.0,
    "max": 15.541586759156962,
    "mean": 7.283702033053248,
    "std": 2.9943801977347446
  }
}