MODEL,PRED_DOCKQ
4JXQ_af2m,0.8710353
4JXQ,0.29400852
