{
  "count": 96,
  "ids_hash": "a178c1596bf839323a74be4ff8b2df63ef3c1e473b69ebc956921be677f3d842",
  "coords_hash": "a7f9e2016345a4acae0434597db7cc08a78a85a44c4e176d957778f07f60429f",
  "coords_stats": {
    "shape": [
      96,
      3
    ],
    "size": 288,
    "min": 18.631000518798828,
    "max": 48.56800079345703,
    "mean": 33.0623194442855,
    "std": 6.628226630384267
  }
}