MODEL,PRED_DOCKQ
1OF5_af2m,0.80982906
1OF5,0.48955253
