{
  "count": 83,
  "ids_hash": "2c82964bdb033653ef504e4315ed7af2cbed1aa740b3fdf211c88d4fbeea62c1",
  "coords_hash": "680757881c00667afca71c0b821490c4e962d3b9207b3d56cab874fdd1d66a0c",
  "coords_stats": {
    "shape": [
      83,
      3
    ],
    "size": 249,
    "min": 22.38599967956543,
    "max": 97.16200256347656,
    "mean": 49.984755075600255,
    "std": 28.620896256054422
  }
}