{
  "count": 78,
  "ids_hash": "720156370ff324f7d988c7c50fa465f47ccce6151173859f205953af74349a9c",
  "coords_hash": "08c920573108f38bf3e0af6cbd38195371e6bda94ad821132a8747c7d6cbb154",
  "coords_stats": {
    "shape": [
      78,
      3
    ],
    "size": 234,
    "min": -44.28499984741211,
    "max": 44.749000549316406,
    "mean": 1.8087264941288874,
    "std": 30.976223211652663
  }
}