{
  "f0_hash": "a6b1163bbf3f0e3a0001dba141988990b44008b0a9301d6bf1daddeebbcae69f",
  "f1_hash": "72613b5d2ab96c4aaf0efc9dc40b5bfc306d13205be39c06f3f22bad1429cbc4",
  "f0_stats": {
    "shape": [
      5
    ],
    "size": 5,
    "min": 0.6558322748686178,
    "max": 170.81314877930953,
    "mean": 35.73851027303996,
    "std": 67.54932397811477
  },
  "f1_stats": {
    "shape": [
      15
    ],
    "size": 15,
    "min": 0.010276346575627926,
    "max": 585.4340699354791,
    "mean": 80.54441963572843,
    "std": 187.32860264117443
  }
}