MODEL,PRED_DOCKQ
2IGI_af2m,0.8785766
2IGI,0.85014164
