{
  "f0_hash": "24ba71ef13db33c97dea4c496159aa81f473ff92217f73b039dcf1a43c6ec78f",
  "f1_hash": "4930131e9b105411ae3cc441cfd8baba54f7a64a591a860788949f54fda40b85",
  "f0_stats": {
    "shape": [
      5
    ],
    "size": 5,
    "min": 0.5993747934700888,
    "max": 107.2128861610428,
    "mean": 22.990836237320472,
    "std": 42.13049086126321
  },
  "f1_stats": {
    "shape": [
      15
    ],
    "size": 15,
    "min": 0.010782161680803704,
    "max": 282.33838708248146,
    "mean": 40.424026427919124,
    "std": 90.30435095982902
  }
}