{
  "f0_hash": "b344f239352c96ace870685e034f7a35d7e563db2341830ced29c6aa1b7977bf",
  "f1_hash": "d3c5a0fbfd540c6833182ff2fea4ec99ccb4dfbf01a6bb5f4f2d25d0cad7da59",
  "f0_stats": {
    "shape": [
      5
    ],
    "size": 5,
    "min": 0.39121159751899903,
    "max": 143.28475501984744,
    "mean": 29.965610614188552,
    "std": 56.66800455944799
  },
  "f1_stats": {
    "shape": [
      15
    ],
    "size": 15,
    "min": 0.010815773004335227,
    "max": 386.1324990447522,
    "mean": 53.94296013115375,
    "std": 121.98235153065606
  }
}