{
  "f0_hash": "1c30b94ccb615e84153a776a3e31797ca104c587aa4db82a12cf554460fc6746",
  "f1_hash": "246704673dff7f396fc957ea4f537a2530ba4d11b175ba74556c45e8f16aeb9c",
  "f0_stats": {
    "shape": [
      5
    ],
    "size": 5,
    "min": 0.5405134963068263,
    "max": 153.01386190856184,
    "mean": 31.960721972479877,
    "std": 60.534000117566606
  },
  "f1_stats": {
    "shape": [
      15
    ],
    "size": 15,
    "min": 0.011582106899560074,
    "max": 372.08439267438587,
    "mean": 51.757988770895125,
    "std": 117.31067445004997
  }
}