MODEL,PRED_DOCKQ
1Z9H_af2m,0.4410883
1Z9H,0.0013655378
