MODEL,PRED_DOCKQ
3P2C,0.95099163
3P2C_af2m,0.9366307
