MODEL,PRED_DOCKQ
4OBX,0.7471797
4OBX_af2m,0.15860778
