{
  "hash": "7011ee1300023d884fe986937eef25ec78f10087c40cbbba890a73d0d78c53f8",
  "stats": {
    "shape": [
      70,
      70
    ],
    "size": 4900,
    "min": 0.0,
    "max": 15.39347565965138,
    "mean": 7.449793098308998,
    "std": 3.0713306755415486
  }
}