{
  "count": 110,
  "ids_hash": "c1455c7fe5bf44faa69cea88f454dbe017be62c1e6fb8220f18cae58067dbe8c",
  "coords_hash": "638808cb16587b45da9f2825673ebe6a58a8cda3fb95194ddf9861fb96332886",
  "coords_stats": {
    "shape": [
      110,
      3
    ],
    "size": 330,
    "min": -38.51599884033203,
    "max": 60.624000549316406,
    "mean": 17.709336431098706,
    "std": 35.90099306430451
  }
}