{
  "hash": "409e9173e571d6b41144e8a8ff9cf9e48ed857a88e138e4c41ac06fce4025fad",
  "stats": {
    "shape": [
      95,
      95
    ],
    "size": 9025,
    "min": 0.0,
    "max": 15.860390787246281,
    "mean": 7.700302186294286,
    "std": 3.0846558696541138
  }
}