MODEL,PRED_DOCKQ
1UKK,0.9185085
1UKK_af2m,0.91342837
