{
  "hash": "242c48331c1368ab98248c5fe96bbe21380e1ccee28860a311310c07dbe1217f",
  "stats": {
    "shape": [
      108,
      108
    ],
    "size": 11664,
    "min": 0.0,
    "max": 15.693289824276475,
    "mean": 8.157523646381552,
    "std": 3.129612905105885
  }
}