{
  "count": 107,
  "ids_hash": "72e57c7c1b7a671e8ff50321aca23a9ca9c2b44c563a95a4a2e9f6001748da68",
  "coords_hash": "dbde2bab8be5ab0068fa0294aca140a1b3817a25034943884521c7e457913d2c",
  "coords_stats": {
    "shape": [
      107,
      3
    ],
    "size": 321,
    "min": -11.35200023651123,
    "max": 19.155000686645508,
    "mean": 3.5142056036775355,
    "std": 7.177452287866606
  }
}