{
  "hash": "7968bd817626c208324d0d0f2210805316cb8efbeabdb5aae94e7cfd592ba7be",
  "stats": {
    "shape": [
      80,
      80
    ],
    "size": 6400,
    "min": 0.0,
    "max": 14.934497957146265,
    "mean": 7.211805443258607,
    "std": 2.912626984783416
  }
}