MODEL,PRED_DOCKQ
4PK7_af2m,0.8595953
4PK7,0.842103
