{
  "f0_hash": "354796814b3bf46206da920361860bee95b1420e3aa9c30a5e090cebd9d285eb",
  "f1_hash": "43ad1f1d8ede545692399b87f11a7608dca17cd6863263c20db97266830d0fa3",
  "f0_stats": {
    "shape": [
      5
    ],
    "size": 5,
    "min": 0.5696018986074566,
    "max": 124.47409324311315,
    "mean": 26.368504837145274,
    "std": 49.06637516106003
  },
  "f1_stats": {
    "shape": [
      15
    ],
    "size": 15,
    "min": 0.0111137623132751,
    "max": 404.5350660360777,
    "mean": 56.715965340782965,
    "std": 129.65924028229264
  }
}