{
  "hash": "98e75f410f25579c28a673fdef9c7ae79f2fbf20aac19025444f57f5b2a635df",
  "stats": {
    "shape": [
      93,
      93
    ],
    "size": 8649,
    "min": 0.0,
    "max": 15.459756419254925,
    "mean": 7.530984968854178,
    "std": 2.9842246370581504
  }
}