{
  "count": 90,
  "ids_hash": "e0ce1c8e247c0e7dd58af4811e1266e564f9b9eb9914bad53a963d5c50543c7c",
  "coords_hash": "662e6910a132416da5e5332eaaee2f7783f55728c3756e5c64bb2eb82aabc7dd",
  "coords_stats": {
    "shape": [
      90,
      3
    ],
    "size": 270,
    "min": -2.684000015258789,
    "max": 97.18399810791016,
    "mean": 43.88211109761011,
    "std": 35.67499109900829
  }
}