{
  "count": 108,
  "ids_hash": "13536c7b24e31356137c271b7c5cffe580229460b26895183375ba97db357c4f",
  "coords_hash": "cc33b2e9888f98b70044e28a1fc39fe102b6eaf3eb6cdfa6ac8d87465b03565a",
  "coords_stats": {
    "shape": [
      108,
      3
    ],
    "size": 324,
    "min": 5.8470001220703125,
    "max": 104.4010009765625,
    "mean": 46.37075614929199,
    "std": 37.51458771041871
  }
}