MODEL,PRED_DOCKQ
3NAU_af2m,0.057055015
3NAU,0.036687247
