{
  "f0_hash": "50b7e7fb085a9cc613ca49ea776f2adace3dbd4b10bc631b4b933a457ff8e5ec",
  "f1_hash": "410ba03f6a8e663114529bce3d6235296068109de758e2d2c135f763a88478d5",
  "f0_stats": {
    "shape": [
      5
    ],
    "size": 5,
    "min": 0.7436238914362872,
    "max": 134.4081201768364,
    "mean": 28.67379986029963,
    "std": 52.89243710734763
  },
  "f1_stats": {
    "shape": [
      15
    ],
    "size": 15,
    "min": 0.010658905775641436,
    "max": 393.50434371458647,
    "mean": 55.90368667098895,
    "std": 124.3482612629025
  }
}