{
  "f0_hash": "1c9fb652a7f09ed5899a367067df1489658df22ff10615109e2a88c9d093f91b",
  "f1_hash": "80fecdd6820a47c4ce57011b938f2bfaf55a51e9e25b8591ab6e91f7b736260e",
  "f0_stats": {
    "shape": [
      5
    ],
    "size": 5,
    "min": 0.45809990976273623,
    "max": 142.2808332370458,
    "mean": 29.81249790034799,
    "std": 56.24329565704105
  },
  "f1_stats": {
    "shape": [
      15
    ],
    "size": 15,
    "min": 0.010351047342536113,
    "max": 457.6854560015708,
    "mean": 63.75238078281517,
    "std": 146.52935665100043
  }
}