{
  "hash": "11963291f89a4ac084340249fe146b67d23c6fe3d99a87e3ac57b71da35d3fd8",
  "stats": {
    "shape": [
      93,
      93
    ],
    "size": 8649,
    "min": 0.0,
    "max": 15.699334443327539,
    "mean": 7.725751641091113,
    "std": 3.0305106833695996
  }
}