{
  "hash": "8ac5662e02bc97b10d59317d546b649ea5e894aee39f0cd8d72a4d8d5272487a",
  "stats": {
    "shape": [
      113,
      113
    ],
    "size": 12769,
    "min": 0.0,
    "max": 15.733592219110108,
    "mean": 7.888797365677286,
    "std": 3.0034182336655157
  }
}