{
  "f0_hash": "346e1d79e19d979955c5c8c92d378f1a7d7868e6bb82445a0e945e3e2238567c",
  "f1_hash": "7dd085ac4b00922db4a0d46685e2b021299f7fd59360df9edca2f95670a040cf",
  "f0_stats": {
    "shape": [
      5
    ],
    "size": 5,
    "min": 0.4666455688918237,
    "max": 171.33615400286533,
    "mean": 35.67545918021948,
    "std": 67.83977662789073
  },
  "f1_stats": {
    "shape": [
      15
    ],
    "size": 15,
    "min": 0.010621413174817462,
    "max": 505.23149587815107,
    "mean": 70.02346561472184,
    "std": 161.30483640972798
  }
}