{
  "hash": "09e60a095ba16a487d7888945ab87e68f0211bc3c62f4eb26f53db49f4d0ee57",
  "stats": {
    "shape": [
      110,
      110
    ],
    "size": 12100,
    "min": 0.0,
    "max": 15.796648432579623,
    "mean": 8.00769635530244,
    "std": 3.067807979352205
  }
}