{
  "count": 108,
  "ids_hash": "e5c33907cf7edac21a655ab6675563eeea3895427d56061fe243cc32047739b2",
  "coords_hash": "19121d7959193f5ea2e771acc7c587d2dc4a6b6493f4628f88143b97136c53d8",
  "coords_stats": {
    "shape": [
      108,
      3
    ],
    "size": 324,
    "min": -0.210999995470047,
    "max": 76.99299621582031,
    "mean": 33.16392589544441,
    "std": 27.26844441646689
  }
}