{
  "count": 70,
  "ids_hash": "9e9c05699ea811efb148b8d393ec4364db54868b62cef8407c76586e29e09f67",
  "coords_hash": "0f29bad09cf025542928a4ab0567d81597725a34cba69416ac0454ea5bf2253b",
  "coords_stats": {
    "shape": [
      70,
      3
    ],
    "size": 210,
    "min": -21.000999450683594,
    "max": 53.861000061035156,
    "mean": 10.865495276876858,
    "std": 25.77889717908032
  }
}