{
  "hash": "ba233c9e067ed1b1ec45e5a5f2c684cdb3dc3a8d44f92f8b8ebd89d0c4e3b647",
  "stats": {
    "shape": [
      107,
      107
    ],
    "size": 11449,
    "min": 0.0,
    "max": 15.39155432220113,
    "mean": 8.027389790086689,
    "std": 3.1009192973658077
  }
}