{
  "f0_hash": "9cf09effe8648b5e7efd11253e5250e9f7dd86a1303d68b2702e687bb90d4821",
  "f1_hash": "6820d9fa0a0c50c7ef15dad2b1a505a510d7f5b2f3e6df48fc708d56da88c2a3",
  "f0_stats": {
    "shape": [
      5
    ],
    "size": 5,
    "min": 0.5307954801510737,
    "max": 144.265236547347,
    "mean": 30.29217876956422,
    "std": 56.997408938091205
  },
  "f1_stats": {
    "shape": [
      15
    ],
    "size": 15,
    "min": 0.01039679690779316,
    "max": 422.87771790872307,
    "mean": 58.81346000221039,
    "std": 134.2113552786116
  }
}