{
  "count": 95,
  "ids_hash": "2ffa0aefe9d64570f913286dbead267e67d0ba6985622409853e3e6e04c93073",
  "coords_hash": "7e09b8c40e0cec1070eef033a062b8c47e59e4de156fcfd4f8cdf2110cc92235",
  "coords_stats": {
    "shape": [
      95,
      3
    ],
    "size": 285,
    "min": -3.375,
    "max": 37.518001556396484,
    "mean": 14.786056099779772,
    "std": 12.006572682939247
  }
}