{
  "hash": "c8ceebfe691f82c992ecc1638fb3ad785ca6a4397002884be95af0ba2799629e",
  "stats": {
    "shape": [
      110,
      110
    ],
    "size": 12100,
    "min": 0.0,
    "max": 15.653778669070418,
    "mean": 7.89325747603648,
    "std": 3.0022648229630837
  }
}