MODEL,PRED_DOCKQ
6HIU,0.86260825
6HIU_af2m,0.8178981
