MODEL,PRED_DOCKQ
4DH2,0.9072716
4DH2_af2m,0.81818223
