{
  "f0_hash": "e95fe5c45ae1dff7a04145139c23be6b91a6214ae023adf0c2829c52f77c6adf",
  "f1_hash": "31311c7301e5efa7f768b8a90ca906cce3df2a387ad236b40fdc640637cdad80",
  "f0_stats": {
    "shape": [
      5
    ],
    "size": 5,
    "min": 0.4378104628029461,
    "max": 149.98338014761748,
    "mean": 31.381417414886972,
    "std": 59.31217120145277
  },
  "f1_stats": {
    "shape": [
      15
    ],
    "size": 15,
    "min": 0.01005819754909254,
    "max": 453.79249666434055,
    "mean": 63.04331174114205,
    "std": 144.01829085441702
  }
}