{
  "hash": "8b900f5ca633d7cf96269cbf1435d93e2e84471e35ad8f1b0cfadc040766660f",
  "stats": {
    "shape": [
      110,
      110
    ],
    "size": 12100,
    "min": 0.0,
    "max": 15.704633918882182,
    "mean": 7.885559483418657,
    "std": 3.0206806779097723
  }
}