{
  "count": 98,
  "ids_hash": "207fa09b7b78e8f65c6c7eecf4290df63ae1a8bc85cfff9ada74eab3af13ef5e",
  "coords_hash": "df214591d8d9f9b1c5eb58b44971bfad71e1a87eccb5fdc9ccbc8c686ffe09eb",
  "coords_stats": {
    "shape": [
      98,
      3
    ],
    "size": 294,
    "min": -39.52899932861328,
    "max": 44.7760009765625,
    "mean": 12.276857155520899,
    "std": 33.13762291922973
  }
}