MODEL,PRED_DOCKQ
4WMA_af2m,0.3641739
4WMA,0.00022942314
