{
  "f0_hash": "4851eae18f1ec0e33fd4e8e1743a56aca06c12af73bd89337d2e190ec953c602",
  "f1_hash": "1c8a97943f08370db1577d434884eaf01c1f6ad431aa1613377cdf476222a400",
  "f0_stats": {
    "shape": [
      5
    ],
    "size": 5,
    "min": 0.3984252161711915,
    "max": 137.6512761810651,
    "mean": 28.89749368458103,
    "std": 54.38811379984562
  },
  "f1_stats": {
    "shape": [
      15
    ],
    "size": 15,
    "min": 0.01006898161148917,
    "max": 359.7086933423544,
    "mean": 49.783703868832966,
    "std": 114.70048859588697
  }
}