{
  "f0_hash": "e09536788c7b775b56a7e9c1d5680604c9a3926954e5577351a40d893a1bae6e",
  "f1_hash": "894db0702e46e9de8e142ebc8cab775a6c401c410ac8312095d574f22a92a7c8",
  "f0_stats": {
    "shape": [
      5
    ],
    "size": 5,
    "min": 0.5587350503609051,
    "max": 166.72946404062304,
    "mean": 34.808310080266075,
    "std": 65.97024810150721
  },
  "f1_stats": {
    "shape": [
      15
    ],
    "size": 15,
    "min": 0.011452699947017031,
    "max": 547.8120697345813,
    "mean": 75.41420623447992,
    "std": 174.41192376194564
  }
}