{
  "count": 107,
  "ids_hash": "75dea1a9a11a89bb3984e833bb65475802240e5969cb1e45afe4cf2c08ea1888",
  "coords_hash": "15a60d3a07ee851ea3e8f838b3281f551313fb68be2061f7d1db87ad25585daf",
  "coords_stats": {
    "shape": [
      107,
      3
    ],
    "size": 321,
    "min": -30.969999313354492,
    "max": -1.1510000228881836,
    "mean": -14.31869466765276,
    "std": 7.765565780817527
  }
}