{
  "count": 78,
  "ids_hash": "2149451154ff115dd52cfe390f7d53f8e62163013539035448e25aae00cfe437",
  "coords_hash": "129984a4472410442ddb4e0ea68b0e8a97ee0a254561d346be4a3963d8e61550",
  "coords_stats": {
    "shape": [
      78,
      3
    ],
    "size": 234,
    "min": -1.777999997138977,
    "max": 39.444000244140625,
    "mean": 15.63076491918192,
    "std": 12.616029703673782
  }
}