MODEL,PRED_DOCKQ
1G0S,0.8960592
1G0S_af2m,0.8288229
