{
  "hash": "716935040089c25c8f93e27c19fe7b5fd7714e94bb5f080964e4fcb521d51fc0",
  "stats": {
    "shape": [
      84,
      84
    ],
    "size": 7056,
    "min": 0.0,
    "max": 15.533356497097495,
    "mean": 7.692893076563469,
    "std": 3.073493067447449
  }
}