{
  "f0_hash": "3ed0cadd2f5f9a8ca8ee1ea31ee361c400775995fea53e2233325d973811efb3",
  "f1_hash": "d13e473ba981cdca78d5bda6b376b6e2e7bd3b64a109b64015f3e03e109e8c31",
  "f0_stats": {
    "shape": [
      5
    ],
    "size": 5,
    "min": 0.4515866820541391,
    "max": 157.8667658002596,
    "mean": 32.92335478692552,
    "std": 62.47998765255781
  },
  "f1_stats": {
    "shape": [
      15
    ],
    "size": 15,
    "min": 0.011551395256862662,
    "max": 490.08443025374277,
    "mean": 68.0039751357005,
    "std": 157.2884322541927
  }
}