MODEL,PRED_DOCKQ
5OL8,0.872338
5OL8_af2m,0.8020181
