{
  "f0_hash": "e156151dc7158b3f66ff869db2049dec2bbaaed0084da3e9fb185ae7332b171d",
  "f1_hash": "9275de3bd8f04f3217a73e6df47070bc29e0e78162d2373fe95ce36560832245",
  "f0_stats": {
    "shape": [
      5
    ],
    "size": 5,
    "min": 0.573316806700195,
    "max": 128.0180745645734,
    "mean": 27.10238548854261,
    "std": 50.47200333005285
  },
  "f1_stats": {
    "shape": [
      15
    ],
    "size": 15,
    "min": 0.010072809408238292,
    "max": 353.7015836411331,
    "mean": 50.11068892165439,
    "std": 112.62416287701727
  }
}