{
  "hash": "cc29b51825f31fea2e4fdd97396799b29cddb89d5bdc9caf60ad6d9bd52ea447",
  "stats": {
    "shape": [
      106,
      106
    ],
    "size": 11236,
    "min": 0.0,
    "max": 15.565523671091299,
    "mean": 8.061846862271166,
    "std": 3.0894157720467015
  }
}