MODEL,PRED_DOCKQ
5J10_af2m,0.8431879
5J10,0.7486825
