MODEL,PRED_DOCKQ
4IXN_af2m,0.075024426
4IXN,0.00063704705
