MODEL,PRED_DOCKQ
2PNR_af2m,0.45896003
2PNR,0.030788496
