{
  "f0_hash": "5bc1949a885e0d3c694e88846cca189ddf662e6407ec10c9091161cdd2cf8da0",
  "f1_hash": "29bb700f1490fb8e2f455f911c70e378168398d38f1f1ad6506a231423407b14",
  "f0_stats": {
    "shape": [
      5
    ],
    "size": 5,
    "min": 0.4701322336648185,
    "max": 155.54768462711158,
    "mean": 32.48387950161371,
    "std": 61.54072867112103
  },
  "f1_stats": {
    "shape": [
      15
    ],
    "size": 15,
    "min": 0.010431430606497205,
    "max": 443.9498670715822,
    "mean": 61.57502987696539,
    "std": 140.6061515175673
  }
}