MODEL,PRED_DOCKQ
5FC8_af2m,0.90333354
5FC8,0.89880854
