MODEL,PRED_DOCKQ
3INB_af2m,0.64255184
3INB,0.010206111
