{
  "hash": "e98e585f6517db4c9039bdfcfc09cbc1868cf405ec0ab40503a0f3bc7533bea8",
  "stats": {
    "shape": [
      86,
      86
    ],
    "size": 7396,
    "min": 0.0,
    "max": 15.388064752017291,
    "mean": 7.558331178488869,
    "std": 3.029413015091109
  }
}