MODEL,PRED_DOCKQ
2QLZ_af2m,0.8715779
2QLZ,0.69894475
