{
  "count": 68,
  "ids_hash": "cd9d28cf6bb707c965c9fe5bbaa48c1184633e8d2b18233d06772cff3d5fc958",
  "coords_hash": "502891d885ef9ceb10db1593de02fe3fe4abbf7fed8910775a4da2d2fa0772de",
  "coords_stats": {
    "shape": [
      68,
      3
    ],
    "size": 204,
    "min": -59.016998291015625,
    "max": 18.74799919128418,
    "mean": -20.084137166247647,
    "std": 27.048474543313088
  }
}