{
  "f0_hash": "c03a0d4b0f87ff8fe9edb33cc459d855689e076d9e40137fc923e8050295c931",
  "f1_hash": "16d92af3d14c2f3eea261e460530f2a0a7cef6cc3c6e0f9372f1a3a92166d8d3",
  "f0_stats": {
    "shape": [
      5
    ],
    "size": 5,
    "min": 0.4870479177563232,
    "max": 167.8019752940469,
    "mean": 34.958172122311666,
    "std": 66.43061855634484
  },
  "f1_stats": {
    "shape": [
      15
    ],
    "size": 15,
    "min": 0.01075203252364787,
    "max": 484.98342095621933,
    "mean": 67.014867749729,
    "std": 153.25543653596583
  }
}