{
  "hash": "64c736655edb6367e0bf4d2863a2dc32882f70760a90792b55015f413898b73e",
  "stats": {
    "shape": [
      95,
      95
    ],
    "size": 9025,
    "min": 0.0,
    "max": 15.707497813981504,
    "mean": 8.017790513079243,
    "std": 3.1264493021624262
  }
}