{
  "count": 90,
  "ids_hash": "ff19298857b870d2b56d59f984dbc9fd27d1b7af82142216001f543b55c5408e",
  "coords_hash": "4caae7bc000b536c3efffd3d04cb477c89cf60d42c2119d565b13cb0a76a9546",
  "coords_stats": {
    "shape": [
      90,
      3
    ],
    "size": 270,
    "min": -22.224000930786133,
    "max": 25.33799934387207,
    "mean": 6.294944455888536,
    "std": 15.833723127405507
  }
}