{
  "hash": "e452d7da7a9b9196eea8becc8cad160604bc1c55cc0612357ec9a60e31258dc1",
  "stats": {
    "shape": [
      50,
      50
    ],
    "size": 2500,
    "min": 0.0,
    "max": 13.21548388901762,
    "mean": 6.151546471507505,
    "std": 2.559798431308816
  }
}