{
  "f0_hash": "30bbf84da435743fa75c2dae316998a627e4cf7ecdba8a56e32b713adf04665e",
  "f1_hash": "3626c0858518b63e314e4861b938b5844de7969126113987be6fc76fbce1e658",
  "f0_stats": {
    "shape": [
      5
    ],
    "size": 5,
    "min": 0.4867990789191433,
    "max": 148.77590841077264,
    "mean": 31.180794131923523,
    "std": 58.80812433196736
  },
  "f1_stats": {
    "shape": [
      15
    ],
    "size": 15,
    "min": 0.012905077656287567,
    "max": 438.8147301774388,
    "mean": 60.91000234240658,
    "std": 138.66057320986835
  }
}