MODEL,PRED_DOCKQ
3O6V_af2m,0.90379345
3O6V,0.87008107
