MODEL,PRED_DOCKQ
5YQQ_af2m,0.002514503
5YQQ,6.812351e-05
