{
  "f0_hash": "f656c51f1109cbea06c9efdf2ce1e4bd7103afa6eb1e6cf759eaf420275bca3e",
  "f1_hash": "4c6fc42bbbba78d0d509934f9dcf2d8d825799f3e7f2c713f3fed272ddb73b3b",
  "f0_stats": {
    "shape": [
      5
    ],
    "size": 5,
    "min": 0.5919999631163188,
    "max": 172.26022343996428,
    "mean": 35.90400421920563,
    "std": 68.18674775814706
  },
  "f1_stats": {
    "shape": [
      15
    ],
    "size": 15,
    "min": 0.010131448576920388,
    "max": 613.0973806927716,
    "mean": 84.14602413676808,
    "std": 195.38520080517108
  }
}