{
  "count": 106,
  "ids_hash": "58424e0c543312573dbd491b4a07755b0811b1f2bc3b31f5bcfc797d25159501",
  "coords_hash": "7ec3d2ff49564c28634b467b483295dcf14abe85e2a2dd638f56c8763d8ff616",
  "coords_stats": {
    "shape": [
      106,
      3
    ],
    "size": 318,
    "min": -50.9900016784668,
    "max": 17.003999710083008,
    "mean": -15.205632072574687,
    "std": 22.87095424164275
  }
}