{
  "hash": "3e3220bf42b782deb762a41c445bd4432c5405b9688c93e145a8a79b8896afb8",
  "stats": {
    "shape": [
      87,
      87
    ],
    "size": 7569,
    "min": 0.0,
    "max": 15.537653646586845,
    "mean": 7.735883273757904,
    "std": 3.018810823935401
  }
}