{
  "f0_hash": "7eb92bd994b4d6af67491923fbec0352b31ad69807f0aba268a1ce9ceac3b287",
  "f1_hash": "2528e4ef14655ddc0942e9d4aee9ea2da7325cd025200629c561de8ac9c686d9",
  "f0_stats": {
    "shape": [
      5
    ],
    "size": 5,
    "min": 0.3975390551727584,
    "max": 147.96816440518398,
    "mean": 30.940057588837654,
    "std": 58.52346973312765
  },
  "f1_stats": {
    "shape": [
      15
    ],
    "size": 15,
    "min": 0.011298872583987318,
    "max": 420.7817538334153,
    "mean": 58.62095389901737,
    "std": 133.53551029377357
  }
}