MODEL,PRED_DOCKQ
1VL7_af2m,0.86179125
1VL7,0.81286484
