MODEL,PRED_DOCKQ
1ZO2,0.7729608
1ZO2_af2m,0.3101257
