MODEL,PRED_DOCKQ
6JYX_af2m,0.88053197
6JYX,0.00020539311
