MODEL,PRED_DOCKQ
3CGU_af2m,0.057688948
3CGU,0.0015071264
