{
  "f0_hash": "2396f6b239ace9c5469ac546d95c5994387a4f0edce251ad787a16ca24a74353",
  "f1_hash": "78b12e3525674d28e3c4e9cb8af1ea6b1d4d76f253db6159aa75be9d89927ab7",
  "f0_stats": {
    "shape": [
      5
    ],
    "size": 5,
    "min": 0.5852596979871596,
    "max": 142.86146480320048,
    "mean": 30.003382634509496,
    "std": 56.43880634595002
  },
  "f1_stats": {
    "shape": [
      15
    ],
    "size": 15,
    "min": 0.01133929813806267,
    "max": 363.00469790356385,
    "mean": 50.504298559578466,
    "std": 114.83783499048705
  }
}