{
  "hash": "4a78d757393ea71fe3a10e1a33a82dcdd7c568daaf4d4536cd81479edd87e3c6",
  "stats": {
    "shape": [
      66,
      66
    ],
    "size": 4356,
    "min": 0.0,
    "max": 15.703683629682128,
    "mean": 7.123935330657472,
    "std": 3.0125503957949347
  }
}