{
  "count": 113,
  "ids_hash": "1b5e7cad96b08d226c956b9a794a95f678147f962e58e11103e73380b188215a",
  "coords_hash": "61c4474f04856a31be6aad2f84d0e014c6c4acf07e151f2c56c3ad467778003c",
  "coords_stats": {
    "shape": [
      113,
      3
    ],
    "size": 339,
    "min": -15.569999694824219,
    "max": 16.812000274658203,
    "mean": 2.576616531188509,
    "std": 8.467636466372493
  }
}