{
  "hash": "47afd7798e2e5d2f9e236183919c69c7bba82b0f71559fe26b3886d09251ddfc",
  "stats": {
    "shape": [
      86,
      86
    ],
    "size": 7396,
    "min": 0.0,
    "max": 15.432423906060423,
    "mean": 7.610401468430952,
    "std": 3.030650134959519
  }
}