{
  "count": 87,
  "ids_hash": "3b35909604cf1ad9691e6cb325efec05418862b5978b5447bfd3c0dbdafcdfba",
  "coords_hash": "0ebb66da3b6cc7a7f31f644cb35f99c7987956ad6ca8a349b166c4bcc01ccf8c",
  "coords_stats": {
    "shape": [
      87,
      3
    ],
    "size": 261,
    "min": 3.3259999752044678,
    "max": 78.50900268554688,
    "mean": 38.718689638992835,
    "std": 25.476378624507934
  }
}