{
  "hash": "4d90b60d9ae623ea87ae6b6eb8eaf36cd99a9a256ab6f29613a7f029728bb730",
  "stats": {
    "shape": [
      118,
      118
    ],
    "size": 13924,
    "min": 0.0,
    "max": 15.352436811496679,
    "mean": 7.646781785364087,
    "std": 2.918660675093722
  }
}