MODEL,PRED_DOCKQ
2B3T_af2m,0.85010266
2B3T,0.0024903705
