{
  "hash": "8c81275cc93a28041da57ddb9db63938625950df0c30374db92a7fdb153a6efe",
  "stats": {
    "shape": [
      89,
      89
    ],
    "size": 7921,
    "min": 0.0,
    "max": 15.550886711756505,
    "mean": 7.662189893796194,
    "std": 3.0597548959870338
  }
}