{
  "count": 87,
  "ids_hash": "6f21da7ca3b84141a7d86f0acea1c6a4f2ff93989a1004d472e10e4702c3aa75",
  "coords_hash": "ab28934d57eed531c46e3af3ad05c1cb9aa12df2bf26fa8564872e9a8ea50f73",
  "coords_stats": {
    "shape": [
      87,
      3
    ],
    "size": 261,
    "min": 7.949999809265137,
    "max": 37.902000427246094,
    "mean": 22.26661680301944,
    "std": 7.129799045450466
  }
}