{
  "hash": "74f7d28e29e7ddba2a63f5fe088e174f6495fffff2041e79cd7eca1672005a77",
  "stats": {
    "shape": [
      95,
      95
    ],
    "size": 9025,
    "min": 0.0,
    "max": 15.174549884310213,
    "mean": 7.870491056496734,
    "std": 3.0945805392616634
  }
}