{
  "hash": "c6d36e7988afbd30da3c39177acb92cda69c0cc2dc487e73bf9f0d36a1b683e6",
  "stats": {
    "shape": [
      59,
      59
    ],
    "size": 3481,
    "min": 0.0,
    "max": 14.987555490427999,
    "mean": 6.936975808625822,
    "std": 2.9247453690952634
  }
}