{
  "f0_hash": "d62253f95714eb5df464b98bdc67476c5650072fb2bf9f9e764104460eee1125",
  "f1_hash": "354a3ed25f10519d59e7702615bed524b79bf05ed5a4640d5f40e1c6df22f3b0",
  "f0_stats": {
    "shape": [
      5
    ],
    "size": 5,
    "min": 0.34183869884010937,
    "max": 125.52007804969988,
    "mean": 26.449913860283782,
    "std": 49.54725695972851
  },
  "f1_stats": {
    "shape": [
      15
    ],
    "size": 15,
    "min": 0.011109953036212872,
    "max": 326.4224265164082,
    "mean": 45.77644621171793,
    "std": 103.31286970250162
  }
}