{
  "count": 109,
  "ids_hash": "8a9f7e4d5cc2102807c6e8da4298eff0c01bf69a5f8298e5097502846f5b0c03",
  "coords_hash": "c185964f241328493b4d917db5cd6305b7284773616ac77c0e323b5573e4a70d",
  "coords_stats": {
    "shape": [
      109,
      3
    ],
    "size": 327,
    "min": -3.5380001068115234,
    "max": 31.099000930786133,
    "mean": 15.719266076449772,
    "std": 9.250201631065687
  }
}