{
  "count": 112,
  "ids_hash": "0363368dd6d4a90aa841873ca90038ac5a166c27cf1a98deb28dd4d5a0a60236",
  "coords_hash": "edb619d7767d6404cafebe130c32eda2ed6bcc40d34a8c8dc1fe9d8e9c0d2b89",
  "coords_stats": {
    "shape": [
      112,
      3
    ],
    "size": 336,
    "min": -17.04400062561035,
    "max": 36.14500045776367,
    "mean": 10.043479176504272,
    "std": 16.296981160163718
  }
}