{
  "hash": "272f7d40cd376f3b17b6dc26a3b41a10b2d0fa75054a5e0eb812c0fdfa99b3cf",
  "stats": {
    "shape": [
      66,
      66
    ],
    "size": 4356,
    "min": 0.0,
    "max": 14.71753030985758,
    "mean": 7.079596489647381,
    "std": 3.030980963393848
  }
}