{
  "hash": "aacc0a56ab6ced20e689f3469283a5c1e4922694ad276a9e045e5e3c519abca3",
  "stats": {
    "shape": [
      77,
      77
    ],
    "size": 5929,
    "min": 0.0,
    "max": 15.418440962668699,
    "mean": 7.556535630056582,
    "std": 3.1150410879397192
  }
}