{
  "hash": "5f82d9a996a620c17844ea233565bdd8c8228e8eef9925fcd68d4760e3344448",
  "stats": {
    "shape": [
      73,
      73
    ],
    "size": 5329,
    "min": 0.0,
    "max": 15.051628402370513,
    "mean": 7.44079289538693,
    "std": 3.1294444333906024
  }
}