{
  "f0_hash": "bdf8ba6969d80a76472320c88d33b27be6a091f56d3bf32f5060d1ad8ef47232",
  "f1_hash": "824cc3bf07f232a1817187b76d511a52dd21898a0ad5c6de7ec33338acf8d0e7",
  "f0_stats": {
    "shape": [
      5
    ],
    "size": 5,
    "min": 0.5722068664965899,
    "max": 179.57330109249804,
    "mean": 37.34142139207715,
    "std": 71.12368130880695
  },
  "f1_stats": {
    "shape": [
      15
    ],
    "size": 15,
    "min": 0.011186672017368338,
    "max": 577.1952300350147,
    "mean": 79.34745625903383,
    "std": 183.8155587798385
  }
}