{
  "hash": "65794090967bdfc6d426e85f04746211c218cf9d905ae8f99392d471c0739ba7",
  "stats": {
    "shape": [
      95,
      95
    ],
    "size": 9025,
    "min": 0.0,
    "max": 15.570850857807423,
    "mean": 7.9346977796048215,
    "std": 3.115480912622073
  }
}