MODEL,PRED_DOCKQ
2YZI_af2m,0.7535605
2YZI,0.32135326
