{
  "f0_hash": "b58b5271a7d042d52f9bcec3116c6ce2067d2c98be79862b7ec444a379c19709",
  "f1_hash": "5f0022ddf7524a226f851153f9ccc7926bb53898efbb04bdc0645df18d74d8a4",
  "f0_stats": {
    "shape": [
      5
    ],
    "size": 5,
    "min": 0.4924360333576416,
    "max": 150.57690162375047,
    "mean": 31.434736310240265,
    "std": 59.578260629310606
  },
  "f1_stats": {
    "shape": [
      15
    ],
    "size": 15,
    "min": 0.010265597946930605,
    "max": 461.79496962322565,
    "mean": 63.81310370720257,
    "std": 146.95718155163473
  }
}