{
  "hash": "84d03c7918173fb28a1e7d3748e2c43c961ee4a42a130a2e7b9d7d0a2c18f63f",
  "stats": {
    "shape": [
      95,
      95
    ],
    "size": 9025,
    "min": 0.0,
    "max": 15.49987628993148,
    "mean": 7.9775971814095294,
    "std": 3.179345681329913
  }
}