{
  "hash": "5f2c3fd27002aa69441aae3c750bea31acef7007e8aba34e9278eff3b724ef7f",
  "stats": {
    "shape": [
      127,
      127
    ],
    "size": 16129,
    "min": 0.0,
    "max": 15.509840965013018,
    "mean": 7.872628652860849,
    "std": 2.992851251823278
  }
}