{
  "hash": "05ec9ce2e9154f22e60e113e821d1c28811646db65e34d1f43daa04d46e7a52d",
  "stats": {
    "shape": [
      88,
      88
    ],
    "size": 7744,
    "min": 0.0,
    "max": 15.708413694194803,
    "mean": 7.542835525624031,
    "std": 3.0173305181633596
  }
}