{
  "hash": "a702e77df67c54cc9e09c936fa1a187eac4ca0913c6e2c0606e4201cdad9e14f",
  "stats": {
    "shape": [
      108,
      108
    ],
    "size": 11664,
    "min": 0.0,
    "max": 15.546507016252866,
    "mean": 8.20724196720454,
    "std": 3.108803156218657
  }
}