{
  "hash": "74bf22eaa271e233d6d409062be9306f1638fb4ab05aaf93b3209c8fd0c9c345",
  "stats": {
    "shape": [
      98,
      98
    ],
    "size": 9604,
    "min": 0.0,
    "max": 15.556744626076147,
    "mean": 7.768196061663886,
    "std": 3.078312623213521
  }
}