MODEL,PRED_DOCKQ
5YM6_af2m,0.5431606
5YM6,0.18502319
