{
  "f0_hash": "bbd672fa786a51f180bf13edf34939039d96b7d30fde7f7214ba78765addbaa6",
  "f1_hash": "9f25660fa770859c9759c83cee9f8af19d9e3f09160b45cd3d194417c34c09ef",
  "f0_stats": {
    "shape": [
      5
    ],
    "size": 5,
    "min": 0.4878217242653127,
    "max": 151.0471269575824,
    "mean": 31.672274298280154,
    "std": 59.69945485570668
  },
  "f1_stats": {
    "shape": [
      15
    ],
    "size": 15,
    "min": 0.011212490218532878,
    "max": 469.21442060603687,
    "mean": 65.51954882729123,
    "std": 149.3620301711518
  }
}