{
  "hash": "a299bbd54e4e4cfe7c357da473a67d02c3b82f43932c97539165d221a3389826",
  "stats": {
    "shape": [
      80,
      80
    ],
    "size": 6400,
    "min": 0.0,
    "max": 14.738105848756764,
    "mean": 7.551254782854471,
    "std": 3.0856203159049747
  }
}