{
  "hash": "e292504c3b244d660ed22aa4a0c7943eee3d4216e416a5f073f131848a6c0254",
  "stats": {
    "shape": [
      87,
      87
    ],
    "size": 7569,
    "min": 0.0,
    "max": 15.354388168675554,
    "mean": 8.135864827391421,
    "std": 3.2073231179216064
  }
}