{
  "f0_hash": "084e3b733211d67805ad881f7dc845c11297449306f98c3a37d5eacc7eb9d778",
  "f1_hash": "e527b9f7658195ea5224b02f186e315bf3f75a72fe22d3bbcd0f0d740a59ed62",
  "f0_stats": {
    "shape": [
      5
    ],
    "size": 5,
    "min": 0.5219089389842325,
    "max": 154.74421166811268,
    "mean": 32.369271514947556,
    "std": 61.197123386585034
  },
  "f1_stats": {
    "shape": [
      15
    ],
    "size": 15,
    "min": 0.010328888516128565,
    "max": 456.4868637345143,
    "mean": 63.714230281762966,
    "std": 145.02875573686325
  }
}