{
  "f0_hash": "05b728dc0cc1dcc3276d50f5840edd9397a24a1017fcad688071b5bc7a8e24ab",
  "f1_hash": "2580a45db63a74758f3df7f4c7d2343c5756b030a3d39ccfd41848e32d538944",
  "f0_stats": {
    "shape": [
      5
    ],
    "size": 5,
    "min": 0.5148644503039655,
    "max": 181.53774489185332,
    "mean": 37.71057710965441,
    "std": 71.92132344045172
  },
  "f1_stats": {
    "shape": [
      15
    ],
    "size": 15,
    "min": 0.010388859232483227,
    "max": 589.7357823448654,
    "mean": 80.86460025680614,
    "std": 187.05452418097525
  }
}