{
  "f0_hash": "dd388e2f1b2504fe5b9e1521a6b7fb088f275d7f7aa1456b1ceac21d40b38e10",
  "f1_hash": "48f889385c27cd57d251fcdd523f181c870b71155957683a240c2d14410a95af",
  "f0_stats": {
    "shape": [
      5
    ],
    "size": 5,
    "min": 0.5379845508477945,
    "max": 96.80768125273255,
    "mean": 20.753886654217567,
    "std": 38.04066966268209
  },
  "f1_stats": {
    "shape": [
      15
    ],
    "size": 15,
    "min": 0.010871888755015213,
    "max": 163.96875503621195,
    "mean": 23.802936707488296,
    "std": 51.77876932058099
  }
}