{
  "count": 79,
  "ids_hash": "e647dd3cbffa08e3157363f3763dc15cd8c48db844ac20c165cb40aad5ca7c10",
  "coords_hash": "975be039607d801cde5aa6729a6216e407f70fe33dd2889f983dc714d0406f63",
  "coords_stats": {
    "shape": [
      79,
      3
    ],
    "size": 237,
    "min": -15.739999771118164,
    "max": 20.114999771118164,
    "mean": 5.385451469743302,
    "std": 11.40649979134604
  }
}