{
  "f0_hash": "bc3d3421941a5f0118fcc112abbd1d56e3b819f938ab6a5c30bd802b8583f63e",
  "f1_hash": "3cb263922ad812a4407b57e93c7727f0c01487d2d0bbb384a2f001a2cab0b27c",
  "f0_stats": {
    "shape": [
      5
    ],
    "size": 5,
    "min": 0.55679105424145,
    "max": 156.78424785679812,
    "mean": 32.80328214353646,
    "std": 62.00009852358175
  },
  "f1_stats": {
    "shape": [
      15
    ],
    "size": 15,
    "min": 0.0102548350806142,
    "max": 417.11552543519923,
    "mean": 58.39814515642478,
    "std": 131.00069386519547
  }
}