{
  "hash": "fb95ccc0621f7b75d61f390fe1a2e49c5669c256c9997ef7546c43dc9bbcb7cc",
  "stats": {
    "shape": [
      118,
      118
    ],
    "size": 13924,
    "min": 0.0,
    "max": 15.904784608466512,
    "mean": 8.221068838142504,
    "std": 3.0794025680323074
  }
}