{
  "hash": "145943b2a75504f354c89a4dce0c04c331f77f7c2bf551dab76dafcf940a7a1e",
  "stats": {
    "shape": [
      107,
      107
    ],
    "size": 11449,
    "min": 0.0,
    "max": 15.620556138506773,
    "mean": 8.011378813908482,
    "std": 3.08527559770203
  }
}