MODEL,PRED_DOCKQ
1K66_af2m,0.87641126
1K66,0.76017326
