{
  "count": 157,
  "ids_hash": "7408e700ce148dca9c954fc5b7f97f86582b5f8ffb48fb7cb491d1169b51d67b",
  "coords_hash": "f3e842b1ba6ebdfa9fcc9c76a472ff1935023feb5e6931dc5433ddef768a594e",
  "coords_stats": {
    "shape": [
      157,
      3
    ],
    "size": 471,
    "min": -21.69700050354004,
    "max": 28.577999114990234,
    "mean": 4.165934215958236,
    "std": 15.622163152103388
  }
}