{
  "hash": "66b09fa71e3acc80dbaf54fffc84853a91a213aa8519bb006493ed61eece4b22",
  "stats": {
    "shape": [
      57,
      57
    ],
    "size": 3249,
    "min": 0.0,
    "max": 15.153617519416441,
    "mean": 7.129619411798819,
    "std": 3.0648700043927803
  }
}