{
  "count": 94,
  "ids_hash": "1533ef86ae28bd5de687239e707ffe869c8e209c72f85107a696c8d7a91d8e87",
  "coords_hash": "453a0f7e21f78fbdf88308da1e4e56512d64be1eaec99f08280cc27ad5d58933",
  "coords_stats": {
    "shape": [
      94,
      3
    ],
    "size": 282,
    "min": -8.967000007629395,
    "max": 80.69100189208984,
    "mean": 34.28952128852301,
    "std": 31.830620787849888
  }
}