{
  "hash": "eb72a2d14852ac8b6aabf66b829a3c9ab2ed96964a8902f00f183e6a66bd8624",
  "stats": {
    "shape": [
      93,
      93
    ],
    "size": 8649,
    "min": 0.0,
    "max": 15.717606448486404,
    "mean": 7.721531111515731,
    "std": 3.0979580279639745
  }
}