MODEL,PRED_DOCKQ
1JR3_af2m,0.76573306
1JR3,0.19602463
