MODEL,PRED_DOCKQ
3ECY_af2m,0.63697344
3ECY,0.22465205
