MODEL,PRED_DOCKQ
2C3N,0.8361671
2C3N_af2m,0.8297065
