{
  "f0_hash": "e6952611ec077c98bc05b1afb0051a0afd14083e2c979e0756d0f11e56fffc8d",
  "f1_hash": "af20bfd69ab4e799883d6058f52a078fa68589011f032c33cc08e8ff0c953845",
  "f0_stats": {
    "shape": [
      5
    ],
    "size": 5,
    "min": 0.3411280017326834,
    "max": 151.1032635984775,
    "mean": 31.506713500469452,
    "std": 59.8062867157213
  },
  "f1_stats": {
    "shape": [
      15
    ],
    "size": 15,
    "min": 0.010586091676991316,
    "max": 354.66070030624974,
    "mean": 49.38088427286435,
    "std": 111.47953584713143
  }
}