MODEL,PRED_DOCKQ
3NPP_af2m,0.66389227
3NPP,0.037163332
