{
  "hash": "6e4b05d2d7040f0219dc2d5ebc8547a1b12db744230b713a0d8cea956ca10933",
  "stats": {
    "shape": [
      84,
      84
    ],
    "size": 7056,
    "min": 0.0,
    "max": 15.137706836247123,
    "mean": 7.735961390793177,
    "std": 3.1627230836247673
  }
}