{
  "count": 130,
  "ids_hash": "fa4b9a1f7f8887eebea608621a7b09a0007f04e0e070179c72f0af3aebbafe62",
  "coords_hash": "dd4ebc6954558755202743b857c076b0331dee9af43cdaa35685db0ff6f90df7",
  "coords_stats": {
    "shape": [
      130,
      3
    ],
    "size": 390,
    "min": -15.920000076293945,
    "max": 3.9679999351501465,
    "mean": -5.056489741458343,
    "std": 4.568770073007454
  }
}