MODEL,PRED_DOCKQ
3KYI,0.76072437
3KYI_af2m,0.7307319
