MODEL,PRED_DOCKQ
5J0L,0.19282642
5J0L_af2m,0.09778142
