{
  "f0_hash": "863aa6e3ae23f29e9afb24951aabdbe8a50ac1b482e56d8fcfaef0e1bd2fce6c",
  "f1_hash": "887a78b53de602e8f7326faae2c5ea7c28c9bb76d19827a3034615b9b3009ca0",
  "f0_stats": {
    "shape": [
      5
    ],
    "size": 5,
    "min": 0.5403991110943844,
    "max": 98.55537493593397,
    "mean": 21.151127471163488,
    "std": 38.71820176368788
  },
  "f1_stats": {
    "shape": [
      15
    ],
    "size": 15,
    "min": 0.011121167054313652,
    "max": 221.0688900856802,
    "mean": 31.473036805091052,
    "std": 69.58624083260725
  }
}