MODEL,PRED_DOCKQ
2ZGY,0.8447217
2ZGY_af2m,0.07257156
