{
  "f0_hash": "8c22cd79a27eb524ac3dee7ed953d706f7d4346203a803dbf573a456cb25aa08",
  "f1_hash": "ba57e2132092c1751ceec36da33c5b80e9bda725281cad4f3ee1747c10a7022c",
  "f0_stats": {
    "shape": [
      5
    ],
    "size": 5,
    "min": 0.5437577744955628,
    "max": 181.053106889447,
    "mean": 37.661969590064665,
    "std": 71.70460044344892
  },
  "f1_stats": {
    "shape": [
      15
    ],
    "size": 15,
    "min": 0.012049458164788085,
    "max": 627.1873405399874,
    "mean": 86.27718968517615,
    "std": 199.94184132645475
  }
}