{
  "f0_hash": "1e7947794a7c59d2004fcba1b4986c0b4dc6eb3e096cbc93dce8803631c0b3a5",
  "f1_hash": "c8982d0f4139ff43a626c98d1d031e98a27c49356f82da4e5c9c4a05e3bf4a66",
  "f0_stats": {
    "shape": [
      5
    ],
    "size": 5,
    "min": 0.5050947927598592,
    "max": 165.00299667670436,
    "mean": 34.521829720727155,
    "std": 65.25317010804152
  },
  "f1_stats": {
    "shape": [
      15
    ],
    "size": 15,
    "min": 0.010665346871597592,
    "max": 532.3734202527461,
    "mean": 73.1249036104901,
    "std": 169.16269085083144
  }
}