{
  "hash": "987e37cb79679ae885ed5658622de111f80b89922bb302ed58e8079bdf02c341",
  "stats": {
    "shape": [
      124,
      124
    ],
    "size": 15376,
    "min": 0.0,
    "max": 15.752598870256529,
    "mean": 8.215618662633142,
    "std": 3.0764217263181988
  }
}