{
  "hash": "3750297bcb25de3af326eec36c3037246f2406b62149ddbded44c4f4f06b2224",
  "stats": {
    "shape": [
      108,
      108
    ],
    "size": 11664,
    "min": 0.0,
    "max": 15.547220746567595,
    "mean": 8.207205269100164,
    "std": 3.108801312810663
  }
}