{
  "f0_hash": "5b533e7254d888b228565c65797c6c7c2499c3d7d0af50da1edc8e494ec010f0",
  "f1_hash": "71f79fa4189abd35254fb4d86da7c8873400b11989dc8bce7483cdc1a2d9d803",
  "f0_stats": {
    "shape": [
      5
    ],
    "size": 5,
    "min": 0.49583958850859955,
    "max": 163.39278333177637,
    "mean": 34.15877752500844,
    "std": 64.62873895978191
  },
  "f1_stats": {
    "shape": [
      15
    ],
    "size": 15,
    "min": 0.010072809408203653,
    "max": 408.5970466501303,
    "mean": 57.64355609044724,
    "std": 128.76078925134368
  }
}