{
  "hash": "7d8e66921259ad96d4ce74d4da220d8cf04c70e856579b877db6140d3fd33180",
  "stats": {
    "shape": [
      110,
      110
    ],
    "size": 12100,
    "min": 0.0,
    "max": 15.634520210574893,
    "mean": 7.889114997398687,
    "std": 3.0188746911998976
  }
}