{
  "count": 97,
  "ids_hash": "e182ab60547d64cf220357c2b40e12af951caeccc5eca1065420288452ddb2a8",
  "coords_hash": "d189689d80dbe5f98b2a1edf378ad5a97fc5371da6f507d4eaa5873fc2e5740b",
  "coords_stats": {
    "shape": [
      97,
      3
    ],
    "size": 291,
    "min": -23.704999923706055,
    "max": 23.163999557495117,
    "mean": 2.056429526240555,
    "std": 14.627601961376005
  }
}