{
  "hash": "32e8f2b14ce3cd3522242f46fe6fa305e3e8ede431bb927dc496fe214346193b",
  "stats": {
    "shape": [
      89,
      89
    ],
    "size": 7921,
    "min": 0.0,
    "max": 15.327816793330483,
    "mean": 7.279585103328906,
    "std": 2.9164611335078483
  }
}