MODEL,PRED_DOCKQ
3QS2,0.5537947
3QS2_af2m,0.34187043
