{
  "f0_hash": "cc8988ba00ee179fbc62e1cd7069d79bce3ada8cf704bfcb0b2f5d436919930b",
  "f1_hash": "b95f725878ed5974c2d413da8ed9c584fe4072d9e633415dd024dd3ed3c6879f",
  "f0_stats": {
    "shape": [
      5
    ],
    "size": 5,
    "min": 0.47301008408479644,
    "max": 121.3063236689049,
    "mean": 25.742859915194327,
    "std": 47.79799664951349
  },
  "f1_stats": {
    "shape": [
      15
    ],
    "size": 15,
    "min": 0.01082265313799713,
    "max": 279.84480622208633,
    "mean": 39.264146547136775,
    "std": 87.8185663058722
  }
}