{
  "hash": "1d30a5c7722fb14a44fdf264710b1e95545d75a33289370c3125230e7b148c79",
  "stats": {
    "shape": [
      57,
      57
    ],
    "size": 3249,
    "min": 0.0,
    "max": 15.415847668636456,
    "mean": 6.912047273394113,
    "std": 3.0596068785793715
  }
}