MODEL,PRED_DOCKQ
5MUN_af2m,0.6848854
5MUN,0.008678718
