{
  "hash": "77953a6359d0e2eff782f77dcd7e66bdd55e26ecc2c369a263fe34e28e799583",
  "stats": {
    "shape": [
      83,
      83
    ],
    "size": 6889,
    "min": 0.0,
    "max": 15.391297997692993,
    "mean": 7.4697255737350865,
    "std": 3.0317100302844184
  }
}