{
  "count": 68,
  "ids_hash": "bf1cbb3eb7c6df39360f4953748c98c6fa7767a385f5d7afa713ab9bb2dc4972",
  "coords_hash": "dc8cc7790ce0d7f9e2a691555ad510650aa0ed5a3cb5a51e3f7b9d9d6238640a",
  "coords_stats": {
    "shape": [
      68,
      3
    ],
    "size": 204,
    "min": -25.538999557495117,
    "max": 0.4259999990463257,
    "mean": -11.059323518007409,
    "std": 6.7381371521195375
  }
}