{
  "count": 91,
  "ids_hash": "1ca98e2906edbcb5b09c16ddec952ac1d15f9aeee45668977bc2ff5d96fbb878",
  "coords_hash": "186e1344d897ff079e9c483e3c55b5c5a274bf772b4b4c7067cfbe4276ddbe35",
  "coords_stats": {
    "shape": [
      91,
      3
    ],
    "size": 273,
    "min": 12.039999961853027,
    "max": 53.676998138427734,
    "mean": 30.136435962858656,
    "std": 12.495716091912172
  }
}