{
  "f0_hash": "2299c6a430fa6b824c818de55eb3b8854e4909ff1f71cc59959b1047f140ca85",
  "f1_hash": "516132c4c4e329ddaada22a3033843a59dcc795aacec05d425944ea9c001f265",
  "f0_stats": {
    "shape": [
      5
    ],
    "size": 5,
    "min": 0.5244286037087399,
    "max": 158.35622930341376,
    "mean": 33.046184768197875,
    "std": 62.66297627341933
  },
  "f1_stats": {
    "shape": [
      15
    ],
    "size": 15,
    "min": 0.01142686624253253,
    "max": 483.65245953175156,
    "mean": 66.56702279755594,
    "std": 154.19745209981994
  }
}