{
  "f0_hash": "1aaee0b7b0f46684a90d4a7f6ad4536b1db17bf367a79ee12eb4ffecd0bbec83",
  "f1_hash": "0988ab82abb0b66e0bb3e01f2929b6d9a58a46aee0540789afcd43da6a6c1ac9",
  "f0_stats": {
    "shape": [
      5
    ],
    "size": 5,
    "min": 0.6173080206448953,
    "max": 113.21478278244612,
    "mean": 24.088160760359862,
    "std": 44.57585284635332
  },
  "f1_stats": {
    "shape": [
      15
    ],
    "size": 15,
    "min": 0.010992035676909317,
    "max": 295.7704719734758,
    "mean": 41.65325697661373,
    "std": 93.94908392700917
  }
}