MODEL,PRED_DOCKQ
5BZA_af2m,0.87731135
5BZA,0.07444771
