MODEL,PRED_DOCKQ
5M97_af2m,0.8604009
5M97,0.83704793
