MODEL,PRED_DOCKQ
2PJS_af2m,0.78583974
2PJS,0.114423335
