{
  "hash": "ea4118937f1dfaf03fa123dc00aeb623ecc55fb6e6781e153fd1301d9f2874fe",
  "stats": {
    "shape": [
      95,
      95
    ],
    "size": 9025,
    "min": 0.0,
    "max": 15.784599356951036,
    "mean": 7.956320700941849,
    "std": 3.1740861212838896
  }
}