{
  "hash": "d86ebd55fcd563749a80a3f3b7826d31734b903dc15b9bafa402c6f0119f3a4c",
  "stats": {
    "shape": [
      92,
      92
    ],
    "size": 8464,
    "min": 0.0,
    "max": 15.100242130717502,
    "mean": 7.37382934611304,
    "std": 2.87605715453129
  }
}