MODEL,PRED_DOCKQ
6Q62_af2m,0.9173604
6Q62,0.88516337
