{
  "count": 110,
  "ids_hash": "bd940be17363c9fd8cdcbba3c24eccbeb5d884d0bc8b830925459f5d4b98b4e7",
  "coords_hash": "aaa2d3dc64e119b1e39d5e1fbead4e8653bbe3d9df4cf6cfbbf5de7070564170",
  "coords_stats": {
    "shape": [
      110,
      3
    ],
    "size": 330,
    "min": -6.197000026702881,
    "max": 36.130001068115234,
    "mean": 15.495048461673838,
    "std": 11.716143831747244
  }
}