MODEL,PRED_DOCKQ
3C07_af2m,0.66647935
3C07,0.2429399
