MODEL,PRED_DOCKQ
2PMY_af2m,0.090793565
2PMY,0.009345616
