MODEL,PRED_DOCKQ
1MKK_af2m,0.84663206
1MKK,0.6988491
