{
  "hash": "c7c93a41613cc7fa34fbbbdcbb13c6848bc6b4e31e10dbf9a4d0b039d2c3ce09",
  "stats": {
    "shape": [
      98,
      98
    ],
    "size": 9604,
    "min": 0.0,
    "max": 15.69916009913781,
    "mean": 7.699483725051796,
    "std": 3.0049042751024815
  }
}