{
  "hash": "411ef0b292944042ebef57a47e9cb0861c08ff195ae10dd3f1496615833d8ea7",
  "stats": {
    "shape": [
      87,
      87
    ],
    "size": 7569,
    "min": 0.0,
    "max": 15.591034705873666,
    "mean": 7.862271480760302,
    "std": 3.117068378945457
  }
}