{
  "hash": "e3e3c285b6db91ecd0c7b3fe5014cb783f7144c96a736ff065a1ae7678c8d394",
  "stats": {
    "shape": [
      105,
      105
    ],
    "size": 11025,
    "min": 0.0,
    "max": 15.415847668636456,
    "mean": 8.017052526413144,
    "std": 3.068836625908126
  }
}