{
  "count": 106,
  "ids_hash": "b2fe3c3ee4283f412aeacacc57cbcf9278e09d9ee23af630edd142f868394e3f",
  "coords_hash": "fd09b335ad876b56f4a976992c21791f7f701027d62e0ef7502370b653ee8e1e",
  "coords_stats": {
    "shape": [
      106,
      3
    ],
    "size": 318,
    "min": 0.050999999046325684,
    "max": 91.20899963378906,
    "mean": 33.7886667137251,
    "std": 36.12217642169841
  }
}