{
  "count": 107,
  "ids_hash": "5ca133077691c7e5877194870b0eeeeed600677107a0088538cf22c348cc7585",
  "coords_hash": "708466c4cc7d0ea4a485d7ab75fbe3e063ae0b7ddb1d96cb058ae1af9f8ee1b8",
  "coords_stats": {
    "shape": [
      107,
      3
    ],
    "size": 321,
    "min": -36.50299835205078,
    "max": 27.746000289916992,
    "mean": 0.0279190116953627,
    "std": 22.108309710235766
  }
}