{
  "f0_hash": "cf77450f47baa96df1e1eb8422dbc2e2fbe4c3e2a19f99612087235bf91accbc",
  "f1_hash": "3f7c71974c2867f5ded75fc0322e94b147d4b56cfa4c96137a093ee59d496641",
  "f0_stats": {
    "shape": [
      5
    ],
    "size": 5,
    "min": 0.4156643202844042,
    "max": 152.02211965757053,
    "mean": 31.840967427716485,
    "std": 60.10263985472554
  },
  "f1_stats": {
    "shape": [
      15
    ],
    "size": 15,
    "min": 0.012041614408438761,
    "max": 424.30138002203176,
    "mean": 58.49840447580463,
    "std": 134.75245057805853
  }
}