{
  "hash": "fd63e28b542700af67d696c265fd7c920512dcefe198550ebdbb891958fd3ad1",
  "stats": {
    "shape": [
      120,
      120
    ],
    "size": 14400,
    "min": 0.0,
    "max": 15.954220009750465,
    "mean": 8.325918494801645,
    "std": 3.152437877285681
  }
}