{
  "f0_hash": "18fdb7c63be8bc94f3b97465c7c06f681fab79b1f91f417c815af632ec11503f",
  "f1_hash": "907a19b468ab8ccec0a7417d5d8933c7e7d408e18ffffd0804b8e4054ca09bb4",
  "f0_stats": {
    "shape": [
      5
    ],
    "size": 5,
    "min": 0.5356063258227576,
    "max": 166.22222239725792,
    "mean": 34.7403603535717,
    "std": 65.75237303565548
  },
  "f1_stats": {
    "shape": [
      15
    ],
    "size": 15,
    "min": 0.011268178606979706,
    "max": 512.4466763144188,
    "mean": 70.9870460408499,
    "std": 163.2729510585055
  }
}