{
  "count": 115,
  "ids_hash": "b1e24daed598256a4af9cbb731ee37c0b806435c90393964be49adfdf9dd666e",
  "coords_hash": "b5e0a02b08e91d60d63d3c3ea9600d4bd1f0178064569bd3406a5ae6706e5aa9",
  "coords_stats": {
    "shape": [
      115,
      3
    ],
    "size": 345,
    "min": -25.614999771118164,
    "max": 32.154998779296875,
    "mean": 8.571078300476074,
    "std": 19.861332392947265
  }
}