{
  "count": 101,
  "ids_hash": "7754a7e4cccef17cdb6b1063e25cef5ac77ad82a706b2258b53dc12403a96d6a",
  "coords_hash": "6bfd0b75e1dcb823c46acd7a5a4884e224580a6d49f763385c629f4ec3f288c6",
  "coords_stats": {
    "shape": [
      101,
      3
    ],
    "size": 303,
    "min": 1.996000051498413,
    "max": 45.249000549316406,
    "mean": 24.93474253805557,
    "std": 12.565914804374351
  }
}