{
  "hash": "4e58c953e98b6149e33979b2089298ce58563a7df5e269c5d79840ddd1486618",
  "stats": {
    "shape": [
      56,
      56
    ],
    "size": 3136,
    "min": 0.0,
    "max": 15.663852687456888,
    "mean": 7.418435128628364,
    "std": 3.243627193092816
  }
}