{
  "count": 57,
  "ids_hash": "d44dbaf6880821eac2ee09b69cb648000ec5208db5f1cc45e1cfb6ba0e9d7ee0",
  "coords_hash": "42991ebea00a189720c0cb3df9237fb87fc8e1e368d05a90c6eeb0536829c2a0",
  "coords_stats": {
    "shape": [
      57,
      3
    ],
    "size": 171,
    "min": -7.514999866485596,
    "max": 39.07500076293945,
    "mean": 16.745081977276076,
    "std": 14.773128124369657
  }
}