MODEL,PRED_DOCKQ
1R1T,0.7884511
1R1T_af2m,0.66689235
