{
  "f0_hash": "971181ad02f44ae34f035a38a034da2784ebaec3eb9b505a65ecec745cb0bcb1",
  "f1_hash": "911390bb40855db721658480343e1a1a5159dabcd19e2ec2f3490863010fd3a4",
  "f0_stats": {
    "shape": [
      5
    ],
    "size": 5,
    "min": 0.49701315102760885,
    "max": 158.53852026312313,
    "mean": 33.19429541154092,
    "std": 62.6839625750841
  },
  "f1_stats": {
    "shape": [
      15
    ],
    "size": 15,
    "min": 0.010802492646302397,
    "max": 390.84163840424924,
    "mean": 54.52986892801531,
    "std": 123.02773964344753
  }
}