{
  "count": 90,
  "ids_hash": "1111524b268e2d665c88b1b38745b497102f2ac3a76b7e8c98461cc1e0009b78",
  "coords_hash": "bf7ff088d67737ade0cfa755c2ebdbe981c4af599ce5d1ef7f147101082b0ca0",
  "coords_stats": {
    "shape": [
      90,
      3
    ],
    "size": 270,
    "min": -1.5219999551773071,
    "max": 43.59199905395508,
    "mean": 17.125363001986234,
    "std": 14.23311872614955
  }
}