{
  "hash": "bf594bd1c00c07e3ea322a1a753f8b84221fefbead8ca45bb8bc26307e9d7bd2",
  "stats": {
    "shape": [
      75,
      75
    ],
    "size": 5625,
    "min": 0.0,
    "max": 15.023419166739874,
    "mean": 6.903221876862397,
    "std": 2.8692193313544725
  }
}