{
  "count": 113,
  "ids_hash": "aad52527662a555c29f9be210f123ed75ef1545b7e406e789da0c40fc522b3c4",
  "coords_hash": "bd3bda25b5b7f75606c83e58dd0b9dabf39589ff806e675a26c183fb61e87c3d",
  "coords_stats": {
    "shape": [
      113,
      3
    ],
    "size": 339,
    "min": 1.0149999856948853,
    "max": 49.95399856567383,
    "mean": 22.862147483502167,
    "std": 15.266304945439144
  }
}