{
  "count": 97,
  "ids_hash": "af541e321ac90e22850b2c176101dbc696f7fd98c9783516fd972cbf0b745a3d",
  "coords_hash": "fea9eed10ca7ef1da114fe34e716c02c310f0a4ef1dce650fa61bb3ab029d8f1",
  "coords_stats": {
    "shape": [
      97,
      3
    ],
    "size": 291,
    "min": -27.565000534057617,
    "max": 46.143001556396484,
    "mean": 9.140982803943027,
    "std": 23.915329262163418
  }
}