{
  "f0_hash": "860c1cde8ab5ab85ec88e6d6b1afe1411b233834d4ea006e91e20f82e4793e54",
  "f1_hash": "5f26e835aed87e00cea21ee35887d95dd1cc0bd17ba4899c491e90468995c58a",
  "f0_stats": {
    "shape": [
      5
    ],
    "size": 5,
    "min": 0.25228373624501615,
    "max": 90.72915842883722,
    "mean": 19.298140792486688,
    "std": 35.72495346812735
  },
  "f1_stats": {
    "shape": [
      15
    ],
    "size": 15,
    "min": 0.010411936333147409,
    "max": 219.3176251305935,
    "mean": 30.900906379913746,
    "std": 70.30431121533313
  }
}