{
  "f0_hash": "d9a881c0e7f8efc173ec8d3aca5b792faac693749d824056a8105018a7ffb0e7",
  "f1_hash": "1a9b464696e40d243c0ae105503d00fa0ddcbe45b030870eebdb5f5302babdf7",
  "f0_stats": {
    "shape": [
      5
    ],
    "size": 5,
    "min": 0.16856726012458786,
    "max": 102.60773346806783,
    "mean": 21.59563800582609,
    "std": 40.51299876143326
  },
  "f1_stats": {
    "shape": [
      15
    ],
    "size": 15,
    "min": 0.014976486104913533,
    "max": 215.57671424406226,
    "mean": 30.653808249707968,
    "std": 67.53541176542593
  }
}