{
  "count": 95,
  "ids_hash": "b73386fcce9ac045448190297c41035b5235037c527cedcce6a183d0d6ff11f1",
  "coords_hash": "3803047527aedd2641d6a7c0a0ff0562f250b333424edbea5d9e1038b702fca0",
  "coords_stats": {
    "shape": [
      95,
      3
    ],
    "size": 285,
    "min": 0.5249999761581421,
    "max": 43.06100082397461,
    "mean": 24.43721048330006,
    "std": 13.380927475968829
  }
}