{
  "f0_hash": "d447cd786fcb47ba8302cbc2936a11c077ac965c4c048038d89973aec56c6283",
  "f1_hash": "9a559dc8b8a7ad31bae203f44cce544b3f3f5bf8d19c31723cbd304fa1c5101a",
  "f0_stats": {
    "shape": [
      5
    ],
    "size": 5,
    "min": 0.433553464359183,
    "max": 116.44944273907845,
    "mean": 24.64635373157568,
    "std": 45.91337720728079
  },
  "f1_stats": {
    "shape": [
      15
    ],
    "size": 15,
    "min": 0.01059994254496388,
    "max": 282.67953128754687,
    "mean": 41.20436570725641,
    "std": 89.42342823335098
  }
}