{
  "hash": "c5d3998fe011b8264dbf6fb14ea8aefbb16efc687bc0c0d09b4966dafe949fe4",
  "stats": {
    "shape": [
      121,
      121
    ],
    "size": 14641,
    "min": 0.0,
    "max": 15.806219924098126,
    "mean": 8.163080870414339,
    "std": 3.1080656551621475
  }
}