{
  "count": 113,
  "ids_hash": "1c9f2836f329e9f39155f4ab6b9343b34a40b120a5643ecabd7b3201e73f86c6",
  "coords_hash": "6795535c1946417b5f30c7be492d4c9b4ec37fcfbf9f53f97aad4e46259ab0ea",
  "coords_stats": {
    "shape": [
      113,
      3
    ],
    "size": 339,
    "min": -22.7189998626709,
    "max": 60.638999938964844,
    "mean": 9.451020610719304,
    "std": 31.534920827339384
  }
}