{
  "f0_hash": "3bb1cba42c7a60052e7562afae99df4b658b03f1c5ec726fbcd9658c1f8f9c3f",
  "f1_hash": "6590994e6cc3874c122cb7199cce2fa0bb816363653fa826f1e6db54e5363da6",
  "f0_stats": {
    "shape": [
      5
    ],
    "size": 5,
    "min": 0.4407792421802946,
    "max": 180.7906523498489,
    "mean": 37.46800583414809,
    "std": 71.66759020744335
  },
  "f1_stats": {
    "shape": [
      15
    ],
    "size": 15,
    "min": 0.010185759026092533,
    "max": 577.3815012821888,
    "mean": 80.02150835306142,
    "std": 182.81842487454534
  }
}