{
  "f0_hash": "e21f7c844b0db6f203d91d457b5c3350ef8959f5216de36a8f3ae838be62fafa",
  "f1_hash": "75017acbcf832442d2eaf409267f0ddfcff4c787da822ddb8c80b3e5663d9a39",
  "f0_stats": {
    "shape": [
      5
    ],
    "size": 5,
    "min": 0.44905779188107586,
    "max": 177.4152008801938,
    "mean": 36.87702642822361,
    "std": 70.27751206576181
  },
  "f1_stats": {
    "shape": [
      15
    ],
    "size": 15,
    "min": 0.011810850283787033,
    "max": 489.8482542225378,
    "mean": 67.40048495884845,
    "std": 154.09520531334297
  }
}