{
  "hash": "687c5ff4ac4702645ecb44bcd05fa6c3cb7c21cc64db362a467ce1c2e262e804",
  "stats": {
    "shape": [
      107,
      107
    ],
    "size": 11449,
    "min": 0.0,
    "max": 15.550597481750154,
    "mean": 7.895733955106483,
    "std": 3.001280266772598
  }
}