{
  "hash": "a06c25cbcfa717a319f8bd8bf0a6448e95c73b42a7ef9d846256ffc2008531ad",
  "stats": {
    "shape": [
      84,
      84
    ],
    "size": 7056,
    "min": 0.0,
    "max": 15.87371645791165,
    "mean": 7.524154793727242,
    "std": 3.0439353230349053
  }
}