{
  "f0_hash": "a01e8ece0555cfab5fa630ead49e8eda0992508c5742d53b17cf384eb5134659",
  "f1_hash": "4fcd20109335a697593b57f4cdde210eb53425d356f15b3c50287e00986a8e48",
  "f0_stats": {
    "shape": [
      5
    ],
    "size": 5,
    "min": 0.45226278361373506,
    "max": 164.27768580479454,
    "mean": 34.23095476528221,
    "std": 65.03234427695713
  },
  "f1_stats": {
    "shape": [
      15
    ],
    "size": 15,
    "min": 0.010663824146522671,
    "max": 510.8878043646466,
    "mean": 70.55265380310743,
    "std": 162.9898780617695
  }
}