{
  "count": 116,
  "ids_hash": "7a63357c26347a668d984dab5c63c97c7ae3aac600291dc834f4f3dd86626e0f",
  "coords_hash": "a8e74894c14222034d9d7107393ca55178443e02d28b15a4fcf137fc5e316b62",
  "coords_stats": {
    "shape": [
      116,
      3
    ],
    "size": 348,
    "min": 5.276000022888184,
    "max": 91.6520004272461,
    "mean": 37.93858336032122,
    "std": 33.17865543631206
  }
}