{
  "count": 100,
  "ids_hash": "d4a06f56f4906156e02b257dd21cf78d6d32b9393249b8e1f1b614114e78ec3c",
  "coords_hash": "0ff32d2fe5e033e4d08d84aa47335721673ef94a791539d3bd6edccc965b74d2",
  "coords_stats": {
    "shape": [
      100,
      3
    ],
    "size": 300,
    "min": -11.288000106811523,
    "max": 61.887001037597656,
    "mean": 22.84640329172214,
    "std": 24.85247720050878
  }
}