MODEL,PRED_DOCKQ
4OKI_af2m,0.8704299
4OKI,0.31190577
