{
  "f0_hash": "973768d7732ee199884fe66428012eb9e78831ef975a46fee9c356c881ff9c9f",
  "f1_hash": "9f12f84998926c4e389e86648ba47e248a46c6986df0825b83e2487ffce0222d",
  "f0_stats": {
    "shape": [
      5
    ],
    "size": 5,
    "min": 0.6528659087666796,
    "max": 115.29753077531932,
    "mean": 24.89212130597359,
    "std": 45.23946387427257
  },
  "f1_stats": {
    "shape": [
      15
    ],
    "size": 15,
    "min": 0.010160287452415595,
    "max": 322.0724830682068,
    "mean": 45.90835420514054,
    "std": 102.54199975563296
  }
}