{
  "hash": "cfadb7639bbdf259ddfbdc8dfdd020671f532eb4eeab552f55ca04985b4071d7",
  "stats": {
    "shape": [
      101,
      101
    ],
    "size": 10201,
    "min": 0.0,
    "max": 15.481059320763965,
    "mean": 7.807313039470409,
    "std": 2.9961902203412163
  }
}