{
  "hash": "cefb4bcdf606998a5d3ea1afbf13667fa35993828ae355ce87d5dd1e23034d31",
  "stats": {
    "shape": [
      90,
      90
    ],
    "size": 8100,
    "min": 0.0,
    "max": 15.564526546230312,
    "mean": 7.845494950649782,
    "std": 3.0796468606074607
  }
}