MODEL,PRED_DOCKQ
5L9W,0.87844753
5L9W_af2m,0.8711351
