{
  "hash": "4b09a69871a897f6823d9ca08998d21115c31c4bfffa28106765cf847add73d0",
  "stats": {
    "shape": [
      250,
      250
    ],
    "size": 62500,
    "min": 0.0,
    "max": 15.783958550834937,
    "mean": 8.10813406989085,
    "std": 3.0416990940263275
  }
}