{
  "count": 110,
  "ids_hash": "7f7f11c489d008b0db840cb2f302ff3a5a45acf895dc88ffa1c9e32d82bd863f",
  "coords_hash": "2ab218277bf9da053a1b8b112844804a52463281dfb4869521fe94f5b70eb237",
  "coords_stats": {
    "shape": [
      110,
      3
    ],
    "size": 330,
    "min": -2.8570001125335693,
    "max": 94.10399627685547,
    "mean": 36.91396667284496,
    "std": 36.367197918807584
  }
}