{
  "f0_hash": "dfae3eed0ad0439b4cc847e8476ea4ca812b223af97b693e670fb456f278647c",
  "f1_hash": "516ae2959539213cb52584dc58412ebaa33173cc6a99c5c87fea5746b913d363",
  "f0_stats": {
    "shape": [
      5
    ],
    "size": 5,
    "min": 0.5421916216888211,
    "max": 156.7187594089747,
    "mean": 32.70279315113389,
    "std": 62.015227365889665
  },
  "f1_stats": {
    "shape": [
      15
    ],
    "size": 15,
    "min": 0.011460376327804944,
    "max": 388.5490617541057,
    "mean": 53.95638042418567,
    "std": 122.43732925585289
  }
}