{
  "f0_hash": "9f18722d888bb90d630a539bcd39220d1d4f12ed223997f0f0cf6e552e8c22b2",
  "f1_hash": "d008d04dfa0da3bfcf3f9571913b9d7d5ba0d27e739a52d987a5b5d57892f395",
  "f0_stats": {
    "shape": [
      5
    ],
    "size": 5,
    "min": 0.5434381958220464,
    "max": 169.99718622265598,
    "mean": 35.400639768592654,
    "std": 67.30602582509655
  },
  "f1_stats": {
    "shape": [
      15
    ],
    "size": 15,
    "min": 0.013013170132715857,
    "max": 534.1876867873666,
    "mean": 74.29678925116224,
    "std": 169.0763959224388
  }
}