{
  "f0_hash": "7f97ebc18d46699e9f471250f571a3400bd4947f5a077cff2dc0c17a7f10ed3a",
  "f1_hash": "378d7e8dd37bb014fd47b3236c117b86b96b8c8e0e7fa8ef182e235857897bb0",
  "f0_stats": {
    "shape": [
      5
    ],
    "size": 5,
    "min": 0.38487325883842494,
    "max": 165.09311558447394,
    "mean": 34.293956659966355,
    "std": 65.40651707108202
  },
  "f1_stats": {
    "shape": [
      15
    ],
    "size": 15,
    "min": 0.010435193427270395,
    "max": 450.88796064504044,
    "mean": 62.654791093396945,
    "std": 142.28056111267767
  }
}