{
  "f0_hash": "30b4b1b2c31f5b5c69edcdc8b574d984c72b65bed254fba1259fcd4ff22e7306",
  "f1_hash": "e4a5ebfd041c46adfbd0d503c1360f779f10ad9593d057f59a4980d5f66efdbb",
  "f0_stats": {
    "shape": [
      5
    ],
    "size": 5,
    "min": 0.749579577021583,
    "max": 81.23652071653234,
    "mean": 18.087991093151754,
    "std": 31.6213908359424
  },
  "f1_stats": {
    "shape": [
      15
    ],
    "size": 15,
    "min": 0.010055733038141668,
    "max": 219.1023061528161,
    "mean": 32.902982249409334,
    "std": 69.57662157196717
  }
}