MODEL,PRED_DOCKQ
2A8J_af2m,0.86408114
2A8J,0.8224511
