{
  "f0_hash": "ec8a7125b3c3ef34813355380925bd7d47d6d9a812ed27bf4dfe38a8d0fd45f8",
  "f1_hash": "aeb71658f5302d61a25f8bd5c6cd1b47494f79cf62f7acbaaca40878230a4cb3",
  "f0_stats": {
    "shape": [
      5
    ],
    "size": 5,
    "min": 0.5070533157362047,
    "max": 160.09391893875875,
    "mean": 33.40513051003067,
    "std": 63.35290074217907
  },
  "f1_stats": {
    "shape": [
      15
    ],
    "size": 15,
    "min": 0.010649351998678114,
    "max": 426.21562091020775,
    "mean": 58.976112383583875,
    "std": 134.49729937524276
  }
}