{
  "hash": "fdc5a2e2fa7cb780a891ff82fafe69422b9dfca1ad53cc6b2c50b65713d05d71",
  "stats": {
    "shape": [
      100,
      100
    ],
    "size": 10000,
    "min": 0.0,
    "max": 15.464895631738306,
    "mean": 8.087424678942202,
    "std": 3.1475606788107977
  }
}