{
  "hash": "eaadaff5c363cb8ac1ea662e1acdd9d1480e021f09d44b0f7ed8135e1577b786",
  "stats": {
    "shape": [
      50,
      50
    ],
    "size": 2500,
    "min": 0.0,
    "max": 13.266822899722817,
    "mean": 6.269584735845479,
    "std": 2.662867554281621
  }
}