{
  "f0_hash": "4335a8317f81a60ee11767c6f40f12cd4fe4881e943c9f081b5289fd63c6ae81",
  "f1_hash": "6b39b30d2730b64ac6894d7910dbdad0abd1790ce5c228f608efd549b4a157d1",
  "f0_stats": {
    "shape": [
      5
    ],
    "size": 5,
    "min": 0.6976115063011216,
    "max": 111.52810415581483,
    "mean": 23.98795095112974,
    "std": 43.79400461076517
  },
  "f1_stats": {
    "shape": [
      15
    ],
    "size": 15,
    "min": 0.011187555985276099,
    "max": 232.0010349404229,
    "mean": 33.4908270157901,
    "std": 72.68768701298765
  }
}