{
  "count": 69,
  "ids_hash": "e40c58ba9d0cbb298d9f0e0fd5901c0d81e670f4b87a6df6689f82b872d89655",
  "coords_hash": "a17b157f951b1899a2f52aa0da9de13c0f338f3d1dba8a72337ba6c9590fc67a",
  "coords_stats": {
    "shape": [
      69,
      3
    ],
    "size": 207,
    "min": -8.045000076293945,
    "max": 47.194000244140625,
    "mean": 15.34641539166875,
    "std": 17.85349480416216
  }
}