{
  "hash": "cb634ecddfdf38f817b19981e11222e6722f3ad9b03078e4d293db8577cd285c",
  "stats": {
    "shape": [
      96,
      96
    ],
    "size": 9216,
    "min": 0.0,
    "max": 15.571518332277131,
    "mean": 7.964237277175414,
    "std": 3.1106343018573552
  }
}