{
  "count": 51,
  "ids_hash": "8b826e13a6d8e2a54f055335c4d21ad96d2bcd4abd78abb6bedb7a1dd20f5206",
  "coords_hash": "5f53f6b19f4d79ae0cff4c894d403f08fe7514e6e20abfcbeda3c0d9605aca5a",
  "coords_stats": {
    "shape": [
      51,
      3
    ],
    "size": 153,
    "min": -14.602999687194824,
    "max": 16.466999053955078,
    "mean": -0.5866601097038369,
    "std": 9.693311873603106
  }
}