{
  "f0_hash": "25cd6c204ca83d1de385c49e38e4a6dd1f1678a70fafa06c7588ff65c822993e",
  "f1_hash": "4af22f52c846ee120ebe3abdb5beab582ffc4ef47dda1901ea70e9212d1d7605",
  "f0_stats": {
    "shape": [
      5
    ],
    "size": 5,
    "min": 0.506522745108622,
    "max": 161.7357547794244,
    "mean": 33.78792116733773,
    "std": 63.984013130028345
  },
  "f1_stats": {
    "shape": [
      15
    ],
    "size": 15,
    "min": 0.011663254987869465,
    "max": 456.6322269677469,
    "mean": 63.60175549495277,
    "std": 144.217561199357
  }
}