{
  "count": 97,
  "ids_hash": "1e6f6fa86a6b9f4a3dae2142e35cbaee3bf402eb467a50509b6cb3e26b44d41a",
  "coords_hash": "c9ecef4226cc74a99b02df1b968d5ffc618731f32a8b83a14a86705bcc889b1e",
  "coords_stats": {
    "shape": [
      97,
      3
    ],
    "size": 291,
    "min": 6.534999847412109,
    "max": 46.729000091552734,
    "mean": 24.40018206691414,
    "std": 12.614058327103663
  }
}