MODEL,PRED_DOCKQ
4Z1D,0.90699124
4Z1D_af2m,0.6144653
