MODEL,PRED_DOCKQ
3S4K_af2m,0.9084009
3S4K,0.7595566
