{
  "hash": "e69d38b538975caee49ac1107400fc3d795b7ca0d9b4bfccbe25d8ceb3d64bb2",
  "stats": {
    "shape": [
      53,
      53
    ],
    "size": 2809,
    "min": 0.0,
    "max": 14.664811456858809,
    "mean": 6.439552166687075,
    "std": 2.839643768619588
  }
}