{
  "count": 105,
  "ids_hash": "88719a41d4397880dc7048231d29660a09372e23e524be3eebaa93c84f7dbddf",
  "coords_hash": "eb470687420f815a01f3d742b35fc4b053ad194d0171e24ac6e426797d2aeacf",
  "coords_stats": {
    "shape": [
      105,
      3
    ],
    "size": 315,
    "min": -24.239999771118164,
    "max": 41.85499954223633,
    "mean": 0.7955872793046255,
    "std": 23.780013610776624
  }
}