MODEL,PRED_DOCKQ
5YDD_af2m,0.7555088
5YDD,0.57361364
