MODEL,PRED_DOCKQ
6HQ7,0.35664916
6HQ7_af2m,0.20918173
