{
  "count": 74,
  "ids_hash": "3008dfe9b1f1b44d220995e836ca20fdfb0868e9f4b4cb8e97040bb8a689e606",
  "coords_hash": "2386efc940af20bdc3a1c7fcb3eeaa57801bb0df0ad1f819a71875c438a30a27",
  "coords_stats": {
    "shape": [
      74,
      3
    ],
    "size": 222,
    "min": -8.967000007629395,
    "max": 80.69100189208984,
    "mean": 34.171765792879974,
    "std": 32.45628864293341
  }
}