{
  "count": 81,
  "ids_hash": "e09972dfb33b5b17f902f021f038401133804678c5d72066412b0577f780496f",
  "coords_hash": "d360c35dbfc2bd6d1a7f34129ca23bf4eb4c51c515a6bb5a9b617fcf4e40edb0",
  "coords_stats": {
    "shape": [
      81,
      3
    ],
    "size": 243,
    "min": -9.885000228881836,
    "max": 56.229000091552734,
    "mean": 14.5942428109558,
    "std": 24.250839894521864
  }
}