{
  "hash": "3ffbac9be5e00817334d07d4d2dabc92378048c5e4c24e9ed26cf4ae583f7575",
  "stats": {
    "shape": [
      86,
      86
    ],
    "size": 7396,
    "min": 0.0,
    "max": 15.366700915399479,
    "mean": 7.718458841059217,
    "std": 3.0612999721621854
  }
}