{
  "hash": "67bcd4c5006a50ab557c7ede9534ae7e860dc57487907b7b3b2bcd01b9e79894",
  "stats": {
    "shape": [
      142,
      142
    ],
    "size": 20164,
    "min": 0.0,
    "max": 15.597626321865855,
    "mean": 7.448945503259667,
    "std": 2.9817135264592216
  }
}