{
  "hash": "83d16a36633625eae30f4ee3408f506c272f61831416f6c4f2b5324e794ec575",
  "stats": {
    "shape": [
      123,
      123
    ],
    "size": 15129,
    "min": 0.0,
    "max": 15.617458617259356,
    "mean": 8.25361636477644,
    "std": 3.1039992378609234
  }
}