{
  "f0_hash": "8ace01f65f6928eb6f4b336de3a3ef6e33dad81630db643584c8aa39d1f4e80d",
  "f1_hash": "93518a0562b5b2937457359be24a0c26d3cd9c0222e913ae90f58e9fe3ce533f",
  "f0_stats": {
    "shape": [
      5
    ],
    "size": 5,
    "min": 0.5951785449638778,
    "max": 158.402533569255,
    "mean": 33.10660987605711,
    "std": 62.65630987211563
  },
  "f1_stats": {
    "shape": [
      15
    ],
    "size": 15,
    "min": 0.011263395117550257,
    "max": 438.77066899288155,
    "mean": 61.02079930165442,
    "std": 139.77443727362024
  }
}