{
  "f0_hash": "9f96186dda56a7be46dec2881f6a66c6dd9340f1e3e0dba10751f52e6a77c3a1",
  "f1_hash": "d8284865a46d1c88753190c6e48411873dfa25a3bd4ba1daca2dcc2912f05bed",
  "f0_stats": {
    "shape": [
      5
    ],
    "size": 5,
    "min": 0.3992955707137448,
    "max": 81.9906987360046,
    "mean": 17.68569913422467,
    "std": 32.16637631618014
  },
  "f1_stats": {
    "shape": [
      15
    ],
    "size": 15,
    "min": 0.014845662379552316,
    "max": 157.37692456502683,
    "mean": 24.493054799521065,
    "std": 49.39605820748352
  }
}