{
  "count": 109,
  "ids_hash": "71cedf62265b260563c1516a4201bda13fbbc849d51802363aa9890a5b497d36",
  "coords_hash": "e2b4c8d60a07e70a40b7ab6bd18530f8ffc07b76fb8f89222101c3d60f88cf43",
  "coords_stats": {
    "shape": [
      109,
      3
    ],
    "size": 327,
    "min": 2.2179999351501465,
    "max": 48.82400131225586,
    "mean": 25.390840892762583,
    "std": 12.966662084047046
  }
}