{
  "hash": "eb733effe2d04d5f2c2837995e8b8fa6e0ef9b7eb5741cd0bfa803bb915a641b",
  "stats": {
    "shape": [
      117,
      117
    ],
    "size": 13689,
    "min": 0.0,
    "max": 15.4824435711715,
    "mean": 8.2234522754822,
    "std": 3.082402929530863
  }
}