{
  "hash": "3edb52cd11a47a9b09fcf32afbf630d4b97c1e99dc1b650e8d1646f2a717ee24",
  "stats": {
    "shape": [
      95,
      95
    ],
    "size": 9025,
    "min": 0.0,
    "max": 15.493252149148837,
    "mean": 7.677938576282911,
    "std": 2.980683070762343
  }
}