MODEL,PRED_DOCKQ
5D1P_af2m,0.9150848
5D1P,0.84760505
