{
  "count": 144,
  "ids_hash": "c3198b827d30f8e6c9ef5d20ba987301fd4a5dbbfd55593b4e7bea8f84c202a8",
  "coords_hash": "a48a2e8be70f903c44cee144bdf8b2faf0f1bd64a4723bbce9d10e930b160380",
  "coords_stats": {
    "shape": [
      144,
      3
    ],
    "size": 432,
    "min": 1.4049999713897705,
    "max": 17.358999252319336,
    "mean": 8.521486101603067,
    "std": 3.3736983669788616
  }
}