{
  "count": 105,
  "ids_hash": "43b3a944bd42f4e34d6dd99f548adb2fc5ed52d9becc26b648fb1d8ae49adc54",
  "coords_hash": "18fda0be4f0aefb322005426071aef26afddb62794589e899b7f9a9da60a5542",
  "coords_stats": {
    "shape": [
      105,
      3
    ],
    "size": 315,
    "min": -4.36299991607666,
    "max": 92.05799865722656,
    "mean": 38.304545961604234,
    "std": 34.98674702945862
  }
}