{
  "hash": "2c17c1159ee10902e2ff265eb6cb932652cb8f456cc28825104b272c9ea236c3",
  "stats": {
    "shape": [
      90,
      90
    ],
    "size": 8100,
    "min": 0.0,
    "max": 15.278796738540063,
    "mean": 7.36563305793908,
    "std": 2.922711668845448
  }
}