{
  "f0_hash": "b04773da0bb832c586a7d73ab7c12b53d592345f670c2523b97a89c232f7473a",
  "f1_hash": "9f248b19863d3ed8f7895f9f0269ba2aa84eaef3a2c085c99f0d83afe81de27c",
  "f0_stats": {
    "shape": [
      5
    ],
    "size": 5,
    "min": 0.5080476916251404,
    "max": 168.89635591007942,
    "mean": 35.188852725676476,
    "std": 66.86267188854656
  },
  "f1_stats": {
    "shape": [
      15
    ],
    "size": 15,
    "min": 0.010595005608802666,
    "max": 482.2912507156029,
    "mean": 66.9283840226829,
    "std": 153.04854072800242
  }
}