{
  "hash": "bf6ffc761fa7f22f4a3be1f4b352a24569da8934eb4f2ccf4d1b540e45fb5f07",
  "stats": {
    "shape": [
      98,
      98
    ],
    "size": 9604,
    "min": 0.0,
    "max": 15.303366256732794,
    "mean": 7.856354184751105,
    "std": 3.062512712115163
  }
}