{
  "count": 102,
  "ids_hash": "cfa9c58eb022b0d1b2b0a7118b54bcaaa06248b134579fe830a08aa28adee59e",
  "coords_hash": "ef7c5a69b28db75a35c901e9295643352ad629727208082584848217ae1aa8a8",
  "coords_stats": {
    "shape": [
      102,
      3
    ],
    "size": 306,
    "min": -30.54400062561035,
    "max": 42.000999450683594,
    "mean": 9.87071897469315,
    "std": 24.266213021758148
  }
}