MODEL,PRED_DOCKQ
5DD8_af2m,0.75597036
5DD8,0.674699
