{
  "f0_hash": "40f67cc6274a3666180af6487da00dd699b496a22180efda7ca90747b3eb3eda",
  "f1_hash": "555b71ba1bbc0075d9f4967cd42c6c60ee72910ad5f4e41d83df60e857c611b9",
  "f0_stats": {
    "shape": [
      5
    ],
    "size": 5,
    "min": 0.8072493205693357,
    "max": 108.99337254286507,
    "mean": 23.579564411768303,
    "std": 42.735491202448756
  },
  "f1_stats": {
    "shape": [
      15
    ],
    "size": 15,
    "min": 0.010237138096830467,
    "max": 253.25753197861923,
    "mean": 36.895206893945605,
    "std": 80.33317853950504
  }
}