{
  "hash": "9390656d644ed81011a96139efa570e0ea7852d53d7419d213db942403c836d8",
  "stats": {
    "shape": [
      89,
      89
    ],
    "size": 7921,
    "min": 0.0,
    "max": 15.534101740931472,
    "mean": 7.915753630863584,
    "std": 3.111150737218327
  }
}