{
  "count": 91,
  "ids_hash": "5b4214b9b8341532bcffb639e89f444327ef97e0d6785dd0fc1ccd3cc786ad67",
  "coords_hash": "fde862e602bdf7c463c33fcdc94bc40b520227d40ce2b7ff5026dfae89b124b4",
  "coords_stats": {
    "shape": [
      91,
      3
    ],
    "size": 273,
    "min": -31.70199966430664,
    "max": 45.34199905395508,
    "mean": -0.30215384933974715,
    "std": 27.82034621272887
  }
}