{
  "f0_hash": "beb454ca48dfe0b8048276b15e2f24add0595316836336621fb446d68d2a3de6",
  "f1_hash": "dc088f6afb50288d49c0358c8a83f2c436804ebaa32d909ba016155b0f9c64f9",
  "f0_stats": {
    "shape": [
      5
    ],
    "size": 5,
    "min": 0.5467039594111291,
    "max": 166.93669703616433,
    "mean": 34.785103130445464,
    "std": 66.08344735010438
  },
  "f1_stats": {
    "shape": [
      15
    ],
    "size": 15,
    "min": 0.011914606127438443,
    "max": 534.8557981739782,
    "mean": 73.74038129748445,
    "std": 168.68207220795338
  }
}