{
  "count": 115,
  "ids_hash": "910ca6a114458d638adc818fb188c9acd51b569a8c52fdc78e110c1de4a8e8bf",
  "coords_hash": "98e64ebd2236bdf381a6fed9eeafcb46d630fa812e591ffd697805cbf4c3bb70",
  "coords_stats": {
    "shape": [
      115,
      3
    ],
    "size": 345,
    "min": 3.627000093460083,
    "max": 57.08700180053711,
    "mean": 28.29617681088655,
    "std": 16.626300331764373
  }
}