{
  "count": 216,
  "ids_hash": "823c22010bee59a230eff7585f93f42266fff57e546e8bcafb01a82c924183b2",
  "coords_hash": "d723eaf090bc728fb2fd04cfa83e94930ec8ecc518679634fca6e5cb3272fdfe",
  "coords_stats": {
    "shape": [
      216,
      3
    ],
    "size": 648,
    "min": -21.530000686645508,
    "max": 5.881999969482422,
    "mean": -7.891248460025469,
    "std": 6.278293693377375
  }
}