{
  "hash": "f444fef26ceee6664af3d2027aa27e482cf5300d10573acae6d90c2b6fc8078a",
  "stats": {
    "shape": [
      75,
      75
    ],
    "size": 5625,
    "min": 0.0,
    "max": 15.327712997666444,
    "mean": 7.026082553724531,
    "std": 2.9232405038053786
  }
}