MODEL,PRED_DOCKQ
3L2O,0.7629072
3L2O_af2m,0.39726856
