MODEL,PRED_DOCKQ
5IJ7_af2m,0.06895694
5IJ7,0.00013812614
