MODEL,PRED_DOCKQ
1VH5_af2m,0.8362205
1VH5,0.5690031
