MODEL,PRED_DOCKQ
5NFO_af2m,0.83595103
5NFO,0.8322456
