{
  "count": 93,
  "ids_hash": "799d8387f3f50bb2abaa94984c6bab0808c08d7012d6bde2c3021a7da1e704ce",
  "coords_hash": "ff3e619760e96b8ce673459a9b62512498c8dfec88c8d8cc2d203e1c5414be6f",
  "coords_stats": {
    "shape": [
      93,
      3
    ],
    "size": 279,
    "min": -22.29400062561035,
    "max": 36.18000030517578,
    "mean": 9.493286727577127,
    "std": 17.93749245681276
  }
}