{
  "count": 84,
  "ids_hash": "3444c2973cc87e80b4245b2c044e2b9f61d3c26c489aa0802b9ba06dca20b3df",
  "coords_hash": "5f36648751f8aaa697ed1aa39e8c0f5f69ac7b0669b423910d10df85d86c0114",
  "coords_stats": {
    "shape": [
      84,
      3
    ],
    "size": 252,
    "min": -19.94700050354004,
    "max": 34.053001403808594,
    "mean": 9.016269869274563,
    "std": 16.712146917751127
  }
}