MODEL,PRED_DOCKQ
6L6G,0.8354424
6L6G_af2m,0.68857265
