{
  "hash": "236240887aee22086a39b2dc9a3d523afa5fa27a19457a5b9d073aa160fdf7aa",
  "stats": {
    "shape": [
      126,
      126
    ],
    "size": 15876,
    "min": 0.0,
    "max": 15.655917773774318,
    "mean": 8.100346109883663,
    "std": 3.088032834994319
  }
}