MODEL,PRED_DOCKQ
2B81_af2m,0.91777354
2B81,0.8978003
