{
  "hash": "3ccd4f9991d0175537de03c97b446b2e26693adaf47541bb26f4cb4b98a90856",
  "stats": {
    "shape": [
      117,
      117
    ],
    "size": 13689,
    "min": 0.0,
    "max": 15.681901522295778,
    "mean": 8.11701085423766,
    "std": 3.0560630380564358
  }
}