{
  "f0_hash": "4621e90c1a1336a2dc3b55eb0c7c783eeff3d6fd1357c1540a4fb28108a3eb4a",
  "f1_hash": "8a1f87aed39ed6c54784271eadf1b3e8799df9a044359af4809f09c5320ae51c",
  "f0_stats": {
    "shape": [
      5
    ],
    "size": 5,
    "min": 0.31521076818582494,
    "max": 243.14166605022177,
    "mean": 49.66708364274118,
    "std": 96.7425767576366
  },
  "f1_stats": {
    "shape": [
      15
    ],
    "size": 15,
    "min": 0.010083711461726708,
    "max": 470.5984178245347,
    "mean": 64.37049081299426,
    "std": 145.92069779394177
  }
}