MODEL,PRED_DOCKQ
1UW4_af2m,0.8643829
1UW4,0.8608448
