{
  "hash": "c0378618df11ede75528ff8254d7851a9c7107d729de6b4cfc416709f43c8f8d",
  "stats": {
    "shape": [
      121,
      121
    ],
    "size": 14641,
    "min": 0.0,
    "max": 15.90197280248669,
    "mean": 8.176830453803257,
    "std": 3.0911493185475525
  }
}