{
  "f0_hash": "39cb5069eaf9ba762332306d71fb816d2f5b734cdd3b42b34cfeaa0c5a5fbf09",
  "f1_hash": "31380d2f0803e1db7e2c55be25a35f4461f0aafee6f46fa874bbbfb65239d70c",
  "f0_stats": {
    "shape": [
      5
    ],
    "size": 5,
    "min": 0.4258717823292852,
    "max": 149.1820984004808,
    "mean": 31.160292744941625,
    "std": 59.01905050557532
  },
  "f1_stats": {
    "shape": [
      15
    ],
    "size": 15,
    "min": 0.01067089786358899,
    "max": 399.9554385395134,
    "mean": 55.66817490816688,
    "std": 126.96117164931995
  }
}