{
  "count": 77,
  "ids_hash": "06d34aae69bc5d08b4e245a1867abbcdd2391477b3f504e7e10aa4b1a9117d78",
  "coords_hash": "aa654f06f5bde0e90b64347fcca746eb328ed6620f942ed5d60506312203612e",
  "coords_stats": {
    "shape": [
      77,
      3
    ],
    "size": 231,
    "min": -21.388999938964844,
    "max": 31.340999603271484,
    "mean": 8.6800043428099,
    "std": 17.46240480848082
  }
}