{
  "count": 90,
  "ids_hash": "07df56f6dca8f01de7c60026e4a9899806056904d8e86210a077dfc1c813b370",
  "coords_hash": "74f8e801fad845060ca8a61b7fa77db595b1be3fdd175bd3e145782fb7f733fe",
  "coords_stats": {
    "shape": [
      90,
      3
    ],
    "size": 270,
    "min": 20.365999221801758,
    "max": 45.87099838256836,
    "mean": 33.922781513355396,
    "std": 5.853726371344342
  }
}