MODEL,PRED_DOCKQ
3LVK_af2m,0.82051706
3LVK,0.009497342
