{
  "f0_hash": "c172cb7b2a395ce43387c5dcecd4ce2b5f28128dc6ecf9e324c31ed5e35e92e1",
  "f1_hash": "50a41061a980aadd98c24214a6cb5905c69d6f49dfaf7a0d47c4752488d67089",
  "f0_stats": {
    "shape": [
      5
    ],
    "size": 5,
    "min": 0.426001703918184,
    "max": 141.74069634392143,
    "mean": 29.675617586965842,
    "std": 56.041371013811755
  },
  "f1_stats": {
    "shape": [
      15
    ],
    "size": 15,
    "min": 0.012607461259195318,
    "max": 271.2572259510794,
    "mean": 38.026142488249484,
    "std": 84.81611683496192
  }
}