MODEL,PRED_DOCKQ
3G80_af2m,0.88853675
3G80,0.77910185
