{
  "f0_hash": "094a69b45bf327d06d48eb27fc933657fdd35c7eb632dabff70c92e120f67ee7",
  "f1_hash": "10e741cbebe3e4235c00c032ce87a6efbf2cb3bc824f2aa5e38a137d7bd2b4c8",
  "f0_stats": {
    "shape": [
      5
    ],
    "size": 5,
    "min": 0.4623071101356735,
    "max": 152.84883158984343,
    "mean": 31.946135404947235,
    "std": 60.4605805442675
  },
  "f1_stats": {
    "shape": [
      15
    ],
    "size": 15,
    "min": 0.010255120230472592,
    "max": 416.64026460871173,
    "mean": 58.70039730703814,
    "std": 132.08946021225887
  }
}