{
  "hash": "5b9e4277446e56e48c181262bb9874c5d6030aff60515f06492f3a959a6e8a5d",
  "stats": {
    "shape": [
      114,
      114
    ],
    "size": 12996,
    "min": 0.0,
    "max": 15.781977512661404,
    "mean": 8.181560454275663,
    "std": 3.1165822012276347
  }
}