{
  "hash": "6e6ad65d1c05ffc019398aceafdfe6c5fd199cb3a9df6a220e479a9607e93bfd",
  "stats": {
    "shape": [
      98,
      98
    ],
    "size": 9604,
    "min": 0.0,
    "max": 15.388683419730217,
    "mean": 7.726976017259426,
    "std": 3.033840104779968
  }
}