MODEL,PRED_DOCKQ
6AQE,0.84841585
6AQE_af2m,0.35734802
