{
  "hash": "5b8104ddb048294f6e5fec67e9e19a56f0ba082b0a6633270700d946de873ba1",
  "stats": {
    "shape": [
      104,
      104
    ],
    "size": 10816,
    "min": 0.0,
    "max": 15.442627285761043,
    "mean": 7.816937255229648,
    "std": 3.0305037696305446
  }
}