{
  "count": 96,
  "ids_hash": "801159e29fcd24d8984bd4fcc83f6210c5fb439a10616710fa3c15eee96e3986",
  "coords_hash": "328193f77267658133a86fcfdfe68a9ab4b1314c6db0c7601ec2e190b3449c45",
  "coords_stats": {
    "shape": [
      96,
      3
    ],
    "size": 288,
    "min": -19.413999557495117,
    "max": 27.02199935913086,
    "mean": 8.315916688905823,
    "std": 15.13258408268072
  }
}