{
  "hash": "cfd0d855ce30a3f3fe69ce9d50774c5e74aad26a6167ccdc51c4fb0b4e7a1cf0",
  "stats": {
    "shape": [
      98,
      98
    ],
    "size": 9604,
    "min": 0.0,
    "max": 15.37379091549194,
    "mean": 8.05371207253311,
    "std": 3.140244710401969
  }
}