{
  "hash": "9e7b0187a1d95a6491369c1c991f19cb71354b78c3f2b044ed515fc3c5408557",
  "stats": {
    "shape": [
      109,
      109
    ],
    "size": 11881,
    "min": 0.0,
    "max": 15.550039483696489,
    "mean": 7.888566681276909,
    "std": 3.013956774783862
  }
}