{
  "hash": "6e595a7c386a1ac8030dcff037adc327c7018181854cfcd9bffb820a4669b20b",
  "stats": {
    "shape": [
      115,
      115
    ],
    "size": 13225,
    "min": 0.0,
    "max": 15.578583355807982,
    "mean": 7.887149521691649,
    "std": 2.982584209391717
  }
}