{
  "hash": "cee7c4bb4529ab1ce242f4318e071e467d306eed01ca64d1ca2881f48695e082",
  "stats": {
    "shape": [
      84,
      84
    ],
    "size": 7056,
    "min": 0.0,
    "max": 15.532475634823642,
    "mean": 7.906066825593305,
    "std": 3.2008231688771134
  }
}