{
  "f0_hash": "2d39bb6dfe258cd1685bed8776dece7dd3923b7561587022c5b5d9a0eb5189f6",
  "f1_hash": "9d61fed8a791e46c0f76527e4a4e7adf401b9d1f8c7fbbd72448c79e425e6585",
  "f0_stats": {
    "shape": [
      5
    ],
    "size": 5,
    "min": 0.5152230021471422,
    "max": 180.4131638408836,
    "mean": 37.525541082914046,
    "std": 71.4528278360067
  },
  "f1_stats": {
    "shape": [
      15
    ],
    "size": 15,
    "min": 0.010770152223482654,
    "max": 658.757262340138,
    "mean": 90.50056722158565,
    "std": 210.35907141811663
  }
}