{
  "hash": "6d4bc128d5e69cd0fd0a689aee22c3b9bd8bfd10e26cbfdd12e91b6f70488bed",
  "stats": {
    "shape": [
      85,
      85
    ],
    "size": 7225,
    "min": 0.0,
    "max": 15.422294774768677,
    "mean": 7.4415679871169615,
    "std": 3.0195684826088396
  }
}