{
  "f0_hash": "0f2dc2979d5f598384776568513a61aaa402d516639a848b44425af86b749eb1",
  "f1_hash": "2a13831c653648db401f2779008f236e159f52b55ce39842618ef42b2337c55d",
  "f0_stats": {
    "shape": [
      5
    ],
    "size": 5,
    "min": 0.3283045318393786,
    "max": 123.1915355838853,
    "mean": 25.9011336447077,
    "std": 48.65479991548048
  },
  "f1_stats": {
    "shape": [
      15
    ],
    "size": 15,
    "min": 0.011238074159382716,
    "max": 260.6555333717906,
    "mean": 36.9011047691766,
    "std": 81.55185862487023
  }
}