MODEL,PRED_DOCKQ
6G96,0.8703236
6G96_af2m,0.27259195
