{
  "count": 51,
  "ids_hash": "38fb05f363bf3b1775fcd3fde87d85f845a74685dc41e34a23e0ac629d32a290",
  "coords_hash": "baa8a8e3f6b3ca37f920cbb1e589327d17795ffe47d016a44a9aafa186a7eab0",
  "coords_stats": {
    "shape": [
      51,
      3
    ],
    "size": 153,
    "min": -3.813999891281128,
    "max": 83.50800323486328,
    "mean": 30.984993405061854,
    "std": 33.1562372754483
  }
}