{
  "f0_hash": "2b1b4a2e39f3018b4d3bbf39ea5b5d1b07131102bc6582ba1a1e9b085429de5c",
  "f1_hash": "fa03b10657ba3d105c8b10303011ac0f12eecfc29400e89a8773ae41ee0ca975",
  "f0_stats": {
    "shape": [
      5
    ],
    "size": 5,
    "min": 0.5577945115237217,
    "max": 147.71199552889055,
    "mean": 30.931065970607307,
    "std": 58.40470463865416
  },
  "f1_stats": {
    "shape": [
      15
    ],
    "size": 15,
    "min": 0.011083322719844135,
    "max": 397.65928081338916,
    "mean": 55.343855679274625,
    "std": 125.8295510291196
  }
}