{
  "f0_hash": "8b2870e356c7645552c62ea00447a1feffa049a91168f709d08d09fdeb79c197",
  "f1_hash": "0f6f1e2896b820b1fb57c442a2f34988666df869dff51bd2b3b2078dc28d5da0",
  "f0_stats": {
    "shape": [
      5
    ],
    "size": 5,
    "min": 0.5554826371867227,
    "max": 158.25987749806472,
    "mean": 33.18785956994558,
    "std": 62.54880654803857
  },
  "f1_stats": {
    "shape": [
      15
    ],
    "size": 15,
    "min": 0.010099313615110184,
    "max": 487.7869956747456,
    "mean": 68.64767454987756,
    "std": 155.44956294205855
  }
}