MODEL,PRED_DOCKQ
6NO6_af2m,0.7728114
6NO6,0.6429952
