{
  "hash": "4d2a5d6dcd14204da641eeadcbba96f6a234c09c02101ee5d0a797d7f67369af",
  "stats": {
    "shape": [
      54,
      54
    ],
    "size": 2916,
    "min": 0.0,
    "max": 13.147521279863367,
    "mean": 6.332952624759109,
    "std": 2.664060856186679
  }
}