{
  "f0_hash": "f47c7c9ac9922d8ddb653b1d5a3f068292c73866413a5d79a6b3d6f00bdbb0cb",
  "f1_hash": "c2d44e551b0638ff02b8de7149dbfbf20c20634ef2dfe06ca77888e88a28ef62",
  "f0_stats": {
    "shape": [
      5
    ],
    "size": 5,
    "min": 0.44968272698743755,
    "max": 166.1203324109132,
    "mean": 34.43409283765087,
    "std": 65.85235049122316
  },
  "f1_stats": {
    "shape": [
      15
    ],
    "size": 15,
    "min": 0.01055057228076528,
    "max": 547.845705164632,
    "mean": 75.35940876858243,
    "std": 174.48775247963147
  }
}