{
  "count": 107,
  "ids_hash": "e1df40f55316388dd377d96152576faf0ba1beb9e1a0490e1e39b9a272236e2f",
  "coords_hash": "e91c20e0352877465a43b5ebcb012f5667b3e2ac63842a3cad6f25c61e7557dc",
  "coords_stats": {
    "shape": [
      107,
      3
    ],
    "size": 321,
    "min": -33.57400131225586,
    "max": 64.7699966430664,
    "mean": 6.033704013467949,
    "std": 36.58420724177743
  }
}