{
  "f0_hash": "ea6471bb81b4788ebaf4c4ec797447feb003d6028bef46d5431092e648cf8a10",
  "f1_hash": "5a0156e3a2080f0354f730bc47b69457150a2ec2ff66bfc0ce758231c123a60d",
  "f0_stats": {
    "shape": [
      5
    ],
    "size": 5,
    "min": 0.41698021585974193,
    "max": 133.80919309518796,
    "mean": 28.08266020024093,
    "std": 52.872518657231865
  },
  "f1_stats": {
    "shape": [
      15
    ],
    "size": 15,
    "min": 0.011533157523761162,
    "max": 329.17317135228177,
    "mean": 47.052838202406114,
    "std": 104.56105514196105
  }
}