{
  "hash": "a8a4b5a751311dddc3b049c38c5892fec45c4d34f91ffd45134222f8705d5620",
  "stats": {
    "shape": [
      85,
      85
    ],
    "size": 7225,
    "min": 0.0,
    "max": 15.207222625163313,
    "mean": 7.012753804722546,
    "std": 2.8362457954408686
  }
}