{
  "count": 96,
  "ids_hash": "e996ef82aab2864be109625cd9bf6c820f0f5d5b41d9124861cd616f018810e4",
  "coords_hash": "2f0d5a8761a6f863742453d0495370feb99ee553406c4f51e68b769b4a5a2a9b",
  "coords_stats": {
    "shape": [
      96,
      3
    ],
    "size": 288,
    "min": -57.582000732421875,
    "max": 27.636999130249023,
    "mean": -14.86481942070855,
    "std": 29.716231829480602
  }
}