MODEL,PRED_DOCKQ
1HCI_af2m,0.5886222
1HCI,0.035223465
