{
  "f0_hash": "34cd9780861cc0c585efa717f116cbb1992b13260387aa9b5da8e00722e62e0f",
  "f1_hash": "6c2f95ce7154ec173f704b6aed78b1a6f1561625800416970e1c21472e7a8c64",
  "f0_stats": {
    "shape": [
      5
    ],
    "size": 5,
    "min": 0.5004412374594471,
    "max": 139.8287883783404,
    "mean": 29.371046902404988,
    "std": 55.23920940805016
  },
  "f1_stats": {
    "shape": [
      15
    ],
    "size": 15,
    "min": 0.011640896603740458,
    "max": 362.9461260647814,
    "mean": 51.12932664408299,
    "std": 115.08365532859963
  }
}