{
  "hash": "28157335eaf3ecc12fa47bdb8829154a462daf47935545d881f797bc4fa5612c",
  "stats": {
    "shape": [
      58,
      58
    ],
    "size": 3364,
    "min": 0.0,
    "max": 13.709934036375344,
    "mean": 6.161908537053793,
    "std": 2.5241466559299313
  }
}