{
  "count": 91,
  "ids_hash": "c91db354b1d950570e2e4f36208e66c63d80c204fe8142ed4b238bae7f80de7e",
  "coords_hash": "21c56b8307daf7036d8e7618ccab7bca3544ce7a6d72f5df9b156dde23b54b23",
  "coords_stats": {
    "shape": [
      91,
      3
    ],
    "size": 273,
    "min": -6.416999816894531,
    "max": 48.327999114990234,
    "mean": 18.014794821189138,
    "std": 17.807660083404933
  }
}