{
  "hash": "797712eebf3cbef494feec35d6c30ad48a051b1ff3bb5e8c42263b5f4533791a",
  "stats": {
    "shape": [
      53,
      53
    ],
    "size": 2809,
    "min": 0.0,
    "max": 14.308549408345224,
    "mean": 6.903502570886726,
    "std": 2.930591869186729
  }
}