{
  "hash": "fba43ee558ab76541f2c83b80f9a8d0b70cd4024e073320f06288b87795e1aaa",
  "stats": {
    "shape": [
      92,
      92
    ],
    "size": 8464,
    "min": 0.0,
    "max": 15.627800815865443,
    "mean": 7.846521613733212,
    "std": 3.061425786953378
  }
}