{
  "hash": "899d6e252844bfd721825e74c6593bc9219a284516cc1f872ab8b7ab336fc92d",
  "stats": {
    "shape": [
      89,
      89
    ],
    "size": 7921,
    "min": 0.0,
    "max": 15.484738755349143,
    "mean": 7.656578747776929,
    "std": 3.0526642313811725
  }
}