{
  "hash": "4c7714c3c641609bc566346149aca4e511d01b9f58448dbb5a735371c6dd0f33",
  "stats": {
    "shape": [
      110,
      110
    ],
    "size": 12100,
    "min": 0.0,
    "max": 15.72851752506832,
    "mean": 8.071456152262423,
    "std": 3.060758627945041
  }
}