MODEL,PRED_DOCKQ
4UTU_af2m,0.91465575
4UTU,0.89428556
