{
  "count": 93,
  "ids_hash": "31dd11fed0e88bc722487b1415c6b21920de9ef0cda25a76b6bc103febaaf984",
  "coords_hash": "56ed01024295dae019fe3da12385b0c75a6a2dbfae4f19231a16baf1077e5404",
  "coords_stats": {
    "shape": [
      93,
      3
    ],
    "size": 279,
    "min": -11.114999771118164,
    "max": 12.036999702453613,
    "mean": 1.5488638011705278,
    "std": 4.983885654837867
  }
}