{
  "hash": "c09a9d9837012e9df94e6a3474dbb8b406485e7172f8b3b5f8954402e8b4b4a9",
  "stats": {
    "shape": [
      81,
      81
    ],
    "size": 6561,
    "min": 0.0,
    "max": 15.219969888354314,
    "mean": 7.230577134005074,
    "std": 2.9788126107279704
  }
}