MODEL,PRED_DOCKQ
4KR5_af2m,0.04417112
4KR5,0.0075184866
