{
  "count": 60,
  "ids_hash": "b740e9a9251006fdba195a25c1a4d2c80198b1cee976c29693873963751d8643",
  "coords_hash": "d189aec087e4cd744e2310bc49208e80bc9400ec5239d5b5c9d117a382d26e05",
  "coords_stats": {
    "shape": [
      60,
      3
    ],
    "size": 180,
    "min": -21.79199981689453,
    "max": 53.4739990234375,
    "mean": 10.340761116623051,
    "std": 26.056839185852635
  }
}