MODEL,PRED_DOCKQ
1G8E_af2m,0.7664129
1G8E,0.7120031
