MODEL,PRED_DOCKQ
1PN2_af2m,0.8619706
1PN2,0.85412383
