{
  "count": 100,
  "ids_hash": "46134ff03337f4db1a836bd1e5536096bcc3da168b7de05e9718eaae1ff43a88",
  "coords_hash": "115af256bbbf98e9fc0afa38a1966c66712083b0e007a60eac0a72eb09362365",
  "coords_stats": {
    "shape": [
      100,
      3
    ],
    "size": 300,
    "min": -19.444000244140625,
    "max": 13.347999572753906,
    "mean": -0.7468900206933419,
    "std": 8.761193600343567
  }
}