{
  "hash": "cb4e7341f49fa11009cc2a37df8233afe75b4370a1d1fab6aaec3fa1b338df40",
  "stats": {
    "shape": [
      81,
      81
    ],
    "size": 6561,
    "min": 0.0,
    "max": 15.779759677623424,
    "mean": 7.33297937388385,
    "std": 2.974144872953042
  }
}