{
  "count": 155,
  "ids_hash": "0df52e56799daf89d2deb837b2b5f70078e8a460fc00fbb2c75539f1fbc321e4",
  "coords_hash": "c53accb16ddc0029a7f3f39b80a606d076323321e03f36658f1bc41c42a064bc",
  "coords_stats": {
    "shape": [
      155,
      3
    ],
    "size": 465,
    "min": -12.074000358581543,
    "max": 25.891000747680664,
    "mean": 4.5368086039359055,
    "std": 10.866982547884096
  }
}