MODEL,PRED_DOCKQ
3OHE_af2m,0.90249383
3OHE,0.8800328
