{
  "hash": "38860a04a2dc7168536a0f9de1d0799d216fbaf2d06bb339e162151bd7bc01d4",
  "stats": {
    "shape": [
      115,
      115
    ],
    "size": 13225,
    "min": 0.0,
    "max": 15.816841771116964,
    "mean": 8.042184202677147,
    "std": 3.0396304617062615
  }
}