MODEL,PRED_DOCKQ
3SGJ_af2m,0.06607602
3SGJ,0.0020719022
