{
  "hash": "40b278a4acbe24b5d4b919c8d80cd335953a22341e4810e5b8684669f9388e01",
  "stats": {
    "shape": [
      98,
      98
    ],
    "size": 9604,
    "min": 0.0,
    "max": 15.406976642725418,
    "mean": 7.758832444443124,
    "std": 3.0315248555384247
  }
}