{
  "count": 109,
  "ids_hash": "891f62e07232f1030513581d17251da3108f0a61ffb71665d90233ffc07bf4e6",
  "coords_hash": "00fd392c28271112512e51cfa70fd77e75bdaf26cae9f02832ce535c00e5f7cc",
  "coords_stats": {
    "shape": [
      109,
      3
    ],
    "size": 327,
    "min": 2.759999990463257,
    "max": 89.89199829101562,
    "mean": 39.37544338272981,
    "std": 31.81331228263518
  }
}