{
  "hash": "b90cced19dc47235de69df019da518c654d0c09f08d3de5fc70d149e6fe67f7e",
  "stats": {
    "shape": [
      91,
      91
    ],
    "size": 8281,
    "min": 0.0,
    "max": 15.446100214143067,
    "mean": 7.867609666757568,
    "std": 3.1518012107411524
  }
}