{
  "f0_hash": "46c523e740053d2b1ed70f7f58e829d4840f3de3de54869de56cdd93d3834ce1",
  "f1_hash": "953cb815bc516e147036aa760eed3723517b96587e0d3125e67a54416ccc4e9a",
  "f0_stats": {
    "shape": [
      5
    ],
    "size": 5,
    "min": 0.49096836339405586,
    "max": 140.6437128486057,
    "mean": 29.58563578442466,
    "std": 55.54203567953623
  },
  "f1_stats": {
    "shape": [
      15
    ],
    "size": 15,
    "min": 0.011424373890116968,
    "max": 332.02487312731796,
    "mean": 46.22325370861121,
    "std": 104.97590350582986
  }
}