{
  "f0_hash": "bac388a06df8c7ad599ce559165bc1cadfd31b822a88dfb6f8eb4cc45eb7a9ac",
  "f1_hash": "aafdd7b8e1c5adf07f4c30395127ae3ac77c5e26f5eb07d1fc0e85a9d1d52dbd",
  "f0_stats": {
    "shape": [
      5
    ],
    "size": 5,
    "min": 0.6683697952489043,
    "max": 100.22018210356252,
    "mean": 21.647561634588207,
    "std": 39.30795228440759
  },
  "f1_stats": {
    "shape": [
      15
    ],
    "size": 15,
    "min": 0.01067264202294993,
    "max": 210.62909598109164,
    "mean": 31.86698252658068,
    "std": 66.4644216534387
  }
}