{
  "f0_hash": "4cd3b0a3b50b9a44b07a2f1ade4f0b7f716ad26b9d936a93d9c480068cb5998b",
  "f1_hash": "0fb33ad80624c8164118d49d90a4f9518434af2e013b816c900602cf479fc29d",
  "f0_stats": {
    "shape": [
      5
    ],
    "size": 5,
    "min": 0.37009034718112377,
    "max": 119.65981559218866,
    "mean": 25.120371906600617,
    "std": 47.27624760658706
  },
  "f1_stats": {
    "shape": [
      15
    ],
    "size": 15,
    "min": 0.010802492646302397,
    "max": 218.80358586369763,
    "mean": 31.814735545767064,
    "std": 68.27913998272452
  }
}