MODEL,PRED_DOCKQ
5XZT_af2m,0.87822723
5XZT,0.8622591
