{
  "count": 73,
  "ids_hash": "1d21656f6afe99628574ede26593e3a904e12c1b68b155e0632f315a5f4c8235",
  "coords_hash": "de87145f1a3164384c67735d6129b278b91a1fe22e58d4e3a2a255c6265e26a0",
  "coords_stats": {
    "shape": [
      73,
      3
    ],
    "size": 219,
    "min": -2.4809999465942383,
    "max": 70.16500091552734,
    "mean": 31.484324457353516,
    "std": 24.621081948673385
  }
}