{
  "hash": "9971934795e8f4e6f095e354392c71e8dbe83e1fccce56813a988194a0a7ec43",
  "stats": {
    "shape": [
      110,
      110
    ],
    "size": 12100,
    "min": 0.0,
    "max": 15.653679727950966,
    "mean": 7.893321994624665,
    "std": 3.0022713802094674
  }
}