MODEL,PRED_DOCKQ
1UI5,0.688082
1UI5_af2m,0.039715286
