MODEL,PRED_DOCKQ
2YVE_af2m,0.8337951
2YVE,0.78434944
