{
  "count": 100,
  "ids_hash": "0fb95c1a458c33028a1dfa8a3cd6a103617374430ed5b7e72b0c5d83d4ef2d45",
  "coords_hash": "dc53f34414142bfad1a27f5fd3a95c66173b4bf410936796ad752cb62d3ba663",
  "coords_stats": {
    "shape": [
      100,
      3
    ],
    "size": 300,
    "min": -5.118000030517578,
    "max": 28.149999618530273,
    "mean": 12.927829991628727,
    "std": 8.810157971157187
  }
}