{
  "hash": "d02ec8287cdf5d3c7cb38c19e4102b3e01456ffb8d128ce7ff2f0945b6b6a933",
  "stats": {
    "shape": [
      113,
      113
    ],
    "size": 12769,
    "min": 0.0,
    "max": 15.617430869872303,
    "mean": 8.211031141181003,
    "std": 3.1135112366676285
  }
}