{
  "hash": "2fe131f4dea3f881776d2c72c2d17d2d994ee35cd87c3a0c001b148329eeba4f",
  "stats": {
    "shape": [
      112,
      112
    ],
    "size": 12544,
    "min": 0.0,
    "max": 15.531801450501694,
    "mean": 8.07909137244289,
    "std": 3.0427727556919115
  }
}