MODEL,PRED_DOCKQ
3IJ6_af2m,0.8924811
3IJ6,0.87717235
