{
  "count": 80,
  "ids_hash": "fde1d089779b686153f398499423bbd3c99e58b3e79a823c4d2a4e0342b61775",
  "coords_hash": "c5e5a27dfb13e1bd796288d6150743f6322597ac259e7ad3da743027d24bbccb",
  "coords_stats": {
    "shape": [
      80,
      3
    ],
    "size": 240,
    "min": -12.630999565124512,
    "max": 95.01399993896484,
    "mean": 32.37755427993834,
    "std": 40.322386951614156
  }
}