MODEL,PRED_DOCKQ
1HE1_af2m,0.85111207
1HE1,0.69225824
