{
  "f0_hash": "ddcd5a4424a687b6bee98491ab14f3a1a63fc3132858359496f0b0465164b903",
  "f1_hash": "f62d3b226290ecc2d740690bba6b65e1bb1afcaf972cc688ec9ae98d222fb51e",
  "f0_stats": {
    "shape": [
      5
    ],
    "size": 5,
    "min": 0.5232466247054393,
    "max": 171.65239542503073,
    "mean": 35.735317517323345,
    "std": 67.9667474130866
  },
  "f1_stats": {
    "shape": [
      15
    ],
    "size": 15,
    "min": 0.0119296228122856,
    "max": 536.3537617047782,
    "mean": 74.70562229050523,
    "std": 169.66312896650356
  }
}