{
  "count": 116,
  "ids_hash": "dfa09547e3e8b708bfa12c99bfeac44d6aa28044b9958a15ea801dc553fa5526",
  "coords_hash": "eb2914615d112755cb32667d9b7bd820e279f469c0be60c94beb2fc8982bbea8",
  "coords_stats": {
    "shape": [
      116,
      3
    ],
    "size": 348,
    "min": -20.02400016784668,
    "max": 51.74700164794922,
    "mean": 16.17463792329547,
    "std": 23.348468829854074
  }
}