{
  "hash": "29271f4b84b73f9c15ec1d8be8331941b04c26eb3b62ef7ca36082e7fb4d08d0",
  "stats": {
    "shape": [
      69,
      69
    ],
    "size": 4761,
    "min": 0.0,
    "max": 14.932833221514038,
    "mean": 7.288222515171999,
    "std": 3.0727170933279244
  }
}