{
  "hash": "b48f67fdf46de9febe6891046442a830fb59301dd8696fd4bbc0d55b30048f1e",
  "stats": {
    "shape": [
      69,
      69
    ],
    "size": 4761,
    "min": 0.0,
    "max": 15.337271184588898,
    "mean": 7.235549528067346,
    "std": 3.0306135438229895
  }
}