{
  "hash": "2c8b7d26845d2144457029e51b23772126571d7ddd8c03592caaa750e15b4da5",
  "stats": {
    "shape": [
      75,
      75
    ],
    "size": 5625,
    "min": 0.0,
    "max": 15.12480258593516,
    "mean": 7.330967921721136,
    "std": 2.980616761065821
  }
}