{
  "count": 78,
  "ids_hash": "d9fd806160ce83a11696a9e0478104de5be16126cca1187135ce10f80f591ee5",
  "coords_hash": "e1194c9454882277f56bf76231157dea59f3202ba59dcf98b89815a4d8423aea",
  "coords_stats": {
    "shape": [
      78,
      3
    ],
    "size": 234,
    "min": -30.72599983215332,
    "max": 62.18199920654297,
    "mean": 22.22685048519037,
    "std": 34.094403817720135
  }
}