{
  "hash": "6453d486130fa434102e96ae6d4c4756d66356ba8ac006a775c0069b9b9c5837",
  "stats": {
    "shape": [
      83,
      83
    ],
    "size": 6889,
    "min": 0.0,
    "max": 15.47673058869141,
    "mean": 7.446055938545146,
    "std": 3.0530400761205043
  }
}