{
  "hash": "2bcdc0d05b3f56abd363cab27640805d33fa0e52130b547c4fbad77efca235f5",
  "stats": {
    "shape": [
      61,
      61
    ],
    "size": 3721,
    "min": 0.0,
    "max": 15.555340879215686,
    "mean": 6.633505511596386,
    "std": 2.7931531949561683
  }
}