MODEL,PRED_DOCKQ
3DSB,0.76734024
3DSB_af2m,0.057059735
