{
  "f0_hash": "b7b77ff7736ffa437ad73910115f89bd0e817f229ab9a6fd464224d0550b3b7d",
  "f1_hash": "8ae82f38fa05c59849ed488856b6809985e64b0aa39774319f7ef02ee014f524",
  "f0_stats": {
    "shape": [
      5
    ],
    "size": 5,
    "min": 0.6324896309856165,
    "max": 124.3682973584968,
    "mean": 26.29268537232084,
    "std": 49.04771172048757
  },
  "f1_stats": {
    "shape": [
      15
    ],
    "size": 15,
    "min": 0.01380756986942,
    "max": 335.54020662643416,
    "mean": 47.674026771689405,
    "std": 106.26396114997048
  }
}