{
  "count": 108,
  "ids_hash": "f467d27572fe20046da71aec61f7bb49b87afcb2ab665525ab7a6badc43b8fe2",
  "coords_hash": "2e6614455142bd7a09f8a593a6518058ad6a59a5acb5e7932bac26056c9c5b65",
  "coords_stats": {
    "shape": [
      108,
      3
    ],
    "size": 324,
    "min": -40.74599838256836,
    "max": 62.12099838256836,
    "mean": 17.037854901066535,
    "std": 37.71856636402524
  }
}