MODEL,PRED_DOCKQ
3CJP_af2m,0.7831627
3CJP,0.69354767
