MODEL,PRED_DOCKQ
4EP4,0.81223816
4EP4_af2m,0.783614
