MODEL,PRED_DOCKQ
5XAZ_af2m,0.91224766
5XAZ,0.9116447
