MODEL,PRED_DOCKQ
2I76_af2m,0.8398802
2I76,0.78874755
