{
  "count": 114,
  "ids_hash": "4e6936962f07be44078c30e1240a2151cfc09e27598e3868cf82df4f8a715b1f",
  "coords_hash": "6d5834be96b7b19c2bfa56e8ca931e3684fda68e85637c0ac1a10f782b4c8a0f",
  "coords_stats": {
    "shape": [
      114,
      3
    ],
    "size": 342,
    "min": -28.527999877929688,
    "max": 41.027000427246094,
    "mean": -0.81175732891462,
    "std": 24.21044318404661
  }
}