MODEL,PRED_DOCKQ
3A7O_af2m,0.7570955
3A7O,0.45155463
