{
  "hash": "67b70b3ec61dbb1cef81c4aa6afa8f7aab4147ee6ec6458bf3d730aec11d3156",
  "stats": {
    "shape": [
      73,
      73
    ],
    "size": 5329,
    "min": 0.0,
    "max": 15.441308823714877,
    "mean": 6.859007485375007,
    "std": 2.93284428185392
  }
}