{
  "hash": "5b4b7fc1dfcf23234aa6df4079df39b232f4f10f5a755b1606d6e2927c227b05",
  "stats": {
    "shape": [
      68,
      68
    ],
    "size": 4624,
    "min": 0.0,
    "max": 15.168221763238199,
    "mean": 7.683382350616427,
    "std": 3.116138327325721
  }
}