MODEL,PRED_DOCKQ
2I10,0.8129814
2I10_af2m,0.7627963
