MODEL,PRED_DOCKQ
5LOP,0.79198414
5LOP_af2m,0.65254706
