{
  "f0_hash": "060d404f860389505b6def6de21f3829784790d0c91f8486c52013f7aa2f22f2",
  "f1_hash": "76f4970af8e166ead78ae8e02f3e7b407b93353eec19a7b1318ff95ec4058dc0",
  "f0_stats": {
    "shape": [
      5
    ],
    "size": 5,
    "min": 0.5076238512401684,
    "max": 154.34016984381265,
    "mean": 32.30602929161203,
    "std": 61.027303541441576
  },
  "f1_stats": {
    "shape": [
      15
    ],
    "size": 15,
    "min": 0.011224994219244167,
    "max": 385.0894689444377,
    "mean": 53.932938466056534,
    "std": 121.41976761804231
  }
}