{
  "count": 70,
  "ids_hash": "a53a09f3089de8da9c6937122f36d4c6c846a26dba30b9640faa4529959317f8",
  "coords_hash": "fe43092ddfc1cb56f626e8137de696c5cf9eb66e5c147405206b4ec5bd222040",
  "coords_stats": {
    "shape": [
      70,
      3
    ],
    "size": 210,
    "min": -22.3700008392334,
    "max": 5.570000171661377,
    "mean": -5.794471419451847,
    "std": 7.880165387402799
  }
}