{
  "count": 107,
  "ids_hash": "5b7c76e3918ee6fa2a65002f373a70bb1d915bdd61eef54c0709b2a842cae264",
  "coords_hash": "056282236a39b46a8dca05eef3eef21150af5450304e98988a67ccc9a114bf37",
  "coords_stats": {
    "shape": [
      107,
      3
    ],
    "size": 321,
    "min": -29.634000778198242,
    "max": 28.70400047302246,
    "mean": 5.390367591121115,
    "std": 20.125716744977705
  }
}