{
  "hash": "4d643de345d5c24f4346aa1a0c98f9ad5c97ba075ea93b0e960c040998293471",
  "stats": {
    "shape": [
      93,
      93
    ],
    "size": 8649,
    "min": 0.0,
    "max": 15.727144160334948,
    "mean": 7.989995916326719,
    "std": 3.258501390803937
  }
}