{
  "count": 106,
  "ids_hash": "ae586c9f479034dec9c9e84020a49e99056b49600500d8cbbeda2638ed135007",
  "coords_hash": "4ab6b2d6b0a5568512adb4a3ad7f5e93a50ad85f3e1599cfeb63c9d49c0b1561",
  "coords_stats": {
    "shape": [
      106,
      3
    ],
    "size": 318,
    "min": 0.5559999942779541,
    "max": 30.22599983215332,
    "mean": 15.567147789323855,
    "std": 7.828402905686152
  }
}