MODEL,PRED_DOCKQ
2OTA,0.75300086
2OTA_af2m,0.29998863
