{
  "hash": "45d74d019da147e02751ab2d3891d17e6288bd34a5c9875665e69817c0ebd47f",
  "stats": {
    "shape": [
      59,
      59
    ],
    "size": 3481,
    "min": 0.0,
    "max": 14.266723493244706,
    "mean": 6.586816076140728,
    "std": 2.8900915438459363
  }
}