{
  "count": 67,
  "ids_hash": "b5590231ef764055e4c6b5a12327f244e4751b4fbf6d89052fb84d424bbdb512",
  "coords_hash": "c708971dec638bce9d91c9214594d0829ce92289a1ee6e7c69ba1767cb11461f",
  "coords_stats": {
    "shape": [
      67,
      3
    ],
    "size": 201,
    "min": 10.555999755859375,
    "max": 74.74099731445312,
    "mean": 37.70917913806972,
    "std": 22.50710120490221
  }
}