{
  "hash": "788350b0705ff52b1a34fd7a3f3693a1e316e2ee814a64e50d4501875c5ede6a",
  "stats": {
    "shape": [
      86,
      86
    ],
    "size": 7396,
    "min": 0.0,
    "max": 15.575536756818975,
    "mean": 7.697914965646281,
    "std": 3.092009764401074
  }
}