MODEL,PRED_DOCKQ
3E4V,0.80490595
3E4V_af2m,0.35244024
