MODEL,PRED_DOCKQ
2VX8,0.7978687
2VX8_af2m,0.5481767
