MODEL,PRED_DOCKQ
5SZG_af2m,0.3641272
5SZG,0.091519915
