{
  "f0_hash": "bb21821bc915337747b0670ea312022b8941a09fa10f4a1598ab61bab001fe36",
  "f1_hash": "b9e518406ccaa626d6dc9b5f3df5ada60367dd83bde18f4dca3631b8ab142de9",
  "f0_stats": {
    "shape": [
      5
    ],
    "size": 5,
    "min": 0.4969769938736572,
    "max": 167.73194731989202,
    "mean": 34.9304881858388,
    "std": 66.40895095749624
  },
  "f1_stats": {
    "shape": [
      15
    ],
    "size": 15,
    "min": 0.010089645722349605,
    "max": 506.4156451100958,
    "mean": 69.93361522892012,
    "std": 160.82305333919413
  }
}