{
  "count": 94,
  "ids_hash": "74c388f80a96cdfaf51b473d362bb63ceba670ed76cb13379d2684f2f7dc5c10",
  "coords_hash": "cbb10e754f71ff24aa4c1331144f5bc81bbeef9e9e1893e66d408ded5025ea93",
  "coords_stats": {
    "shape": [
      94,
      3
    ],
    "size": 282,
    "min": -13.871000289916992,
    "max": 85.7030029296875,
    "mean": 31.51435101453664,
    "std": 35.95903322728092
  }
}