MODEL,PRED_DOCKQ
2ZAE_af2m,0.86426866
2ZAE,0.82333636
