{
  "count": 104,
  "ids_hash": "eb8148866f4249b1137dc7ea4ea257a14283848c4d1d83da9b042346d6ae910a",
  "coords_hash": "4a22fe414064a79eb03bb8d32366ab3d6cf9f2374ce6d2191acc7d9c04ebfe2e",
  "coords_stats": {
    "shape": [
      104,
      3
    ],
    "size": 312,
    "min": -26.827999114990234,
    "max": 75.98799896240234,
    "mean": 19.334842933676182,
    "std": 37.85137549564598
  }
}