{
  "hash": "9eb1d60753aa97aa1bffe5f3273e4e509fbfb226d60bfd529bd5dc2f2b4a6238",
  "stats": {
    "shape": [
      104,
      104
    ],
    "size": 10816,
    "min": 0.0,
    "max": 14.96036860036446,
    "mean": 7.908924893907121,
    "std": 3.0849185555660714
  }
}