{
  "hash": "f2ff59201234d1b1df350f46401aceb67fce9e017a214c26094e5da9c82ab602",
  "stats": {
    "shape": [
      95,
      95
    ],
    "size": 9025,
    "min": 0.0,
    "max": 15.27543779793521,
    "mean": 7.660063900046671,
    "std": 3.0270822562953144
  }
}