{
  "count": 190,
  "ids_hash": "025886e7e15777ca2a69caf9c47c0207ccff59cfbc2445b20a62e093d314b97a",
  "coords_hash": "1573cab40ed57c4367de26728f4c92621cb0cdf3516797852943a68ada98f552",
  "coords_stats": {
    "shape": [
      190,
      3
    ],
    "size": 570,
    "min": -37.832000732421875,
    "max": 14.168999671936035,
    "mean": -13.437457920048843,
    "std": 15.508760968621297
  }
}