{
  "f0_hash": "ed21540920f3cc9bd075d51004d87b6b3df71d4a389d0126d5e4b86560d17012",
  "f1_hash": "19c0b28416ff6e91e3653fa478ad73891467a5b3f18fba36f49cdbc659f6dff6",
  "f0_stats": {
    "shape": [
      5
    ],
    "size": 5,
    "min": 0.5643440799748398,
    "max": 142.44093256831485,
    "mean": 29.93052450758057,
    "std": 56.265976013126235
  },
  "f1_stats": {
    "shape": [
      15
    ],
    "size": 15,
    "min": 0.01092014932855534,
    "max": 407.6539078865428,
    "mean": 56.9688088964761,
    "std": 129.6760700783065
  }
}