{
  "count": 106,
  "ids_hash": "30b8ebed168f685e883f83b7d4851a1cab2ec29bec2d8f4208aadbe7659a4493",
  "coords_hash": "f5f7ff3e1efd3a4236e2773399571566bd5bcb652e444bbd8596146185c490aa",
  "coords_stats": {
    "shape": [
      106,
      3
    ],
    "size": 318,
    "min": -26.60300064086914,
    "max": 18.51099967956543,
    "mean": -7.578622639554101,
    "std": 13.779656249408422
  }
}