{
  "f0_hash": "029b0ed1786922c05ed3a191d95a946a125f1c74b1749b83510c1283539b5bb6",
  "f1_hash": "cf12689630d585e380b0ea6f53edb1f0a7a5849145e6b7cafe293dc283b22934",
  "f0_stats": {
    "shape": [
      5
    ],
    "size": 5,
    "min": 0.5466200993891909,
    "max": 163.01335263449175,
    "mean": 34.02885082341267,
    "std": 64.5012240575907
  },
  "f1_stats": {
    "shape": [
      15
    ],
    "size": 15,
    "min": 0.012095887495741309,
    "max": 512.0490721761889,
    "mean": 70.86353911976124,
    "std": 162.88471155515074
  }
}