MODEL,PRED_DOCKQ
4C1B,0.6750974
4C1B_af2m,0.04683609
