{
  "count": 208,
  "ids_hash": "c25a9485fafa044909c9269becc1835fc3db6c996a2666d401bb84fa71fd03ba",
  "coords_hash": "f2b3ec3307504db7e2fc23cd255d37194afd8ec2af15f4ae97c2c9c186d2513a",
  "coords_stats": {
    "shape": [
      208,
      3
    ],
    "size": 624,
    "min": -13.967000007629395,
    "max": 14.994000434875488,
    "mean": 0.15702562184574512,
    "std": 6.929138856965953
  }
}