{
  "f0_hash": "64445b9933e5428e855357fbcfb7312b88f36b570ef2e760bc128f836056747e",
  "f1_hash": "d83c47f4c01ff9421c17735cec7a3ebbc484309596e0184679b795f10043de45",
  "f0_stats": {
    "shape": [
      5
    ],
    "size": 5,
    "min": 0.43808451110511076,
    "max": 164.273001872187,
    "mean": 34.202925884309884,
    "std": 65.04316806854845
  },
  "f1_stats": {
    "shape": [
      15
    ],
    "size": 15,
    "min": 0.012059272127905807,
    "max": 455.3778894618142,
    "mean": 62.79997996994261,
    "std": 143.96981948203145
  }
}