{
  "hash": "8d62e385f80ee78725171e65d0546e1497a7106eb5deea71d1d5b57f328ddea7",
  "stats": {
    "shape": [
      88,
      88
    ],
    "size": 7744,
    "min": 0.0,
    "max": 15.454100185135845,
    "mean": 7.790232836932202,
    "std": 3.0988292641688866
  }
}