{
  "count": 90,
  "ids_hash": "e8db686f0d1aa5fe6e942cad7220b470e0a8787e686aa893e49158434e0a46ba",
  "coords_hash": "aff3f7669ab82fc3357e7d3028f192b29b83d9a81d5d97e026527196457f49d5",
  "coords_stats": {
    "shape": [
      90,
      3
    ],
    "size": 270,
    "min": -16.750999450683594,
    "max": 46.67300033569336,
    "mean": 12.011477792263031,
    "std": 20.942508136523738
  }
}