{
  "count": 86,
  "ids_hash": "958df9e9275b9f7570d287dcbbd7a6071d042056507d80a848864beca8d788f9",
  "coords_hash": "20c59092d44550032422cb546eae44f1844bc451f31541cd698dcb4bc54c1790",
  "coords_stats": {
    "shape": [
      86,
      3
    ],
    "size": 258,
    "min": 1.0260000228881836,
    "max": 60.5260009765625,
    "mean": 30.219383741071983,
    "std": 19.32333944512677
  }
}