{
  "f0_hash": "24a04e350deeec1fb9372312e4df6a952eec9d4b22da6413944a9cfb53bb4bcd",
  "f1_hash": "851c23d12947c02870b98709c3ce472c05d2e8c3d51fbc7e59ad0f8c17084cae",
  "f0_stats": {
    "shape": [
      5
    ],
    "size": 5,
    "min": 0.5138818713288127,
    "max": 165.02696117003347,
    "mean": 34.421301352021466,
    "std": 65.31189070674644
  },
  "f1_stats": {
    "shape": [
      15
    ],
    "size": 15,
    "min": 0.010469509281279876,
    "max": 481.04394453611707,
    "mean": 66.45577944847824,
    "std": 152.4543928452562
  }
}