{
  "count": 154,
  "ids_hash": "0949f3d3ea90b3072de5d97beb597fe24995a73e10104cbef3d603a66e42d0a7",
  "coords_hash": "9fd3da12c27e5954d6a3287a0e7b3b94b2af2e1fcfb05cad241b5f9d6f2a098b",
  "coords_stats": {
    "shape": [
      154,
      3
    ],
    "size": 462,
    "min": -12.300000190734863,
    "max": 45.58000183105469,
    "mean": 12.453008715962403,
    "std": 18.858618635192318
  }
}