{
  "hash": "a783a2c158dbe08f94785b8d81ba89b180d78a89fdf0b27f177e6549fcdfad5e",
  "stats": {
    "shape": [
      92,
      92
    ],
    "size": 8464,
    "min": 0.0,
    "max": 15.279005368783995,
    "mean": 7.8072882983276335,
    "std": 3.1516483316342954
  }
}