MODEL,PRED_DOCKQ
5A4O,0.81322247
5A4O_af2m,0.7988472
