{
  "hash": "a6a1ae2a539dafe9da18ab7678e3e91ed00bea84ecf0135e31dc8bd1b0bd5d1b",
  "stats": {
    "shape": [
      107,
      107
    ],
    "size": 11449,
    "min": 0.0,
    "max": 15.620556138506773,
    "mean": 8.011378813908482,
    "std": 3.08527559770203
  }
}