MODEL,PRED_DOCKQ
5HCI_af2m,0.53343886
5HCI,0.16264528
