{
  "count": 108,
  "ids_hash": "d3fc5de414919be403602bc91805fbb5dc0b38b928cbeced1861a616c5fe348d",
  "coords_hash": "621ad1f1b37c3f3e63b26b99cfe32f111b7ac598bffcc8d93a152bae8ebf04e2",
  "coords_stats": {
    "shape": [
      108,
      3
    ],
    "size": 324,
    "min": -33.79100036621094,
    "max": 3.5880000591278076,
    "mean": -13.99410183980693,
    "std": 9.908594080626521
  }
}