MODEL,PRED_DOCKQ
3BWL_af2m,0.83086145
3BWL,0.81387043
