{
  "count": 117,
  "ids_hash": "dbccb9408fa93c8d9f07084eebc3013250bdc134754a6f19c8c4693bc1c9e1f0",
  "coords_hash": "85ec5a5e55833044e3c4648720cdcb61e9b1a27c2a52566785acf4bbb277a019",
  "coords_stats": {
    "shape": [
      117,
      3
    ],
    "size": 351,
    "min": -5.521999835968018,
    "max": 100.90699768066406,
    "mean": 44.44432184525747,
    "std": 37.72323124065535
  }
}