{
  "count": 91,
  "ids_hash": "6152cd822da1e6856a4da6897a5a5e76eee95dd20929496f9fa153333340df41",
  "coords_hash": "7c71617cd78a6f6ad417449b7c21b91881c885e04c8ee2b43b161d74bd72e290",
  "coords_stats": {
    "shape": [
      91,
      3
    ],
    "size": 273,
    "min": -30.04800033569336,
    "max": 21.224000930786133,
    "mean": -0.15780218704279525,
    "std": 16.59644499360133
  }
}