{
  "hash": "7a7c981c507d6938a34f4e19710e4aabe3a4166260df4470566c2374ab5b2811",
  "stats": {
    "shape": [
      65,
      65
    ],
    "size": 4225,
    "min": 0.0,
    "max": 14.77097326709813,
    "mean": 6.984141252333918,
    "std": 3.007993154279484
  }
}