{
  "hash": "e41597161e18e2d356222ff2e50d390e3499e416669b911023367a460e2a4dac",
  "stats": {
    "shape": [
      153,
      153
    ],
    "size": 23409,
    "min": 0.0,
    "max": 15.707463128414473,
    "mean": 7.416833642128944,
    "std": 3.0371390221425534
  }
}