{
  "count": 64,
  "ids_hash": "a7464250a209e4dce1de2a63f996d51b8b94684a401f9447df2c47d23b067ad0",
  "coords_hash": "8260ff6d6a835f9d14b546cbe32dfda9d9cc160cc6617ed01bd874659b3b3972",
  "coords_stats": {
    "shape": [
      64,
      3
    ],
    "size": 192,
    "min": 11.446000099182129,
    "max": 35.685001373291016,
    "mean": 25.055161461234093,
    "std": 6.749019489435168
  }
}