{
  "hash": "430754c5b7dadd55225c496d07f1ded202d4027b08f09629fcda30db8bf47263",
  "stats": {
    "shape": [
      83,
      83
    ],
    "size": 6889,
    "min": 0.0,
    "max": 14.790473850008372,
    "mean": 7.128129012795681,
    "std": 2.8520291574316152
  }
}