{
  "hash": "b69f31183c85b31ad64e588f6175d1a7f336c671603eba53ae4bb938d2e4274e",
  "stats": {
    "shape": [
      191,
      191
    ],
    "size": 36481,
    "min": 0.0,
    "max": 15.69051515422373,
    "mean": 8.002658761350713,
    "std": 3.03245642855912
  }
}