{
  "hash": "682c460c419d38cc6ca2306ccd33995e45c409f078c22f21b3d7d3ec2a68b22b",
  "stats": {
    "shape": [
      79,
      79
    ],
    "size": 6241,
    "min": 0.0,
    "max": 15.468031294617218,
    "mean": 7.305008222839952,
    "std": 3.0263376150217933
  }
}