{
  "count": 95,
  "ids_hash": "f7f6ed7d79145e952a8df5299c0ce220334c9cc801c704f0792c3336ef094669",
  "coords_hash": "ebcd52cf60da6aac4e0d4f518b2aba753b94f706cfed0a3ea5775a3dac84908e",
  "coords_stats": {
    "shape": [
      95,
      3
    ],
    "size": 285,
    "min": -25.069000244140625,
    "max": 8.618000030517578,
    "mean": -6.458996489461054,
    "std": 9.081824689365606
  }
}