{
  "count": 86,
  "ids_hash": "638645f53beec6ad191bf7df481556d60daf8bddc2a34f4e72b3c07f7664c44e",
  "coords_hash": "8c4141b6829f75bef85843e6825f0e033c8d76c087731247be835f2746070194",
  "coords_stats": {
    "shape": [
      86,
      3
    ],
    "size": 258,
    "min": -28.757999420166016,
    "max": 55.029998779296875,
    "mean": 9.677077592437177,
    "std": 28.96127377560051
  }
}