{
  "hash": "3d8f402da24ba6dd095622257cbdfbf44ba6d34d9f30b9a2f9db0d1561944e2c",
  "stats": {
    "shape": [
      66,
      66
    ],
    "size": 4356,
    "min": 0.0,
    "max": 15.528807014493607,
    "mean": 7.623728267745902,
    "std": 3.1624563342331444
  }
}