{
  "count": 217,
  "ids_hash": "e67cd07207a9a75006a0d724ed397829ddf6d3f43cba7f6ca9878d63ee7777ea",
  "coords_hash": "a7cefc6065f804bda16d3d503c8d6268862d6fdf913a633485237d84d7b7b177",
  "coords_stats": {
    "shape": [
      217,
      3
    ],
    "size": 651,
    "min": -38.5260009765625,
    "max": 42.89899826049805,
    "mean": -0.29478955731230766,
    "std": 27.67887412757112
  }
}