{
  "f0_hash": "39199446d6dafc1827b1b70e8bad3678dad44d4184556d701f95c9ec12d6875d",
  "f1_hash": "6415d7ce0835b3e9b32ee00439d04161b94db95e3c0633db5af187e7a673257c",
  "f0_stats": {
    "shape": [
      5
    ],
    "size": 5,
    "min": 0.4966351370112565,
    "max": 111.98250080544447,
    "mean": 23.740084063374518,
    "std": 44.13171667814822
  },
  "f1_stats": {
    "shape": [
      15
    ],
    "size": 15,
    "min": 0.010438052625281191,
    "max": 234.525320585665,
    "mean": 33.3529792398235,
    "std": 74.3372376977417
  }
}