{
  "f0_hash": "679504be56430c28f32e6a46861809e66e7b893004e1b3ba2f3086d5547be4e0",
  "f1_hash": "78f11e8c5d195fd45004b434b855c0f59c8a3795e59f75af00786e24fdcc56b3",
  "f0_stats": {
    "shape": [
      5
    ],
    "size": 5,
    "min": 0.4946340964635304,
    "max": 175.68906731571712,
    "mean": 36.59173896223278,
    "std": 69.55857404016896
  },
  "f1_stats": {
    "shape": [
      15
    ],
    "size": 15,
    "min": 0.011176097580698041,
    "max": 539.8070252546586,
    "mean": 74.06633430498674,
    "std": 171.0217970292296
  }
}