{
  "f0_hash": "0aab0e680267a97d17cc416f67378f67e74209f80cb843b4d767c2f659b42c0d",
  "f1_hash": "6b22c79178d6904b27ff8c47b432f3a364ae39b40636cd974adb9efe9190795e",
  "f0_stats": {
    "shape": [
      5
    ],
    "size": 5,
    "min": 0.5067871647838024,
    "max": 168.888920638164,
    "mean": 35.22760516143231,
    "std": 66.84055661962189
  },
  "f1_stats": {
    "shape": [
      15
    ],
    "size": 15,
    "min": 0.010087207570042,
    "max": 522.9079710433161,
    "mean": 72.51011431463579,
    "std": 165.72530951001102
  }
}