MODEL,PRED_DOCKQ
4PVC_af2m,0.07900157
4PVC,0.0006109285
