{
  "count": 110,
  "ids_hash": "248147a8299094dd23d66cd3f473b3ef0f5b207ce999b3170751a9ecf25db640",
  "coords_hash": "167776945ad9e541ada42c4a1d9327abb8ccb210af84717194d971539ef9d8f1",
  "coords_stats": {
    "shape": [
      110,
      3
    ],
    "size": 330,
    "min": -30.048999786376953,
    "max": 40.43899917602539,
    "mean": 2.139333289726214,
    "std": 23.379197433196698
  }
}