{
  "count": 82,
  "ids_hash": "3e15f323612c2abbaa8c6e5990ca6cfb1a1f68383bb2535772e0f63d8b3c8384",
  "coords_hash": "1138de01e83f73745685d842cb8c32186e5d3d21bb785346062542f0681c8562",
  "coords_stats": {
    "shape": [
      82,
      3
    ],
    "size": 246,
    "min": -34.29999923706055,
    "max": 12.869999885559082,
    "mean": -6.17637397489715,
    "std": 15.071987878745114
  }
}