{
  "f0_hash": "5a2f6ee8572a91ac47514ce61c4961a5c65171cf92c12a76a5a2283bf238da7e",
  "f1_hash": "d43f855f84b99d74213062a2676ef3c115ebf4adc61858788ca75648e434a5c0",
  "f0_stats": {
    "shape": [
      5
    ],
    "size": 5,
    "min": 0.36958616582688736,
    "max": 135.19073922280361,
    "mean": 28.344162047517024,
    "std": 53.43264809192358
  },
  "f1_stats": {
    "shape": [
      15
    ],
    "size": 15,
    "min": 0.012784780480770586,
    "max": 308.7143539561952,
    "mean": 43.4788533990763,
    "std": 96.33887015655071
  }
}