{
  "f0_hash": "3455e40d23a748f660973d53970a950417098f19d7d0a37c7b08c22eaebb77ab",
  "f1_hash": "457beadb621698f79309220ae5bef401ed5425ef0d388376c8741d35da375ef8",
  "f0_stats": {
    "shape": [
      5
    ],
    "size": 5,
    "min": 0.7605595395522279,
    "max": 104.93794180639154,
    "mean": 22.82985799771545,
    "std": 41.092852422312085
  },
  "f1_stats": {
    "shape": [
      15
    ],
    "size": 15,
    "min": 0.010259828302335405,
    "max": 306.7620143024515,
    "mean": 44.0569289062201,
    "std": 98.33589825509092
  }
}