{
  "count": 101,
  "ids_hash": "047bf21b023d11f20d6ad5dff35b7aa1ee7aa9d214c3e6eb9a06c2f7ef28bdc0",
  "coords_hash": "2c05053767d1cb7986cdd03f6e06a2894d39037284834a41d121b662038e74eb",
  "coords_stats": {
    "shape": [
      101,
      3
    ],
    "size": 303,
    "min": -31.624000549316406,
    "max": 38.33100128173828,
    "mean": -2.856541287387558,
    "std": 24.972439637891835
  }
}