MODEL,PRED_DOCKQ
1OFH_af2m,0.0009580006
1OFH,8.521467e-06
