{
  "f0_hash": "a871cfa5639c0a1e85c78ad5573045f7babe9676e0ad17f54dff3f4691fa546f",
  "f1_hash": "936490e3a053f84d3e36ce0feb30f83363897ca9888ab30538a99c4b1af9a686",
  "f0_stats": {
    "shape": [
      5
    ],
    "size": 5,
    "min": 0.4589944250279734,
    "max": 105.04044724586319,
    "mean": 22.494752442527098,
    "std": 41.29238812647998
  },
  "f1_stats": {
    "shape": [
      15
    ],
    "size": 15,
    "min": 0.010625691711961593,
    "max": 215.51698473434257,
    "mean": 30.632651297720702,
    "std": 68.5713623007223
  }
}