{
  "hash": "a52d2270b18bcacecbbe409384cbfc918c501bb5bb45de46e3a15965ea266525",
  "stats": {
    "shape": [
      73,
      73
    ],
    "size": 5329,
    "min": 0.0,
    "max": 15.401515946351568,
    "mean": 7.184372063869064,
    "std": 3.037903456166931
  }
}