{
  "hash": "e787da9642fd4a229c60075ae7bb5b92cfc89584fe3d6daec51ebd39a322b05b",
  "stats": {
    "shape": [
      106,
      106
    ],
    "size": 11236,
    "min": 0.0,
    "max": 15.711549694086251,
    "mean": 7.750261189500276,
    "std": 2.9656993340787117
  }
}