MODEL,PRED_DOCKQ
5F7R_af2m,0.9323631
5F7R,0.8899476
