{
  "f0_hash": "e0fa417d85ddb2b9e476651e16099a27accc9e2aac7d6e856daa0426d1a968f4",
  "f1_hash": "116b26d57f1e2e0ef6386378f9422a91d4108743628191d170ae3b5a92bb3088",
  "f0_stats": {
    "shape": [
      5
    ],
    "size": 5,
    "min": 0.3974039969441778,
    "max": 155.45638343115945,
    "mean": 32.42163377194602,
    "std": 61.52583032443723
  },
  "f1_stats": {
    "shape": [
      15
    ],
    "size": 15,
    "min": 0.01205136116029859,
    "max": 336.8429318386519,
    "mean": 47.94001932494634,
    "std": 105.31560027381029
  }
}