{
  "hash": "d15d99b4684b39e79b11d819ad94c8ea6b5036032210f37c228a8974ae81f61e",
  "stats": {
    "shape": [
      101,
      101
    ],
    "size": 10201,
    "min": 0.0,
    "max": 15.654861254694968,
    "mean": 7.894892782054056,
    "std": 3.072369599809565
  }
}