MODEL,PRED_DOCKQ
3K8P_af2m,0.5509344
3K8P,0.004130987
