{
  "count": 113,
  "ids_hash": "403856e47f6a0d4497a48c0791dd5612a096ef76025a72b043cfd0cb18e1ddd7",
  "coords_hash": "a17eb3e368a905057f6ba83549eb5cc5cf8502a638cf5e438d3d8b2b076da2fd",
  "coords_stats": {
    "shape": [
      113,
      3
    ],
    "size": 339,
    "min": -30.148000717163086,
    "max": 49.257999420166016,
    "mean": 7.629023654864425,
    "std": 26.961553871172136
  }
}