{
  "f0_hash": "360cce939ad09cd89139d5111039ade513a3b5302a4cb339a94d2ac8d38c6570",
  "f1_hash": "407a228da16048373dc1157a0f459dcbfde650f6dafbaf9c4e06086348af09cf",
  "f0_stats": {
    "shape": [
      5
    ],
    "size": 5,
    "min": 0.49604940042306217,
    "max": 153.6311924499964,
    "mean": 32.121056815983685,
    "std": 60.764370916109264
  },
  "f1_stats": {
    "shape": [
      15
    ],
    "size": 15,
    "min": 0.013589035367103541,
    "max": 442.32758106418623,
    "mean": 62.16760114312067,
    "std": 139.85019159811995
  }
}