{
  "hash": "a776e8546a5e510f64d4249955d12ec62847fe40e2073e38d20bf1e47a5e90e5",
  "stats": {
    "shape": [
      117,
      117
    ],
    "size": 13689,
    "min": 0.0,
    "max": 15.4824435711715,
    "mean": 8.2234522754822,
    "std": 3.082402929530863
  }
}