{
  "f0_hash": "3795f8eff306c3a5ee7e881ea9c2b2f27c8d0ced60e82b939aa20450561506b3",
  "f1_hash": "f6887c04b7253e5bce46bb914871d3c76ccebc30dcf541b4a2a186f683fe85f0",
  "f0_stats": {
    "shape": [
      5
    ],
    "size": 5,
    "min": 0.4528418002306111,
    "max": 100.46438925536916,
    "mean": 21.34985401930688,
    "std": 39.56619743269623
  },
  "f1_stats": {
    "shape": [
      15
    ],
    "size": 15,
    "min": 0.013573095034455918,
    "max": 246.60706318917929,
    "mean": 35.45784482773309,
    "std": 79.21798662123716
  }
}