{
  "count": 110,
  "ids_hash": "35c499984153e5df4c530b473d9852d6ad2586fd0813033a21423e3c352d8ee0",
  "coords_hash": "86e1253e5af3992520891a1aaea558912da8b82130e6431cdf6bec32aa460b11",
  "coords_stats": {
    "shape": [
      110,
      3
    ],
    "size": 330,
    "min": -19.19700050354004,
    "max": 85.75,
    "mean": 30.175103093638565,
    "std": 36.88505458495918
  }
}