{
  "hash": "e6576444219f0d6ba9d4c11a8790cde42946916e6d94c7ae819752b43928d305",
  "stats": {
    "shape": [
      83,
      83
    ],
    "size": 6889,
    "min": 0.0,
    "max": 15.237395701051842,
    "mean": 7.2315683219367095,
    "std": 2.924598723827603
  }
}