MODEL,PRED_DOCKQ
1DS6_af2m,0.73524594
1DS6,0.7075808
