MODEL,PRED_DOCKQ
1KAE,0.79950804
1KAE_af2m,0.73532987
