MODEL,PRED_DOCKQ
1KXP_af2m,0.7786062
1KXP,0.00034149602
