{
  "count": 76,
  "ids_hash": "c5d2679a33634448271202b39a5d161528700244bf6e7ee5a6e9c4df9cf7122c",
  "coords_hash": "5e59e9a7b5f00fcd20d0a034ecb43f5c9f34e109d468f0e68c6778d548864b82",
  "coords_stats": {
    "shape": [
      76,
      3
    ],
    "size": 228,
    "min": -28.113000869750977,
    "max": 4.689000129699707,
    "mean": -11.55520173047849,
    "std": 8.66067290108869
  }
}