MODEL,PRED_DOCKQ
1GLC_af2m,0.042799868
1GLC,0.009561088
