{
  "hash": "33889c5e414ef52736d0cc83d28792d14035e24069ff848f76b8e90070e504fd",
  "stats": {
    "shape": [
      28,
      28
    ],
    "size": 784,
    "min": 0.0,
    "max": 13.776579763754826,
    "mean": 5.651137702681345,
    "std": 2.626489221290789
  }
}