{
  "count": 86,
  "ids_hash": "28277681d2b13a32a1173ec261b9f90bcaffd7368215c980a92253cc514be779",
  "coords_hash": "605b457ad72dd1585a6a0b2370a8e343d11edcea33cc96ffd2df09c252658701",
  "coords_stats": {
    "shape": [
      86,
      3
    ],
    "size": 258,
    "min": 1.2740000486373901,
    "max": 99.88200378417969,
    "mean": 41.12381401542545,
    "std": 37.31352313065007
  }
}