{
  "hash": "7e9d23f6118b9524bf84bb18c5c343862023cab46a49015a8a89d3da2dd8ee61",
  "stats": {
    "shape": [
      109,
      109
    ],
    "size": 11881,
    "min": 0.0,
    "max": 15.539808324609119,
    "mean": 7.989307812867326,
    "std": 3.0520745809085135
  }
}