{
  "count": 82,
  "ids_hash": "5530a91f657029efb70141a943e68df91ce508f7e6db51c8e755a54fb0b7a868",
  "coords_hash": "fb69546766aa3d2b8de96fa18614b5af72fe13cf64c1bd37c5c04f66c74433cf",
  "coords_stats": {
    "shape": [
      82,
      3
    ],
    "size": 246,
    "min": -45.24100112915039,
    "max": 33.54999923706055,
    "mean": -0.4718414128311281,
    "std": 27.67621303020585
  }
}