{
  "count": 116,
  "ids_hash": "cc389d8148588a13f6bfa692995bd01c95927d28eb764786321d570a048162b9",
  "coords_hash": "e41688fde33dfca1c586eff8a4ca240106396cf20f06b62bd7154240f3a8a455",
  "coords_stats": {
    "shape": [
      116,
      3
    ],
    "size": 348,
    "min": -22.270000457763672,
    "max": 5.808000087738037,
    "mean": -8.91988217228242,
    "std": 7.359708621453549
  }
}