{
  "hash": "aa9076295efea4d1786661e790927d401bbbeea81ddd979600a110525cc1dd6e",
  "stats": {
    "shape": [
      107,
      107
    ],
    "size": 11449,
    "min": 0.0,
    "max": 15.436409776165922,
    "mean": 8.00451941505697,
    "std": 3.0621340148971683
  }
}