{
  "hash": "90ac6a6e4f6e38dc175ca82c9083e24561c77543dbef297ad79b9e7a9a3cd05f",
  "stats": {
    "shape": [
      109,
      109
    ],
    "size": 11881,
    "min": 0.0,
    "max": 15.549326214893288,
    "mean": 7.888580544439968,
    "std": 3.0139655653456012
  }
}