{
  "f0_hash": "a4ed017f2977495a06e40739b1dc90702ee925b9cda61a39eb0a58e9a7aac88c",
  "f1_hash": "4079cf746175c360569b74cfae0995d349488957c10e822f7c69fe7ed0beda25",
  "f0_stats": {
    "shape": [
      5
    ],
    "size": 5,
    "min": 0.4145630350721526,
    "max": 164.3544865251955,
    "mean": 34.2126968052671,
    "std": 65.07904096626143
  },
  "f1_stats": {
    "shape": [
      15
    ],
    "size": 15,
    "min": 0.010855880588312772,
    "max": 455.64923466357345,
    "mean": 62.96225434923619,
    "std": 144.06715839787358
  }
}