MODEL,PRED_DOCKQ
1Y0B_af2m,0.9132502
1Y0B,0.79830605
