{
  "hash": "0c5ea72605c6ddfb9e54522137eec1eb200dd07af1dd4a2bd2f043106cc87940",
  "stats": {
    "shape": [
      73,
      73
    ],
    "size": 5329,
    "min": 0.0,
    "max": 15.685388172686014,
    "mean": 7.261039423592617,
    "std": 3.028190022397085
  }
}