{
  "count": 202,
  "ids_hash": "739ce3e88ce6b8ee3294b2b82f0a2f7275f10bbcf24c8663e949ad25e4740bae",
  "coords_hash": "77967e8a46ac07140990d7dc8bc2c658e23ec966a115dbdc1b1c46cb16f098b3",
  "coords_stats": {
    "shape": [
      202,
      3
    ],
    "size": 606,
    "min": -19.25200080871582,
    "max": 10.045000076293945,
    "mean": -3.406463702630387,
    "std": 7.494042898025232
  }
}