MODEL,PRED_DOCKQ
1GO4,0.8120622
1GO4_af2m,0.81070024
