{
  "hash": "d80a7d7707e2c01ae0ef4d02b6fefe1dee66b4933cff62f68a9b3daeba5b577c",
  "stats": {
    "shape": [
      95,
      95
    ],
    "size": 9025,
    "min": 0.0,
    "max": 15.599476353670381,
    "mean": 7.672287442635428,
    "std": 3.018176244482333
  }
}