MODEL,PRED_DOCKQ
6JUF_af2m,0.021980202
6JUF,0.014181343
