{
  "f0_hash": "69b572c7b7dec0423479dbda0efcfdd53b6cef7de3d2a70e2ffb26d6d159846d",
  "f1_hash": "ed0e5bd0236e94959a966cee5d9aed11af2b930d52034db5f084ead75c5e5563",
  "f0_stats": {
    "shape": [
      5
    ],
    "size": 5,
    "min": 0.39189454457857176,
    "max": 118.3645939570259,
    "mean": 25.012719435414038,
    "std": 46.68800586764198
  },
  "f1_stats": {
    "shape": [
      15
    ],
    "size": 15,
    "min": 0.010327732162465963,
    "max": 298.05906385739377,
    "mean": 42.44644296094014,
    "std": 95.4177445948916
  }
}