{
  "f0_hash": "f6f48dd2cf318ff41dcdd9e89717f63157fef0bae0c50eb936d199c96c3d6e3a",
  "f1_hash": "c234468337e7df9d5a6c7077b84825faf5a7e6162ca804a8804f740711b355b5",
  "f0_stats": {
    "shape": [
      5
    ],
    "size": 5,
    "min": 0.5462464606486581,
    "max": 163.51764119108387,
    "mean": 34.10336246258022,
    "std": 64.71734429398325
  },
  "f1_stats": {
    "shape": [
      15
    ],
    "size": 15,
    "min": 0.010689240777891573,
    "max": 470.6356965175302,
    "mean": 65.09267507620055,
    "std": 149.36089743633485
  }
}