{
  "count": 99,
  "ids_hash": "17b1c2efd4087f8c127015116cbb773cbd2871dd74d95387ceaf9dbdbac9735e",
  "coords_hash": "57fd73456c3cb992f0769c43aa620a5a89e7211734785a2e6c2a45a5bcba1b05",
  "coords_stats": {
    "shape": [
      99,
      3
    ],
    "size": 297,
    "min": -41.0369987487793,
    "max": 49.13800048828125,
    "mean": -0.5021447525281296,
    "std": 31.48333354189272
  }
}