{
  "f0_hash": "b731bba3a98dc184a54c8b03f688f054fc3fa618612585d751b4a14e0dfbdcf7",
  "f1_hash": "bd1398dc6c6487db56d34a95b362edd60b367f1928c0a535073afc52c695f5bc",
  "f0_stats": {
    "shape": [
      5
    ],
    "size": 5,
    "min": 0.5941683414097652,
    "max": 177.78799023210036,
    "mean": 36.952718393794285,
    "std": 70.4242111873031
  },
  "f1_stats": {
    "shape": [
      15
    ],
    "size": 15,
    "min": 0.010039243826776012,
    "max": 522.3627256542367,
    "mean": 72.1701644986335,
    "std": 165.1758856588657
  }
}