{
  "f0_hash": "4177aacf1c52a84d9bcca8d7e514639efb343d64d03e7e1b5b702cc994de4718",
  "f1_hash": "2e59644128f606cc932e379798bd26dfd48559f42b1e0c77d644b07875e1c4ec",
  "f0_stats": {
    "shape": [
      5
    ],
    "size": 5,
    "min": 0.4138603670459169,
    "max": 134.93235436354922,
    "mean": 28.31905256280613,
    "std": 53.31624869784961
  },
  "f1_stats": {
    "shape": [
      15
    ],
    "size": 15,
    "min": 0.010485744156456533,
    "max": 370.79448739423987,
    "mean": 51.80850885818909,
    "std": 118.93877318061156
  }
}