MODEL,PRED_DOCKQ
2OEM_af2m,0.91910815
2OEM,0.90266514
