{
  "hash": "f7bd1b22d6b9011056d421aac244445c25eed253008ba64923fbf8232403f8cf",
  "stats": {
    "shape": [
      103,
      103
    ],
    "size": 10609,
    "min": 0.0,
    "max": 15.452281426641623,
    "mean": 7.925783213822524,
    "std": 3.039384034935596
  }
}