{
  "f0_hash": "93a1e7706e615979cbae1178120a599c11e2c39393f8168d30a74a2452b9f69a",
  "f1_hash": "29d0a4e75e33b12d8cb3d507e577f3c3cf336f13dd8977355e6bb4689aa0147e",
  "f0_stats": {
    "shape": [
      5
    ],
    "size": 5,
    "min": 0.5756291291479154,
    "max": 175.30287934972532,
    "mean": 36.50901113429323,
    "std": 69.40550054938173
  },
  "f1_stats": {
    "shape": [
      15
    ],
    "size": 15,
    "min": 0.011211105729724835,
    "max": 542.4608507177651,
    "mean": 74.37296911624809,
    "std": 172.0593234199115
  }
}