{
  "hash": "038211a9c388663e274eb7cbc8af50dbbbce4e4d045a90f1af988e9113ada111",
  "stats": {
    "shape": [
      92,
      92
    ],
    "size": 8464,
    "min": 0.0,
    "max": 15.412259863716061,
    "mean": 7.727012853091671,
    "std": 2.9881384764211427
  }
}