{
  "f0_hash": "4f557a162a3e432c37365ba8d4924bcf68e92b837ff3d3b0449b516adc32b94b",
  "f1_hash": "65c547dfc8b8c380538001774f7645c9342a9aac4dc92efa2bf90dab1b76be8a",
  "f0_stats": {
    "shape": [
      5
    ],
    "size": 5,
    "min": 0.48271957308004937,
    "max": 147.2243005098561,
    "mean": 30.919547092965928,
    "std": 58.1655363511538
  },
  "f1_stats": {
    "shape": [
      15
    ],
    "size": 15,
    "min": 0.012262294031542442,
    "max": 350.9054838013372,
    "mean": 49.46911690165355,
    "std": 111.28616986815489
  }
}