{
  "f0_hash": "4480fc1cce6f4ae3657205b825082cd0a2856021cac0035f9c37dcf42c3b9968",
  "f1_hash": "2db914544e0a226b60a13dfe04c829441275dafb39681bd209bf6906f8725d9c",
  "f0_stats": {
    "shape": [
      5
    ],
    "size": 5,
    "min": 0.32052311706851705,
    "max": 107.55752924424411,
    "mean": 22.858573514740215,
    "std": 42.36424982225712
  },
  "f1_stats": {
    "shape": [
      15
    ],
    "size": 15,
    "min": 0.011996316755675807,
    "max": 212.03811151244886,
    "mean": 31.139601956785558,
    "std": 65.41561888919684
  }
}