{
  "hash": "abcdcdb3373fcdc90bdd77de9633fb48b6ea2107c09b4f8b4ff66c297bb15364",
  "stats": {
    "shape": [
      89,
      89
    ],
    "size": 7921,
    "min": 0.0,
    "max": 15.485387871380736,
    "mean": 7.65654094876928,
    "std": 3.0526653663695082
  }
}