{
  "count": 172,
  "ids_hash": "1cecec2d18c18b833c44a48f5eecfe2044f9f7caf28f60f9bb3a47f4c43c4781",
  "coords_hash": "ea1806b0447c01f1809eafc7da9b24945ccfb631e69bc874233e1d822530f2fe",
  "coords_stats": {
    "shape": [
      172,
      3
    ],
    "size": 516,
    "min": -30.82200050354004,
    "max": 14.322999954223633,
    "mean": -6.030488386951918,
    "std": 13.05128413103984
  }
}