MODEL,PRED_DOCKQ
1ZKE,0.70473486
1ZKE_af2m,0.5274624
