{
  "f0_hash": "e49c79cd55469b9bed38aa64932c6e2f2ddb951a37bee0b84b198d648a531560",
  "f1_hash": "8aa874e54b98fc1e9d32b21d1f956993e97ca1cb47d40436575b10bd71ffedae",
  "f0_stats": {
    "shape": [
      5
    ],
    "size": 5,
    "min": 0.3203681170990307,
    "max": 96.13005661047343,
    "mean": 20.350194957406977,
    "std": 37.90424458868639
  },
  "f1_stats": {
    "shape": [
      15
    ],
    "size": 15,
    "min": 0.010971296980712086,
    "max": 187.8511823147061,
    "mean": 27.85117701347535,
    "std": 59.065726123016944
  }
}