MODEL,PRED_DOCKQ
5QK0,0.8830704
5QK0_af2m,0.88148063
