MODEL,PRED_DOCKQ
2C4F_af2m,0.06893747
2C4F,0.00081503077
