MODEL,PRED_DOCKQ
4J7C_af2m,0.79986465
4J7C,1.3497743e-05
