{
  "count": 66,
  "ids_hash": "db7b38d76ca06590a3d527681337a66e9fb154fd5247d28524149ba4659ef63d",
  "coords_hash": "dff4f6a338b7ca10ac428e5f075ecbaacae678ad6412859bd76d15f0586e13cd",
  "coords_stats": {
    "shape": [
      66,
      3
    ],
    "size": 198,
    "min": -6.057000160217285,
    "max": 83.13099670410156,
    "mean": 37.045363439604486,
    "std": 31.49647881722332
  }
}