{
  "hash": "28120375d66a873bd1d52e94e6b8200c2810f27b29536701de99760e24d8c5f4",
  "stats": {
    "shape": [
      62,
      62
    ],
    "size": 3844,
    "min": 0.0,
    "max": 14.46860634671891,
    "mean": 6.802489583537093,
    "std": 2.871867143561663
  }
}