{
  "count": 108,
  "ids_hash": "d59f89fefd0ca55aaae047eb6e54eae058202511d6764422dfd035a3af48d1aa",
  "coords_hash": "6bd338767ace4afc943a2530d19409b75f693a09ff1b440c34b209218bff9446",
  "coords_stats": {
    "shape": [
      108,
      3
    ],
    "size": 324,
    "min": -7.691999912261963,
    "max": 41.8489990234375,
    "mean": 12.646959845988471,
    "std": 16.252148250513585
  }
}