{
  "count": 106,
  "ids_hash": "19439ab9adb81248c311169d06b5e5ef14f0f854fad5fc86686f4b17c988ce17",
  "coords_hash": "61745ecdbe1b482e8b4066269cebf302d67b6932929e95a97119c8c036772ffe",
  "coords_stats": {
    "shape": [
      106,
      3
    ],
    "size": 318,
    "min": -1.7489999532699585,
    "max": 28.76799964904785,
    "mean": 13.515748431894389,
    "std": 7.41612774018399
  }
}