{
  "f0_hash": "66d6c02abdd4883b85279c7122656a8ea33cd434f295d5a0c70919fe41d44f5c",
  "f1_hash": "f4d55367cb7616af7e800d2728c4a5050d08502bc5ecb8a790ad2bab77b71dab",
  "f0_stats": {
    "shape": [
      5
    ],
    "size": 5,
    "min": 0.33558174607614966,
    "max": 139.79103655561556,
    "mean": 29.23320403507418,
    "std": 55.28755289862709
  },
  "f1_stats": {
    "shape": [
      15
    ],
    "size": 15,
    "min": 0.011233095214908673,
    "max": 313.3661019021512,
    "mean": 44.24134110132956,
    "std": 98.75951986147147
  }
}