{
  "hash": "afb22589f4212d1038384e367a00401fd9f299f2f3730e7b6a64b1ee19ce550e",
  "stats": {
    "shape": [
      96,
      96
    ],
    "size": 9216,
    "min": 0.0,
    "max": 15.089306840581562,
    "mean": 7.711474801368532,
    "std": 2.9976798883348272
  }
}