{
  "count": 71,
  "ids_hash": "2488d179970cbcf4d02077a90e6d799e740722cf02517e7e286cabb2f62367b8",
  "coords_hash": "c50137e03624943f93bf6743da33adfc820940be7b2f827125128c98ebb71d8d",
  "coords_stats": {
    "shape": [
      71,
      3
    ],
    "size": 213,
    "min": -6.057000160217285,
    "max": 83.13099670410156,
    "mean": 37.13511721810824,
    "std": 31.35807576512057
  }
}