MODEL,PRED_DOCKQ
5FEY,0.81731457
5FEY_af2m,0.7580909
