{
  "count": 97,
  "ids_hash": "1f620cfa6bc8aeb50f38e2dade0f4584b75989049766c5a4f13e443ee012b86b",
  "coords_hash": "f58d25ea4ef36d91b5e96db6301fc6d2553e7e0d1865f323fa6bdbb024b704b5",
  "coords_stats": {
    "shape": [
      97,
      3
    ],
    "size": 291,
    "min": -8.520000457763672,
    "max": 81.15799713134766,
    "mean": 35.40927821740866,
    "std": 31.016719173574568
  }
}