{
  "f0_hash": "4e8d4e1675b6a9be7fa9e82a4f98692ae617f9ed4b52004a4f6fadde6e1beef6",
  "f1_hash": "4da4e5ce15c97101205194f2405a28d2f465d615b7e897a16c1213477e30f653",
  "f0_stats": {
    "shape": [
      5
    ],
    "size": 5,
    "min": 0.38600490986202124,
    "max": 113.38908745564987,
    "mean": 23.978751903657855,
    "std": 44.71578244558302
  },
  "f1_stats": {
    "shape": [
      15
    ],
    "size": 15,
    "min": 0.011191217957932764,
    "max": 294.50072054472247,
    "mean": 41.52544948566562,
    "std": 93.82263034577959
  }
}