{
  "hash": "88140efb2f4c103e99480265614b9c506d74dd67a61eebad5e39155faf52d023",
  "stats": {
    "shape": [
      90,
      90
    ],
    "size": 8100,
    "min": 0.0,
    "max": 15.382305143648496,
    "mean": 7.902116472307397,
    "std": 3.1213166869128304
  }
}