{
  "hash": "6e664365209b2316dcef5a78a9a8cfd4719b0eec37a00bb3deb08ca17112c9a8",
  "stats": {
    "shape": [
      88,
      88
    ],
    "size": 7744,
    "min": 0.0,
    "max": 15.025035189372169,
    "mean": 7.73050767894102,
    "std": 3.0915093205732602
  }
}