{
  "f0_hash": "c2563de7dd7b8765b6be1443f2d7df37bd0808e4b3a0006735ce246cdff171db",
  "f1_hash": "c966c15fce7b1335f02f3426f5a0314d75c13aa90b2aeffe7c8717ece1596611",
  "f0_stats": {
    "shape": [
      5
    ],
    "size": 5,
    "min": 0.37420915342249583,
    "max": 169.31776753767537,
    "mean": 35.207405966908,
    "std": 67.063693309865
  },
  "f1_stats": {
    "shape": [
      15
    ],
    "size": 15,
    "min": 0.010489777479691043,
    "max": 473.1667388707492,
    "mean": 65.33635616440905,
    "std": 149.24651843613984
  }
}