MODEL,PRED_DOCKQ
2O8V,0.6314649
2O8V_af2m,0.10015165
