{
  "count": 78,
  "ids_hash": "26acee967086ca4ddca67c541060d73a5f4834b81d4167d2bf16527ba2ff7ce3",
  "coords_hash": "6a25d8f5193851346085c05302e68cc92d92a527417d9d02581c1ac224a7221e",
  "coords_stats": {
    "shape": [
      78,
      3
    ],
    "size": 234,
    "min": -40.67300033569336,
    "max": 35.3380012512207,
    "mean": 3.5446966000092335,
    "std": 27.200650890851662
  }
}