{
  "count": 73,
  "ids_hash": "cc3a2b5896d729479dabc05425e9a3380a7a17878f0fb0e48957ef30ccbab2db",
  "coords_hash": "1ec54ef2b0052a98555a0e0cf52f0c071d636a439e917c1c7be9933d1bcf5a82",
  "coords_stats": {
    "shape": [
      73,
      3
    ],
    "size": 219,
    "min": -17.100000381469727,
    "max": 48.89799880981445,
    "mean": 7.375283125328691,
    "std": 25.003564925050263
  }
}