{
  "f0_hash": "1d9ac803d87d20dbb63690d888321e5500daa039db4679a262c6fb7d64b9c502",
  "f1_hash": "4e6ff1b1b56fb1af5ced0279bf613b473a5310bba3c110e2dfb5a30bdd31259c",
  "f0_stats": {
    "shape": [
      5
    ],
    "size": 5,
    "min": 0.3109609170048002,
    "max": 111.87099219128277,
    "mean": 23.585756213141067,
    "std": 44.15130965363349
  },
  "f1_stats": {
    "shape": [
      15
    ],
    "size": 15,
    "min": 0.015527484708980133,
    "max": 217.7387808550816,
    "mean": 31.321276962380075,
    "std": 67.56871743023895
  }
}