{
  "count": 76,
  "ids_hash": "174478e527c0e728f91bbb00e7d123f2da6f6fdacae64b452ccc8ab5f535996e",
  "coords_hash": "1fc6d22e41421222f16f4141e24b50fbb2264981798d2b1a612a1f66aeaefe0c",
  "coords_stats": {
    "shape": [
      76,
      3
    ],
    "size": 228,
    "min": -23.243999481201172,
    "max": 29.12299919128418,
    "mean": 9.68582897018968,
    "std": 19.457705484444205
  }
}