{
  "f0_hash": "45694745fa0d9f85fbc4174aebaab1f5d9518d1de2c37d400a39e19c46ee08f0",
  "f1_hash": "97186274fb0ab04ab61303ef673edb902739a4c8ce172df86a21e15e5826d5c0",
  "f0_stats": {
    "shape": [
      5
    ],
    "size": 5,
    "min": 0.4428915253298519,
    "max": 125.58716028879782,
    "mean": 26.401721452550497,
    "std": 49.600950912330724
  },
  "f1_stats": {
    "shape": [
      15
    ],
    "size": 15,
    "min": 0.01112804331656747,
    "max": 313.0064704496788,
    "mean": 44.81885263050537,
    "std": 98.99047081124738
  }
}