MODEL,PRED_DOCKQ
3VX3_af2m,0.7234967
3VX3,0.38753688
