{
  "f0_hash": "1097b17df828f1d129d4a494ecaa8b966cc36960b1cf94eeb1253954bcf6b1d7",
  "f1_hash": "5b88cf32d0b655882c8f52b8c9b66c874e1f64b7482468aa6c442a68d8edbd9c",
  "f0_stats": {
    "shape": [
      5
    ],
    "size": 5,
    "min": 0.5616304170223174,
    "max": 135.66336936032482,
    "mean": 28.552277384002217,
    "std": 53.56604268538035
  },
  "f1_stats": {
    "shape": [
      15
    ],
    "size": 15,
    "min": 0.010400619698025082,
    "max": 373.56722847056415,
    "mean": 52.001297957127676,
    "std": 118.30312219990316
  }
}