MODEL,PRED_DOCKQ
2OUX,0.8022762
2OUX_af2m,0.74751973
