MODEL,PRED_DOCKQ
1NA8_af2m,0.48409387
1NA8,0.20672521
