MODEL,PRED_DOCKQ
4XVV_af2m,0.5748371
4XVV,0.02038151
