{
  "f0_hash": "35706458a646c36ccd76d0dde435af2ebd1111c10d26105ae41497a63d1ba493",
  "f1_hash": "456a0fa2c49096281232cc0466301a41447719c5ddc997588374a53440282551",
  "f0_stats": {
    "shape": [
      5
    ],
    "size": 5,
    "min": 0.3965047259087942,
    "max": 154.99704029191048,
    "mean": 32.323407582348686,
    "std": 61.34506077915909
  },
  "f1_stats": {
    "shape": [
      15
    ],
    "size": 15,
    "min": 0.01041499986451111,
    "max": 464.8045129172286,
    "mean": 65.37325476873225,
    "std": 148.19236873794708
  }
}