{
  "hash": "ddf4c7465067863c42ae1593c74ba556cef63fb5d5fc00e8eb0796c0225674d9",
  "stats": {
    "shape": [
      114,
      114
    ],
    "size": 12996,
    "min": 0.0,
    "max": 15.4136235950054,
    "mean": 7.621573064484543,
    "std": 2.916329220920223
  }
}