{
  "f0_hash": "b72ed725830250cc792b273d050ca6701c0ca1d7d1668cf7144cba18be94a829",
  "f1_hash": "2b430d0b79dec45678d8298b2820dd88cad1fb0c989e60fd3ae45817fca1b38d",
  "f0_stats": {
    "shape": [
      5
    ],
    "size": 5,
    "min": 0.3150764248476047,
    "max": 164.81930880424116,
    "mean": 34.367296971291886,
    "std": 65.23779223442133
  },
  "f1_stats": {
    "shape": [
      15
    ],
    "size": 15,
    "min": 0.011597563917980835,
    "max": 415.9344213356811,
    "mean": 57.78471299941342,
    "std": 130.95645250205627
  }
}