MODEL,PRED_DOCKQ
5HXB_af2m,0.007651951
5HXB,0.0022573296
