MODEL,PRED_DOCKQ
1TBR_af2m,0.79159415
1TBR,0.00045568278
