{
  "count": 81,
  "ids_hash": "5d9699a60285172dfc750bf181a91470e91995e6e05b2bb3647079c1153bd082",
  "coords_hash": "0c87398ed8432d72266557f5132d93359601fc8eb1cf37118d8b8fa69a952cd5",
  "coords_stats": {
    "shape": [
      81,
      3
    ],
    "size": 243,
    "min": -19.61400032043457,
    "max": 78.3290023803711,
    "mean": 17.094979405035208,
    "std": 38.8324354090144
  }
}