{
  "hash": "9609c81a32066902dcc33369a8babdab1804ea70ed882b8c51ffd079be17fc8e",
  "stats": {
    "shape": [
      73,
      73
    ],
    "size": 5329,
    "min": 0.0,
    "max": 15.265709212966224,
    "mean": 7.3714618635870055,
    "std": 3.040307977616931
  }
}