{
  "count": 73,
  "ids_hash": "e66eeff768622b865cabd5f9ad6f12b0a5145646abe0bc5a5e2e1d57aa3b85b5",
  "coords_hash": "302a18e787c985cea150e3bf740588623140568ddd5999c6816bde92355d0db2",
  "coords_stats": {
    "shape": [
      73,
      3
    ],
    "size": 219,
    "min": -28.652999877929688,
    "max": 43.9379997253418,
    "mean": -1.1648173745908694,
    "std": 27.832089748696028
  }
}