{
  "hash": "dfef533f18194b57656982380c537e155324ab4d4e537b2d345cf6fb742ee633",
  "stats": {
    "shape": [
      95,
      95
    ],
    "size": 9025,
    "min": 0.0,
    "max": 15.496060663935781,
    "mean": 7.276541668861858,
    "std": 3.022533763565538
  }
}