{
  "count": 85,
  "ids_hash": "5d086ee8f1c766f331994e89984114880c182bcda39d5d6d763ea60ed7f5f7d8",
  "coords_hash": "c699d7ef8f50a7c0998c7fa7132803d238893373bbe25e4cc77fc4564cdbebc1",
  "coords_stats": {
    "shape": [
      85,
      3
    ],
    "size": 255,
    "min": 0.9789999723434448,
    "max": 73.37300109863281,
    "mean": 32.73597658708984,
    "std": 25.10236505003495
  }
}