{
  "count": 58,
  "ids_hash": "e24d4507118c296ebb48dd4892a064303b1f278f7d2be283158e74fdc58f1957",
  "coords_hash": "adcd5b7d9f2884a288bd0557c8543922ae6ab0549c427fd04284aef9be4a508b",
  "coords_stats": {
    "shape": [
      58,
      3
    ],
    "size": 174,
    "min": -48.551998138427734,
    "max": 67.6719970703125,
    "mean": 2.541344888593959,
    "std": 43.561344045917096
  }
}