{
  "hash": "ffb39a57a4a3f960d905f5f747cba23b68387fb888f4a9045c1b223f11eb638b",
  "stats": {
    "shape": [
      79,
      79
    ],
    "size": 6241,
    "min": 0.0,
    "max": 15.235603187618167,
    "mean": 7.267918065938327,
    "std": 2.990870167730504
  }
}