{
  "f0_hash": "ad99356292f737d31d4ab12da28b5721c50a5631e3d8e54a778396c2bbea4b65",
  "f1_hash": "0f56449dfef514b534e8f307a88bf6c92a9a1eeeb2991506abb60f4ae9c428b4",
  "f0_stats": {
    "shape": [
      5
    ],
    "size": 5,
    "min": 0.37268919544887025,
    "max": 120.65650179093227,
    "mean": 25.363417120542415,
    "std": 47.65419276507342
  },
  "f1_stats": {
    "shape": [
      15
    ],
    "size": 15,
    "min": 0.010364165922225332,
    "max": 273.69450612101747,
    "mean": 40.068387349513095,
    "std": 86.56286624453642
  }
}