{
  "hash": "c87285181b6127c7b38da2117ccfce2b5bc249fcc572446d3c9abae39dd39efb",
  "stats": {
    "shape": [
      95,
      95
    ],
    "size": 9025,
    "min": 0.0,
    "max": 14.95881822697122,
    "mean": 7.872602409375723,
    "std": 3.0581495119322253
  }
}