{
  "f0_hash": "c0643366128d55ddca2518c0dcf4f50a226ef028ac7b3a35f562b518f0f8cf97",
  "f1_hash": "7f01795ed3ac750042ab5081fc59b5205da7885cfd4e90adfd602ff4dbf3165d",
  "f0_stats": {
    "shape": [
      5
    ],
    "size": 5,
    "min": 0.5559507117594122,
    "max": 144.69082653955618,
    "mean": 30.401033955269117,
    "std": 57.15622831452068
  },
  "f1_stats": {
    "shape": [
      15
    ],
    "size": 15,
    "min": 0.010714292118827462,
    "max": 374.4797895944369,
    "mean": 52.247387784647955,
    "std": 118.03462069870346
  }
}