{
  "count": 57,
  "ids_hash": "32f7002af8cf79f253b4427c4bcc58f4c9d7c105365a6e37c60d53bc766e7595",
  "coords_hash": "c3a8d39db38674461d55cf6293b7e904f901453281cc2f23fd018787ce4fde33",
  "coords_stats": {
    "shape": [
      57,
      3
    ],
    "size": 171,
    "min": -10.946000099182129,
    "max": 22.514999389648438,
    "mean": 8.64546200395589,
    "std": 9.568956869548977
  }
}