{
  "f0_hash": "43278cbab21ef4db6657e0f5f5e6cc844d4fa8e321916985ef8988d6d7ac3b23",
  "f1_hash": "ea47920b741530b527b1422aae14e19be56330618ea595ae66bbe25b8605a7b3",
  "f0_stats": {
    "shape": [
      5
    ],
    "size": 5,
    "min": 0.523920474566896,
    "max": 175.14200595211025,
    "mean": 36.49368919502608,
    "std": 69.333571086193
  },
  "f1_stats": {
    "shape": [
      15
    ],
    "size": 15,
    "min": 0.011119891636729662,
    "max": 544.7456915568231,
    "mean": 75.30318488978061,
    "std": 171.60645206313913
  }
}