{
  "f0_hash": "45be0e9caac16ca7d4b35c4995c5b2199700682ce073d4a685dc505babb41ebc",
  "f1_hash": "969b84f01527967f9a41e4777a19cc9bdd8357be58eb24865ef68fed209daa0c",
  "f0_stats": {
    "shape": [
      5
    ],
    "size": 5,
    "min": 0.45052601710210743,
    "max": 172.41807100289938,
    "mean": 35.87039602597329,
    "std": 68.28239422875491
  },
  "f1_stats": {
    "shape": [
      15
    ],
    "size": 15,
    "min": 0.010834762182374114,
    "max": 558.6355913646935,
    "mean": 76.4814194248491,
    "std": 178.28683801112936
  }
}