{
  "count": 104,
  "ids_hash": "f248d4caed964599f7231488338122071124ebed2ece2d76e9c34b9ad087e88d",
  "coords_hash": "e652e18a645a0aa318e13f42b7d91f04f1f6c4a970755b71850aef1444d12986",
  "coords_stats": {
    "shape": [
      104,
      3
    ],
    "size": 312,
    "min": 4.984000205993652,
    "max": 43.87099838256836,
    "mean": 27.18852564921746,
    "std": 11.48504880252612
  }
}