{
  "f0_hash": "e6ce9f028ce3179214ae18574f6e3230e5c34ef6c99afd5ba3226ce94ccdfe47",
  "f1_hash": "c591bb89edd035d21b0f1551009ed7cc8b50936eb45bd397f0198f164b3e064b",
  "f0_stats": {
    "shape": [
      5
    ],
    "size": 5,
    "min": 0.5168597349321978,
    "max": 129.12404545048037,
    "mean": 27.232699343178105,
    "std": 50.95702192505917
  },
  "f1_stats": {
    "shape": [
      15
    ],
    "size": 15,
    "min": 0.01021056505595297,
    "max": 295.5654630605853,
    "mean": 42.59702940677424,
    "std": 92.48116267401029
  }
}