{
  "f0_hash": "707924257c8cadff82eaff914c2169b6d6ea27272179bae989f4f04788190948",
  "f1_hash": "df319bf3473d5941bae69faf36a9600db0ad8d9cac05d20bc77cb55f0ebb731b",
  "f0_stats": {
    "shape": [
      5
    ],
    "size": 5,
    "min": 0.3826435847552166,
    "max": 161.60977552999748,
    "mean": 33.67520550080413,
    "std": 63.976316624978715
  },
  "f1_stats": {
    "shape": [
      15
    ],
    "size": 15,
    "min": 0.010574847013820943,
    "max": 503.7745838529176,
    "mean": 69.48557031407863,
    "std": 159.85227449084041
  }
}