{
  "hash": "a377feb221bd4879e4d683718751551def96a247f8de445dc8877da17f844317",
  "stats": {
    "shape": [
      106,
      106
    ],
    "size": 11236,
    "min": 0.0,
    "max": 15.606758236971412,
    "mean": 7.867382005230699,
    "std": 3.011338832839334
  }
}