{
  "hash": "0fdd7efa781e3540047b4d0f6c741a7d8fd42a1257da69d088fa435547ef56d0",
  "stats": {
    "shape": [
      117,
      117
    ],
    "size": 13689,
    "min": 0.0,
    "max": 15.513130743138404,
    "mean": 7.9340128785424096,
    "std": 3.025315181159951
  }
}