MODEL,PRED_DOCKQ
2RC3_af2m,0.89587617
2RC3,0.8009421
