{
  "f0_hash": "688719dc488b1de04cad49e9bc49f9f8ad149356962d9787ce2d3f9c3ae3be0a",
  "f1_hash": "1fddf3ef7cf18513f9d7f742012fd8d885b9ae72e211227a513dddeb27bff052",
  "f0_stats": {
    "shape": [
      5
    ],
    "size": 5,
    "min": 0.5852547198287621,
    "max": 121.57513011966591,
    "mean": 25.7964035732863,
    "std": 47.9030566948625
  },
  "f1_stats": {
    "shape": [
      15
    ],
    "size": 15,
    "min": 0.010008916311619265,
    "max": 333.48556300762124,
    "mean": 47.106872970287974,
    "std": 106.06857851218888
  }
}