{
  "f0_hash": "e4f73e98edffe014d42618438d393e240d1bc9f3069ba770f66afff354d43c42",
  "f1_hash": "92e4671842248986c9d5b8af9db726ea15abc2b2b4b2236762428be8d42a4265",
  "f0_stats": {
    "shape": [
      5
    ],
    "size": 5,
    "min": 0.2728194749449863,
    "max": 142.10308064298488,
    "mean": 29.53102887758402,
    "std": 56.29175133743568
  },
  "f1_stats": {
    "shape": [
      15
    ],
    "size": 15,
    "min": 0.010595728433373974,
    "max": 400.3789537828254,
    "mean": 55.83251463548742,
    "std": 128.15673764823666
  }
}