{
  "f0_hash": "c528a1076b8deda36e1375e3c9b5d004224068e685be5d395fb04c5fcc507e46",
  "f1_hash": "d23bad681a6bb08a48a17b196c4c5458e7eaa209ce504ef28ce55fe321d36076",
  "f0_stats": {
    "shape": [
      5
    ],
    "size": 5,
    "min": 0.8024644089938905,
    "max": 96.66077446888717,
    "mean": 21.1107605312568,
    "std": 37.80728051877275
  },
  "f1_stats": {
    "shape": [
      15
    ],
    "size": 15,
    "min": 0.016886983383172627,
    "max": 190.52673242235832,
    "mean": 27.769483116488537,
    "std": 59.81859964355685
  }
}