{
  "f0_hash": "14c48e8c20795cd84875fa3fb33837c9bf984eff6cc8187e02197b5bda913592",
  "f1_hash": "84d59f340f40b85bd6a6c3d9a71994d6969611f8e451ac18188fc3ee06bc7c28",
  "f0_stats": {
    "shape": [
      5
    ],
    "size": 5,
    "min": 0.6343369196037907,
    "max": 127.86554666668528,
    "mean": 27.05614752763078,
    "std": 50.416816776946575
  },
  "f1_stats": {
    "shape": [
      15
    ],
    "size": 15,
    "min": 0.010369453158170394,
    "max": 345.9668018459103,
    "mean": 48.94661037937389,
    "std": 109.08857592198444
  }
}