{
  "hash": "a9a54f93e7c6ad7eba0af00e0323581fba5c3ced1bb3e20ca25de3e3cf099208",
  "stats": {
    "shape": [
      80,
      80
    ],
    "size": 6400,
    "min": 0.0,
    "max": 15.731194347168403,
    "mean": 7.784274783247565,
    "std": 3.0957234576648287
  }
}