{
  "hash": "e3e9a0071df720863b4fdc3c0927bae6cc84d66f72739e22038eb62254b922b1",
  "stats": {
    "shape": [
      96,
      96
    ],
    "size": 9216,
    "min": 0.0,
    "max": 15.161881348505267,
    "mean": 7.556783161939127,
    "std": 2.944360071943163
  }
}