{
  "count": 103,
  "ids_hash": "4408a9c44e1194ae88765b93956bef960571af7cefe14cca6a4c95d5eb08762a",
  "coords_hash": "a423138f4a60a3b1704d86066bb75ca3e2908c5b0ad93e41d014fac15b41cf9e",
  "coords_stats": {
    "shape": [
      103,
      3
    ],
    "size": 309,
    "min": -3.6500000953674316,
    "max": 39.6609992980957,
    "mean": 14.935391554428103,
    "std": 13.548835092695729
  }
}