MODEL,PRED_DOCKQ
1UTY_af2m,0.64682806
1UTY,0.068954155
