MODEL,PRED_DOCKQ
1EM8_af2m,0.8946357
1EM8,0.8905886
