{
  "hash": "6ee8609c1eeb00b395c17f4a25e2cd820b1d20b065970937deb1b864304adede",
  "stats": {
    "shape": [
      108,
      108
    ],
    "size": 11664,
    "min": 0.0,
    "max": 15.230075259143884,
    "mean": 7.80410628505048,
    "std": 2.9679558474842502
  }
}