MODEL,PRED_DOCKQ
5N6X,0.50494564
5N6X_af2m,0.09933127
