MODEL,PRED_DOCKQ
3BOQ,0.56753904
3BOQ_af2m,0.5657786
