{
  "hash": "ebd1baefa3a30cfe49e9c5f393f5e5b8ce4e13ae75086e200f8b178bdecdb29e",
  "stats": {
    "shape": [
      56,
      56
    ],
    "size": 3136,
    "min": 0.0,
    "max": 14.556933493087413,
    "mean": 6.214327170679361,
    "std": 2.589575113007494
  }
}