{
  "count": 90,
  "ids_hash": "5f203c78b5750ccf9227a9941db2ad56aa718b24e5a9e909ac70a4dfea5b3c07",
  "coords_hash": "bc4fe145591f2c0dcba43bf52283a28c09435ce9f2e38b62dced60a7440c07ab",
  "coords_stats": {
    "shape": [
      90,
      3
    ],
    "size": 270,
    "min": -25.53700065612793,
    "max": 24.988000869750977,
    "mean": -0.10644445364122038,
    "std": 15.079073099867443
  }
}