MODEL,PRED_DOCKQ
1Q6H_af2m,0.7315696
1Q6H,0.13858481
