{
  "f0_hash": "08a8dd5d5b566ab81eb88eeb56b98603ad8e97b3a39aaf02619be0a157952ea7",
  "f1_hash": "6d5124fd07c0332630c6bd04ee64523872d5f44dfd98d268f860ebe34e20055d",
  "f0_stats": {
    "shape": [
      5
    ],
    "size": 5,
    "min": 0.5640172524944665,
    "max": 143.32550561049746,
    "mean": 30.07299338871283,
    "std": 56.635494813778074
  },
  "f1_stats": {
    "shape": [
      15
    ],
    "size": 15,
    "min": 0.01039426339244276,
    "max": 387.0151491030335,
    "mean": 54.163706279377564,
    "std": 122.96087947638603
  }
}