{
  "count": 91,
  "ids_hash": "6a4db233a8787684f749fd3e3f645da68b6dbc133c8a97b758b92f5d41738cc6",
  "coords_hash": "01f3f38d82010f0bf5b5ecfe44415ff152a365641330627d65b595c6000f30bc",
  "coords_stats": {
    "shape": [
      91,
      3
    ],
    "size": 273,
    "min": -3.628000020980835,
    "max": 89.62300109863281,
    "mean": 32.233417595484234,
    "std": 36.223642641755625
  }
}