{
  "hash": "684cb60fe09d8b16fcaf4ddd2cd8c658a777de8f08f2e5285eb7214f9f1aae72",
  "stats": {
    "shape": [
      108,
      108
    ],
    "size": 11664,
    "min": 0.0,
    "max": 15.419019666512744,
    "mean": 7.692965462204355,
    "std": 2.939187100850216
  }
}