MODEL,PRED_DOCKQ
3F2I_af2m,0.4382667
3F2I,0.41056672
