{
  "count": 109,
  "ids_hash": "b465b85f2718b487276067a68eaf434a0c56f18afe197c136e38f16d2396776f",
  "coords_hash": "731591c88f1c68afe8cccf57d624727e0585e5e15648545f09248139755447b4",
  "coords_stats": {
    "shape": [
      109,
      3
    ],
    "size": 327,
    "min": 13.199000358581543,
    "max": 47.83000183105469,
    "mean": 28.136565707145483,
    "std": 9.87315456216729
  }
}