{
  "hash": "395eaf27990ea41e4ee127a9291e718117bc90f849449b67d35326794c36fe27",
  "stats": {
    "shape": [
      65,
      65
    ],
    "size": 4225,
    "min": 0.0,
    "max": 15.351043235893643,
    "mean": 6.82041745689991,
    "std": 2.910513921514631
  }
}