{
  "count": 96,
  "ids_hash": "cd7bb90a717582498b96ec389c97ea5c2606319f9a6b3c013800c9ee85b73bc3",
  "coords_hash": "2256c491e2adda4d8cd8ced93f223b6bc5821e3dd811852bebd48079239e73a6",
  "coords_stats": {
    "shape": [
      96,
      3
    ],
    "size": 288,
    "min": -13.440999984741211,
    "max": 11.9350004196167,
    "mean": -0.8517812627574636,
    "std": 6.604102581404035
  }
}