{
  "hash": "7d8064be73171aa8ace6234a399a89c39bfe3b1bdbef27c70363d08de0b0a4cd",
  "stats": {
    "shape": [
      103,
      103
    ],
    "size": 10609,
    "min": 0.0,
    "max": 15.941717654051521,
    "mean": 8.1902299646919,
    "std": 3.153457428904166
  }
}