{
  "count": 82,
  "ids_hash": "63d928027901d08ef9032b836474b61d4dd84c64bf7c02d508177f3e5a748293",
  "coords_hash": "16829ff896e7fe33ce9796bfd209d22b37f6ceca1fe9a9144330d7162cb4ef70",
  "coords_stats": {
    "shape": [
      82,
      3
    ],
    "size": 246,
    "min": 2.38100004196167,
    "max": 74.40699768066406,
    "mean": 33.86031714202912,
    "std": 25.409675881693985
  }
}