{
  "hash": "312970c8bd3de559f74226758edd9186927ba23ff0dc3f9af17943b9bdc5ca3d",
  "stats": {
    "shape": [
      90,
      90
    ],
    "size": 8100,
    "min": 0.0,
    "max": 15.38233615216031,
    "mean": 7.6376603270004,
    "std": 3.0665472476828297
  }
}