{
  "f0_hash": "23658c861be4ad1b0e334d3f8192b79cec472886087e7b37019fa1a18a439a0a",
  "f1_hash": "1dc235c4aefb63d6d3ea4b4b612c48c00e4a5368f6b06cc1014eeca8e4e14be6",
  "f0_stats": {
    "shape": [
      5
    ],
    "size": 5,
    "min": 0.3774686538439959,
    "max": 145.9920859955456,
    "mean": 30.606094828078547,
    "std": 57.70504437132141
  },
  "f1_stats": {
    "shape": [
      15
    ],
    "size": 15,
    "min": 0.010598505210211773,
    "max": 335.58204335471765,
    "mean": 47.039768217454096,
    "std": 106.10131542549563
  }
}