{
  "f0_hash": "e48e909590db0781dc3ff08b3cb582cfbbaa150a4b400abac5cc60ad0acfa118",
  "f1_hash": "d83f13ba6f42bc119434090c5bc319086d7070eadcacecc7f3aac61176244ad8",
  "f0_stats": {
    "shape": [
      5
    ],
    "size": 5,
    "min": 0.4207139822258668,
    "max": 163.55798571465567,
    "mean": 33.98670114218472,
    "std": 64.79424842489294
  },
  "f1_stats": {
    "shape": [
      15
    ],
    "size": 15,
    "min": 0.010003496504375597,
    "max": 461.81782122375705,
    "mean": 63.736912922050905,
    "std": 146.2819586888379
  }
}