{
  "count": 69,
  "ids_hash": "187ecae88d051449c9795703fc37723f47185d9c0cf4741024aa43f22686ca8b",
  "coords_hash": "1752d78c1f648d94798ac4acbf5699a24e4ccba6b223349019a667ead4118b8a",
  "coords_stats": {
    "shape": [
      69,
      3
    ],
    "size": 207,
    "min": -15.210000038146973,
    "max": 37.98500061035156,
    "mean": 13.29437199882839,
    "std": 17.8188255478032
  }
}