{
  "f0_hash": "3ab70d433c42d2510bf840453ae1179902d91ed9e4b26ddd84601733ef68d44d",
  "f1_hash": "4ddb9081fdd29f1697ea818b886b903e5aebfcff036bfd1c5ceb62ec5ea10625",
  "f0_stats": {
    "shape": [
      5
    ],
    "size": 5,
    "min": 0.5395570909558658,
    "max": 165.4974126488868,
    "mean": 34.59275807732565,
    "std": 65.46331507289275
  },
  "f1_stats": {
    "shape": [
      15
    ],
    "size": 15,
    "min": 0.011754551919341605,
    "max": 557.5756636926246,
    "mean": 76.98220895525647,
    "std": 178.83629320480225
  }
}