{
  "f0_hash": "54849043efe0dece721db7bafda0fb54f2163d16cf349687b254ea039694c1b1",
  "f1_hash": "3c7a613576407ced564bc465b7ed1cf279a22352e05c53a532fb474326d728ab",
  "f0_stats": {
    "shape": [
      5
    ],
    "size": 5,
    "min": 0.5131019696600435,
    "max": 133.55185337731814,
    "mean": 28.06620245578306,
    "std": 52.751741911822535
  },
  "f1_stats": {
    "shape": [
      15
    ],
    "size": 15,
    "min": 0.010040620918154275,
    "max": 385.69495473757013,
    "mean": 53.72191258804515,
    "std": 123.25611749724963
  }
}