MODEL,PRED_DOCKQ
5C6K,0.7821388
5C6K_af2m,0.7657411
