{
  "hash": "cc7e3f2f78dc7731a46afb52e946c28904852a0859ba87b4f8ac1b8641f54054",
  "stats": {
    "shape": [
      62,
      62
    ],
    "size": 3844,
    "min": 0.0,
    "max": 15.297133931429306,
    "mean": 6.728782535295835,
    "std": 2.8291705881694624
  }
}