{
  "f0_hash": "5f575361d2342b5f18ffab94be7e8f571d0ee6eafe4a73f6a79b802db3abd8c7",
  "f1_hash": "1d4c112f97a0d001ed11631ed1741af587230265154fc3c5cecee0a767ddb2f2",
  "f0_stats": {
    "shape": [
      5
    ],
    "size": 5,
    "min": 0.5280775700240813,
    "max": 50.27382079678523,
    "mean": 11.50158010458052,
    "std": 19.41920723118303
  },
  "f1_stats": {
    "shape": [
      15
    ],
    "size": 15,
    "min": 0.010262331581980533,
    "max": 87.16905634962718,
    "mean": 14.97773070989952,
    "std": 27.269120323273725
  }
}