{
  "hash": "f398d699cc9e2c1c2eaed0b82273d0a5a67e63d161fca332c3d3693b7422817c",
  "stats": {
    "shape": [
      98,
      98
    ],
    "size": 9604,
    "min": 0.0,
    "max": 15.29100770431756,
    "mean": 7.611191180320316,
    "std": 3.018300040238909
  }
}