{
  "hash": "8c9fbbc53865a2fa65ad97b3ee02228768c52a9b32ee8b4f1243e7a32d518b96",
  "stats": {
    "shape": [
      101,
      101
    ],
    "size": 10201,
    "min": 0.0,
    "max": 15.75724712879075,
    "mean": 8.077129958838983,
    "std": 3.1494670973816303
  }
}