{
  "count": 186,
  "ids_hash": "7753b635c462f914f988e5d19a96cd261229b317fce123634f4a47e07068dc02",
  "coords_hash": "bf2f8e1aeb8a41eccfdae50330df83672dc0cf3c2bf285bcbae8012fb907d3a2",
  "coords_stats": {
    "shape": [
      186,
      3
    ],
    "size": 558,
    "min": -30.868000030517578,
    "max": 35.9900016784668,
    "mean": -3.266976713706943,
    "std": 22.856886364126186
  }
}