{
  "hash": "a458a25aed9eb566ac3a9815f0db3620253f8786140acb6fda690f3766ad8928",
  "stats": {
    "shape": [
      80,
      80
    ],
    "size": 6400,
    "min": 0.0,
    "max": 15.531662566594596,
    "mean": 8.150513530752036,
    "std": 3.36965836961138
  }
}