{
  "f0_hash": "0ec1ee744a13cd85cf8f32c2ce6258a983e4a201b9f69031b4f1df92ea0b9236",
  "f1_hash": "b52974648640d81c1c84af8530e186ad3a6e581503ec58d181da1295c1fbf2cd",
  "f0_stats": {
    "shape": [
      5
    ],
    "size": 5,
    "min": 0.5910056399427227,
    "max": 172.51251355032278,
    "mean": 35.92593906054987,
    "std": 68.30097975231614
  },
  "f1_stats": {
    "shape": [
      15
    ],
    "size": 15,
    "min": 0.010052356536900175,
    "max": 581.4822202616654,
    "mean": 79.94973382153195,
    "std": 184.62131828071162
  }
}