MODEL,PRED_DOCKQ
2RL8,0.62697107
2RL8_af2m,0.08460497
