{
  "hash": "1b6e57c040e7ed5a22026cc9d29ce12e82b537526008d3595230468b15a04eb9",
  "stats": {
    "shape": [
      120,
      120
    ],
    "size": 14400,
    "min": 0.0,
    "max": 15.794636100198376,
    "mean": 8.063339549517003,
    "std": 3.0579127547073917
  }
}