{
  "f0_hash": "f6eaac344922d0527033d81f47a2466551ab9b108f8718bcea83f8156c81360e",
  "f1_hash": "dc03bc8e4b0b1927f827aceeb57533f8d9d8a8d0c4b0a9debde80f1958f4f3eb",
  "f0_stats": {
    "shape": [
      5
    ],
    "size": 5,
    "min": 0.6450773956684954,
    "max": 170.52588928395735,
    "mean": 35.57816776320054,
    "std": 67.48232015100655
  },
  "f1_stats": {
    "shape": [
      15
    ],
    "size": 15,
    "min": 0.011048734808328797,
    "max": 499.1064482381813,
    "mean": 69.27142177940404,
    "std": 157.17587590605052
  }
}