MODEL,PRED_DOCKQ
3KG0_af2m,0.81316733
3KG0,0.79315853
