{
  "f0_hash": "f3b290cd0d8d2b292dfe6e4bb5a8b0eecf21fd2b0ab15a2ec28161b19c357244",
  "f1_hash": "2d5fdadbb5ea571279a0be6d8d66164e377d67a85b77256d2e994f60bf9e5e80",
  "f0_stats": {
    "shape": [
      5
    ],
    "size": 5,
    "min": 0.49349912322197015,
    "max": 150.7011739593605,
    "mean": 31.547264047941177,
    "std": 59.586912345331214
  },
  "f1_stats": {
    "shape": [
      15
    ],
    "size": 15,
    "min": 0.011252712408211352,
    "max": 380.3223881658187,
    "mean": 52.923694873315334,
    "std": 120.23416778958695
  }
}