{
  "count": 65,
  "ids_hash": "ed6a992332cae7ae51e7b1e1c01102cd6bba17f55664b8a811828ab900dbd186",
  "coords_hash": "05eb183b0f0fd0511f076060677a72cb4d407e1e99c047cba8c0f716d9e666b9",
  "coords_stats": {
    "shape": [
      65,
      3
    ],
    "size": 195,
    "min": -11.144000053405762,
    "max": 51.16299819946289,
    "mean": 14.760461478393811,
    "std": 21.36211230800934
  }
}