MODEL,PRED_DOCKQ
3E8O_af2m,0.85741633
3E8O,0.35951388
