{
  "count": 111,
  "ids_hash": "87abb67879ba2116e02d6438a28de95a477b8e9307b37008d62d0c5d58fe32f3",
  "coords_hash": "55bae7dae1c95063af14ab3a5281a6e95b1bf75873076431bdeda0388b0b2b0b",
  "coords_stats": {
    "shape": [
      111,
      3
    ],
    "size": 333,
    "min": -15.567000389099121,
    "max": 21.305999755859375,
    "mean": 5.143204211472749,
    "std": 10.918079707767713
  }
}