{
  "f0_hash": "46c1f66147b59a9b4bf7845ced370827620a1bcfe641b5c906fd0323dc103649",
  "f1_hash": "31bcb521214fee27b7e072d8b3b73f1c7e4ecefeaf9bb2bd8f8ea004381245f3",
  "f0_stats": {
    "shape": [
      5
    ],
    "size": 5,
    "min": 0.5016380520181821,
    "max": 121.43235597724025,
    "mean": 25.708868510940192,
    "std": 47.87444145106562
  },
  "f1_stats": {
    "shape": [
      15
    ],
    "size": 15,
    "min": 0.010428468615300002,
    "max": 295.8172218100407,
    "mean": 42.135364203207615,
    "std": 93.56495176365739
  }
}