{
  "f0_hash": "66ab80e6c5b50d3d6c0109627f57f348b977066a5b881c743c66d269549b8c47",
  "f1_hash": "cf3af5f14caf259a577f3953a51e7a672d27d47c5f5cad86650317f83bd3eda9",
  "f0_stats": {
    "shape": [
      5
    ],
    "size": 5,
    "min": 0.5249612575961904,
    "max": 169.27479224768217,
    "mean": 35.284052251051854,
    "std": 67.00440640368902
  },
  "f1_stats": {
    "shape": [
      15
    ],
    "size": 15,
    "min": 0.010537642566106342,
    "max": 463.81179384735526,
    "mean": 64.33515097699983,
    "std": 146.71834476336642
  }
}