MODEL,PRED_DOCKQ
3L9F_af2m,0.8381622
3L9F,0.8318803
