MODEL,PRED_DOCKQ
1DJ8,0.9222235
1DJ8_af2m,0.91350245
