MODEL,PRED_DOCKQ
6C8R,0.9179004
6C8R_af2m,0.9087726
