{
  "hash": "bc887c762e964ca3046af7d8f19d91922a6d63f3957efb217fe7e88aff5ba8a7",
  "stats": {
    "shape": [
      118,
      118
    ],
    "size": 13924,
    "min": 0.0,
    "max": 15.683660587926015,
    "mean": 8.09010203880741,
    "std": 3.0587367819058158
  }
}