{
  "f0_hash": "8ba4272d6038d333c55ae46846161625ee9029d17908dbdae2fd80e1a06c23bd",
  "f1_hash": "a540dd079c6809999291dd93a784a789c28e0275c447b75becb1d20f005dc8f0",
  "f0_stats": {
    "shape": [
      5
    ],
    "size": 5,
    "min": 0.5680966941720316,
    "max": 137.1843164258199,
    "mean": 29.02227228360183,
    "std": 54.09793116317806
  },
  "f1_stats": {
    "shape": [
      15
    ],
    "size": 15,
    "min": 0.010003906040069843,
    "max": 359.8865324304927,
    "mean": 50.05528463684052,
    "std": 113.46065113596165
  }
}