MODEL,PRED_DOCKQ
2GE7_af2m,0.9239668
2GE7,0.86314815
