{
  "hash": "535da3c24709ec16910cf56c4129295f2a36143b4223c8cdfb5eb1e92ea0906b",
  "stats": {
    "shape": [
      227,
      227
    ],
    "size": 51529,
    "min": 0.0,
    "max": 15.649709126241524,
    "mean": 7.857994140017755,
    "std": 2.961925475815322
  }
}