{
  "hash": "40751c3123551f004f81f91c7ab7d189c22663fcb74bf00390934ca26c90a9bc",
  "stats": {
    "shape": [
      88,
      88
    ],
    "size": 7744,
    "min": 0.0,
    "max": 15.662229091574034,
    "mean": 7.741980739101748,
    "std": 3.0694218260021033
  }
}