{
  "f0_hash": "8f632ec79813af8d87a8e45b75fcd1d97333ee7d068539a1a00a2c0e45e9e12d",
  "f1_hash": "de44ac0159f6e46eb998cee0bac5b938b9c2dbc297d91239252e7b18d6091c3f",
  "f0_stats": {
    "shape": [
      5
    ],
    "size": 5,
    "min": 0.5504738162897902,
    "max": 138.86475356475907,
    "mean": 29.135007364795513,
    "std": 54.873264866000724
  },
  "f1_stats": {
    "shape": [
      15
    ],
    "size": 15,
    "min": 0.010597800941812174,
    "max": 350.2260917597009,
    "mean": 49.098061278600795,
    "std": 111.76564998581973
  }
}