{
  "f0_hash": "bf8da42250f0995f497ebb686db882c25fbd4d9d82db8115060e5d2523d10346",
  "f1_hash": "aa01d17a6cbdf3556a8abe004ed18820d87db7365a6b0a44686ddaa92d52e189",
  "f0_stats": {
    "shape": [
      5
    ],
    "size": 5,
    "min": 0.4960900947390235,
    "max": 183.25468894654944,
    "mean": 38.045710842668626,
    "std": 72.61216530515769
  },
  "f1_stats": {
    "shape": [
      15
    ],
    "size": 15,
    "min": 0.010162457404325309,
    "max": 610.2889639113121,
    "mean": 83.94333067755753,
    "std": 194.1043039265824
  }
}