{
  "f0_hash": "05bfa526abde2b88d63c12f0702766c7f08c598737cb30820b1d314a1afb2e40",
  "f1_hash": "2e0f9d36bd9fc77adb70ad6eb4cf9f660b926738b9e7eda51f4b0c036d755cfe",
  "f0_stats": {
    "shape": [
      5
    ],
    "size": 5,
    "min": 0.3233413899259621,
    "max": 218.28360450455222,
    "mean": 44.7046761163369,
    "std": 86.79523366685771
  },
  "f1_stats": {
    "shape": [
      15
    ],
    "size": 15,
    "min": 0.010148801230569049,
    "max": 585.4332680256034,
    "mean": 81.0668137467171,
    "std": 184.91469270062382
  }
}