MODEL,PRED_DOCKQ
4RK6_af2m,0.78753364
4RK6,0.7229656
