{
  "count": 107,
  "ids_hash": "88fa08753971f4b1396d278e55cdf09766eb942341b42162f047eed484db29a3",
  "coords_hash": "99b40f7b582147bd8beaf61e96fe0e1503111f721c9d9d8b36118e4d4fcd59e0",
  "coords_stats": {
    "shape": [
      107,
      3
    ],
    "size": 321,
    "min": -4.229000091552734,
    "max": 91.91400146484375,
    "mean": 38.04219015974898,
    "std": 35.06270303452217
  }
}