{
  "count": 112,
  "ids_hash": "0a0fef52068c42d133afb4e770a732269bf7c40e05d9762d2530f457ee840e1d",
  "coords_hash": "429be5150131dd34991d3fe0f595ff1f57f870361054183b513572c2f7926ae9",
  "coords_stats": {
    "shape": [
      112,
      3
    ],
    "size": 336,
    "min": -21.489999771118164,
    "max": 34.18199920654297,
    "mean": 13.39033335021564,
    "std": 19.868786887821727
  }
}