{
  "f0_hash": "25c95014984f72eac1d09b515c6b91983dcd1af574455f0f821195f3dc91ce17",
  "f1_hash": "131777dfd86bbf6dec14ad87b166841f3b034f9ba23dc3bbecd3176152574881",
  "f0_stats": {
    "shape": [
      5
    ],
    "size": 5,
    "min": 0.5020987597264314,
    "max": 169.8719952218388,
    "mean": 35.50625339820553,
    "std": 67.19593713530807
  },
  "f1_stats": {
    "shape": [
      15
    ],
    "size": 15,
    "min": 0.01060154913940492,
    "max": 510.5386477018594,
    "mean": 71.25575209382596,
    "std": 162.27428838314407
  }
}