{
  "count": 86,
  "ids_hash": "dc6e628ba76ae0c5a3f734fa1c6a0fad890b5553610ed05ff5d329907bbbb8db",
  "coords_hash": "f675ee2cbc8d7e6e93898475342c364234e09b6639282a5b01e2412783d84616",
  "coords_stats": {
    "shape": [
      86,
      3
    ],
    "size": 258,
    "min": 13.434000015258789,
    "max": 42.5359992980957,
    "mean": 24.723562066869217,
    "std": 8.180300654181053
  }
}