{
  "f0_hash": "6b7c1c0325f169f126bdbf4e08102b927aa5d5790a9ade770bf1792a0676fd63",
  "f1_hash": "077cb0b6d0fe6372aeb7982ae7e1f8c36fbefd4f996e26fd76be75630a9abfa2",
  "f0_stats": {
    "shape": [
      5
    ],
    "size": 5,
    "min": 0.5907842923501204,
    "max": 177.71190620488838,
    "mean": 36.96958185899626,
    "std": 70.3787166295206
  },
  "f1_stats": {
    "shape": [
      15
    ],
    "size": 15,
    "min": 0.010770152223482654,
    "max": 588.5812156874082,
    "mean": 81.20855808224032,
    "std": 186.41028657851177
  }
}