MODEL,PRED_DOCKQ
5TDY_af2m,0.7720152
5TDY,0.64455205
