MODEL,PRED_DOCKQ
2QKP,0.85072494
2QKP_af2m,0.8407016
