{
  "count": 113,
  "ids_hash": "f07a67045952847e92771c2c0920f3ce9ceddd0af2ca4b0ee8437e8765f9ca14",
  "coords_hash": "1825cefcca6c792a2a8d1b410063d8ea5067e9bcdb370e692100f70b1ed6841c",
  "coords_stats": {
    "shape": [
      113,
      3
    ],
    "size": 339,
    "min": -5.7230000495910645,
    "max": 36.39400100708008,
    "mean": 13.377188762446597,
    "std": 12.523822269022514
  }
}