{
  "hash": "074f946a8e159a0fbba42550cd4db880c7647c513e7061f1fc3ec785cd86035c",
  "stats": {
    "shape": [
      72,
      72
    ],
    "size": 5184,
    "min": 0.0,
    "max": 15.359963785248851,
    "mean": 7.03256247313705,
    "std": 2.9083960658260066
  }
}