MODEL,PRED_DOCKQ
4S1H_af2m,0.89842886
4S1H,0.8083139
