MODEL,PRED_DOCKQ
1RLB_af2m,0.040079884
1RLB,0.0058382223
