{
  "f0_hash": "e28ead73682c517ed8f62fc730b92793263cf289a4711208d57b809bbcc4182e",
  "f1_hash": "10feb066a84ecdf97f5315e2eb2cc39fea0f8eb5540055c88465389e05bcfe2a",
  "f0_stats": {
    "shape": [
      5
    ],
    "size": 5,
    "min": 0.36116402354248656,
    "max": 143.58000997527935,
    "mean": 30.08829556504633,
    "std": 56.75704884080173
  },
  "f1_stats": {
    "shape": [
      15
    ],
    "size": 15,
    "min": 0.010310617441597003,
    "max": 378.67118287498715,
    "mean": 52.65209084366284,
    "std": 120.01746666968435
  }
}