{
  "f0_hash": "ddd67805c1b1cd7e789d8e9e683816beda2c18767653ad14a5c96dd5e54d40a1",
  "f1_hash": "e37b248a0c9a7ec367bcf466421b7be9ddbcf644dc15654ef81d1f11d53617ae",
  "f0_stats": {
    "shape": [
      5
    ],
    "size": 5,
    "min": 0.3337801658301298,
    "max": 89.50738788572514,
    "mean": 19.217988251844226,
    "std": 35.16437909541945
  },
  "f1_stats": {
    "shape": [
      15
    ],
    "size": 15,
    "min": 0.010376627868690758,
    "max": 176.3249662734045,
    "mean": 27.037847404350483,
    "std": 55.20211283103684
  }
}