{
  "count": 108,
  "ids_hash": "90dffb519cb2999a1d84475531dd186060932643299c1177aed37aa4f2df1e15",
  "coords_hash": "ab69a3564cb18b51adf85865e98ac40e5d01c9bd69a0ee7760a4ef0e7ed1c551",
  "coords_stats": {
    "shape": [
      108,
      3
    ],
    "size": 324,
    "min": -19.308000564575195,
    "max": 28.448999404907227,
    "mean": 0.42803082837044826,
    "std": 15.015313557682
  }
}