MODEL,PRED_DOCKQ
4Q51_af2m,0.8588341
4Q51,0.8524666
