MODEL,PRED_DOCKQ
2FEX_af2m,0.8880933
2FEX,0.85296005
