{
  "f0_hash": "c1414c0be42a58ddec8533fa4787b479e6b6963658743025b1219adcb9aab025",
  "f1_hash": "3f3ee28a79d03f77eef539f6ad02891aea390a75212603d0ec6b50ffc25847d1",
  "f0_stats": {
    "shape": [
      5
    ],
    "size": 5,
    "min": 0.4429776237262051,
    "max": 135.10348232540997,
    "mean": 28.43349993174354,
    "std": 53.34723823039096
  },
  "f1_stats": {
    "shape": [
      15
    ],
    "size": 15,
    "min": 0.011096032734528194,
    "max": 362.3158731565436,
    "mean": 50.28033169929825,
    "std": 114.84502727688012
  }
}