{
  "count": 55,
  "ids_hash": "0fc7629eebb16b0000ea5e5ee9548135f90e44c955c9f9c0785d85bf4c6d493e",
  "coords_hash": "988dbc5f8e87793ca7ad2b4274c1ea07c2edb0b8de0548771a982d393079066f",
  "coords_stats": {
    "shape": [
      55,
      3
    ],
    "size": 165,
    "min": -51.569000244140625,
    "max": 31.437999725341797,
    "mean": 1.483678609674627,
    "std": 32.24090803418856
  }
}