{
  "f0_hash": "95aabab5cf75c92f414446c3faf05617282768ec4983674a3d6ca488b3991bf7",
  "f1_hash": "7415c83fca6a83034ce2fdebe245482498207032a99fa588f394817ed38d745f",
  "f0_stats": {
    "shape": [
      5
    ],
    "size": 5,
    "min": 0.46692686705027864,
    "max": 174.49669413883325,
    "mean": 36.30645797646278,
    "std": 69.10395544887626
  },
  "f1_stats": {
    "shape": [
      15
    ],
    "size": 15,
    "min": 0.01054770023185192,
    "max": 529.4342754338425,
    "mean": 73.1264761802359,
    "std": 168.18833981046845
  }
}