{
  "hash": "17d3bb16abbd8f9639f936d3e7fe9e01f0a5e857d12984a22ead77759ffd7f60",
  "stats": {
    "shape": [
      106,
      106
    ],
    "size": 11236,
    "min": 0.0,
    "max": 15.210735339955226,
    "mean": 7.959266400695043,
    "std": 3.0675445381371587
  }
}