{
  "count": 92,
  "ids_hash": "114eac6218427f05e7b2ef44a19274c073fe37cfa773e6664f914d9bead86df5",
  "coords_hash": "794d22b0cc9c52030ae6e93ae1b9901c8cc7b0a8843313ca12b19646a565d30d",
  "coords_stats": {
    "shape": [
      92,
      3
    ],
    "size": 276,
    "min": -29.865999221801758,
    "max": 74.96700286865234,
    "mean": 18.853779128496196,
    "std": 37.24995919633308
  }
}