{
  "hash": "11a82f01562e377e85f9628b6cbff052e52441847c3f7b15d96175e6b63413e8",
  "stats": {
    "shape": [
      108,
      108
    ],
    "size": 11664,
    "min": 0.0,
    "max": 15.168410870161846,
    "mean": 7.827946190732395,
    "std": 3.006963975778404
  }
}