{
  "f0_hash": "201ba54b7640f19fa36c8e2d615d22936c7b9f647eb9716615ae853f3cfa8ba8",
  "f1_hash": "d712d4084a04f1375fa50ba2c9948304f98fdff1c4b7cad2ef16e697a42b41c3",
  "f0_stats": {
    "shape": [
      5
    ],
    "size": 5,
    "min": 0.536542655813818,
    "max": 177.47825200648646,
    "mean": 36.921781331044166,
    "std": 70.28627991575867
  },
  "f1_stats": {
    "shape": [
      15
    ],
    "size": 15,
    "min": 0.01154648808748071,
    "max": 562.9792987721968,
    "mean": 77.53147258446272,
    "std": 177.78127966073578
  }
}