{
  "hash": "71ed242df29b98116934ed995bea814373f413593ac2668210e6472081f8b7d1",
  "stats": {
    "shape": [
      109,
      109
    ],
    "size": 11881,
    "min": 0.0,
    "max": 15.411212475668355,
    "mean": 7.885038767412665,
    "std": 3.0108042452887496
  }
}