MODEL,PRED_DOCKQ
2DM9,0.91295546
2DM9_af2m,0.8079628
