{
  "f0_hash": "85cb0c373c193a140ebb93999e2884ea8e010fd53446767e0c8cf9090a005232",
  "f1_hash": "f990037f6e60c14550006c9a9cb1bd4e29338d9c916951bab202999383d8a844",
  "f0_stats": {
    "shape": [
      5
    ],
    "size": 5,
    "min": 0.6079365180131049,
    "max": 178.44265991510332,
    "mean": 37.13603089792022,
    "std": 70.66135914509773
  },
  "f1_stats": {
    "shape": [
      15
    ],
    "size": 15,
    "min": 0.010400052196819054,
    "max": 581.6711911768543,
    "mean": 79.61509462357373,
    "std": 185.19791440713982
  }
}