{
  "hash": "37756e2164a1aba4a6049ee4dd91816538633d1ba62d2f53b1c7d7bff67fa958",
  "stats": {
    "shape": [
      96,
      96
    ],
    "size": 9216,
    "min": 0.0,
    "max": 15.706664041089946,
    "mean": 8.224812279474847,
    "std": 3.213438598522132
  }
}