MODEL,PRED_DOCKQ
6D3V_af2m,0.8787941
6D3V,0.760197
