MODEL,PRED_DOCKQ
3H8U_af2m,0.9418455
3H8U,0.8551395
