{
  "count": 79,
  "ids_hash": "b094fcae76bce160f06b270ab610e8a8fe089c932b97bde4d33ac77d6bf4645b",
  "coords_hash": "eebf7277f7e65c803c5d5f478abbdaeb04521365d7dbd5eb872c8af38092c437",
  "coords_stats": {
    "shape": [
      79,
      3
    ],
    "size": 237,
    "min": -19.417999267578125,
    "max": 27.979000091552734,
    "mean": 8.258586523402089,
    "std": 14.935095171137776
  }
}