{
  "hash": "c3214508e57585334f1dabb4e3f92ecd87f8cd2c66d5a0d44984564d8a3ab736",
  "stats": {
    "shape": [
      109,
      109
    ],
    "size": 11881,
    "min": 0.0,
    "max": 15.577290303192926,
    "mean": 8.012998623178712,
    "std": 3.058326521534437
  }
}