MODEL,PRED_DOCKQ
3DP7_af2m,0.7954163
3DP7,0.76457727
