MODEL,PRED_DOCKQ
2C0L_af2m,0.8017346
2C0L,0.02204928
