{
  "f0_hash": "94e6c1bb27a1f015f291668e0fd6645f783f9c05c4a9a59dd749aa75379ce0b3",
  "f1_hash": "b9c88c3bf3423670961cc7da2f832c93e117ce47be2eeeccabdc699bc639715c",
  "f0_stats": {
    "shape": [
      5
    ],
    "size": 5,
    "min": 0.4828460702653044,
    "max": 151.4647943683135,
    "mean": 31.589360554527968,
    "std": 59.94443731977385
  },
  "f1_stats": {
    "shape": [
      15
    ],
    "size": 15,
    "min": 0.010796930995143228,
    "max": 373.08170089930377,
    "mean": 51.54290346782532,
    "std": 118.10878192280417
  }
}