{
  "hash": "a2603ff42f7ef0773bd059f268de1f64c198e1a6f0de63fac5ffbf444017a9d8",
  "stats": {
    "shape": [
      112,
      112
    ],
    "size": 12544,
    "min": 0.0,
    "max": 15.420435369714184,
    "mean": 7.935507450756139,
    "std": 3.0381907127497674
  }
}