{
  "hash": "dff0a31b363ab3fc3a8a60fb2ffc3967be07f7afd874b9c01f435d5e64dfb13e",
  "stats": {
    "shape": [
      110,
      110
    ],
    "size": 12100,
    "min": 0.0,
    "max": 15.610655964553795,
    "mean": 7.816442571100034,
    "std": 2.9978425916663984
  }
}