MODEL,PRED_DOCKQ
1DPG,0.91309804
1DPG_af2m,0.89490616
