{
  "count": 79,
  "ids_hash": "d71437662a721e9d79c015fd72411cec8381f6c27a442731fda781d59f9be7b5",
  "coords_hash": "7008aede528a571245ac7f3f60e33ff54510bfceec85d1f4fab3686421d867da",
  "coords_stats": {
    "shape": [
      79,
      3
    ],
    "size": 237,
    "min": -19.683000564575195,
    "max": 22.927000045776367,
    "mean": 5.942168746819476,
    "std": 12.690508528693382
  }
}