{
  "f0_hash": "a138c134e3b0fb6521685eee3e3c490b0f8269cddc81b73c4e216a88422a3ec3",
  "f1_hash": "b5fbd7c922008a43d97ddf72e9097a4a1f22120015a2144df0957bb29f89c825",
  "f0_stats": {
    "shape": [
      5
    ],
    "size": 5,
    "min": 0.38039862999824126,
    "max": 142.6805738033405,
    "mean": 29.820146538395363,
    "std": 56.438305910643045
  },
  "f1_stats": {
    "shape": [
      15
    ],
    "size": 15,
    "min": 0.010599942544986085,
    "max": 401.31949485735095,
    "mean": 56.82928460744997,
    "std": 128.35284041943817
  }
}