{
  "f0_hash": "f0b484b151149c3da9a1e0a42cb43b7b483eba48403661c846359924d06e59b6",
  "f1_hash": "dc9d425f2d804c554259ed259e9d1901e9ca7dc1f0d04e35c692267bc7c8de0f",
  "f0_stats": {
    "shape": [
      5
    ],
    "size": 5,
    "min": 0.5025784666728257,
    "max": 145.85009441225856,
    "mean": 30.6382946481936,
    "std": 57.61826316858429
  },
  "f1_stats": {
    "shape": [
      15
    ],
    "size": 15,
    "min": 0.010347927664800416,
    "max": 387.99641784783313,
    "mean": 54.07826036639515,
    "std": 122.65359305598962
  }
}