{
  "hash": "833575159fe92914f50091d42aa6ec98d9cf3371e56abe05dea35a3c89c26076",
  "stats": {
    "shape": [
      91,
      91
    ],
    "size": 8281,
    "min": 0.0,
    "max": 15.395058485320156,
    "mean": 7.817147539812738,
    "std": 3.075568995671519
  }
}