{
  "count": 92,
  "ids_hash": "ecfa9d44402c4393de4357e73e7dd9c1946adf4f42740dcd136a65b77de2e45a",
  "coords_hash": "0462560da974a7b3b8eeeb58332dfb17b927ffa84a125da9df20fe42f8cd95f7",
  "coords_stats": {
    "shape": [
      92,
      3
    ],
    "size": 276,
    "min": -17.586000442504883,
    "max": 25.11199951171875,
    "mean": 4.513463785902233,
    "std": 12.585098884469907
  }
}