{
  "hash": "87b70f1fd35d98bef8f204d64314e05ca6213eb872160cd09b4d942396d4307c",
  "stats": {
    "shape": [
      91,
      91
    ],
    "size": 8281,
    "min": 0.0,
    "max": 15.583262244222512,
    "mean": 7.436902059826049,
    "std": 2.976688424006534
  }
}