{
  "hash": "333febf1e15d6bcefbe75c1d2aadf889dd8ab4f217267652e37bcfc507958aed",
  "stats": {
    "shape": [
      100,
      100
    ],
    "size": 10000,
    "min": 0.0,
    "max": 15.617484769692693,
    "mean": 8.206762016852695,
    "std": 3.2213886261373985
  }
}