MODEL,PRED_DOCKQ
3ROT_af2m,0.74750173
3ROT,0.39473596
