MODEL,PRED_DOCKQ
5TCS_af2m,0.13791887
5TCS,0.0001963625
