{
  "hash": "099c7f71e261762a6e29783c27b306dad1dd0f60d1778a6ccf28382f23fad1c9",
  "stats": {
    "shape": [
      76,
      76
    ],
    "size": 5776,
    "min": 0.0,
    "max": 15.207938659745237,
    "mean": 6.73177397570915,
    "std": 2.765158764354481
  }
}