MODEL,PRED_DOCKQ
2G84_af2m,0.8893545
2G84,0.87331617
