{
  "f0_hash": "78379a447e165912ef8a7dfb3221a3842375e3f0022c7f0707c703ff7f84ce1b",
  "f1_hash": "d94b88c546f0004df91b08986b225ee3e8a5c3da09d0687773927cb9001fefce",
  "f0_stats": {
    "shape": [
      5
    ],
    "size": 5,
    "min": 0.5843025614540092,
    "max": 151.19870985166474,
    "mean": 31.693533678487306,
    "std": 59.76246652472842
  },
  "f1_stats": {
    "shape": [
      15
    ],
    "size": 15,
    "min": 0.010296587895960663,
    "max": 473.28515560364457,
    "mean": 65.00292770971802,
    "std": 150.94691411805968
  }
}