{
  "count": 55,
  "ids_hash": "6e7f286497ce470998e12696504d659af647182eafb5b8c498a153b5cccd30cf",
  "coords_hash": "7870bade9ec6306b678320e418f46e787ece3febbfda1da1560a3cfe155873e2",
  "coords_stats": {
    "shape": [
      55,
      3
    ],
    "size": 165,
    "min": -18.85099983215332,
    "max": 92.36399841308594,
    "mean": 29.17302426135901,
    "std": 42.112101949691244
  }
}