{
  "f0_hash": "c4b654e1935a076e4cc1e2abed73d10f592f964334f9f41a24b15b91243f45be",
  "f1_hash": "f69fe3c4d58a3b8de3ae9b7cc1205e5b32802d79b970e34e460fc00e03d09913",
  "f0_stats": {
    "shape": [
      5
    ],
    "size": 5,
    "min": 0.4491033304581884,
    "max": 147.36303977935205,
    "mean": 30.867579570571213,
    "std": 58.258120554105524
  },
  "f1_stats": {
    "shape": [
      15
    ],
    "size": 15,
    "min": 0.013076767236136266,
    "max": 392.71379849220506,
    "mean": 55.16084168869596,
    "std": 123.878500628608
  }
}