{
  "count": 114,
  "ids_hash": "dd971c0c8c5182721b7f3d72a62931788245898ac99fe069534a521c03cff3b9",
  "coords_hash": "13a59f0ad9fed2d6e564fbe55c30a4fde8a00c501570a7d5b89079f19347ed9f",
  "coords_stats": {
    "shape": [
      114,
      3
    ],
    "size": 342,
    "min": 3.812999963760376,
    "max": 86.9520034790039,
    "mean": 40.49489480779882,
    "std": 29.498860099685114
  }
}