{
  "f0_hash": "9c265aef20361c328b5764190bee79dc340a5bed59eac7b78ed4ad07635222de",
  "f1_hash": "41421ea1911d87e3de060f4ad21cee3e0b226ac9de2d5a1d61afe0af95c0c956",
  "f0_stats": {
    "shape": [
      5
    ],
    "size": 5,
    "min": 0.5366839422677412,
    "max": 159.45744730365774,
    "mean": 33.27344706006513,
    "std": 63.099821943453776
  },
  "f1_stats": {
    "shape": [
      15
    ],
    "size": 15,
    "min": 0.010995933031805905,
    "max": 483.75327475539996,
    "mean": 66.90727542667415,
    "std": 152.8956151291953
  }
}