{
  "hash": "8510a8da77674e5b6a6084838be70a16b8dd9e292bc5b942390058e9c3780f1f",
  "stats": {
    "shape": [
      101,
      101
    ],
    "size": 10201,
    "min": 0.0,
    "max": 15.77863842490779,
    "mean": 7.908143701407131,
    "std": 3.0961569025988798
  }
}