MODEL,PRED_DOCKQ
1XGS,0.7849025
1XGS_af2m,0.008326005
