MODEL,PRED_DOCKQ
5N4K_af2m,0.66651094
5N4K,0.0011910014
