{
  "count": 86,
  "ids_hash": "367730bb5e7c1ef4da83a96f19397974498d31dc29d9f953370b802508919a5e",
  "coords_hash": "811ffbd88b646e06ceec56ebbdcfdb7135115ebc8cc5a9c0edddce27bbeeed97",
  "coords_stats": {
    "shape": [
      86,
      3
    ],
    "size": 258,
    "min": 1.2740000486373901,
    "max": 99.88200378417969,
    "mean": 41.12381401542545,
    "std": 37.31352313065007
  }
}