{
  "f0_hash": "5807b27cd98d8d5a0269d29a7305d3f6cfcf4704208282e42e21af54d091233b",
  "f1_hash": "b913d6edaa29a69708c63277e6e5f65de7476f6aca6fc40d8732d4f12b04d3fd",
  "f0_stats": {
    "shape": [
      5
    ],
    "size": 5,
    "min": 0.5063061672637174,
    "max": 126.44119914287012,
    "mean": 26.729159173903934,
    "std": 49.8690878984179
  },
  "f1_stats": {
    "shape": [
      15
    ],
    "size": 15,
    "min": 0.011570050523527442,
    "max": 326.3583813721542,
    "mean": 45.6895397107863,
    "std": 103.72283736727496
  }
}