{
  "hash": "a40b640fd5010d361bb1c7a418220ed0723cc0bca1cd0f7c897cac439ec9ee4e",
  "stats": {
    "shape": [
      101,
      101
    ],
    "size": 10201,
    "min": 0.0,
    "max": 15.262761142489548,
    "mean": 7.765037907062713,
    "std": 3.040191789182727
  }
}