{
  "count": 47,
  "ids_hash": "834d9d111c834fc4952043f1285922775c2fd724f147e7a5520f13b2c234d15b",
  "coords_hash": "c93cc13f4bcf7241bd1a784f31546c95c32ccfe0b467d53993f914754db93c69",
  "coords_stats": {
    "shape": [
      47,
      3
    ],
    "size": 141,
    "min": 10.45300006866455,
    "max": 63.97100067138672,
    "mean": 35.38813473992314,
    "std": 16.933912711563277
  }
}