{
  "hash": "77c9bef989070e936be87daa538d0b4d8cded30c60d61ea0e7814c2f5abc61ad",
  "stats": {
    "shape": [
      84,
      84
    ],
    "size": 7056,
    "min": 0.0,
    "max": 15.682942314187388,
    "mean": 7.652375972938473,
    "std": 3.0855238608918056
  }
}