{
  "count": 91,
  "ids_hash": "1292473d49f662e36761ebb5488f0285d79457e7715050b40efa5232e5390e29",
  "coords_hash": "030afb846bd7c0aae0a757771a613fa6a2af8d178e59104264dd0a9dec10b6b1",
  "coords_stats": {
    "shape": [
      91,
      3
    ],
    "size": 273,
    "min": -25.038000106811523,
    "max": 33.26499938964844,
    "mean": -1.119168485913958,
    "std": 19.42335632021464
  }
}