{
  "count": 67,
  "ids_hash": "09dd3db7c7b471817b398915bf3b122388e058473120def4518eba596eb6815e",
  "coords_hash": "7b47050fd1096e087fa611960c78ac4c55064d2685984c6b3b2f54642ebeeb5e",
  "coords_stats": {
    "shape": [
      67,
      3
    ],
    "size": 201,
    "min": 4.6479997634887695,
    "max": 43.654998779296875,
    "mean": 22.660278552800268,
    "std": 11.340872927493889
  }
}