{
  "hash": "5aee6a19ee9053654dc95973e11cd40fd3564ff89345abdc5d91ca4179ac041d",
  "stats": {
    "shape": [
      90,
      90
    ],
    "size": 8100,
    "min": 0.0,
    "max": 15.669924166419401,
    "mean": 7.7348539520135215,
    "std": 3.119724330169696
  }
}