{
  "hash": "f57292f67b43b855728af49fd73c085ae39530b42e2abd6509cbfdab03021e7a",
  "stats": {
    "shape": [
      96,
      96
    ],
    "size": 9216,
    "min": 0.0,
    "max": 15.49791494869915,
    "mean": 8.03415433377908,
    "std": 3.084046865830372
  }
}