{
  "f0_hash": "c61482167531d073a81bd0fb456a7aa156cc8d6e47297e704fc18cc51c2950da",
  "f1_hash": "d2d5e89f32498ba408e97f5280b1a85aa712c04a053285ab7a4074d67024a08f",
  "f0_stats": {
    "shape": [
      5
    ],
    "size": 5,
    "min": 0.4999051122639967,
    "max": 162.0856790233854,
    "mean": 33.8721029383736,
    "std": 64.11746949303075
  },
  "f1_stats": {
    "shape": [
      15
    ],
    "size": 15,
    "min": 0.01021056505595297,
    "max": 437.0393299526225,
    "mean": 61.34392907409177,
    "std": 138.59710828368853
  }
}