{
  "hash": "7ef3ebdc03a8f5e1dded877a979a3f88477652e425d6d71e24a71facd29afa16",
  "stats": {
    "shape": [
      111,
      111
    ],
    "size": 12321,
    "min": 0.0,
    "max": 15.563213280630151,
    "mean": 7.951152544410829,
    "std": 3.0436455101894264
  }
}