{
  "count": 152,
  "ids_hash": "b32b0d764c901128d79b7c83c7948b2465be69fce03e8fc65959986f27d20fb6",
  "coords_hash": "f906b882f74745cc11e327ffefe98ccc921ecba5dd1e8347764bc3167a2fd682",
  "coords_stats": {
    "shape": [
      152,
      3
    ],
    "size": 456,
    "min": -18.572999954223633,
    "max": 3.0280001163482666,
    "mean": -6.255379399795059,
    "std": 4.7967555132333235
  }
}