MODEL,PRED_DOCKQ
6E28,0.00982897
6E28_af2m,0.009770396
