{
  "hash": "860b340bf3956b098f851b7fbd2ae3f5740231a6c223f9140073bd9dc6197fa1",
  "stats": {
    "shape": [
      96,
      96
    ],
    "size": 9216,
    "min": 0.0,
    "max": 15.775055190953235,
    "mean": 7.684604371251767,
    "std": 3.020914149541441
  }
}