{
  "count": 108,
  "ids_hash": "476174e59096ef925756581e4bd7f0a33d2637195ddac91d03905a196f55e646",
  "coords_hash": "0c70452c1993cc82ed5a1d01f6bc7f61c58987b3ae0019a70ee091018d9b7db8",
  "coords_stats": {
    "shape": [
      108,
      3
    ],
    "size": 324,
    "min": -30.492000579833984,
    "max": 55.000999450683594,
    "mean": 1.4863703515794542,
    "std": 32.86431537988478
  }
}