MODEL,PRED_DOCKQ
4LNU_af2m,0.019135699
4LNU,0.0003325564
