{
  "f0_hash": "500f851833822e551cb2fc591002db66f95cd3f1df697b3d3e91dca933cb1a38",
  "f1_hash": "64197c157e11c5fca45266d0e109b09e3374a2111b2f8a54237ef89d37246e7b",
  "f0_stats": {
    "shape": [
      5
    ],
    "size": 5,
    "min": 0.20052774524349956,
    "max": 94.39022213228542,
    "mean": 19.973154883277278,
    "std": 37.216429616699564
  },
  "f1_stats": {
    "shape": [
      15
    ],
    "size": 15,
    "min": 0.010209725036078865,
    "max": 171.06367346661938,
    "mean": 24.432758889779254,
    "std": 52.9853513346941
  }
}