{
  "f0_hash": "53e5412c85749ad2ed3e285c7443dbf84cf82df1cceeeec1a626b0a7fe6555f6",
  "f1_hash": "f7d802025c474fff6aab8ecb5b3d6bef4f94488ab6efd4147a0f15687c8f21b7",
  "f0_stats": {
    "shape": [
      5
    ],
    "size": 5,
    "min": 0.5155184374895744,
    "max": 172.22780103536672,
    "mean": 35.981548218539686,
    "std": 68.13594927660417
  },
  "f1_stats": {
    "shape": [
      15
    ],
    "size": 15,
    "min": 0.010601549139401811,
    "max": 482.8025941835678,
    "mean": 67.12816733557146,
    "std": 152.74167899572944
  }
}