{
  "count": 55,
  "ids_hash": "2adf566b75882795ad9cd5b4d15a84e53c564e8df29760fb7be125a0de6757bc",
  "coords_hash": "982f19ccd03b2e09a4afb0af6116593e887912be15cae70f9ee11648aafd3ce6",
  "coords_stats": {
    "shape": [
      55,
      3
    ],
    "size": 165,
    "min": -12.376999855041504,
    "max": 35.0,
    "mean": 13.428545493068118,
    "std": 14.822752162837157
  }
}