{
  "hash": "8bbcc275f23b7bece87c559f1b1c82aa9581cb0efdc7dba6197f91e4a5274419",
  "stats": {
    "shape": [
      100,
      100
    ],
    "size": 10000,
    "min": 0.0,
    "max": 15.726863968489633,
    "mean": 7.634064181142869,
    "std": 2.999006882010111
  }
}