{
  "count": 95,
  "ids_hash": "748bde54c7c4b5053c2511ce2d1a2c905979cd65fcbf4f8d92dfbf0ebb8b8d8d",
  "coords_hash": "37e26ff9d306c97b1c86b97456a428866380188f6dd07778f082480e47b6bd64",
  "coords_stats": {
    "shape": [
      95,
      3
    ],
    "size": 285,
    "min": -35.14500045776367,
    "max": 42.27399826049805,
    "mean": -4.829887718066835,
    "std": 28.982093519690974
  }
}