{
  "hash": "5ab18180cb782e36e9c9c241f4e49bf2e7d20594edb92791e78bb85448dbefd1",
  "stats": {
    "shape": [
      91,
      91
    ],
    "size": 8281,
    "min": 0.0,
    "max": 15.650273794338695,
    "mean": 7.6062604192013294,
    "std": 3.0341206756812573
  }
}