{
  "count": 94,
  "ids_hash": "0987d25187bb2ba324471e33afda604aea66f95d146a7e0dcc77f8160c8461b9",
  "coords_hash": "3e5a02ba9b0a22d84819dd46ea9012eab72d39eca6e29a6dcd6d78f51c7de8f1",
  "coords_stats": {
    "shape": [
      94,
      3
    ],
    "size": 282,
    "min": -13.871999740600586,
    "max": 90.9749984741211,
    "mean": 29.294854519215036,
    "std": 39.7792615477461
  }
}