{
  "count": 112,
  "ids_hash": "bde445593afccca428f92dddd4265e13041a77dc07bdcb8192959167c9287aac",
  "coords_hash": "3608464a2625962c80c7b548f7a08abee774942845a5a81cb8ea9abec9951bb1",
  "coords_stats": {
    "shape": [
      112,
      3
    ],
    "size": 336,
    "min": -23.530000686645508,
    "max": 42.042999267578125,
    "mean": 9.183818503504707,
    "std": 21.16170243198341
  }
}