{
  "count": 85,
  "ids_hash": "51da61d915bcf0666052cd1ba283ab9f781936ba4cb58d2cb098cb42825194e7",
  "coords_hash": "83aac7c557f7b8dfa0cb21af677f3593e27a6183ea9082ba7722b4e99214c06e",
  "coords_stats": {
    "shape": [
      85,
      3
    ],
    "size": 255,
    "min": -1.7410000562667847,
    "max": 100.34200286865234,
    "mean": 41.92892942472416,
    "std": 37.87775579737073
  }
}