MODEL,PRED_DOCKQ
3K67_af2m,0.8946201
3K67,0.796915
