{
  "hash": "e1ef8dfbe879ce4f90bfd2621e37b9563ed69547fd03c62be7db073ee2830cab",
  "stats": {
    "shape": [
      92,
      92
    ],
    "size": 8464,
    "min": 0.0,
    "max": 15.339853148399811,
    "mean": 7.800053001605416,
    "std": 3.100372464385874
  }
}