{
  "f0_hash": "cc8a7e14530054ee1f43a78e9d69a16d337338e261140977b84c9ca8757edc25",
  "f1_hash": "bc0050b751d133049a67dc5ba747c1aa8e6d4b2d41aac0398c688d48ab59ace6",
  "f0_stats": {
    "shape": [
      5
    ],
    "size": 5,
    "min": 0.41430403655321885,
    "max": 170.78467919305544,
    "mean": 35.530379679733876,
    "std": 67.63595006072161
  },
  "f1_stats": {
    "shape": [
      15
    ],
    "size": 15,
    "min": 0.011172640555409341,
    "max": 501.6141790832851,
    "mean": 68.86019424573388,
    "std": 159.1308400865827
  }
}