{
  "count": 93,
  "ids_hash": "c291c7d7bc39580006d269a0e8bed87da85d62c242458999aab71fced6a28ff5",
  "coords_hash": "6750fb8a715943883e60c06862fd83e8239dd69e84beadaf3c8102c5a3054dd3",
  "coords_stats": {
    "shape": [
      93,
      3
    ],
    "size": 279,
    "min": -41.09199905395508,
    "max": 46.30500030517578,
    "mean": 2.2869391384731483,
    "std": 30.219525507140073
  }
}