{
  "hash": "ea1271420692782c2f944db54310d24fc36694a42a46958c5989b45b1db557d2",
  "stats": {
    "shape": [
      97,
      97
    ],
    "size": 9409,
    "min": 0.0,
    "max": 15.257454760055674,
    "mean": 7.791167285057287,
    "std": 3.119254779839796
  }
}