{
  "f0_hash": "3330cca42dab0f45be327b60ce7414f62cba672630066b2e404571c700462fe4",
  "f1_hash": "a040e563672b79e0bb11714c4f7820ae09f42098332b62bbe6afb4b75501bb94",
  "f0_stats": {
    "shape": [
      5
    ],
    "size": 5,
    "min": 0.3850204861364405,
    "max": 99.6483432705422,
    "mean": 21.227452196186327,
    "std": 39.22262022978005
  },
  "f1_stats": {
    "shape": [
      15
    ],
    "size": 15,
    "min": 0.01332469413333559,
    "max": 240.17539951544146,
    "mean": 34.36427581723999,
    "std": 77.20809862371884
  }
}