{
  "f0_hash": "cf204c75bc08eca5bdbbf618ff6ea8e74bd16dbf191d015832774eb81896872d",
  "f1_hash": "013bcf4f013450be62790521b79f9d13b9fc58c301729dc3190d4d84ce57703d",
  "f0_stats": {
    "shape": [
      5
    ],
    "size": 5,
    "min": 0.5823894282266674,
    "max": 168.83121443024106,
    "mean": 35.271406114098276,
    "std": 66.79049225821443
  },
  "f1_stats": {
    "shape": [
      15
    ],
    "size": 15,
    "min": 0.011738377255428922,
    "max": 581.5600636867864,
    "mean": 80.25495722091951,
    "std": 186.3035998113616
  }
}