{
  "hash": "434daef6b6ac97b77650d1c3749747afca61496218536779a87365ec3eb4d9b5",
  "stats": {
    "shape": [
      207,
      207
    ],
    "size": 42849,
    "min": 0.0,
    "max": 15.89466876167352,
    "mean": 8.025473046747738,
    "std": 3.0267411830350417
  }
}