{
  "count": 208,
  "ids_hash": "97e5b18cd2af6c1f7bc17cda7eb9f91a700881bfbfeeeae296ab327ae4c999b7",
  "coords_hash": "0ebe986123eed0bfb373bdd023889e6604cb0a7ea6fdd2b16f69ca60de1860b5",
  "coords_stats": {
    "shape": [
      208,
      3
    ],
    "size": 624,
    "min": -16.920000076293945,
    "max": 29.496000289916992,
    "mean": 5.030653822313746,
    "std": 13.678081668369767
  }
}