MODEL,PRED_DOCKQ
6JDH_af2m,0.92024255
6JDH,0.8831326
