{
  "count": 89,
  "ids_hash": "3f7e83532a6b1e4e68e8199e2bcb58f3e541ca015011d7426802f8eb31b83a56",
  "coords_hash": "1361ac84ff4004b9565e276e9df3d562a2348926984d6883d6e5c1421222adf6",
  "coords_stats": {
    "shape": [
      89,
      3
    ],
    "size": 267,
    "min": -15.21500015258789,
    "max": 74.27100372314453,
    "mean": 32.54496988866213,
    "std": 30.845730205036
  }
}