{
  "hash": "e722b020494441de5dd1de791294f254ec6787d31ca383cfc6ca5f43cd2de086",
  "stats": {
    "shape": [
      76,
      76
    ],
    "size": 5776,
    "min": 0.0,
    "max": 15.550191390255886,
    "mean": 7.45078221599426,
    "std": 3.0341941610336556
  }
}