MODEL,PRED_DOCKQ
4M1H_af2m,0.7836377
4M1H,0.6988634
