MODEL,PRED_DOCKQ
3LY1_af2m,0.8383075
3LY1,0.8209624
