MODEL,PRED_DOCKQ
3CWR_af2m,0.87501776
3CWR,0.6939804
