{
  "f0_hash": "8ef04639bd13ae09c4c8c381b019d6b48b7efa18719736a83889a3b1dc11aec6",
  "f1_hash": "deadef9f2840dec4a8aba5f4592b86ff90b61a391b4bd7c46382d09bcb10d3a1",
  "f0_stats": {
    "shape": [
      5
    ],
    "size": 5,
    "min": 0.35622511210243535,
    "max": 177.16714697024102,
    "mean": 36.82016951585854,
    "std": 70.18317280778572
  },
  "f1_stats": {
    "shape": [
      15
    ],
    "size": 15,
    "min": 0.011401838715191737,
    "max": 496.093872858533,
    "mean": 68.13428189998288,
    "std": 156.98134903298646
  }
}