{
  "hash": "6292380ae6a78228ade43c5598090c35f87992273439a53e1cb34de94757d7e6",
  "stats": {
    "shape": [
      61,
      61
    ],
    "size": 3721,
    "min": 0.0,
    "max": 15.396028602469192,
    "mean": 7.092478874123248,
    "std": 3.0308327830629476
  }
}