{
  "count": 94,
  "ids_hash": "11987445bbae1287d607f35b5683eff3d3b8eea88a088ab97044793ee2d9e5e5",
  "coords_hash": "6c9b8337103902c9ea051331d085eb6473c2670c0292d7ac935e1649161815a9",
  "coords_stats": {
    "shape": [
      94,
      3
    ],
    "size": 282,
    "min": -7.521999835968018,
    "max": 39.43199920654297,
    "mean": 11.945411348266276,
    "std": 14.055718033115442
  }
}