{
  "hash": "7c2dd78d06454e14f0b120af905452812c1c0b1269000d7885e16ed8034da482",
  "stats": {
    "shape": [
      116,
      116
    ],
    "size": 13456,
    "min": 0.0,
    "max": 15.559190451739703,
    "mean": 7.8059627540378385,
    "std": 2.9787037336574214
  }
}