{
  "count": 126,
  "ids_hash": "7ee25b73aa7b00e2e14d930066e502e4ba4dca101a9992cf7c1b34a48fb58ec5",
  "coords_hash": "4b0cbabb23796a2112ae677b4d843166701acd643c5781a8e93cf0f6ce9817d8",
  "coords_stats": {
    "shape": [
      126,
      3
    ],
    "size": 378,
    "min": -8.206999778747559,
    "max": 35.694000244140625,
    "mean": 18.806354490914455,
    "std": 14.728027046915937
  }
}