{
  "f0_hash": "678e11d093201daf79464a24349f531bb59e2b4545800ec2d16c2a841855d95b",
  "f1_hash": "27a2fa73ab21b2d9c2879b510bc09be3e13f867b2287e7ba4c972e477ede5606",
  "f0_stats": {
    "shape": [
      5
    ],
    "size": 5,
    "min": 0.3690758746362498,
    "max": 152.2953198959586,
    "mean": 31.79961726204586,
    "std": 60.25721263384247
  },
  "f1_stats": {
    "shape": [
      15
    ],
    "size": 15,
    "min": 0.01140724174490515,
    "max": 440.069108130478,
    "mean": 60.898267386958565,
    "std": 140.62567790688578
  }
}