{
  "hash": "614140e353a1cdfd8c8177cc8601df554b33091da83e8f73578ef29a991e94e4",
  "stats": {
    "shape": [
      109,
      109
    ],
    "size": 11881,
    "min": 0.0,
    "max": 15.801277357824196,
    "mean": 8.088932323811875,
    "std": 3.095175337130878
  }
}