{
  "f0_hash": "fe072b0600d5d8e0da9c83ec8bfbda23fb419c8274806e000a38a854d8b00902",
  "f1_hash": "9b8df0c0c11d5046a8595cdbc93860c8f5072809a7b78a737f998b9a95a7ab87",
  "f0_stats": {
    "shape": [
      5
    ],
    "size": 5,
    "min": 0.37931722511238986,
    "max": 141.1949686367495,
    "mean": 29.601020771465112,
    "std": 55.80764989514833
  },
  "f1_stats": {
    "shape": [
      15
    ],
    "size": 15,
    "min": 0.010529564660269664,
    "max": 323.44934222357927,
    "mean": 46.59546927742015,
    "std": 101.05713329340114
  }
}