{
  "f0_hash": "08b53d60e6709e15d862cc18b61b4a1e42bdc5d97d472861d9131ff015a2ede1",
  "f1_hash": "6845bcec3382d2938ecb932277f31ddade021310293c714232d4902d494aabee",
  "f0_stats": {
    "shape": [
      5
    ],
    "size": 5,
    "min": 0.5198414050257639,
    "max": 142.74952396136538,
    "mean": 30.03330306362256,
    "std": 56.3707672493311
  },
  "f1_stats": {
    "shape": [
      15
    ],
    "size": 15,
    "min": 0.010887110501274222,
    "max": 390.4273370961503,
    "mean": 54.662277274294524,
    "std": 124.02895860092713
  }
}