{
  "f0_hash": "12488a3f3505f5c94e9b89e54e519530a3a267bbde82b4f49357a399d4569cc8",
  "f1_hash": "08086b75afd3baf812fdcda088e6b96c908b7b613f5556708cba3301ab418a28",
  "f0_stats": {
    "shape": [
      5
    ],
    "size": 5,
    "min": 0.61715501481364,
    "max": 122.3162216114975,
    "mean": 25.953269400531713,
    "std": 48.19496703322897
  },
  "f1_stats": {
    "shape": [
      15
    ],
    "size": 15,
    "min": 0.010492332827386042,
    "max": 333.326122426187,
    "mean": 46.62301106622737,
    "std": 105.90945254120348
  }
}