{
  "count": 117,
  "ids_hash": "4dcf0b2e61093718848a75f8ff0db8c971e901bfa91fa3f8befd8c837c1ab2fc",
  "coords_hash": "9072aed7616865d8fe1bb29421a209c8c8da72521b0cd8f81a7ae0d395bc3303",
  "coords_stats": {
    "shape": [
      117,
      3
    ],
    "size": 351,
    "min": -5.689000129699707,
    "max": 93.76399993896484,
    "mean": 39.67708539896966,
    "std": 35.21498404218943
  }
}