{
  "count": 67,
  "ids_hash": "3af332a4044c1a744adb9ac7d6add8487818b7210e3b3ac21cae5d11560ca971",
  "coords_hash": "b02a242f3f5ee50d4b141fd75d6bfc154d2f0965f6d97be28c25d27e32c2fce3",
  "coords_stats": {
    "shape": [
      67,
      3
    ],
    "size": 201,
    "min": -0.20800000429153442,
    "max": 35.11000061035156,
    "mean": 20.9119949685178,
    "std": 11.971820002699856
  }
}