{
  "count": 95,
  "ids_hash": "3af6464aac67b20835fc2072a80ce4bd1301bf6a7a6bcd9920c55dd7410ce62e",
  "coords_hash": "9c9b7bdf7ce147cb67395a3bc02892b5f79102680cd7c8e0dcac32237a3bb991",
  "coords_stats": {
    "shape": [
      95,
      3
    ],
    "size": 285,
    "min": -7.479000091552734,
    "max": 59.13399887084961,
    "mean": 23.391301737202888,
    "std": 21.973770972302145
  }
}