MODEL,PRED_DOCKQ
4QLA_af2m,0.88994384
4QLA,0.87050325
