{
  "count": 109,
  "ids_hash": "7979bb63d4a2d61161519ef1e6e5d56ce7e87e0c9e94499325dd422780ef7151",
  "coords_hash": "61286d1d826f3917547ddb893b17e66e0cbb27d07b36e006ea034ea9b98d4fe0",
  "coords_stats": {
    "shape": [
      109,
      3
    ],
    "size": 327,
    "min": 4.5980000495910645,
    "max": 42.87099838256836,
    "mean": 21.89571252292085,
    "std": 10.530871645221275
  }
}