{
  "count": 110,
  "ids_hash": "5d4671833d082156edd7d755ca2c670076b51079894553123955b50633cff390",
  "coords_hash": "70054d72c8298f201471bc32d2f1ae90a500a82717fe46a3e6a278d58d2cc079",
  "coords_stats": {
    "shape": [
      110,
      3
    ],
    "size": 330,
    "min": -18.922000885009766,
    "max": 41.935001373291016,
    "mean": 14.073478802767667,
    "std": 19.911401241966928
  }
}