{
  "hash": "76a71ca290afb9a4f86216cf70ea43862f996c105746cf51e9730ad6f7272818",
  "stats": {
    "shape": [
      89,
      89
    ],
    "size": 7921,
    "min": 0.0,
    "max": 15.485112140210816,
    "mean": 7.656563490656351,
    "std": 3.052669669135103
  }
}