{
  "count": 89,
  "ids_hash": "d05aa9d02333a710bcdedfc743d7b043eb380c30fd20faebd2e4ecf60f254e64",
  "coords_hash": "bbd4f1057fa98516f5ae493a2e48c5b954763979273726493930a0a506951867",
  "coords_stats": {
    "shape": [
      89,
      3
    ],
    "size": 267,
    "min": -14.333000183105469,
    "max": 27.584999084472656,
    "mean": 8.652224711745921,
    "std": 11.862365388803388
  }
}