{
  "f0_hash": "8efa5467669f841a8f3ec77df8e3f35196154ed5a4839ef6537a0962acef8de9",
  "f1_hash": "f98a691aa87f6614fd9f49436dcd63e480e414c8e3b0f59d0d7d9143d8294264",
  "f0_stats": {
    "shape": [
      5
    ],
    "size": 5,
    "min": 0.4824346229732264,
    "max": 140.2477619231234,
    "mean": 29.422876339153184,
    "std": 55.42207353895935
  },
  "f1_stats": {
    "shape": [
      15
    ],
    "size": 15,
    "min": 0.013851591473525104,
    "max": 375.8693989352462,
    "mean": 52.99338735880121,
    "std": 118.64840094473743
  }
}