{
  "count": 91,
  "ids_hash": "9d3c05dc537c540ae8d2d5198ed323d959eb95fb7611726a98797a6d9623e92c",
  "coords_hash": "a5a9ff20a952e24625c809a53f75f7a052070ef90e84d960a049340aaa5743eb",
  "coords_stats": {
    "shape": [
      91,
      3
    ],
    "size": 273,
    "min": -31.490999221801758,
    "max": 57.44900131225586,
    "mean": 12.138406599834289,
    "std": 30.672104945838917
  }
}