{
  "hash": "83691bf1efe90046cd5982d0f4555f28f225ede0ed367953ff0d6bc7c84f4bc3",
  "stats": {
    "shape": [
      88,
      88
    ],
    "size": 7744,
    "min": 0.0,
    "max": 15.531245645408061,
    "mean": 7.68157411147238,
    "std": 3.063739886310254
  }
}