{
  "count": 91,
  "ids_hash": "43cc3c75556271d8fe99a1a5d7fa944d31ca6b09c5537a35e447afb0b3a6533d",
  "coords_hash": "1f9364f34f134340b7849b4badeaef3444a1273abd9be4b3c193074954e144ef",
  "coords_stats": {
    "shape": [
      91,
      3
    ],
    "size": 273,
    "min": -15.359999656677246,
    "max": 30.246999740600586,
    "mean": 6.928186873635857,
    "std": 13.511389147871224
  }
}