{
  "f0_hash": "f1b8744d5eb9a19fd5cf2e7b12f5a0db55408fad77bbb5b3a7091cb46bbd4a7b",
  "f1_hash": "7a6e9d5fe1689879adcf95f977fe3df8480aebcf1d616ce93a71994da97e546f",
  "f0_stats": {
    "shape": [
      5
    ],
    "size": 5,
    "min": 0.5402776591840369,
    "max": 167.8272959900927,
    "mean": 34.99423891651949,
    "std": 66.42528736193518
  },
  "f1_stats": {
    "shape": [
      15
    ],
    "size": 15,
    "min": 0.01253049232377279,
    "max": 530.1600117872475,
    "mean": 72.98165508359243,
    "std": 168.21139651311626
  }
}