MODEL,PRED_DOCKQ
1PG5,0.87723684
1PG5_af2m,0.871143
