MODEL,PRED_DOCKQ
2OU5_af2m,0.884961
2OU5,0.8145347
