{
  "hash": "befaf6b28a438fa7cb0c49ed98a9ace913d491869e53b5bbb2bd30873fda9e64",
  "stats": {
    "shape": [
      86,
      86
    ],
    "size": 7396,
    "min": 0.0,
    "max": 15.02338754553765,
    "mean": 7.349983513112887,
    "std": 2.936681823813526
  }
}