MODEL,PRED_DOCKQ
5MUX_af2m,0.90924305
5MUX,0.87398505
