MODEL,PRED_DOCKQ
3ULY_af2m,0.8773409
3ULY,0.0035009475
