{
  "count": 86,
  "ids_hash": "b72f87f301e66f01a8a0e935fa495b1f26d15a16957444750d8a5da427ef82ea",
  "coords_hash": "19200c7f028b3e3c247a2038285e1074bbe48e4d1336aa73d99f358aab74b756",
  "coords_stats": {
    "shape": [
      86,
      3
    ],
    "size": 258,
    "min": -20.549999237060547,
    "max": 40.983001708984375,
    "mean": 11.745050478351208,
    "std": 19.335006271688876
  }
}