MODEL,PRED_DOCKQ
2Q30,0.8176423
2Q30_af2m,0.7812472
