{
  "f0_hash": "2a17ee9b25d7cbceb989ed5e66f8c5f844bf08026c02aeb86dc183fffe87eb60",
  "f1_hash": "3de4e4854cf8625ac2fb01b83605bd9c05c66685eb744f4385652cd82be871ef",
  "f0_stats": {
    "shape": [
      5
    ],
    "size": 5,
    "min": 0.43463150891672836,
    "max": 162.15211054730085,
    "mean": 33.75681516251609,
    "std": 64.20520798591625
  },
  "f1_stats": {
    "shape": [
      15
    ],
    "size": 15,
    "min": 0.010152080184057333,
    "max": 463.4328940846742,
    "mean": 64.05902927190057,
    "std": 147.0134118200804
  }
}