{
  "count": 100,
  "ids_hash": "0a4e659dd0e3e5ad3fff75686c14fa84c3b8ba5a4381d355470e42cd07c84606",
  "coords_hash": "84da9a872cf9f6b9a98508fe60cdb71fd9ae00375de69060c162f126ea1a7365",
  "coords_stats": {
    "shape": [
      100,
      3
    ],
    "size": 300,
    "min": 8.420999526977539,
    "max": 44.066001892089844,
    "mean": 28.433303314844768,
    "std": 10.351480871033958
  }
}