{
  "hash": "dd4ee232a2e59ba94f4f82e46c566c40418da4bfb03743a6727bc788c6b9bfab",
  "stats": {
    "shape": [
      99,
      99
    ],
    "size": 9801,
    "min": 0.0,
    "max": 15.496992501382996,
    "mean": 7.726734586925622,
    "std": 3.0242638937779005
  }
}