MODEL,PRED_DOCKQ
4UI1_af2m,0.008489589
4UI1,5.989107e-05
