{
  "hash": "8f8924373d91d22a4bc0d495a3fae4f10519e18f389378c2d3eb4647882b0f7c",
  "stats": {
    "shape": [
      56,
      56
    ],
    "size": 3136,
    "min": 0.0,
    "max": 15.573923704788168,
    "mean": 6.403108751398233,
    "std": 2.7111631390593613
  }
}