MODEL,PRED_DOCKQ
1GZS_af2m,0.8897674
1GZS,0.59619814
