{
  "hash": "d59f8f7c5c68cf8e6367699ccca696797beaf30028a2d4e04fab340079bd8bb1",
  "stats": {
    "shape": [
      86,
      86
    ],
    "size": 7396,
    "min": 0.0,
    "max": 15.699566008111441,
    "mean": 7.56862992420213,
    "std": 3.0635910315730857
  }
}