{
  "hash": "dc090afbab78f61719ffff96b54990f42de3e78df7eaaa013ac3052c21bdc1e3",
  "stats": {
    "shape": [
      292,
      292
    ],
    "size": 85264,
    "min": 0.0,
    "max": 15.847117099503048,
    "mean": 8.1758372015502,
    "std": 3.0884002417525553
  }
}