{
  "count": 114,
  "ids_hash": "9263b781f3de0f1da1325578b71c6cd71753c1f45aa443b40c310981f7d27661",
  "coords_hash": "40a610c3526e850842bcc1bb680d8b7a05cc7f8bf35fa1d7fe801219912eeb15",
  "coords_stats": {
    "shape": [
      114,
      3
    ],
    "size": 342,
    "min": -11.211999893188477,
    "max": 85.66699981689453,
    "mean": 34.089546670222234,
    "std": 34.04596368973652
  }
}