MODEL,PRED_DOCKQ
3ZG1,0.80584043
3ZG1_af2m,0.7287311
