MODEL,PRED_DOCKQ
4DI3,0.27063736
4DI3_af2m,0.12970345
