{
  "f0_hash": "dfad51331d5d134788447240adbb2ffca91e466c2bf1e5e57da56a69b8d6bf06",
  "f1_hash": "6ef3b1e6744eb2cb5bc6dcf9bad9a14a69b9c16d7b62a7cdb5755b04cad068ea",
  "f0_stats": {
    "shape": [
      5
    ],
    "size": 5,
    "min": 0.40690401035248497,
    "max": 138.73481748147148,
    "mean": 29.051894730333334,
    "std": 54.85002744191503
  },
  "f1_stats": {
    "shape": [
      15
    ],
    "size": 15,
    "min": 0.012889493232213667,
    "max": 395.1891426779409,
    "mean": 54.589049298628645,
    "std": 125.27022823058789
  }
}