{
  "hash": "93f85a86b0c0f6926371b9756d9443ab6faa6cc7a942c3dcf29646a98419628a",
  "stats": {
    "shape": [
      201,
      201
    ],
    "size": 40401,
    "min": 0.0,
    "max": 15.73876661593983,
    "mean": 7.838566598441621,
    "std": 2.9673221121479645
  }
}