MODEL,PRED_DOCKQ
2C5A_af2m,0.9180021
2C5A,0.8529578
