{
  "count": 58,
  "ids_hash": "659c0b43d5da6266f67b679148cd8ae117759ef2a455fac43c8ae283b92f6a52",
  "coords_hash": "ff84d306c7f6c8f274da6f43106f7d0393101c2f6e7180801e2f8063eec565c7",
  "coords_stats": {
    "shape": [
      58,
      3
    ],
    "size": 174,
    "min": -19.538999557495117,
    "max": 22.902999877929688,
    "mean": 2.600321833097815,
    "std": 13.579492869630899
  }
}