MODEL,PRED_DOCKQ
3HX8_af2m,0.8509458
3HX8,0.74989283
