{
  "hash": "9691a26e646c9002d9031f30c7e2d4ec69ffebf940e8b47e4b66672ee9ea7917",
  "stats": {
    "shape": [
      82,
      82
    ],
    "size": 6724,
    "min": 0.0,
    "max": 15.74740421667849,
    "mean": 7.491286433520528,
    "std": 3.0345386033853194
  }
}