{
  "hash": "6ef28d6c2bb148e46c0ccd7e8e4e2697e438cfb505e3c0b3ab0b98924fae1609",
  "stats": {
    "shape": [
      104,
      104
    ],
    "size": 10816,
    "min": 0.0,
    "max": 15.423913480018937,
    "mean": 7.71329310320693,
    "std": 2.9755832274697043
  }
}