{
  "f0_hash": "d2565e9c7a408498d706df204ceda779b1f6ae6dc2940aa157e29146c656002a",
  "f1_hash": "79dad395ef18f658e4d4892e3889d87a7af08eaf5335b8f3d84f7773b2cc4fd6",
  "f0_stats": {
    "shape": [
      5
    ],
    "size": 5,
    "min": 0.5170140540694513,
    "max": 92.784684617612,
    "mean": 20.002466662422073,
    "std": 36.40943309388005
  },
  "f1_stats": {
    "shape": [
      15
    ],
    "size": 15,
    "min": 0.010172316618398902,
    "max": 202.9014322704228,
    "mean": 30.073082165915455,
    "std": 64.61297591300097
  }
}