{
  "hash": "eaaa34e196abfab921b39e655e00a49b9d8d9a9fdb2b256c5e88d402f63178f8",
  "stats": {
    "shape": [
      119,
      119
    ],
    "size": 14161,
    "min": 0.0,
    "max": 15.954220009750465,
    "mean": 8.255269616327958,
    "std": 3.140702380788622
  }
}