{
  "count": 90,
  "ids_hash": "87a0d1c203cb8c23cdc670322e1099876cb44e9e6e7d82749715aa74eede5f3d",
  "coords_hash": "25f104030472470a695af5a0a837c29447c2c0b92f1296c78a5f858abfe99643",
  "coords_stats": {
    "shape": [
      90,
      3
    ],
    "size": 270,
    "min": -13.704000473022461,
    "max": 25.05299949645996,
    "mean": 2.0036407476222076,
    "std": 11.728910440674607
  }
}