{
  "hash": "d64a58f6f3f3c0684d7e8668e12ce8de64bc68867801ed959ecc22cd9835f0ad",
  "stats": {
    "shape": [
      91,
      91
    ],
    "size": 8281,
    "min": 0.0,
    "max": 15.28003468223256,
    "mean": 7.612232815299774,
    "std": 2.9861413911882626
  }
}