MODEL,PRED_DOCKQ
3BJ6_af2m,0.7428932
3BJ6,0.44554088
