{
  "f0_hash": "ab1dba929850871a572be1ad404c29a022eb31a626d391190f15d3a68f7f0e6b",
  "f1_hash": "d56c796fe9e543133a238b356aeee109c87b90ac16603c9a49082248b2bd718e",
  "f0_stats": {
    "shape": [
      5
    ],
    "size": 5,
    "min": 0.48404513207742245,
    "max": 119.11768615789636,
    "mean": 25.232719479630084,
    "std": 46.95564514156744
  },
  "f1_stats": {
    "shape": [
      15
    ],
    "size": 15,
    "min": 0.011400233272612859,
    "max": 274.7453654698811,
    "mean": 38.58264224470667,
    "std": 86.78016256058847
  }
}