MODEL,PRED_DOCKQ
4Z6Y_af2m,0.7797051
4Z6Y,0.044758238
