{
  "count": 115,
  "ids_hash": "20cabdab099629198ac647532a944ce1a41446cce5824bbebe4281aba283975a",
  "coords_hash": "5a4a6e95a26cdd69a9f1ef4521db9a2bc6e1aa4206f431236d92831df7608617",
  "coords_stats": {
    "shape": [
      115,
      3
    ],
    "size": 345,
    "min": -19.638999938964844,
    "max": 40.547000885009766,
    "mean": 4.773434769049071,
    "std": 20.920398061583846
  }
}