{
  "hash": "e248a2190e326a191d0c709fb44600ed703f4de1388681378d0251c463198bda",
  "stats": {
    "shape": [
      112,
      112
    ],
    "size": 12544,
    "min": 0.0,
    "max": 15.365265021733292,
    "mean": 7.685746524280358,
    "std": 2.99505774274995
  }
}