MODEL,PRED_DOCKQ
1W33,0.8444752
1W33_af2m,0.23574777
