MODEL,PRED_DOCKQ
5WX8_af2m,0.6260847
5WX8,2.1515456e-05
