{
  "hash": "e84305c5ed30aa7a462e53ace16de4da0fad2d26b62b47049b4573ecad5bd01d",
  "stats": {
    "shape": [
      107,
      107
    ],
    "size": 11449,
    "min": 0.0,
    "max": 15.650798528787366,
    "mean": 7.990854464557755,
    "std": 3.0834294684904777
  }
}