{
  "hash": "b14b8f0bd290a720683fc8c0c83a063f0ac91176b896d6f9dcc26dc0cf71f34b",
  "stats": {
    "shape": [
      73,
      73
    ],
    "size": 5329,
    "min": 0.0,
    "max": 14.66135323006109,
    "mean": 6.672934390411547,
    "std": 2.7342315767100627
  }
}