MODEL,PRED_DOCKQ
2B0O_af2m,0.005071871
2B0O,0.0021488164
