{
  "f0_hash": "60ab0e416b0371dd75400b57bd696597f15c48047f6cb63e868348689b2ad74c",
  "f1_hash": "67a21fa0d8363ae3a52886efb11e68cc4abee9dd9b0ca6a050ad47d332c09676",
  "f0_stats": {
    "shape": [
      5
    ],
    "size": 5,
    "min": 0.4514084117676474,
    "max": 164.43379606814727,
    "mean": 34.33065114713312,
    "std": 65.06254650757299
  },
  "f1_stats": {
    "shape": [
      15
    ],
    "size": 15,
    "min": 0.01006463310162431,
    "max": 479.6093796689137,
    "mean": 66.17096677747423,
    "std": 152.50444389945443
  }
}