{
  "hash": "dacce0bf27f44fd094b99edf481dd2cafa4135c89f751a6160416ab8b8b7c290",
  "stats": {
    "shape": [
      113,
      113
    ],
    "size": 12769,
    "min": 0.0,
    "max": 15.827008138474074,
    "mean": 7.893412578144294,
    "std": 3.0058400152960054
  }
}