MODEL,PRED_DOCKQ
3BRC,0.79944247
3BRC_af2m,0.047126193
