{
  "hash": "b2fbfebc92db9aa6a1083a22adc54e04f9c5d3e701ad5d0927b17ae3e23ea76d",
  "stats": {
    "shape": [
      39,
      39
    ],
    "size": 1521,
    "min": 0.0,
    "max": 12.52057397055877,
    "mean": 5.687022243956424,
    "std": 2.6334215830922654
  }
}