{
  "hash": "e8f18b5af8e7c8734e2ba0b37ab9632e55ff61d6fa25a122919ab5eac996a626",
  "stats": {
    "shape": [
      67,
      67
    ],
    "size": 4489,
    "min": 0.0,
    "max": 15.011623573446471,
    "mean": 6.839395315562597,
    "std": 2.83417149366557
  }
}