{
  "count": 101,
  "ids_hash": "997f6a2bea9f39fb58c82ac05b120b9af75b74022e926bfd1d866e0af6c46e1f",
  "coords_hash": "b558f140f6e9a063e41a805258a7e1d3bf01205d0ba3a5e080bcf5f77c36bbe7",
  "coords_stats": {
    "shape": [
      101,
      3
    ],
    "size": 303,
    "min": 13.012999534606934,
    "max": 44.28799819946289,
    "mean": 30.974531296456213,
    "std": 8.357265289083347
  }
}