MODEL,PRED_DOCKQ
6CPB_af2m,0.7464441
6CPB,0.67786664
