{
  "hash": "551746765b947a6f44b7fac8cc2ae42edf88e8d7e61750c1077888e79d5abc68",
  "stats": {
    "shape": [
      86,
      86
    ],
    "size": 7396,
    "min": 0.0,
    "max": 15.390769992946721,
    "mean": 7.1212760897422065,
    "std": 2.8538299092066417
  }
}