{
  "hash": "b8ad487179f3fb24429a311bc28982f2a7416aaeba792b4e782f0baedc830a67",
  "stats": {
    "shape": [
      111,
      111
    ],
    "size": 12321,
    "min": 0.0,
    "max": 15.793141595423927,
    "mean": 8.162418771320917,
    "std": 3.112381338198328
  }
}