MODEL,PRED_DOCKQ
3I3W,0.912004
3I3W_af2m,0.9087055
