MODEL,PRED_DOCKQ
5HS7_af2m,0.8455065
5HS7,0.6750276
