{
  "hash": "20020e494e96e5e8d546ef035cf44a31a1b8676c4bac552dbca64bf52390b67d",
  "stats": {
    "shape": [
      91,
      91
    ],
    "size": 8281,
    "min": 0.0,
    "max": 15.64040025335758,
    "mean": 8.2205096466684,
    "std": 3.23156482604514
  }
}