{
  "f0_hash": "cd4a4fc9b8dfceddc2092a5ca1fe2bdbc56ac2695dbcfdf652f086fadbc90f97",
  "f1_hash": "4f09e7f122e2416473b90eb3751c466465a16ec95d62acddbbd56d74cb7fe782",
  "f0_stats": {
    "shape": [
      5
    ],
    "size": 5,
    "min": 0.5011271039903634,
    "max": 146.95288765566954,
    "mean": 30.780652251682636,
    "std": 58.09575678351337
  },
  "f1_stats": {
    "shape": [
      15
    ],
    "size": 15,
    "min": 0.010724348941083761,
    "max": 438.0632043782103,
    "mean": 60.569324996966664,
    "std": 140.03622782401774
  }
}