{
  "hash": "bb4a15a40d9de992f05ea7273d5c122085635a372d9044750f712713899250b8",
  "stats": {
    "shape": [
      111,
      111
    ],
    "size": 12321,
    "min": 0.0,
    "max": 15.456046563844266,
    "mean": 8.03052530378841,
    "std": 3.044876653316349
  }
}