{
  "count": 200,
  "ids_hash": "64bc9fa0205d690bd664d9ffe20b2cb42a45f810ce8aee7dbbc1f8138c48018a",
  "coords_hash": "e9895b1ddf1b1021bf2e9b188026c93fca09368ed1cd557ea1e1c2ac6c652cbf",
  "coords_stats": {
    "shape": [
      200,
      3
    ],
    "size": 600,
    "min": -19.655000686645508,
    "max": 22.714000701904297,
    "mean": 1.6935299935222914,
    "std": 11.920380703544236
  }
}