{
  "f0_hash": "7594ef97c254f9cfa5ea42bbe957b23e530b34f70c9c91709d431986b6e31a1d",
  "f1_hash": "ec7a80bfc17797ef0b7e4af9c98bf033ab317418a9252b8afb07e73ed8465095",
  "f0_stats": {
    "shape": [
      5
    ],
    "size": 5,
    "min": 0.6537464354365348,
    "max": 129.18375576651616,
    "mean": 27.31594150303082,
    "std": 50.94529971802437
  },
  "f1_stats": {
    "shape": [
      15
    ],
    "size": 15,
    "min": 0.0121060676108935,
    "max": 301.15378278297624,
    "mean": 43.77500471352331,
    "std": 94.21430587102344
  }
}