MODEL,PRED_DOCKQ
2YJN_af2m,0.8019127
2YJN,0.73459816
