{
  "hash": "5659f5091cecf126d062ceea6c73a7c2550e4a620ab36aba49653fff28ad6763",
  "stats": {
    "shape": [
      107,
      107
    ],
    "size": 11449,
    "min": 0.0,
    "max": 15.58422062609089,
    "mean": 7.933374834542565,
    "std": 3.032195244619441
  }
}