{
  "hash": "d9daf5842ee834470df33453a14b87e4910a170f1510164c6f22b2be201e79a2",
  "stats": {
    "shape": [
      109,
      109
    ],
    "size": 11881,
    "min": 0.0,
    "max": 15.715492937954087,
    "mean": 7.9938324986474445,
    "std": 3.058513465162317
  }
}