MODEL,PRED_DOCKQ
1Y0H,0.8660241
1Y0H_af2m,0.82945037
