{
  "count": 212,
  "ids_hash": "65f4a605264262c0f316c5412c209dd14137cf70fd9a99d463c709353d680af2",
  "coords_hash": "f7f530bf66e0998ccc4db95b5379d949a013c3c7db242478689c44e5aa90b512",
  "coords_stats": {
    "shape": [
      212,
      3
    ],
    "size": 636,
    "min": -20.89699935913086,
    "max": 4.827000141143799,
    "mean": -7.617963843358059,
    "std": 6.075428528151679
  }
}