{
  "f0_hash": "194fe611910a73a55af80bc730a624674ed52273253f7d1610f446ba4b378153",
  "f1_hash": "588367d496ea59396a9df3dbffd5d5b19a90cfd9f8829865ed41ee1342074493",
  "f0_stats": {
    "shape": [
      5
    ],
    "size": 5,
    "min": 0.26454243506635766,
    "max": 127.87348798057732,
    "mean": 26.73200549694039,
    "std": 50.57741373592343
  },
  "f1_stats": {
    "shape": [
      15
    ],
    "size": 15,
    "min": 0.01204972461889664,
    "max": 286.90030298932834,
    "mean": 40.95080034122278,
    "std": 90.1583651337285
  }
}