{
  "count": 107,
  "ids_hash": "9e4a540b0550a65894de2f82570f303b8e273d42097211cfb86a9a5a47d276ec",
  "coords_hash": "002556bd8b3362a97eb0d1f88323fdbbf90804fb6e4019e5f929ad884f545914",
  "coords_stats": {
    "shape": [
      107,
      3
    ],
    "size": 321,
    "min": -33.11800003051758,
    "max": 26.299999237060547,
    "mean": 0.813716502947228,
    "std": 20.087269047054065
  }
}