{
  "f0_hash": "cd312e247b368a81553c4b90a1d10a8cd1a5c4ff32e5b751b7d5c70c495c7a96",
  "f1_hash": "380ff1b3b8af29b673cfae8b05589881768a6692d3166ba92d407ec0387b7fed",
  "f0_stats": {
    "shape": [
      5
    ],
    "size": 5,
    "min": 0.46698039252485646,
    "max": 179.3316325390054,
    "mean": 37.189541220238524,
    "std": 71.08064233869491
  },
  "f1_stats": {
    "shape": [
      15
    ],
    "size": 15,
    "min": 0.010145975439365795,
    "max": 569.5931873913851,
    "mean": 78.22347041189138,
    "std": 180.74815936738702
  }
}