{
  "hash": "6bcf9c7792b9ee40ef0948d16e0f34fdc9eafec8ce4b502d3f2e6db5b9155a48",
  "stats": {
    "shape": [
      114,
      114
    ],
    "size": 12996,
    "min": 0.0,
    "max": 15.553715508795404,
    "mean": 8.114752429911805,
    "std": 3.086811766891909
  }
}