{
  "count": 153,
  "ids_hash": "23dfae06c8221eefbb32ba116cde155a0affc88dd1d307d3f3c3723849d95f72",
  "coords_hash": "638f53cd988e06574ed6ef8f8d18d2bc966633750709d8e77402bf05d668c5d4",
  "coords_stats": {
    "shape": [
      153,
      3
    ],
    "size": 459,
    "min": -17.35099983215332,
    "max": 16.423999786376953,
    "mean": 0.697342034210177,
    "std": 8.721501718261198
  }
}