{
  "count": 100,
  "ids_hash": "5504cc325c49b8b5a577bd19a4364d670229066d5d7bd40faaa4773df0060281",
  "coords_hash": "ae34ace030c78359b9edbe3874d562d468142457fa973668da3a2b629d254819",
  "coords_stats": {
    "shape": [
      100,
      3
    ],
    "size": 300,
    "min": -17.15399932861328,
    "max": 93.79900360107422,
    "mean": 33.352370041211444,
    "std": 40.443439219403544
  }
}