{
  "count": 91,
  "ids_hash": "c4d7636395a2c9cc1061718e35ad02f976dcbe1f02d0e0d8c7f552a98d4154c5",
  "coords_hash": "e3cc5ce1aad01b0443925decb1752a3dcd70cf828d370fa1a48ecc3455aca53f",
  "coords_stats": {
    "shape": [
      91,
      3
    ],
    "size": 273,
    "min": -17.44300079345703,
    "max": 43.10200119018555,
    "mean": 9.287765561463141,
    "std": 20.113247463895192
  }
}