MODEL,PRED_DOCKQ
3GVX_af2m,0.8891414
3GVX,0.87817436
