{
  "f0_hash": "5c940a13e0fb0a9d7db93b3a928a7afc541e573e0b0becd7cb08c6049126d160",
  "f1_hash": "d8b17feeac3e931e89280a43ce50219832b651b27f7393700dbb4bbbffa051e7",
  "f0_stats": {
    "shape": [
      5
    ],
    "size": 5,
    "min": 0.5481295572832424,
    "max": 117.61619670991817,
    "mean": 25.149802076749776,
    "std": 46.256561852507566
  },
  "f1_stats": {
    "shape": [
      15
    ],
    "size": 15,
    "min": 0.010182996682433831,
    "max": 330.41465229904156,
    "mean": 47.156719481192994,
    "std": 105.62778708805074
  }
}