{
  "count": 76,
  "ids_hash": "978edc2dfd5720d145de557677474e574d4a6abf61c4f08bac23c5dbafdf2246",
  "coords_hash": "f928ee095b4615be9d36d5e0b429c4e62e054cb93f0dc214350338b8ad3f3193",
  "coords_stats": {
    "shape": [
      76,
      3
    ],
    "size": 228,
    "min": 22.38599967956543,
    "max": 96.6719970703125,
    "mean": 49.78846051400168,
    "std": 28.49776656214735
  }
}