MODEL,PRED_DOCKQ
5AYQ_af2m,0.75158995
5AYQ,0.09244986
