{
  "count": 202,
  "ids_hash": "313699752661704956c1f267131737d3fa1362213b8a2117aaedd283fdccb208",
  "coords_hash": "76644f546950f0f45288a69272d87aa778dd4b04e0cebb37fc098ff27514160a",
  "coords_stats": {
    "shape": [
      202,
      3
    ],
    "size": 606,
    "min": -10.904000282287598,
    "max": 14.07800006866455,
    "mean": 2.7307194622099806,
    "std": 5.65739548715584
  }
}