MODEL,PRED_DOCKQ
5H34_af2m,0.81287056
5H34,0.792689
