{
  "hash": "c3a09a125be419d4e9b985894a52df931a409dcad11cd4f496fa504723ce20d0",
  "stats": {
    "shape": [
      115,
      115
    ],
    "size": 13225,
    "min": 0.0,
    "max": 15.376681956934155,
    "mean": 7.948078255086102,
    "std": 3.0058845567375
  }
}