MODEL,PRED_DOCKQ
2O3O,0.7358117
2O3O_af2m,0.7093519
