MODEL,PRED_DOCKQ
6C71_af2m,0.8884564
6C71,0.78283715
