MODEL,PRED_DOCKQ
5I1V_af2m,0.87378997
5I1V,0.87166697
