MODEL,PRED_DOCKQ
3GCG_af2m,0.75932884
3GCG,0.40794513
