{
  "count": 109,
  "ids_hash": "db9c337678d2915f35cbe2e8ae6be9641118866ad0d52c34ca8335a2261f2e6a",
  "coords_hash": "3858013d500b44ed6e0d0f2c49c5639c78c58cd184671246ea7b3b42fa81c24e",
  "coords_stats": {
    "shape": [
      109,
      3
    ],
    "size": 327,
    "min": -0.8489999771118164,
    "max": 47.16699981689453,
    "mean": 24.38305200029888,
    "std": 14.188126603149966
  }
}