{
  "hash": "223e979d5d979c831f89a46da20702c30a3ab8b1b4af00d79aaafe333ba1ff78",
  "stats": {
    "shape": [
      161,
      161
    ],
    "size": 25921,
    "min": 0.0,
    "max": 15.568661918678545,
    "mean": 7.517819067582518,
    "std": 2.95805285574916
  }
}