{
  "count": 95,
  "ids_hash": "b1672e7b7d9033cb915a087ae5b08dcca67d122058c25defc4faec0c2470ef0f",
  "coords_hash": "6be346cfc23cdf88b98b216291900178e7f15e921137023f3f494cbd9fc25c05",
  "coords_stats": {
    "shape": [
      95,
      3
    ],
    "size": 285,
    "min": -51.970001220703125,
    "max": 65.36000061035156,
    "mean": 15.767382377490662,
    "std": 44.32092270080628
  }
}