MODEL,PRED_DOCKQ
1Y9W,0.86042714
1Y9W_af2m,0.855065
