{
  "count": 60,
  "ids_hash": "3e9edc4063f4fb26e0ba379413c26f6f43d13acfc53e11743a6a7a78b5feb52c",
  "coords_hash": "5d4cfaf8a00f7dfeb438ec736b5addd6eadcbe5b605caf7df0c0d13a7ba96c15",
  "coords_stats": {
    "shape": [
      60,
      3
    ],
    "size": 180,
    "min": -5.304999828338623,
    "max": 38.75600051879883,
    "mean": 20.115616658329962,
    "std": 14.917403314816239
  }
}