MODEL,PRED_DOCKQ
3BL4,0.38891825
3BL4_af2m,0.14247827
