MODEL,PRED_DOCKQ
3HHL,0.7680429
3HHL_af2m,0.63320154
