{
  "f0_hash": "88be0f5f731308df7a5f4601bf5b66e3aa999ef76625c6373d34a86455c6f010",
  "f1_hash": "38b03b1ab0637a08e2081662e42fdac6dcba25a09549e4549cb7c9dad4116076",
  "f0_stats": {
    "shape": [
      5
    ],
    "size": 5,
    "min": 0.48484945790619693,
    "max": 129.19777401482486,
    "mean": 27.173151547037236,
    "std": 51.0213518273513
  },
  "f1_stats": {
    "shape": [
      15
    ],
    "size": 15,
    "min": 0.01106962717357618,
    "max": 336.26772824712623,
    "mean": 48.1314484584753,
    "std": 106.44768732300791
  }
}