{
  "count": 84,
  "ids_hash": "9c76706bd8be93f816d1c292009aeea9d68fe5aca496ac15837471b9db32dabb",
  "coords_hash": "6e79239c34076fc38ad582a9d49dc678d668df43eeb414bc500acdc87f4ba2e6",
  "coords_stats": {
    "shape": [
      84,
      3
    ],
    "size": 252,
    "min": -24.47100067138672,
    "max": 50.24300003051758,
    "mean": 13.276650830866798,
    "std": 25.053166243622297
  }
}