{
  "count": 110,
  "ids_hash": "a5dd12924792450f40270a045fef98cb473d4f1f9f2c129bc7f24ef3052ebe74",
  "coords_hash": "4adc75b40d0adf72f8740601b9a220e7883ee2b94cac9f0de984f5ad9082294a",
  "coords_stats": {
    "shape": [
      110,
      3
    ],
    "size": 330,
    "min": -2.3399999141693115,
    "max": 96.69300079345703,
    "mean": 39.96935446217205,
    "std": 35.86433821410252
  }
}