{
  "f0_hash": "7d8712cd944ecf58229b226608feadb116e53137453cab507ca87ab3a8bfe947",
  "f1_hash": "dc12705d4c1466c21589bb9a7ff78eed5601f24d49e64cb3ca69f646216a0067",
  "f0_stats": {
    "shape": [
      5
    ],
    "size": 5,
    "min": 0.5247842601268902,
    "max": 177.21706794740916,
    "mean": 36.89531612534422,
    "std": 70.17155473593286
  },
  "f1_stats": {
    "shape": [
      15
    ],
    "size": 15,
    "min": 0.014611006311683994,
    "max": 491.1328202794104,
    "mean": 68.30982111795835,
    "std": 154.8404597453919
  }
}