{
  "f0_hash": "3b78abf3af732a3d0ed10c4da0928a8e8f007f19023412f3229ebf4026139a58",
  "f1_hash": "28d4f378a75795d5a5966cbb78cb78bc4f25375f9bc4f0190d9ed1bfb031788e",
  "f0_stats": {
    "shape": [
      5
    ],
    "size": 5,
    "min": 0.6351685842053916,
    "max": 100.4113357750026,
    "mean": 21.56900438123277,
    "std": 39.437388843612226
  },
  "f1_stats": {
    "shape": [
      15
    ],
    "size": 15,
    "min": 0.01162502748652372,
    "max": 232.94910460171744,
    "mean": 33.754276251379466,
    "std": 74.38026406256044
  }
}