MODEL,PRED_DOCKQ
1Y7P_af2m,0.80718166
1Y7P,0.7471694
