{
  "hash": "23432e3d8194ee3586c3cb71a13a09e10743ad871745222b069da74a417cc5cc",
  "stats": {
    "shape": [
      111,
      111
    ],
    "size": 12321,
    "min": 0.0,
    "max": 15.815878996473643,
    "mean": 7.771314858073096,
    "std": 2.9971981308556264
  }
}