MODEL,PRED_DOCKQ
4NK4_af2m,0.88366175
4NK4,0.8230942
