{
  "hash": "2cfc7252fb4f4c4c89ed65998c3f8a4714d8c787d90823155765b89dd8c7221e",
  "stats": {
    "shape": [
      106,
      106
    ],
    "size": 11236,
    "min": 0.0,
    "max": 15.820607996644439,
    "mean": 7.947936753035298,
    "std": 3.0503811357955817
  }
}