{
  "count": 62,
  "ids_hash": "5acdfd6582e799a0aa28d5c835fcf5bfb5f5c90318484c9f64117554cc217848",
  "coords_hash": "337b4b3e198ae22e7ad14b844b98f61c9d76cd784a592d6aa355cb70c4161c7d",
  "coords_stats": {
    "shape": [
      62,
      3
    ],
    "size": 186,
    "min": 4.745999813079834,
    "max": 85.43000030517578,
    "mean": 42.81322058554618,
    "std": 28.11605304062841
  }
}