{
  "f0_hash": "f4f14ff8e6220c925f721afe1246cf2d44066a1f6a2b37ec53911732c7c74ae2",
  "f1_hash": "de8485d270dba889656cbc2a44bbf271cdf55e838f1012fe714f92338fa013dc",
  "f0_stats": {
    "shape": [
      5
    ],
    "size": 5,
    "min": 0.5245315787300245,
    "max": 133.7915033221729,
    "mean": 28.20466971911889,
    "std": 52.805401199948555
  },
  "f1_stats": {
    "shape": [
      15
    ],
    "size": 15,
    "min": 0.011944262024355723,
    "max": 303.12275926323724,
    "mean": 42.759337887351975,
    "std": 95.16020897816581
  }
}