{
  "hash": "74d62601aefdbbb4766f6417fa3848bbf2f694edff8e04d9821e9234ae6ebcc8",
  "stats": {
    "shape": [
      110,
      110
    ],
    "size": 12100,
    "min": 0.0,
    "max": 15.754195161896293,
    "mean": 8.375256287969071,
    "std": 3.1898146145370485
  }
}