{
  "hash": "0e0d738e0b28e27f97c233944e0e052e61ff3d66fc995f21808b09f9271e490d",
  "stats": {
    "shape": [
      100,
      100
    ],
    "size": 10000,
    "min": 0.0,
    "max": 15.50539165971242,
    "mean": 7.864997348890525,
    "std": 3.0489927821606084
  }
}