{
  "count": 64,
  "ids_hash": "27ce593c25e24c142d8affd8308b078ad5472137ca7f409140ad644ef6d3ff79",
  "coords_hash": "3373f6111136e7d38f39a8e346e7e77d4e4b8c0f6bf6b6c6eec7de87b9112233",
  "coords_stats": {
    "shape": [
      64,
      3
    ],
    "size": 192,
    "min": -9.932999610900879,
    "max": 22.990999221801758,
    "mean": 9.67569271568209,
    "std": 9.24925669412613
  }
}