{
  "hash": "a987c91555c88fa8d56587e01fad64e6e99d721b1eb153b3353687a834555fcd",
  "stats": {
    "shape": [
      104,
      104
    ],
    "size": 10816,
    "min": 0.0,
    "max": 15.626128334410923,
    "mean": 8.080165485070541,
    "std": 3.203633268015344
  }
}