{
  "count": 109,
  "ids_hash": "16f49aa324bf2d57b7f6eab39ee1bf376b3e12d60dc051132c8b67f40a335172",
  "coords_hash": "1732083c14ccc3d1a7f428dfa38f4789546a51f97718ceda38b7a384b06f373e",
  "coords_stats": {
    "shape": [
      109,
      3
    ],
    "size": 327,
    "min": -38.27799987792969,
    "max": 23.058000564575195,
    "mean": -1.3979877608996283,
    "std": 21.801376779953742
  }
}