{
  "count": 107,
  "ids_hash": "16059161f9fc3d143f38b7a995b1b0cfb44f9ebb282797044dacf5d188f5f5ec",
  "coords_hash": "39c9f84a53fbe064356bb28618de3dc26f9d782b9c5cb6530db48f687b466639",
  "coords_stats": {
    "shape": [
      107,
      3
    ],
    "size": 321,
    "min": -31.636999130249023,
    "max": 57.6510009765625,
    "mean": 18.12542989617939,
    "std": 31.873067906301436
  }
}