{
  "hash": "d946be633d67e4cad30f50f67595809447974fd1a0387c02619dd08e563dd624",
  "stats": {
    "shape": [
      98,
      98
    ],
    "size": 9604,
    "min": 0.0,
    "max": 15.742829701509324,
    "mean": 8.192719554012541,
    "std": 3.2725228282092336
  }
}