{
  "f0_hash": "a31b170f4dbe332f8a09dacce86f9fb1fc794c765526cde984dfa6266e9cf3c8",
  "f1_hash": "43f3f2dce477ef64df79c5fa004b56725b8681f1046573c57fb20206a5398a9c",
  "f0_stats": {
    "shape": [
      5
    ],
    "size": 5,
    "min": 0.3290043526104648,
    "max": 148.43473263984174,
    "mean": 30.937626493904503,
    "std": 58.756087130675176
  },
  "f1_stats": {
    "shape": [
      15
    ],
    "size": 15,
    "min": 0.010601161678300386,
    "max": 432.5193109604651,
    "mean": 60.272194737182645,
    "std": 138.11191200406546
  }
}