{
  "count": 109,
  "ids_hash": "a26a9a5299c8671b6641feec35b7b4a674c5186d1e963d90746beefd49aaad1b",
  "coords_hash": "40d324e8b637557392348bf02e62ad3e460925072953f31ed1f0cae83dcc928f",
  "coords_stats": {
    "shape": [
      109,
      3
    ],
    "size": 327,
    "min": -24.979999542236328,
    "max": 33.24399948120117,
    "mean": 8.763853216025442,
    "std": 19.386375134617992
  }
}