{
  "f0_hash": "d8de4410ea71f066fb1b24ef97c61310e8122b72e443b5464902d05586168a65",
  "f1_hash": "8323dd1d2430b0cb2d9646edfde08b905f33a52d4c8f6d242b2e35be1900b2e8",
  "f0_stats": {
    "shape": [
      5
    ],
    "size": 5,
    "min": 0.17051119457516223,
    "max": 255.70129495384927,
    "mean": 52.097973437323716,
    "std": 101.80630496378505
  },
  "f1_stats": {
    "shape": [
      15
    ],
    "size": 15,
    "min": 0.01065444378682906,
    "max": 597.3939167285291,
    "mean": 81.64952276915447,
    "std": 187.35586823799986
  }
}