{
  "count": 68,
  "ids_hash": "20e6288fe1f8dc164cc61045d43df9343e709d52a0e483bd76b88f453b9a02de",
  "coords_hash": "ff4a98288a905ae6e09209f5fa2af4ec3470608975757a1e601e2721253635cc",
  "coords_stats": {
    "shape": [
      68,
      3
    ],
    "size": 204,
    "min": -0.2639999985694885,
    "max": 91.39800262451172,
    "mean": 44.83045590961096,
    "std": 32.44443945199699
  }
}