{
  "f0_hash": "a043e9dbc82b5f09fa4b478ddfc1fa320dfdf651d29c81d95e9d17a3820749f7",
  "f1_hash": "a6e8377e4229f0b28ba2da2514dd1d575587a65c0a57ec28cce394ca565204a0",
  "f0_stats": {
    "shape": [
      5
    ],
    "size": 5,
    "min": 0.41036361964396,
    "max": 172.2614351876354,
    "mean": 35.79704607688883,
    "std": 68.23999510088328
  },
  "f1_stats": {
    "shape": [
      15
    ],
    "size": 15,
    "min": 0.010383834716450657,
    "max": 465.16296681241926,
    "mean": 64.28570144253611,
    "std": 147.00988620007752
  }
}