{
  "f0_hash": "9afb5bdde5c6ba29e6ed44ecb1f400ca420d8afcb55a206b4ce8db1cbed17564",
  "f1_hash": "3ee88fca89f1801ef0a00e1fcd8a403c659a9e1c72a810d3d566a82ec738b2f3",
  "f0_stats": {
    "shape": [
      5
    ],
    "size": 5,
    "min": 0.5203148267098835,
    "max": 139.60641644503045,
    "mean": 29.28555483995214,
    "std": 55.169585464521845
  },
  "f1_stats": {
    "shape": [
      15
    ],
    "size": 15,
    "min": 0.010663824146535106,
    "max": 413.9422573163787,
    "mean": 57.460250839856904,
    "std": 131.62854840662618
  }
}