{
  "count": 104,
  "ids_hash": "e87aa118421235dd84e2050e265b7b77c4958bf1575afcf7f6d0a22c7b3f02c1",
  "coords_hash": "c4effa0fdcb243a6ce25b7c068db253fcb63c79f029ea02398d74b3528136904",
  "coords_stats": {
    "shape": [
      104,
      3
    ],
    "size": 312,
    "min": -27.86199951171875,
    "max": 20.211999893188477,
    "mean": -1.4079294906188853,
    "std": 14.233870236330121
  }
}