{
  "f0_hash": "5fbde9e1276e5e6c3b2cc1a551d19412914d5f730ec95019dcbc3a0a57911e54",
  "f1_hash": "ecbf7c157f7ede9d51f9589161d0a753c71b1f355ba90d24530cd4fd9581d6e8",
  "f0_stats": {
    "shape": [
      5
    ],
    "size": 5,
    "min": 0.4860544077891584,
    "max": 142.42811949468933,
    "mean": 29.89534366308257,
    "std": 56.27701064773209
  },
  "f1_stats": {
    "shape": [
      15
    ],
    "size": 15,
    "min": 0.01027059448603751,
    "max": 361.75899850036086,
    "mean": 50.454366301985466,
    "std": 115.44951733357381
  }
}