{
  "hash": "18c336085384d5fd0d7fc5acab4848d6d15b3fe7441474c64bf6501a29a0077e",
  "stats": {
    "shape": [
      63,
      63
    ],
    "size": 3969,
    "min": 0.0,
    "max": 14.869151174264443,
    "mean": 6.7539741953587855,
    "std": 2.7721757644453144
  }
}