{
  "hash": "4dae792643de90cc7fc1350cf2005cc3099a51d0b5e5d2bd88a6146a5509a08b",
  "stats": {
    "shape": [
      61,
      61
    ],
    "size": 3721,
    "min": 0.0,
    "max": 15.476076842370926,
    "mean": 7.2559163543665415,
    "std": 3.153244840146926
  }
}