{
  "hash": "8ec0f764c037f33ea74e326772413498c4bccb007e2c8e68b42a39b61650a65b",
  "stats": {
    "shape": [
      128,
      128
    ],
    "size": 16384,
    "min": 0.0,
    "max": 15.615698230563613,
    "mean": 7.657549778393312,
    "std": 2.910663735396731
  }
}