MODEL,PRED_DOCKQ
4OBU_af2m,0.8713804
4OBU,0.72290295
