{
  "hash": "f19fd84edf37be06188ba1c77afeb1082eb214bd2ef67c15e3e491b1579e228b",
  "stats": {
    "shape": [
      122,
      122
    ],
    "size": 14884,
    "min": 0.0,
    "max": 15.635891004803522,
    "mean": 7.949011119062033,
    "std": 3.001472645399061
  }
}