{
  "hash": "76824485953027235f1e2c17940b26b9888d46ab09a83d96e6cfc2c6060ce877",
  "stats": {
    "shape": [
      107,
      107
    ],
    "size": 11449,
    "min": 0.0,
    "max": 15.749018145073473,
    "mean": 7.997036178104201,
    "std": 3.1182302473106325
  }
}