{
  "count": 79,
  "ids_hash": "87988d0711370d83f27410a3c45524a9d86d74eb2d2c20da4cbf14578797ce3c",
  "coords_hash": "b6a583783b724eea20f76863b87665f61abbe98c48fd646a5fb9cea80696f616",
  "coords_stats": {
    "shape": [
      79,
      3
    ],
    "size": 237,
    "min": -32.58300018310547,
    "max": 50.196998596191406,
    "mean": 12.438202491792445,
    "std": 28.506266426741785
  }
}