MODEL,PRED_DOCKQ
3MVG_af2m,0.040543705
3MVG,3.448019e-05
