{
  "count": 71,
  "ids_hash": "24a42ae43d9e219018296ac7fce0d0acbe5b87ae0c385f94a3db93779dbab586",
  "coords_hash": "00cef836b8ae64e040f277d7999a0b94c2415431331f10474b2b3c055d25e2d4",
  "coords_stats": {
    "shape": [
      71,
      3
    ],
    "size": 213,
    "min": -5.98199987411499,
    "max": 31.878000259399414,
    "mean": 11.030037584718963,
    "std": 11.598595577265124
  }
}