{
  "hash": "1fd0d57d6254ad1e631eba7252d745438be24df51e1eb162640cea04a312a6b4",
  "stats": {
    "shape": [
      118,
      118
    ],
    "size": 13924,
    "min": 0.0,
    "max": 15.7872600596542,
    "mean": 7.990870494534599,
    "std": 3.0438596303262035
  }
}