{
  "f0_hash": "70e9ea7565541105cb2ba3f56c260ee5919ff40d42b3db088d05598849c24b6b",
  "f1_hash": "df5381d8b34f3041385d6f3ad782045819527c8c6b04b198e32d3c4838b28209",
  "f0_stats": {
    "shape": [
      5
    ],
    "size": 5,
    "min": 0.4120139814256046,
    "max": 178.2436138679583,
    "mean": 36.99822017074054,
    "std": 70.63029058599733
  },
  "f1_stats": {
    "shape": [
      15
    ],
    "size": 15,
    "min": 0.01154648808748071,
    "max": 509.72643640559227,
    "mean": 70.48533287503628,
    "std": 160.3561269568015
  }
}