{
  "count": 97,
  "ids_hash": "437a114e93fbcbf863db7aa4091ad6bc19564b7261b178c42258acc5113cce4d",
  "coords_hash": "66098dbc0a25542188956dfce9492a2e3f8e5fc7350d27748f803d673b4ea019",
  "coords_stats": {
    "shape": [
      97,
      3
    ],
    "size": 291,
    "min": -9.135000228881836,
    "max": 16.70599937438965,
    "mean": 3.8677079090304494,
    "std": 6.198042517876321
  }
}