{
  "f0_hash": "cada242bd829bf6d9ce3a1651d341de2a624c4374263b366aeead807399838c1",
  "f1_hash": "4b786bccfafcfe413d4476c28c64ff9256fe5477b5c1921f54eb7ef8b311b7fd",
  "f0_stats": {
    "shape": [
      5
    ],
    "size": 5,
    "min": 0.46198228319711054,
    "max": 164.71264861493543,
    "mean": 34.37292920018475,
    "std": 65.17996088407087
  },
  "f1_stats": {
    "shape": [
      15
    ],
    "size": 15,
    "min": 0.010229149647003943,
    "max": 532.0176881995317,
    "mean": 73.53845450400621,
    "std": 169.51841318217177
  }
}