{
  "hash": "648ae53d5cfae25a6fe48277a1eb88f92c2dd2d30d405707c1a5d18d42c41cc8",
  "stats": {
    "shape": [
      103,
      103
    ],
    "size": 10609,
    "min": 0.0,
    "max": 15.561770465489385,
    "mean": 7.837572306268807,
    "std": 2.9908239247857074
  }
}