{
  "f0_hash": "e4988783e8ae43c829a84fa248eb72b24d727da163165c5dcf8d577879049b3a",
  "f1_hash": "6272dcf9f815a3c484c1753e7288c9686960959002affed03d4000436eb2af25",
  "f0_stats": {
    "shape": [
      5
    ],
    "size": 5,
    "min": 0.2224828693189317,
    "max": 285.0587164499277,
    "mean": 57.93872532209802,
    "std": 113.56274419720721
  },
  "f1_stats": {
    "shape": [
      15
    ],
    "size": 15,
    "min": 0.010494818316938881,
    "max": 625.0071767339509,
    "mean": 84.8926072650199,
    "std": 194.12277164806767
  }
}