{
  "count": 208,
  "ids_hash": "bb5872a5deac19c051a4e600042ea926847299ba2bfb63b24c03f8e45125ed55",
  "coords_hash": "355fd80da310ecb023663d2356969cf37192a83029166c91fad37f771bc6d66e",
  "coords_stats": {
    "shape": [
      208,
      3
    ],
    "size": 624,
    "min": -39.2239990234375,
    "max": 10.223999977111816,
    "mean": -16.086729184264698,
    "std": 15.03530903985323
  }
}