{
  "f0_hash": "45e81e11d8adf52c21d340bd524614f87afc7fde7607342da483f2a288f6c7bb",
  "f1_hash": "647224195552751e98b22d2a5212c659d6dfd3fd636b53c870a62257df4a34e9",
  "f0_stats": {
    "shape": [
      5
    ],
    "size": 5,
    "min": 0.5058085840030223,
    "max": 170.67714706531123,
    "mean": 35.552078223303795,
    "std": 67.57141855419273
  },
  "f1_stats": {
    "shape": [
      15
    ],
    "size": 15,
    "min": 0.011777854217985606,
    "max": 489.4514341908705,
    "mean": 67.5538776907909,
    "std": 154.14900649882733
  }
}