{
  "f0_hash": "8a522bcd34ec8016d6d07371ac12a858c6554dad89a6cd044e8da18397f23695",
  "f1_hash": "6796459df5bf3a19dd699104c5ac8c7d2fec90056a0a6a8cb5bcdbf8c5189f73",
  "f0_stats": {
    "shape": [
      5
    ],
    "size": 5,
    "min": 0.3274434053923517,
    "max": 138.683883102045,
    "mean": 28.984711123308283,
    "std": 54.86044464077956
  },
  "f1_stats": {
    "shape": [
      15
    ],
    "size": 15,
    "min": 0.010217938811101668,
    "max": 339.982673819588,
    "mean": 47.698559407496596,
    "std": 107.86706693821579
  }
}