{
  "f0_hash": "9b1602377b983944298b2363717676c19f45b7d90bf20ac3a019a70174f27861",
  "f1_hash": "78c8210dc598d1e964baa383a2a99a29df74a0a3daf5e2352d8ef3a02932ef91",
  "f0_stats": {
    "shape": [
      5
    ],
    "size": 5,
    "min": 0.3921720792593757,
    "max": 110.54094109280561,
    "mean": 23.466846390549385,
    "std": 43.5501561390312
  },
  "f1_stats": {
    "shape": [
      15
    ],
    "size": 15,
    "min": 0.011852464192477541,
    "max": 253.0730656221181,
    "mean": 37.01366182318222,
    "std": 79.7506412555332
  }
}