{
  "count": 89,
  "ids_hash": "fe891454f4266c705692dbb19a8938459e7421ac7a4f0782962d51ae9edc1556",
  "coords_hash": "c5f6726d8c62e7ec1e93c8892b55b0f39a25dc2a88cfe61b60c62fb5f83b8b1e",
  "coords_stats": {
    "shape": [
      89,
      3
    ],
    "size": 267,
    "min": -29.31800079345703,
    "max": 23.920000076293945,
    "mean": 3.2979138567206565,
    "std": 19.161941082014
  }
}