{
  "f0_hash": "aeed33014dd058e2d6419dc3ec653ef8fac806f17126026e5e62809d53758212",
  "f1_hash": "066626cbdb9b746515511260ed34b33dd40eb729c0578a26c829affbc1c5e8c3",
  "f0_stats": {
    "shape": [
      5
    ],
    "size": 5,
    "min": 0.5573647134199665,
    "max": 135.3340849241146,
    "mean": 28.687942924220614,
    "std": 53.34258457891875
  },
  "f1_stats": {
    "shape": [
      15
    ],
    "size": 15,
    "min": 0.01044706158509534,
    "max": 366.6815945246615,
    "mean": 54.08558454742245,
    "std": 115.97598653503962
  }
}