{
  "f0_hash": "6b68fb24ff31a450d56f6c89aac14e1f61e17696138332e6ff4fafce92750713",
  "f1_hash": "7692c46d3e728a53a8741ae5f918966144c7fc2fc21278ff94beeb3be5f48b3c",
  "f0_stats": {
    "shape": [
      5
    ],
    "size": 5,
    "min": 0.9662326619057587,
    "max": 94.07050354755083,
    "mean": 20.847799035073137,
    "std": 36.66084692118198
  },
  "f1_stats": {
    "shape": [
      15
    ],
    "size": 15,
    "min": 0.012007327413382729,
    "max": 249.97416482837892,
    "mean": 36.90318553897485,
    "std": 79.71864418525416
  }
}