MODEL,PRED_DOCKQ
2O4C_af2m,0.9017694
2O4C,0.8781809
