{
  "hash": "da3cbe09796c5bbf0f911df5e30b6a3e13846cf9ff13d2e10f20322130aa2b2d",
  "stats": {
    "shape": [
      85,
      85
    ],
    "size": 7225,
    "min": 0.0,
    "max": 15.465984491437249,
    "mean": 7.696552595517149,
    "std": 3.112314611463522
  }
}