MODEL,PRED_DOCKQ
3MZ1,0.9016638
3MZ1_af2m,0.73254985
