{
  "hash": "22077b0a318e31ba97a3a2bd3ddf90aec16dd3d1463746e5d44aa5d1156ed82f",
  "stats": {
    "shape": [
      95,
      95
    ],
    "size": 9025,
    "min": 0.0,
    "max": 15.414345555981097,
    "mean": 8.109611945878314,
    "std": 3.108195547445524
  }
}