{
  "f0_hash": "ead43cafe7fff0de1dedcac6f3908c1c8f6e6339cf96bc03222875b7ae27b7b1",
  "f1_hash": "c42deac4c96218790ba3471a6832321109bcb56177bb3dcc869d11e5cf5db9a0",
  "f0_stats": {
    "shape": [
      5
    ],
    "size": 5,
    "min": 0.4046077222719934,
    "max": 157.94757290564456,
    "mean": 32.94783189965385,
    "std": 62.50934368077488
  },
  "f1_stats": {
    "shape": [
      15
    ],
    "size": 15,
    "min": 0.010920149328558892,
    "max": 447.2506535858648,
    "mean": 62.95687075641418,
    "std": 142.40621926862863
  }
}