MODEL,PRED_DOCKQ
1LDK_af2m,0.021747958
1LDK,0.015156836
