{
  "hash": "164246b4d0df73538c248e9aa4637681f80b12cf4d8e3181e1716e968fca68da",
  "stats": {
    "shape": [
      53,
      53
    ],
    "size": 2809,
    "min": 0.0,
    "max": 15.307408155919562,
    "mean": 7.4443090302797845,
    "std": 3.1779223627384163
  }
}