{
  "f0_hash": "77180745c4aec553b285723554e9a51254fbc882e6511bf37a78d2ded1786916",
  "f1_hash": "069bb490fb459327fb94a9d40fc1b3e307a6b9d535dd078520ba5989003f3de3",
  "f0_stats": {
    "shape": [
      5
    ],
    "size": 5,
    "min": 0.7849040137922081,
    "max": 95.69208925816362,
    "mean": 20.6832857402364,
    "std": 37.519493264803636
  },
  "f1_stats": {
    "shape": [
      15
    ],
    "size": 15,
    "min": 0.010328888516142776,
    "max": 245.6856904236699,
    "mean": 36.418609691726225,
    "std": 77.64484697381107
  }
}