MODEL,PRED_DOCKQ
5NO5_af2m,0.16886942
5NO5,0.0036476278
