{
  "count": 107,
  "ids_hash": "5d7dfebc5b6fc115627214fd1eb2e1694e71c2d3efc3f1ab6613ec22da0755b7",
  "coords_hash": "07aab3854751a95f9b65edf77dbdf44fcc7db3c8c26466492ceefe2d84f71ef3",
  "coords_stats": {
    "shape": [
      107,
      3
    ],
    "size": 321,
    "min": -13.369999885559082,
    "max": 33.44300079345703,
    "mean": 12.417317729037128,
    "std": 14.371838138889169
  }
}