{
  "hash": "07a62798f72879bf55315b59377fdf372eac242e95768b1b794d455fe601d572",
  "stats": {
    "shape": [
      65,
      65
    ],
    "size": 4225,
    "min": 0.0,
    "max": 15.112032459927184,
    "mean": 7.441112969590359,
    "std": 3.1049091367853627
  }
}