{
  "count": 102,
  "ids_hash": "bed20f77b63594181bcb830f6331da6a59e75a73658aac7dbdd3dd0b8604a5ed",
  "coords_hash": "d5071eb64ce743c55ae56875e44ac9b77526cac1723e6ff6fd41287f3409b959",
  "coords_stats": {
    "shape": [
      102,
      3
    ],
    "size": 306,
    "min": -20.760000228881836,
    "max": 25.702999114990234,
    "mean": 3.4452483657917945,
    "std": 13.62022715515465
  }
}