{
  "hash": "7945e9086f023c54ca19a0bff95923d1d1957fcd99a2306a53dd62af8c19f4d4",
  "stats": {
    "shape": [
      62,
      62
    ],
    "size": 3844,
    "min": 0.0,
    "max": 14.948481954496168,
    "mean": 6.662405781939329,
    "std": 2.8595122414599308
  }
}