{
  "hash": "bec95ca6d7e8468e60efada410784b5b4ea8d4197c63ef979bd399edd6667fd6",
  "stats": {
    "shape": [
      123,
      123
    ],
    "size": 15129,
    "min": 0.0,
    "max": 15.530063388326226,
    "mean": 7.647923477782985,
    "std": 3.0512980547035884
  }
}