MODEL,PRED_DOCKQ
1EVX_af2m,0.89573675
1EVX,0.00013807492
