MODEL,PRED_DOCKQ
1NS5,0.86325955
1NS5_af2m,0.8066137
