{
  "count": 207,
  "ids_hash": "49634743baa7a71c55b2c14f5493bd813d3c57212cd84651d2006bb166cf48f6",
  "coords_hash": "6eee7fe80af6fc612e9147bfa46f40e6c43aad52e67250067a95f1eb4f77574d",
  "coords_stats": {
    "shape": [
      207,
      3
    ],
    "size": 621,
    "min": -12.444000244140625,
    "max": 7.270999908447266,
    "mean": -1.6560869589223017,
    "std": 4.016243899312175
  }
}