MODEL,PRED_DOCKQ
5L0X,0.89099646
5L0X_af2m,0.7783609
