{
  "hash": "b861df917e37d84c745ecf1bd5ca27a6b2eaf4130ab836dce2cdedfb92bea6cc",
  "stats": {
    "shape": [
      97,
      97
    ],
    "size": 9409,
    "min": 0.0,
    "max": 15.381202209066117,
    "mean": 7.676979537630225,
    "std": 3.088613952484047
  }
}