{
  "count": 84,
  "ids_hash": "2c55475edd2755eef9d7422a8314731af8e6905c858c449255f68b60cc4cdd70",
  "coords_hash": "5c24efc1abb48e03f2f965128c6089a26f5b3df903543afc660c95c7cd49af88",
  "coords_stats": {
    "shape": [
      84,
      3
    ],
    "size": 252,
    "min": 4.125999927520752,
    "max": 47.82400131225586,
    "mean": 26.407662724691725,
    "std": 12.685387246601358
  }
}