{
  "count": 83,
  "ids_hash": "b75954420bb7d9e679023f2a7da445e733e4621b572ff7d79185672a44145e89",
  "coords_hash": "22fb2b006e26846672ec4e2fd70a891c989c672595efe721f8766cd79e98e18d",
  "coords_stats": {
    "shape": [
      83,
      3
    ],
    "size": 249,
    "min": -45.2599983215332,
    "max": 53.130001068115234,
    "mean": 4.502987970549419,
    "std": 33.565071810106
  }
}