MODEL,PRED_DOCKQ
2AUA_af2m,0.83150446
2AUA,0.79208046
