MODEL,PRED_DOCKQ
3R2D_af2m,0.85792166
3R2D,0.10580314
