{
  "hash": "8d14bff1110082abd87574a3e1181317a18a4582d41933a542f3ca6b0afba5c2",
  "stats": {
    "shape": [
      115,
      115
    ],
    "size": 13225,
    "min": 0.0,
    "max": 15.488772402880265,
    "mean": 7.755991631618357,
    "std": 3.0074518352641406
  }
}