{
  "f0_hash": "665a54b414ffffcc8f30e1525797fd87524b3832463630c8e3c5e6073666bfac",
  "f1_hash": "d52ed9d816be2acd7058e3480d86913d36856583363d584acf094dd5882b4d4f",
  "f0_stats": {
    "shape": [
      5
    ],
    "size": 5,
    "min": 0.39769910433813993,
    "max": 187.15269853037086,
    "mean": 38.739466866802815,
    "std": 74.21307891641791
  },
  "f1_stats": {
    "shape": [
      15
    ],
    "size": 15,
    "min": 0.011031227536547838,
    "max": 476.58758707943497,
    "mean": 66.02027909282705,
    "std": 148.90043250121084
  }
}