{
  "hash": "ec71c777d0c8b63a0cffc84e12edd849419b2caebe4178df45511eaf29708625",
  "stats": {
    "shape": [
      100,
      100
    ],
    "size": 10000,
    "min": 0.0,
    "max": 15.510701073580293,
    "mean": 7.606098125236006,
    "std": 2.9808597416812317
  }
}