{
  "count": 92,
  "ids_hash": "dfe91575b987caadbf6275853a0ddc285fdf86e65a00b77fa86b4e2edd0a1ce8",
  "coords_hash": "ca1b5705cbe074a53963592d2d78acca36c09738a2a1485c7ab48a1cd5e5f50b",
  "coords_stats": {
    "shape": [
      92,
      3
    ],
    "size": 276,
    "min": 1.656000018119812,
    "max": 46.625999450683594,
    "mean": 22.2408224599085,
    "std": 13.988644591213061
  }
}