{
  "hash": "c3e36f1c2c87dacec50f72593d51042c466cdfaccf1d5631162e53ed8ebf57ae",
  "stats": {
    "shape": [
      95,
      95
    ],
    "size": 9025,
    "min": 0.0,
    "max": 15.566549586232117,
    "mean": 7.90205850726012,
    "std": 3.1586885298660916
  }
}