{
  "f0_hash": "cd4733be88d6363ef9c67c7003e8255820676e338c0da0cfed57c8d386bcebc3",
  "f1_hash": "b3d340b51d4662ac7fb79e3e3f5d22f5fda1c42e8637a08883b5ea9e82a693d7",
  "f0_stats": {
    "shape": [
      5
    ],
    "size": 5,
    "min": 0.31412052643367633,
    "max": 127.59100782920595,
    "mean": 26.75565491195494,
    "std": 50.42612769936831
  },
  "f1_stats": {
    "shape": [
      15
    ],
    "size": 15,
    "min": 0.010195426853619516,
    "max": 273.9093281882204,
    "mean": 38.69408103087719,
    "std": 85.89892539649841
  }
}