{
  "f0_hash": "80a0bb997122dcbfe86db924424d29fef30b42497a6b10dba3c39aa72b36ddce",
  "f1_hash": "3cb94d2b1d0d2be51a63ece3f02b2144a1609e956249d52977610ef885884037",
  "f0_stats": {
    "shape": [
      5
    ],
    "size": 5,
    "min": 0.5343303237130359,
    "max": 168.32398182053947,
    "mean": 35.08192178069755,
    "std": 66.62960512118158
  },
  "f1_stats": {
    "shape": [
      15
    ],
    "size": 15,
    "min": 0.010368572216796323,
    "max": 468.4932976903386,
    "mean": 64.55591062852106,
    "std": 148.2012902764396
  }
}