{
  "hash": "9b2e45c507beeefab78d0f813d9017ae39dfd38f41578c213f8cc2519a302c87",
  "stats": {
    "shape": [
      82,
      82
    ],
    "size": 6724,
    "min": 0.0,
    "max": 15.08915631325465,
    "mean": 7.212754354099742,
    "std": 2.8742299595697993
  }
}