{
  "count": 119,
  "ids_hash": "a2e5133fad0562b6fddb4bbb99fe1cb20d90bcac2433c443b75d0c907d78465a",
  "coords_hash": "73a7a1f94f24953f191e1fb20f71422754fe411f19c1a4c36de79cdc02ab5f4e",
  "coords_stats": {
    "shape": [
      119,
      3
    ],
    "size": 357,
    "min": -43.04100036621094,
    "max": 64.18800354003906,
    "mean": 6.252097996280474,
    "std": 38.68955350423404
  }
}