MODEL,PRED_DOCKQ
3OP1_af2m,0.3756603
3OP1,0.33164567
