{
  "count": 116,
  "ids_hash": "e00ca98006300d09c5591d00f969d153c0cc38108b6c7c8ee007fa4be11820f4",
  "coords_hash": "934f993dac438055166ad83b70c557147c20e2020fb84245faef9e063c25f39d",
  "coords_stats": {
    "shape": [
      116,
      3
    ],
    "size": 348,
    "min": -53.20600128173828,
    "max": 12.54800033569336,
    "mean": -17.7515229821719,
    "std": 21.704639599373323
  }
}