{
  "f0_hash": "a00a2e9622ebed4a766d09a5b026898206a35bb3693ca3d568f64181582855d5",
  "f1_hash": "eaad9f5666665a3f06ab6626ebfb4a45f7e3b487881d3a513d6196cddc7a5206",
  "f0_stats": {
    "shape": [
      5
    ],
    "size": 5,
    "min": 0.4903812727723633,
    "max": 164.50179006229408,
    "mean": 34.25902104832409,
    "std": 65.12895956863538
  },
  "f1_stats": {
    "shape": [
      15
    ],
    "size": 15,
    "min": 0.010389932780164202,
    "max": 424.5904592856676,
    "mean": 59.38081179890295,
    "std": 133.31941311755415
  }
}