{
  "hash": "2622e5d8e493615fdcb92f2ee611314cacfa35bf5e8ed81ae2f9d88b7f95a8f4",
  "stats": {
    "shape": [
      92,
      92
    ],
    "size": 8464,
    "min": 0.0,
    "max": 15.491902913052364,
    "mean": 7.813318459994201,
    "std": 3.0728444844838716
  }
}