{
  "hash": "fc57b810f19ddea21a465671f26b1749f02cc7bc09a2293fd166f480117f9aad",
  "stats": {
    "shape": [
      62,
      62
    ],
    "size": 3844,
    "min": 0.0,
    "max": 14.306761329057919,
    "mean": 6.436895704085322,
    "std": 2.6895274242269527
  }
}