MODEL,PRED_DOCKQ
5I47,0.7944959
5I47_af2m,0.6827139
