{
  "hash": "33fe4144fee423956159f2d71c13b585b67477bae8f0ed57abeb3b353c57b650",
  "stats": {
    "shape": [
      104,
      104
    ],
    "size": 10816,
    "min": 0.0,
    "max": 15.477874145720774,
    "mean": 7.882301101659772,
    "std": 3.012996042398471
  }
}