{
  "count": 104,
  "ids_hash": "9f0607d17b614b637f6f4ce086e460fc97f4b9aff3d54c69030c923a900db279",
  "coords_hash": "f2d78cd225255ff4c8ff24fa0e86f91cc96a5195ca1ce16530a9914ef403cfdb",
  "coords_stats": {
    "shape": [
      104,
      3
    ],
    "size": 312,
    "min": -21.16200065612793,
    "max": 30.736000061035156,
    "mean": 10.3245416757388,
    "std": 17.92141636028877
  }
}