{
  "count": 91,
  "ids_hash": "48ea0a795de21bce76be121e6a6f5cbb074565f735f6fe2029a98daee7a92979",
  "coords_hash": "d5498d954a47c61d8fec9893e1d13359c12ff0d6c8501d3ead930444d62762dc",
  "coords_stats": {
    "shape": [
      91,
      3
    ],
    "size": 273,
    "min": 9.88700008392334,
    "max": 57.724998474121094,
    "mean": 29.231582459949312,
    "std": 15.424652024460395
  }
}