{
  "hash": "8d2b56b25e856c319fb0371f0d60ce9b02ee8c75fa125bc9be65071b0903690c",
  "stats": {
    "shape": [
      46,
      46
    ],
    "size": 2116,
    "min": 0.0,
    "max": 13.701914569546252,
    "mean": 6.064395555516638,
    "std": 2.6812047523734357
  }
}