{
  "hash": "8e3a2f8ee7f03c9954f4b952e0fb592349aecb6b91bb25e6c3679beb4d7d0eaf",
  "stats": {
    "shape": [
      113,
      113
    ],
    "size": 12769,
    "min": 0.0,
    "max": 15.525016969341706,
    "mean": 7.949628293090238,
    "std": 3.012121810247643
  }
}