{
  "hash": "228f235e93293bb9f0f5723c3188e0ccfd974446d144139c725214e8479dcadc",
  "stats": {
    "shape": [
      90,
      90
    ],
    "size": 8100,
    "min": 0.0,
    "max": 14.989109090457484,
    "mean": 7.403748553123406,
    "std": 3.0144301371812547
  }
}