MODEL,PRED_DOCKQ
5Y0T,0.92416674
5Y0T_af2m,0.9211848
