{
  "f0_hash": "d70fb17c08fa4566d163dad9d1c7b969af35751c0f1a93627ef393a1f08b1969",
  "f1_hash": "1485e670ecb2f89d34242d43f422d7f198f9276dbf4b913f862c5a14764e531d",
  "f0_stats": {
    "shape": [
      5
    ],
    "size": 5,
    "min": 0.5318973469607955,
    "max": 152.31073941764984,
    "mean": 31.879535798880106,
    "std": 60.225137942452726
  },
  "f1_stats": {
    "shape": [
      15
    ],
    "size": 15,
    "min": 0.010473644220429179,
    "max": 425.01903493553334,
    "mean": 58.9809529398947,
    "std": 134.67613578427165
  }
}