{
  "hash": "b16988251dbd9f724129f138cea2b07ad25f5cede866ef90279043859c4c813c",
  "stats": {
    "shape": [
      81,
      81
    ],
    "size": 6561,
    "min": 0.0,
    "max": 15.238772979656176,
    "mean": 7.256388469925514,
    "std": 2.994273241041718
  }
}