{
  "hash": "68be90d20f7250451452f44c66ece59762d77d04cac35515809c99a2697161d7",
  "stats": {
    "shape": [
      104,
      104
    ],
    "size": 10816,
    "min": 0.0,
    "max": 15.848861157126308,
    "mean": 8.194286423976267,
    "std": 3.125243373913102
  }
}