{
  "count": 66,
  "ids_hash": "0a8fa7ab51e31bdc53707f6e089ce358f173dd682d18eab57c2cd7335bbcbaee",
  "coords_hash": "65142c13b1de09d2c1b8a4e603475c8cab13fcdf8413cf7d8f9f6a0482a87313",
  "coords_stats": {
    "shape": [
      66,
      3
    ],
    "size": 198,
    "min": -8.463000297546387,
    "max": 39.07500076293945,
    "mean": 15.149712161960625,
    "std": 14.683611329703066
  }
}