{
  "hash": "488f723bd46840261fb3db2b0a727a59a5a584b10629cdef26380d218064c0d8",
  "stats": {
    "shape": [
      97,
      97
    ],
    "size": 9409,
    "min": 0.0,
    "max": 15.824602667813755,
    "mean": 7.615893798534509,
    "std": 2.975223330070335
  }
}