{
  "f0_hash": "cc5b68b9ddc7cebe9b2450d5b11721d1f86130c9c830a7093b4679ef4b68735b",
  "f1_hash": "16281f468249c39cbfe9c75c06424a682c7ca3e981205c2c5331742df8524cb6",
  "f0_stats": {
    "shape": [
      5
    ],
    "size": 5,
    "min": 0.5360027301526418,
    "max": 114.08677692321868,
    "mean": 24.36563243866062,
    "std": 44.880057817118754
  },
  "f1_stats": {
    "shape": [
      15
    ],
    "size": 15,
    "min": 0.010815773004335227,
    "max": 269.6285475597999,
    "mean": 38.77259810571963,
    "std": 86.3605943416786
  }
}