{
  "count": 79,
  "ids_hash": "f216642b4f34efd82849ee19183fc0aaeed143b65981aaa7987043fb83574518",
  "coords_hash": "0de87b6812e3bf199c9f612fce435f84226f8046cf43f6dd4d944f155278a8db",
  "coords_stats": {
    "shape": [
      79,
      3
    ],
    "size": 237,
    "min": -19.683000564575195,
    "max": 22.927000045776367,
    "mean": 5.942168746819476,
    "std": 12.690508528693382
  }
}