{
  "hash": "7859ec98d6b51253b3356093c37588f19bf913b95db29c5a3e63ebdf0b7f010b",
  "stats": {
    "shape": [
      101,
      101
    ],
    "size": 10201,
    "min": 0.0,
    "max": 15.684156627774456,
    "mean": 7.917409054988785,
    "std": 3.038088418067447
  }
}