MODEL,PRED_DOCKQ
2NUT_af2m,0.051406965
2NUT,0.004526382
