{
  "count": 95,
  "ids_hash": "d8523ff5f2057979ea58714f481f52cc771a3e80c9b93ebfa5e2e471fb02ff17",
  "coords_hash": "9a620b70faaeb6881bcbf5dc62e6a000a54be380e187bc9b766b8d5fcbe23a16",
  "coords_stats": {
    "shape": [
      95,
      3
    ],
    "size": 285,
    "min": 10.02400016784668,
    "max": 93.70500183105469,
    "mean": 42.477400103786536,
    "std": 31.340301221540145
  }
}