{
  "f0_hash": "f7663f7865c46129560830dfdb7a158adb23e6b660540fc0205a8c816345f21f",
  "f1_hash": "3120198c9c4b8660e4946b760ecaff996e7ea3ac66e2704d5c79fcb5c1ba416a",
  "f0_stats": {
    "shape": [
      5
    ],
    "size": 5,
    "min": 0.4086516177303124,
    "max": 166.7785293180675,
    "mean": 34.74373417282632,
    "std": 66.02677565589973
  },
  "f1_stats": {
    "shape": [
      15
    ],
    "size": 15,
    "min": 0.010176534116922653,
    "max": 436.38715232455905,
    "mean": 60.47638135356318,
    "std": 137.965272212518
  }
}