{
  "f0_hash": "c4011a1dbedeb738fd120e647ca8e5719e3dadc41fe3407748777e76d1a06d4d",
  "f1_hash": "390e63b765ddb6c68b6d14315d2f321e568669617eeced9788a8094705f1a547",
  "f0_stats": {
    "shape": [
      5
    ],
    "size": 5,
    "min": 0.7376004050894175,
    "max": 95.77988099266071,
    "mean": 20.77815861462817,
    "std": 37.5225402406616
  },
  "f1_stats": {
    "shape": [
      15
    ],
    "size": 15,
    "min": 0.012192144819978878,
    "max": 253.76795934333316,
    "mean": 36.888517914423275,
    "std": 80.346725835958
  }
}