MODEL,PRED_DOCKQ
3E3M_af2m,0.85657907
3E3M,0.39061898
