{
  "hash": "35a64cd4fa78a5b30ca3460ac24f68fea4560c5cd8a3e2bcf0d1b8e00650c641",
  "stats": {
    "shape": [
      79,
      79
    ],
    "size": 6241,
    "min": 0.0,
    "max": 15.344464227111933,
    "mean": 7.404727697956905,
    "std": 3.065174386575661
  }
}