{
  "count": 72,
  "ids_hash": "a968606744c39c4465aef1029a09a9c98bce36880ad3529b75cb13a96089bca8",
  "coords_hash": "116e2ed96012aafc02f3288a9d94dee630fef3ea04fbbe7ef717aa2d36f5fccd",
  "coords_stats": {
    "shape": [
      72,
      3
    ],
    "size": 216,
    "min": -4.611999988555908,
    "max": 42.20000076293945,
    "mean": 15.910055569459304,
    "std": 14.74558646539735
  }
}