MODEL,PRED_DOCKQ
2A1J,0.7586832
2A1J_af2m,0.7111321
