{
  "f0_hash": "97349689ee8198e318e89effcf720ec95540b008ff8fcadf9fe024286050708c",
  "f1_hash": "922470e5ec0d28a22a9eaff5a4e26337b46b974f6ef55c2aaed89dc1f888c12d",
  "f0_stats": {
    "shape": [
      5
    ],
    "size": 5,
    "min": 0.4821149821965528,
    "max": 175.85815781792334,
    "mean": 36.62872512049364,
    "std": 69.62497370682412
  },
  "f1_stats": {
    "shape": [
      15
    ],
    "size": 15,
    "min": 0.010635499150872363,
    "max": 560.0479831160428,
    "mean": 76.73778431429814,
    "std": 178.39056465657535
  }
}