MODEL,PRED_DOCKQ
1EUV,0.8221364
1EUV_af2m,0.76211643
