{
  "hash": "e5e8495ea98d84e6a0019161678802af984207848367ed985ed24e8f5bb22027",
  "stats": {
    "shape": [
      82,
      82
    ],
    "size": 6724,
    "min": 0.0,
    "max": 15.349176950913002,
    "mean": 7.182094035945043,
    "std": 2.9852488655197993
  }
}