{
  "hash": "d6e260a94b999dd42f13ac273367d2a76531b5a6c863556832fafecb62d06eaf",
  "stats": {
    "shape": [
      112,
      112
    ],
    "size": 12544,
    "min": 0.0,
    "max": 15.35278185251376,
    "mean": 8.040339500514193,
    "std": 3.026787087137537
  }
}