{
  "count": 42,
  "ids_hash": "b6fef3230397eb3a1e290c5e35f9ec31036165ee5fa9bb770934f9a772551d02",
  "coords_hash": "c840a883a97df219cef8d927f0fcdd2ce33ef5203836fbef1c5645f9a5b85dfb",
  "coords_stats": {
    "shape": [
      42,
      3
    ],
    "size": 126,
    "min": -21.763999938964844,
    "max": 51.46900177001953,
    "mean": 9.533134995708389,
    "std": 27.631747976939565
  }
}