{
  "f0_hash": "d5ce1161b3c3a27d500c634fded5760ac06dd3eb166d532b640fe7838710375e",
  "f1_hash": "958ffd5f3842dbd502d877007bb789a76291de911e25c3bbf09c037f302afac9",
  "f0_stats": {
    "shape": [
      5
    ],
    "size": 5,
    "min": 0.5975826896469082,
    "max": 169.7735944430151,
    "mean": 35.45238312416245,
    "std": 67.17085367549466
  },
  "f1_stats": {
    "shape": [
      15
    ],
    "size": 15,
    "min": 0.010314006017377864,
    "max": 480.1843751435294,
    "mean": 66.3087441218757,
    "std": 151.2502077279902
  }
}