{
  "count": 174,
  "ids_hash": "7a0e44c68f6f29f9b8d7eeb5f152e742f89fdb028457c23e093ee16c96bc7ca8",
  "coords_hash": "5e778782ba84e04bfce04f132b72a5295c977136021ce2779a27abea006b077f",
  "coords_stats": {
    "shape": [
      174,
      3
    ],
    "size": 522,
    "min": -17.083999633789062,
    "max": 21.594999313354492,
    "mean": 4.722670515378316,
    "std": 11.209067731802719
  }
}