{
  "f0_hash": "e36c38ed4fd479b4f7ae63fc8670bd3713fbae4156d89f83c48aed4cdca940a3",
  "f1_hash": "bb053dc44837cfeffd98ffa52842babdb805dfbf40882c0fa2924df97f4c9789",
  "f0_stats": {
    "shape": [
      5
    ],
    "size": 5,
    "min": 0.4676536451529033,
    "max": 95.26281479044695,
    "mean": 20.359791541069615,
    "std": 37.46290218990295
  },
  "f1_stats": {
    "shape": [
      15
    ],
    "size": 15,
    "min": 0.010826120979301468,
    "max": 210.78015093127974,
    "mean": 30.03080696239869,
    "std": 66.3924949195528
  }
}