MODEL,PRED_DOCKQ
4BHQ,0.8052262
4BHQ_af2m,0.10999882
