{
  "hash": "2be469d3a1c8027cee28229561a1dc158cc3d55b0fdba9022954c9efcc15e2dd",
  "stats": {
    "shape": [
      116,
      116
    ],
    "size": 13456,
    "min": 0.0,
    "max": 15.87211692896549,
    "mean": 8.019676415175244,
    "std": 3.052873196027841
  }
}