MODEL,PRED_DOCKQ
5WTQ_af2m,0.8420295
5WTQ,0.56269795
