{
  "count": 55,
  "ids_hash": "b9ece192f78edf3b3a07206ed519fa537b5efd237a00bf67b9014553e6a4474f",
  "coords_hash": "147bdfcda72fadd0ce738cf6cc4c1c8ec14c5900b2ac2f0b53d28709d6a7456a",
  "coords_stats": {
    "shape": [
      55,
      3
    ],
    "size": 165,
    "min": -15.805999755859375,
    "max": 82.56099700927734,
    "mean": 30.09256360458605,
    "std": 36.126503210027096
  }
}