{
  "hash": "c7138ddbc552e34563bc7379c6ce6b70641f2608a01bbcd064c727e425c6e1ac",
  "stats": {
    "shape": [
      109,
      109
    ],
    "size": 11881,
    "min": 0.0,
    "max": 15.577290303192926,
    "mean": 8.012998623178712,
    "std": 3.058326521534437
  }
}