MODEL,PRED_DOCKQ
4QLP_af2m,0.85697234
4QLP,0.032381993
