{
  "hash": "9ef111f96fad5cc2f7423f4e816249919357715c6b80226beaee01265462cc39",
  "stats": {
    "shape": [
      117,
      117
    ],
    "size": 13689,
    "min": 0.0,
    "max": 15.461740368346037,
    "mean": 8.18602274329324,
    "std": 3.0727907935430374
  }
}