MODEL,PRED_DOCKQ
2IT2,0.73920894
2IT2_af2m,0.5072291
