{
  "count": 86,
  "ids_hash": "938e5cfc416fc33371b0639a2d4ab4e34d19adcdd772a0fe7b09d94796beb643",
  "coords_hash": "f3b527ee1360560d3773043883a37ebc771c9a5a6aeef66d19b0a543d1fd30f8",
  "coords_stats": {
    "shape": [
      86,
      3
    ],
    "size": 258,
    "min": -15.979999542236328,
    "max": 73.5270004272461,
    "mean": 26.291868206604505,
    "std": 30.932835610112914
  }
}