{
  "f0_hash": "df1f29c3742de11b48e621dce455d75ec612880306bed96d3b58bd2afc9efb35",
  "f1_hash": "d8cae81d599946860d8dc7b64cc43d1fda0812ab0660f887b8f86e899be5f094",
  "f0_stats": {
    "shape": [
      5
    ],
    "size": 5,
    "min": 0.4969109058259784,
    "max": 117.4908072127866,
    "mean": 24.89626956735228,
    "std": 46.30976064511162
  },
  "f1_stats": {
    "shape": [
      15
    ],
    "size": 15,
    "min": 0.01165034300629042,
    "max": 293.77175907416495,
    "mean": 41.09384469800185,
    "std": 93.36187046615251
  }
}