{
  "hash": "1354ea8113f926f1db302b66098227691185fa1c476e766e7e736afabaa90edb",
  "stats": {
    "shape": [
      90,
      90
    ],
    "size": 8100,
    "min": 0.0,
    "max": 15.82889768663774,
    "mean": 7.898647721998712,
    "std": 3.1949112877272143
  }
}