{
  "hash": "7a7f38ea3dd8f82b02609debd3d1e80330f967534170d7374000b580f8108474",
  "stats": {
    "shape": [
      111,
      111
    ],
    "size": 12321,
    "min": 0.0,
    "max": 15.664515339673976,
    "mean": 8.04158939547999,
    "std": 3.0529695286328846
  }
}