{
  "f0_hash": "6e1d20df2ab94c134155c900eec36a6b9ec96ee0b4b14de141fa136ce4f8ab52",
  "f1_hash": "f636ac4303a6f319f8c8821243df49888d6447d663ef9a31980977494f2c70be",
  "f0_stats": {
    "shape": [
      5
    ],
    "size": 5,
    "min": 0.4807973302271405,
    "max": 137.83805930926374,
    "mean": 28.96022882133665,
    "std": 54.449408855290315
  },
  "f1_stats": {
    "shape": [
      15
    ],
    "size": 15,
    "min": 0.01131075406292048,
    "max": 373.5547969696029,
    "mean": 53.05109856635552,
    "std": 118.97391732397003
  }
}