{
  "hash": "05556ac6f5db9a088b51fb0ce27369d3921e3cfc8b82177dcc4dbde5cacece2f",
  "stats": {
    "shape": [
      99,
      99
    ],
    "size": 9801,
    "min": 0.0,
    "max": 15.388463015949595,
    "mean": 7.92517783315024,
    "std": 3.071281521102513
  }
}