{
  "f0_hash": "4a04eed7debb45531a7b0f6882f2106b423f5845bb741b7763373893aebfeff8",
  "f1_hash": "6bfc06be2328a76efc52b826f3c6a265645d9124872d07ae22f04d591a958f05",
  "f0_stats": {
    "shape": [
      5
    ],
    "size": 5,
    "min": 0.4452540884407765,
    "max": 150.7711137689343,
    "mean": 31.629924070485266,
    "std": 59.583850765271045
  },
  "f1_stats": {
    "shape": [
      15
    ],
    "size": 15,
    "min": 0.011404656217601783,
    "max": 439.9276089855234,
    "mean": 61.23375848192098,
    "std": 139.566932694348
  }
}