{
  "f0_hash": "f2991246553295a85935efb55a4cb191bc22f98b0e8777fba17c427e77c7a4bc",
  "f1_hash": "9e11d740624da9731e4d1a9306e8b736eb5a8e4b2b0e8b2d1c60200079272487",
  "f0_stats": {
    "shape": [
      5
    ],
    "size": 5,
    "min": 0.2617906574400988,
    "max": 142.9210351782993,
    "mean": 29.86956961620413,
    "std": 56.53539432682105
  },
  "f1_stats": {
    "shape": [
      15
    ],
    "size": 15,
    "min": 0.013710855519695198,
    "max": 365.24837911021746,
    "mean": 50.68857164772239,
    "std": 115.45022834694997
  }
}