{
  "hash": "19944de023dc2cbf372fdfa1fa825ee9f199ff089330ffb2a4bf21bfc9122df9",
  "stats": {
    "shape": [
      91,
      91
    ],
    "size": 8281,
    "min": 0.0,
    "max": 15.241483088823532,
    "mean": 7.583628774528189,
    "std": 3.036313759433453
  }
}