{
  "f0_hash": "72f0d7cb23bb5e8c15438f760c9043fa0ce6e3e87e65d66ee35f6e64cef8721b",
  "f1_hash": "3cedccbf3b703c437276461cf8b9eb76eacb3b8596461b7d672955c10ddf6590",
  "f0_stats": {
    "shape": [
      5
    ],
    "size": 5,
    "min": 0.588299296041115,
    "max": 156.313309705051,
    "mean": 32.82817287725962,
    "std": 61.756347407650736
  },
  "f1_stats": {
    "shape": [
      15
    ],
    "size": 15,
    "min": 0.010497161272128963,
    "max": 439.1180621118205,
    "mean": 61.021818782590124,
    "std": 138.85152344510746
  }
}