MODEL,PRED_DOCKQ
3GB3,0.7730098
3GB3_af2m,0.7521185
