MODEL,PRED_DOCKQ
2ZZ8_af2m,0.6099953
2ZZ8,0.061797258
