{
  "hash": "561df49233532d0571de0811d4a1eda7360457d40a7969ac7ba5c70bd527685e",
  "stats": {
    "shape": [
      105,
      105
    ],
    "size": 11025,
    "min": 0.0,
    "max": 15.329129739582658,
    "mean": 7.937361842140616,
    "std": 3.0270875696465143
  }
}