{
  "f0_hash": "93d8e242a0b78b9b75093785e21305a45567a7c3deee5e7ec362e5760944b6f4",
  "f1_hash": "6d8d18a8390bd3a64d4bfe022c84ce4b2f532d311b4c129309d4aff5ee6834cb",
  "f0_stats": {
    "shape": [
      5
    ],
    "size": 5,
    "min": 0.5925038181236243,
    "max": 175.21164804323683,
    "mean": 36.50530869370943,
    "std": 69.36195469938725
  },
  "f1_stats": {
    "shape": [
      15
    ],
    "size": 15,
    "min": 0.011994133185414313,
    "max": 571.6804171007051,
    "mean": 78.26295736229243,
    "std": 181.10323122486824
  }
}