{
  "hash": "345d6c890cba7a6a83a9efa15a87fa8b5ae5ce6fcfd6c16dde1b1cf0f0e3b4e8",
  "stats": {
    "shape": [
      62,
      62
    ],
    "size": 3844,
    "min": 0.0,
    "max": 15.16979168862749,
    "mean": 6.882111604325476,
    "std": 2.835616843658729
  }
}