{
  "f0_hash": "17e7f8414804d7ce4d677e71bad2d2ca2b923b8266813f3b4169e297d2bf1e39",
  "f1_hash": "6e64aa37ece6e43b94f640eb9e77400884098ba97772eaa806424337da68114b",
  "f0_stats": {
    "shape": [
      5
    ],
    "size": 5,
    "min": 0.45685193246580635,
    "max": 94.11856675100132,
    "mean": 20.21195355295504,
    "std": 36.96918607528323
  },
  "f1_stats": {
    "shape": [
      15
    ],
    "size": 15,
    "min": 0.010772983794360202,
    "max": 201.1867120322732,
    "mean": 30.10370312258157,
    "std": 63.05348416520521
  }
}