{
  "hash": "124021cadb406016b521d4d94108f174e0abf5b79502d86238d7f21287fab75c",
  "stats": {
    "shape": [
      94,
      94
    ],
    "size": 8836,
    "min": 0.0,
    "max": 15.27120992537296,
    "mean": 7.893646120274056,
    "std": 3.1572183733414922
  }
}