{
  "f0_hash": "29c941acc32b44564dc81d330a5df9e4bbaedd034719bbda73e0a1041bf23588",
  "f1_hash": "0e1f849ace5738f5edd0fc146d0af074aa2665faad3255c5e382aa7cb58a98ec",
  "f0_stats": {
    "shape": [
      5
    ],
    "size": 5,
    "min": 0.5087068824449611,
    "max": 148.21512540847507,
    "mean": 31.047738908439964,
    "std": 58.593291063498924
  },
  "f1_stats": {
    "shape": [
      15
    ],
    "size": 15,
    "min": 0.012375628696545515,
    "max": 400.7931907375955,
    "mean": 55.914565096866426,
    "std": 126.8663821187525
  }
}