{
  "hash": "d83b115174a71f7fe3d5faee83ad399eb80ab8d546a8cc444217f71f5d87e026",
  "stats": {
    "shape": [
      75,
      75
    ],
    "size": 5625,
    "min": 0.0,
    "max": 15.316577195806309,
    "mean": 7.10609884941541,
    "std": 2.895911712939267
  }
}