MODEL,PRED_DOCKQ
1GHQ_af2m,0.37982538
1GHQ,0.25148278
