{
  "f0_hash": "ab363e4e96b3695b805623beedd0679695f97a2c432df81ff19da7b23cf46f88",
  "f1_hash": "ab22cad90e45531759608f5da7c527c03d812bb5bca02721fb86d125d48fc27a",
  "f0_stats": {
    "shape": [
      5
    ],
    "size": 5,
    "min": 0.3263796178600608,
    "max": 110.09115752032565,
    "mean": 23.29485799321783,
    "std": 43.40931835419325
  },
  "f1_stats": {
    "shape": [
      15
    ],
    "size": 15,
    "min": 0.011822936697905462,
    "max": 266.3455862421472,
    "mean": 37.5902307338924,
    "std": 84.04858765108315
  }
}