{
  "hash": "821d94f8a290bf83c8fd873e1b100f0b3d1702f11c37412f5192eeb9d068d445",
  "stats": {
    "shape": [
      121,
      121
    ],
    "size": 14641,
    "min": 0.0,
    "max": 15.777668610515924,
    "mean": 8.116668700057403,
    "std": 3.0711483015611236
  }
}