MODEL,PRED_DOCKQ
2DOQ_af2m,0.5220092
2DOQ,0.13156593
