MODEL,PRED_DOCKQ
2HR3_af2m,0.79285264
2HR3,0.6585361
