{
  "count": 220,
  "ids_hash": "715b3799522b1c4c40d7873decfd4177d52ce7c340d68c4a22cf50694d581aeb",
  "coords_hash": "d4f12f34390cb3c48d25352dc4d9598f66dbec9252da718d6cfa816a7bcb7894",
  "coords_stats": {
    "shape": [
      220,
      3
    ],
    "size": 660,
    "min": -47.64500045776367,
    "max": 39.87900161743164,
    "mean": -2.5482378941819523,
    "std": 29.637151558918898
  }
}