{
  "f0_hash": "7e778d3ecf5bdad4fc854e923461da25d90bfb2a701fc3f6a12796213dd0d17a",
  "f1_hash": "db7f3d97f727d41606e52fb0d81f91b9102fa7ce296d84d722aa41a851af8e73",
  "f0_stats": {
    "shape": [
      5
    ],
    "size": 5,
    "min": 0.41122764235442827,
    "max": 184.8721518723465,
    "mean": 38.304423045713335,
    "std": 73.29105716304873
  },
  "f1_stats": {
    "shape": [
      15
    ],
    "size": 15,
    "min": 0.010558132083611227,
    "max": 532.8510948029857,
    "mean": 73.32210127122534,
    "std": 167.62178200002998
  }
}