{
  "count": 58,
  "ids_hash": "68cbcd912d19d96cc8e1befd68cd479d4fc82ec578365b3ff9f875d648298e1a",
  "coords_hash": "9417dd276a7fd9a720eeacbaac1b449afb6528cfac5c4c56ddeb41ddede8ddfa",
  "coords_stats": {
    "shape": [
      58,
      3
    ],
    "size": 174,
    "min": -19.542999267578125,
    "max": 42.970001220703125,
    "mean": 5.564080446187792,
    "std": 22.400289127614613
  }
}