{
  "f0_hash": "f4cea52d4add8d8478daeb98882113100d1d4abaf44bd377bce401a40c63c9db",
  "f1_hash": "36000c7dcd678484bc9427cb8ff0b1bab73eb9054ed295349a35a59c523dba18",
  "f0_stats": {
    "shape": [
      5
    ],
    "size": 5,
    "min": 0.4836177391959168,
    "max": 134.90657725062854,
    "mean": 28.30743234380904,
    "std": 53.307738746954044
  },
  "f1_stats": {
    "shape": [
      15
    ],
    "size": 15,
    "min": 0.010284970431243323,
    "max": 368.74880774903664,
    "mean": 51.49862522511963,
    "std": 117.13086565533776
  }
}