{
  "hash": "9b5888343bfe4934148c302b804e8bd3e253db653b66f307e29eb0f5829a77ef",
  "stats": {
    "shape": [
      112,
      112
    ],
    "size": 12544,
    "min": 0.0,
    "max": 15.57546371758461,
    "mean": 8.086483164211144,
    "std": 3.066087132700504
  }
}