{
  "f0_hash": "6f48160f736eccd008dee04605404d5ce6e00d980c955c3bebaf4bbaca99b19e",
  "f1_hash": "c7b0fc9a353d42ab302b6c0a722327bf648964901a24aa79316870bfdc7f8dd1",
  "f0_stats": {
    "shape": [
      5
    ],
    "size": 5,
    "min": 0.5480497996170599,
    "max": 122.85338233889783,
    "mean": 26.153932470620145,
    "std": 48.36947916130192
  },
  "f1_stats": {
    "shape": [
      15
    ],
    "size": 15,
    "min": 0.011138240808339361,
    "max": 314.04023449799234,
    "mean": 44.38057741523489,
    "std": 99.62389856141046
  }
}