{
  "count": 66,
  "ids_hash": "60388589bcd4440cda6745cea04ce029806d096f2f34e88232b48084f2e1ac3d",
  "coords_hash": "0af9d322ad0a583383165dc55d4eed5f05961c84d1ba896ae4bd51339318a422",
  "coords_stats": {
    "shape": [
      66,
      3
    ],
    "size": 198,
    "min": -15.803999900817871,
    "max": 28.339000701904297,
    "mean": 2.570121210407127,
    "std": 12.755649860935623
  }
}