{
  "f0_hash": "b648813374fa02f839cd83fab95beabb18450099056c60952112d2d4174baece",
  "f1_hash": "34615456a53e23d13e98aaa8beaab6bb7c80d3bfbb5804a9d27620b7525119ae",
  "f0_stats": {
    "shape": [
      5
    ],
    "size": 5,
    "min": 0.48898362545063745,
    "max": 143.49389591180937,
    "mean": 30.07533475435895,
    "std": 56.718467582776405
  },
  "f1_stats": {
    "shape": [
      15
    ],
    "size": 15,
    "min": 0.01154648808748071,
    "max": 350.1800629628695,
    "mean": 49.034182123181104,
    "std": 109.8464013035748
  }
}