{
  "count": 106,
  "ids_hash": "c558fac31e359229ba5507982f8aa77bad984c2581d21ee43d2af1e30c4dbc90",
  "coords_hash": "174bbf7786480df5d0a1065ef9b9f27af55065e56bc4735173b4ff422573ee4d",
  "coords_stats": {
    "shape": [
      106,
      3
    ],
    "size": 318,
    "min": 4.426000118255615,
    "max": 93.5270004272461,
    "mean": 42.94744353774209,
    "std": 31.653315228488893
  }
}