{
  "hash": "0823d693897a06d7b9d1ec2521fa158fc8da24eb13b535be309369f6691cba0e",
  "stats": {
    "shape": [
      88,
      88
    ],
    "size": 7744,
    "min": 0.0,
    "max": 15.814072590779539,
    "mean": 7.813116587423734,
    "std": 3.1363742642661516
  }
}