{
  "f0_hash": "bcf6e135dbb61f83ed623f82b65be2ea81da6dbc622072ebc6c1fecedbd185f3",
  "f1_hash": "97e4e3a1caf6e34c5d2f31690fc73ba78a7ed844b2588e3fc55f8c1fd7e0cd0d",
  "f0_stats": {
    "shape": [
      5
    ],
    "size": 5,
    "min": 0.5132933463377679,
    "max": 163.96128044935253,
    "mean": 34.255346522733824,
    "std": 64.86339600771716
  },
  "f1_stats": {
    "shape": [
      15
    ],
    "size": 15,
    "min": 0.010526275692771314,
    "max": 511.81162547999133,
    "mean": 70.87697929473445,
    "std": 162.50564559521763
  }
}