{
  "hash": "12fb53b26b8b7f26c9eeff985c413fedb7d8593807e0bbebcd0aab1c1cab2e99",
  "stats": {
    "shape": [
      91,
      91
    ],
    "size": 8281,
    "min": 0.0,
    "max": 15.837691773917621,
    "mean": 7.283216320250554,
    "std": 2.9221863295113963
  }
}