{
  "count": 107,
  "ids_hash": "7bde497ee60d4aef7cca8aa4febeb1c4bfbb789940879763b6204ae730aea077",
  "coords_hash": "55f7957499d0c704a286a3dac2e2e0b1006bd2b2b829be3f183a04fe356a834a",
  "coords_stats": {
    "shape": [
      107,
      3
    ],
    "size": 321,
    "min": -24.910999298095703,
    "max": 29.906999588012695,
    "mean": 9.042252347476758,
    "std": 19.264351483640375
  }
}