{
  "f0_hash": "7d1cbad91b1abe57d58a40dc689a28d653ffb1d56660455aebc9e9e426d34908",
  "f1_hash": "7cefb786e5133c7183f4f512b65529106ab04b633784707b7ac0513c65a4753d",
  "f0_stats": {
    "shape": [
      5
    ],
    "size": 5,
    "min": 0.4163468094379792,
    "max": 94.35304722170831,
    "mean": 20.14271074974537,
    "std": 37.11644748717641
  },
  "f1_stats": {
    "shape": [
      15
    ],
    "size": 15,
    "min": 0.015766850137081345,
    "max": 215.71494573927004,
    "mean": 31.254549423786667,
    "std": 68.70683063090983
  }
}