{
  "count": 112,
  "ids_hash": "54ae546807729134422004dea83ec11e6bdd254541767d9e7b47b49d2df9e42d",
  "coords_hash": "bd8365860c5838f5b345ce1fea2dcd24eb856df3dd1e1a1ab25d36da5b1e051c",
  "coords_stats": {
    "shape": [
      112,
      3
    ],
    "size": 336,
    "min": -20.493999481201172,
    "max": 21.638999938964844,
    "mean": -0.27379763815995484,
    "std": 12.648018697775303
  }
}