{
  "count": 65,
  "ids_hash": "649d68d46de017d57b2a8aa0503488684f2062a08402a63f1ca9eda0525ed0e4",
  "coords_hash": "25dffbfc25a1e0e989adde7cf19295b18f294fcd129b208503f8282216ad5b99",
  "coords_stats": {
    "shape": [
      65,
      3
    ],
    "size": 195,
    "min": 14.331999778747559,
    "max": 99.60600280761719,
    "mean": 46.69986673501822,
    "std": 31.52672935447439
  }
}