{
  "hash": "f4d7cfbcb65336d8b21c69bd8d0a9f8d7ff6974461f33d6cdce6f38bea6599cd",
  "stats": {
    "shape": [
      90,
      90
    ],
    "size": 8100,
    "min": 0.0,
    "max": 15.464315196321373,
    "mean": 7.6659717893801265,
    "std": 3.090818181768212
  }
}