{
  "count": 105,
  "ids_hash": "ae113b02787f138d76bace7cb6fd4e2aa5b7e3ee899cd8913fb4939aa83449f5",
  "coords_hash": "1f1e90db2ee766265659ec2c5d3d9ae95fea497cfff4a4444c3ecef34bf6571b",
  "coords_stats": {
    "shape": [
      105,
      3
    ],
    "size": 315,
    "min": -4.8520002365112305,
    "max": 89.52899932861328,
    "mean": 40.00653948193741,
    "std": 33.51821674013985
  }
}