{
  "f0_hash": "7f44a54df2d74a3806c88e7a15dff53a813ff668fec2952fc912d1d4adb20429",
  "f1_hash": "306934dd746b7f56a5969bd0e56c6535c3c7cd3f89f6b56e100b39e26cc0aabc",
  "f0_stats": {
    "shape": [
      5
    ],
    "size": 5,
    "min": 0.6182842543791052,
    "max": 97.16103177325427,
    "mean": 21.061934285737777,
    "std": 38.07635528981299
  },
  "f1_stats": {
    "shape": [
      15
    ],
    "size": 15,
    "min": 0.010884473385936566,
    "max": 172.75135117176234,
    "mean": 25.48948465649241,
    "std": 53.35843732656868
  }
}