{
  "count": 97,
  "ids_hash": "04ea73de561e432d446114b166209469030df6dc9f501df302249f30a442d870",
  "coords_hash": "4ade5c1767c3135f6fe6a4efcfcf552c8b6e3b047a468567eee9bb51a9c6d32d",
  "coords_stats": {
    "shape": [
      97,
      3
    ],
    "size": 291,
    "min": -1.5140000581741333,
    "max": 23.604999542236328,
    "mean": 10.34531616125435,
    "std": 5.6752172413390785
  }
}