{
  "hash": "067d0f7f453e015bc08d6f7479d95bf53abbcb0585fd6418e1caff5c409f5e7f",
  "stats": {
    "shape": [
      62,
      62
    ],
    "size": 3844,
    "min": 0.0,
    "max": 14.863567398766182,
    "mean": 7.1346378155227566,
    "std": 3.0727869764064004
  }
}