{
  "f0_hash": "7691933b218de24bf4e2fc22d439013079e61712c336ba0923d4fff53beda162",
  "f1_hash": "e4001f94f1a9acd5e0553d21c189271aedc73df5033bf8e403b546d92bb1067f",
  "f0_stats": {
    "shape": [
      5
    ],
    "size": 5,
    "min": 0.7441002521732822,
    "max": 119.71448199439315,
    "mean": 25.484355026279857,
    "std": 47.128137270937394
  },
  "f1_stats": {
    "shape": [
      15
    ],
    "size": 15,
    "min": 0.010433928755663402,
    "max": 324.4401389428117,
    "mean": 46.937711021655545,
    "std": 102.46759869404126
  }
}