{
  "hash": "ac0315cb4b91e92b57d936c289578e70d733b6cb68827247cc493d2bd086e5f8",
  "stats": {
    "shape": [
      92,
      92
    ],
    "size": 8464,
    "min": 0.0,
    "max": 15.604772882255881,
    "mean": 7.5369812833007765,
    "std": 2.925177662971415
  }
}