MODEL,PRED_DOCKQ
4QAM,0.38884518
4QAM_af2m,0.06400343
