{
  "count": 113,
  "ids_hash": "b4e4865d92eb7a0144b65cf154894cd1f9f53f5d91e9a07be7abd6a728357be8",
  "coords_hash": "55029e3db41bffee867e6641b6ac5cda89a9dfe9710089d68c43f7014e64f5fa",
  "coords_stats": {
    "shape": [
      113,
      3
    ],
    "size": 339,
    "min": -14.71500015258789,
    "max": 22.958999633789062,
    "mean": 4.863315651022931,
    "std": 10.046783810293617
  }
}