{
  "f0_hash": "18d3fc55327bc0a875df0099327937ef469ae7955302b3c08c66f44158503812",
  "f1_hash": "5bd8909582d43e9d03c16d02ab082efd96b6ad2304756ebcf33fa5600168593c",
  "f0_stats": {
    "shape": [
      5
    ],
    "size": 5,
    "min": 0.5591239337746008,
    "max": 150.76195003163483,
    "mean": 31.624096959200422,
    "std": 59.57985796347563
  },
  "f1_stats": {
    "shape": [
      15
    ],
    "size": 15,
    "min": 0.012216186444822696,
    "max": 430.68752389671675,
    "mean": 59.85132601248056,
    "std": 136.98582591440157
  }
}