{
  "hash": "aeeb916bda7ce5d1b0dcd6e8fba940e28201d5b0e04652e798d4d13e474b2f66",
  "stats": {
    "shape": [
      109,
      109
    ],
    "size": 11881,
    "min": 0.0,
    "max": 15.608544955515052,
    "mean": 7.815129901236225,
    "std": 2.9941028070660884
  }
}