{
  "hash": "78ffac64c5173618613058c2cc011aaf0ebeabd0e58624fbbfa96802798667fe",
  "stats": {
    "shape": [
      106,
      106
    ],
    "size": 11236,
    "min": 0.0,
    "max": 15.597648202780174,
    "mean": 7.96675688073167,
    "std": 3.0347681368106882
  }
}