{
  "hash": "399b807e200702cccce9284371db06079a02fcdaa639c3b7a6c15194038b71e4",
  "stats": {
    "shape": [
      114,
      114
    ],
    "size": 12996,
    "min": 0.0,
    "max": 15.689236221287794,
    "mean": 7.995894763333306,
    "std": 3.0540431545979847
  }
}