MODEL,PRED_DOCKQ
1Q2H_af2m,0.824943
1Q2H,0.7845914
