{
  "f0_hash": "096c3aa73a9db2028e770031cfa4a525400b861e205c28ce0f3565ca4b049af2",
  "f1_hash": "3db1bdf0c2cfa5f72f736baec1d0c0bb3b50071fea7b3b2bfd3574a4e15f5d7a",
  "f0_stats": {
    "shape": [
      5
    ],
    "size": 5,
    "min": 0.6389770064212857,
    "max": 145.16021336944345,
    "mean": 30.586527600040927,
    "std": 57.300250774126525
  },
  "f1_stats": {
    "shape": [
      15
    ],
    "size": 15,
    "min": 0.010255120230472592,
    "max": 462.74688268346927,
    "mean": 64.91301614654596,
    "std": 147.32325303855998
  }
}