{
  "f0_hash": "eef4ae91907c4caedfc13a6ed32d1d9a250325b45b4961c2133c0a32e43e9850",
  "f1_hash": "9c7c72a6370485aa2ee9f044a22fb52541715acbc1a22a76887b5886ab8c276a",
  "f0_stats": {
    "shape": [
      5
    ],
    "size": 5,
    "min": 0.4131820053919227,
    "max": 123.49082541422693,
    "mean": 26.133876245018296,
    "std": 48.69372137296917
  },
  "f1_stats": {
    "shape": [
      15
    ],
    "size": 15,
    "min": 0.011631163336093042,
    "max": 306.5602289004536,
    "mean": 43.1286568226851,
    "std": 97.4749035802903
  }
}