{
  "count": 116,
  "ids_hash": "a82a4a24d139643363d6a8960ace2d9c681c4fe719552ce3198060cf742c32f2",
  "coords_hash": "9fe8c2aa4133cd24771bdd61dd074d5eef76d24580e9c161568ddd731bc64df7",
  "coords_stats": {
    "shape": [
      116,
      3
    ],
    "size": 348,
    "min": -24.17300033569336,
    "max": 38.5989990234375,
    "mean": 11.41243679770108,
    "std": 20.80246959226072
  }
}