{
  "f0_hash": "43611e4b026234b8c8f9b9b17a498a634b176ec1793e743b9ecf27fbe13131a2",
  "f1_hash": "7f7511c1bc078e2a59ea914d81533faee95977827285b9f0852c43669ec4e281",
  "f0_stats": {
    "shape": [
      5
    ],
    "size": 5,
    "min": 0.5019754463998677,
    "max": 172.3813211482723,
    "mean": 35.924868386560476,
    "std": 68.23789807727616
  },
  "f1_stats": {
    "shape": [
      15
    ],
    "size": 15,
    "min": 0.010368572216796323,
    "max": 442.0507439339766,
    "mean": 61.20763552645572,
    "std": 138.98453002583187
  }
}