MODEL,PRED_DOCKQ
4KFZ_af2m,0.03200553
4KFZ,0.0067490637
