MODEL,PRED_DOCKQ
1T6S,0.38453734
1T6S_af2m,0.34513777
