MODEL,PRED_DOCKQ
5E8J,0.8651913
5E8J_af2m,0.8558289
