{
  "hash": "1db8c52948b2af3ca3b4420a33008e5382a393a79e863231e943b44d9ba1772f",
  "stats": {
    "shape": [
      104,
      104
    ],
    "size": 10816,
    "min": 0.0,
    "max": 15.184686934566779,
    "mean": 7.890220151919475,
    "std": 3.0564275354697363
  }
}