{
  "hash": "fcc26139d545e48bb3c03a44383e240a839ad592fa77f732281b6c82793e1f19",
  "stats": {
    "shape": [
      83,
      83
    ],
    "size": 6889,
    "min": 0.0,
    "max": 15.746950243650794,
    "mean": 7.571485318739247,
    "std": 3.026141186410424
  }
}