{
  "f0_hash": "36d4d7d31e1b5c762a349f5ecaa4aacb669f7f8d12bfae9f38089dbe538c6c46",
  "f1_hash": "115dfe5826e1c16965d7d322e114064bb374370a70ff56731a7b51c4751cabcc",
  "f0_stats": {
    "shape": [
      5
    ],
    "size": 5,
    "min": 0.5298932690947324,
    "max": 129.64973482951748,
    "mean": 27.303640505929287,
    "std": 51.18305787811228
  },
  "f1_stats": {
    "shape": [
      15
    ],
    "size": 15,
    "min": 0.01117442522023726,
    "max": 349.8500898283655,
    "mean": 49.37358291521074,
    "std": 111.30139012954841
  }
}