{
  "hash": "b74089ed4033439602e7619497f5d3655038dce6e0ec996fccf0f8e6e00dc1cf",
  "stats": {
    "shape": [
      79,
      79
    ],
    "size": 6241,
    "min": 0.0,
    "max": 15.047248480958094,
    "mean": 7.154438888671346,
    "std": 2.9215410556193593
  }
}