{
  "count": 85,
  "ids_hash": "27aa1eb4d78d753c8c6d0cf2026831db5aee859b6ee8869caab8c83cebf73e9d",
  "coords_hash": "a40094fca741a4e67c9d9f95c0cd43d934d0e53448012e4a3bc1f3be59d32b57",
  "coords_stats": {
    "shape": [
      85,
      3
    ],
    "size": 255,
    "min": -11.49899959564209,
    "max": 22.177000045776367,
    "mean": 4.424619616305127,
    "std": 8.870600454217112
  }
}