{
  "count": 64,
  "ids_hash": "86f049cc2f218553120772679e6fcaab0b95f2520e72e4387287e794621f96b7",
  "coords_hash": "c20a2e2adab3ff439f870e988d728f8cc214c78b3d7959c301e2db91bd84b922",
  "coords_stats": {
    "shape": [
      64,
      3
    ],
    "size": 192,
    "min": -42.31700134277344,
    "max": 0.32600000500679016,
    "mean": -19.630843762153138,
    "std": 12.591852706669835
  }
}