{
  "f0_hash": "ab6e0e129bf4b16486dea607b4b0160c4bd4e319fa7c062b8ae58e3e187cfaa6",
  "f1_hash": "6c12de074763aae0c713ec1cd5c2a419dcac17d421b9bfdb4d58c3e68a13dfb9",
  "f0_stats": {
    "shape": [
      5
    ],
    "size": 5,
    "min": 0.5499965917221719,
    "max": 137.24217941689034,
    "mean": 29.00547546794339,
    "std": 54.13505024192165
  },
  "f1_stats": {
    "shape": [
      15
    ],
    "size": 15,
    "min": 0.013156864345485797,
    "max": 362.6655790960136,
    "mean": 51.44821679499476,
    "std": 114.80305158309363
  }
}