{
  "f0_hash": "718d1b8849f90fc3a912690199d8d592283a61d2a73df0a7a68a57a39f44498d",
  "f1_hash": "22792d8a7ea92d58d8286bbb6ea8f3afe501ce57bf4e65d6a7bdc788e4efed92",
  "f0_stats": {
    "shape": [
      5
    ],
    "size": 5,
    "min": 0.4082654762172792,
    "max": 131.4335845857323,
    "mean": 27.678551948926174,
    "std": 51.889891889946725
  },
  "f1_stats": {
    "shape": [
      15
    ],
    "size": 15,
    "min": 0.010724348941083761,
    "max": 364.7675094126337,
    "mean": 51.22855252435425,
    "std": 115.89599679985893
  }
}