MODEL,PRED_DOCKQ
4GQB_af2m,0.80507797
4GQB,0.0025359013
