{
  "hash": "a4c22546d6ed145268363d43210322962011ec31441e520b948aab734741eb6d",
  "stats": {
    "shape": [
      86,
      86
    ],
    "size": 7396,
    "min": 0.0,
    "max": 15.60669875270366,
    "mean": 7.901340531168067,
    "std": 3.162109185660285
  }
}