{
  "count": 79,
  "ids_hash": "aa6711fd5bd1c5efa83bb4f667ef63b16d0662df76e55ebdb6a8e2f30b19e115",
  "coords_hash": "1248450ebfab6da0a8d8187236c6d03b0086d7dc0a915111e6efde7c2c2ea44e",
  "coords_stats": {
    "shape": [
      79,
      3
    ],
    "size": 237,
    "min": -5.0269999504089355,
    "max": 20.375999450683594,
    "mean": 6.387924034399951,
    "std": 6.135609451497049
  }
}