{
  "f0_hash": "ee6ccd92fd33387bc1f3799569650131ca2ec9f1b59794cd26053cedb79dc64c",
  "f1_hash": "8f60b177f12868202b80893084fb60f61cac49880ec44fc90beaa9403843d75f",
  "f0_stats": {
    "shape": [
      5
    ],
    "size": 5,
    "min": 0.47252158996907173,
    "max": 166.71080772242755,
    "mean": 34.84555016034921,
    "std": 65.9450071444941
  },
  "f1_stats": {
    "shape": [
      15
    ],
    "size": 15,
    "min": 0.010569203911787728,
    "max": 469.76745695860967,
    "mean": 65.19108908902116,
    "std": 148.9609544803373
  }
}