{
  "f0_hash": "ca629f3e4e96177ec2c9662d2a13bf0d8285c13374d4ec522456f936242a9913",
  "f1_hash": "c6f967e32b64e6956973a4df374dd9ba03ea22e1c825dae9f22ed0df7230fcfc",
  "f0_stats": {
    "shape": [
      5
    ],
    "size": 5,
    "min": 0.3555570205371504,
    "max": 130.99903433844617,
    "mean": 27.514229087883926,
    "std": 51.7524301483606
  },
  "f1_stats": {
    "shape": [
      15
    ],
    "size": 15,
    "min": 0.012257379285086856,
    "max": 299.46243639529627,
    "mean": 42.283858798247486,
    "std": 93.76784858400967
  }
}