MODEL,PRED_DOCKQ
4G4S,0.8608115
4G4S_af2m,0.7700541
