{
  "f0_hash": "9a7cf93e74b388780da23ecc9a2029467fd59b0d9a1103660ec18bc2ab4d7004",
  "f1_hash": "7028eb2c0ccea7f039862db8b20095995f4ba64caacfb47d2ffd815332b19942",
  "f0_stats": {
    "shape": [
      5
    ],
    "size": 5,
    "min": 0.24439860578860556,
    "max": 294.23607317581815,
    "mean": 59.87312793492612,
    "std": 117.18634095482983
  },
  "f1_stats": {
    "shape": [
      15
    ],
    "size": 15,
    "min": 0.010494818316938881,
    "max": 653.694409685809,
    "mean": 88.7657113133834,
    "std": 202.86528125175266
  }
}