{
  "f0_hash": "31324e555af6c79ebec79016845fb2178da0d79f9b03f1cfffa944a000d193f2",
  "f1_hash": "73c176774c17d9d54750cb8b6a35d84e064fa988d65a67531e107bbcbd5a9917",
  "f0_stats": {
    "shape": [
      5
    ],
    "size": 5,
    "min": 0.5673999251394453,
    "max": 177.03088412313747,
    "mean": 36.90435064092723,
    "std": 70.07338727034599
  },
  "f1_stats": {
    "shape": [
      15
    ],
    "size": 15,
    "min": 0.01054770023185192,
    "max": 580.3353792540579,
    "mean": 79.77297382535463,
    "std": 184.69169437863283
  }
}