{
  "hash": "da75c2227c4ff58d03ac7435c9b3439980df0c2a308742ff7bf8aa806ca87c55",
  "stats": {
    "shape": [
      90,
      90
    ],
    "size": 8100,
    "min": 0.0,
    "max": 14.891531335229434,
    "mean": 7.526446315039217,
    "std": 2.9751587006738247
  }
}