MODEL,PRED_DOCKQ
3GFZ,0.87334794
3GFZ_af2m,0.39907593
