MODEL,PRED_DOCKQ
2QKH_af2m,0.38201994
2QKH,0.0057823127
