{
  "f0_hash": "c1414c0be42a58ddec8533fa4787b479e6b6963658743025b1219adcb9aab025",
  "f1_hash": "f3e8b27e60c6b58f2a0e89c73e96d20361030f13b7ca1162cb104ee99f3ce414",
  "f0_stats": {
    "shape": [
      5
    ],
    "size": 5,
    "min": 0.4429776237262051,
    "max": 135.10348232540997,
    "mean": 28.43349993174354,
    "std": 53.34723823039096
  },
  "f1_stats": {
    "shape": [
      15
    ],
    "size": 15,
    "min": 0.011096032734505101,
    "max": 362.31587315654355,
    "mean": 50.280331699298245,
    "std": 114.84502727688009
  }
}