{
  "f0_hash": "87efe31c803ba1c95b70852943013f7ae36154c19d410dd80403207e1a0dedce",
  "f1_hash": "e98c1e086e5a7637e99cd7ab7be31eb665800be73b20cc8e93a9791beaa9ed38",
  "f0_stats": {
    "shape": [
      5
    ],
    "size": 5,
    "min": 0.5651210653375005,
    "max": 125.23984400547953,
    "mean": 26.525011281831194,
    "std": 49.37182083280941
  },
  "f1_stats": {
    "shape": [
      15
    ],
    "size": 15,
    "min": 0.011356710084129418,
    "max": 349.0837830138304,
    "mean": 48.636628256878254,
    "std": 112.34715408371876
  }
}