{
  "hash": "1774e925c1e2ab4448d1a3c853c41ad788fcded1ad18db86b7ee44e6c32f9197",
  "stats": {
    "shape": [
      95,
      95
    ],
    "size": 9025,
    "min": 0.0,
    "max": 15.782923969389637,
    "mean": 7.562059979946344,
    "std": 2.9973168644809944
  }
}