{
  "count": 117,
  "ids_hash": "ddff0377cd1d3a04f7f3ecadd643c94d4ea7182342832acba79e607b0936f3dc",
  "coords_hash": "918f93e0a620aa76b3be7181b6b3326a4092bb3277aea3e544abb5810a823165",
  "coords_stats": {
    "shape": [
      117,
      3
    ],
    "size": 351,
    "min": -39.768001556396484,
    "max": 8.972000122070312,
    "mean": -20.291119722813963,
    "std": 16.585491015611538
  }
}