{
  "count": 206,
  "ids_hash": "8c7ca97227a3bbf63ac9e2ca9e2d558eb653cfb7c4ac9ca4a1658c99676606c5",
  "coords_hash": "bd93055bca3590b002e5e5a6b32f57ca07270273dd0485ad324043f0f1f1fc29",
  "coords_stats": {
    "shape": [
      206,
      3
    ],
    "size": 618,
    "min": -12.760000228881836,
    "max": 12.029000282287598,
    "mean": 0.7771601905160158,
    "std": 5.784398261727883
  }
}