{
  "hash": "a3124e5d13ab483841fbf97264c726b1a6922bb9afa27719952a1e855f921926",
  "stats": {
    "shape": [
      97,
      97
    ],
    "size": 9409,
    "min": 0.0,
    "max": 15.894610217122073,
    "mean": 7.747790149160716,
    "std": 3.0146059245006085
  }
}