{
  "hash": "0e54608d927ed46b56cac7aa144c952cd0b21c0ebc27b28321445f58ff71ac8f",
  "stats": {
    "shape": [
      107,
      107
    ],
    "size": 11449,
    "min": 0.0,
    "max": 15.742076660952861,
    "mean": 8.011237160592811,
    "std": 3.0596877055346607
  }
}