{
  "hash": "2124c28a24a3df2a1a1e3bf2aa76f66599b33750e1bf7c9636ac6ef4e649ad13",
  "stats": {
    "shape": [
      117,
      117
    ],
    "size": 13689,
    "min": 0.0,
    "max": 15.71994864645379,
    "mean": 8.039298752149689,
    "std": 3.0531367791283444
  }
}