{
  "count": 63,
  "ids_hash": "bd766e3389254b5ac33ce40e19adfa7ca472fdd24534a13095302bb6d527e812",
  "coords_hash": "811e4506263487ec706d475c8230dceaa9c6e5d679ec2deae14d03b6d9c2ce65",
  "coords_stats": {
    "shape": [
      63,
      3
    ],
    "size": 189,
    "min": -39.19499969482422,
    "max": 45.066001892089844,
    "mean": 1.0842857411693012,
    "std": 29.60997475439458
  }
}