{
  "count": 59,
  "ids_hash": "295905fd480087b2a67364f3fb60420908263b7278326bf8828eb2c8d9a835ed",
  "coords_hash": "1a81dacffc13a99920fc760e0f2c8098c552392c4598c5c39c649eba2109f434",
  "coords_stats": {
    "shape": [
      59,
      3
    ],
    "size": 177,
    "min": -8.772000312805176,
    "max": 52.95100021362305,
    "mean": 20.434152510101345,
    "std": 20.40729514010414
  }
}