{
  "hash": "bb5e36b9c96564a89ad06c0c40b62e894f3fe29345844ba60471752f3b18ac40",
  "stats": {
    "shape": [
      100,
      100
    ],
    "size": 10000,
    "min": 0.0,
    "max": 15.77368966405492,
    "mean": 8.15953640953381,
    "std": 3.13953483015008
  }
}