{
  "hash": "2e8e5865648ed4dafc91b4dce89d786c4d4b3101540ff7071fb602d0e18db661",
  "stats": {
    "shape": [
      99,
      99
    ],
    "size": 9801,
    "min": 0.0,
    "max": 15.464398893735812,
    "mean": 7.8831811782635,
    "std": 3.069278347142542
  }
}