{
  "f0_hash": "b512fed9a8a170a472b17e7b2cd7baf47e9b62e4f8bc415e82db72718e333808",
  "f1_hash": "adc6eb4aaee79b622676c599fde10aef77471e3f7b6fb19a8d1a7d7e4abe16da",
  "f0_stats": {
    "shape": [
      5
    ],
    "size": 5,
    "min": 0.6620514872206146,
    "max": 109.0076449924682,
    "mean": 23.510996542236345,
    "std": 42.77598601246126
  },
  "f1_stats": {
    "shape": [
      15
    ],
    "size": 15,
    "min": 0.010702215495931533,
    "max": 287.7753317876163,
    "mean": 41.32078887470221,
    "std": 91.73174598233213
  }
}