{
  "f0_hash": "8c03356a2df0ecf546107ad969342b7dcc2a197ef4c93c559ab47291013cf803",
  "f1_hash": "b3aa2adf2d6bcf180649942f0e081e6f6a55fe52b7a02498fbe0f6bc4e894b88",
  "f0_stats": {
    "shape": [
      5
    ],
    "size": 5,
    "min": 0.3740293990313134,
    "max": 151.45528245671207,
    "mean": 31.517062031532173,
    "std": 59.97513543726072
  },
  "f1_stats": {
    "shape": [
      15
    ],
    "size": 15,
    "min": 0.010301231989655157,
    "max": 399.6228922987953,
    "mean": 55.21418173402556,
    "std": 126.93292977803063
  }
}