MODEL,PRED_DOCKQ
4U2X_af2m,0.87056696
4U2X,0.00035151583
