MODEL,PRED_DOCKQ
2A4X,0.87936264
2A4X_af2m,0.83055574
