{
  "count": 106,
  "ids_hash": "536bfaa7cdff95def5645010a4f22d23be672df9f6b0d189c3b9059fde78f8f4",
  "coords_hash": "b6238c179f8394c9f9123198d70738a80da0085343a4e1f16f30463d73fd339a",
  "coords_stats": {
    "shape": [
      106,
      3
    ],
    "size": 318,
    "min": -14.373000144958496,
    "max": 30.8439998626709,
    "mean": 9.64556603105563,
    "std": 13.66727966144008
  }
}