{
  "hash": "608659924234071bfd843e0aeddae04837ef195049c753d8c1cd96d10b3b4c76",
  "stats": {
    "shape": [
      115,
      115
    ],
    "size": 13225,
    "min": 0.0,
    "max": 15.14332724018247,
    "mean": 7.527649881196138,
    "std": 3.0446399793169907
  }
}