{
  "hash": "df324f66920f89b29b455eb4974e40a9c6355545808282bebf6708afe080de40",
  "stats": {
    "shape": [
      60,
      60
    ],
    "size": 3600,
    "min": 0.0,
    "max": 14.70500576106935,
    "mean": 6.626612330222366,
    "std": 2.8336337044345856
  }
}