{
  "count": 89,
  "ids_hash": "82fd8352d4403265cc211656c5a501ce95da39595d66773edef55cc26333853d",
  "coords_hash": "c32a7a22c5039c188bd0e5321a265c618daecd450f9b2f39b318858db3412f21",
  "coords_stats": {
    "shape": [
      89,
      3
    ],
    "size": 267,
    "min": -33.249000549316406,
    "max": 68.56199645996094,
    "mean": 20.549546716811506,
    "std": 36.14889710104493
  }
}