{
  "hash": "b8a114012019d22e5328288673ebd68bad19f07c74e124f50a614b7a5bcf6c5d",
  "stats": {
    "shape": [
      84,
      84
    ],
    "size": 7056,
    "min": 0.0,
    "max": 15.298629025825319,
    "mean": 7.42471497611375,
    "std": 2.9572269773646713
  }
}