MODEL,PRED_DOCKQ
1I7N_af2m,0.89636093
1I7N,0.84653056
