MODEL,PRED_DOCKQ
3BOX_af2m,0.8984009
3BOX,0.45231956
