MODEL,PRED_DOCKQ
5WY5,0.6909941
5WY5_af2m,0.4517664
