{
  "count": 99,
  "ids_hash": "4eb90b1dd8254d0b89b0a0bd8322841ccf28b08f0ace57a9b209c22b2cff4e2b",
  "coords_hash": "95cd0d97a2e5b0013ca9472894a5f44d7c727730f6770c193a8f665a6b2725c2",
  "coords_stats": {
    "shape": [
      99,
      3
    ],
    "size": 297,
    "min": -49.16299819946289,
    "max": 43.23699951171875,
    "mean": -8.936575790045639,
    "std": 33.24743113149999
  }
}