{
  "f0_hash": "07f68d06f17ff4023b901ad3e63e2bff30519b1bd49478c9c5f928a12361bc41",
  "f1_hash": "eb81086037d26b5328cfcc6cb1114af9d24b3b2344c98277a74ffa4a05cab82d",
  "f0_stats": {
    "shape": [
      5
    ],
    "size": 5,
    "min": 0.44635501034357733,
    "max": 176.69387449867835,
    "mean": 36.74351950559961,
    "std": 69.98502039188352
  },
  "f1_stats": {
    "shape": [
      15
    ],
    "size": 15,
    "min": 0.011617674843296344,
    "max": 447.64998268718614,
    "mean": 61.879481422500184,
    "std": 140.86927071263608
  }
}