{
  "f0_hash": "4d5dc78dbd4db52ad22bf6eec4ba9453d64146efa723d6b4591fc52f686aa43a",
  "f1_hash": "7f64d22dcc8ad62fcc2f5bbb3a1e86f54abc692c7a9c823488fd8e45f5217a22",
  "f0_stats": {
    "shape": [
      5
    ],
    "size": 5,
    "min": 0.3957910010092751,
    "max": 100.45061814506033,
    "mean": 21.435655157105323,
    "std": 39.5230509005673
  },
  "f1_stats": {
    "shape": [
      15
    ],
    "size": 15,
    "min": 0.0101080111986942,
    "max": 275.7870342995068,
    "mean": 38.44759886681762,
    "std": 88.27110978355796
  }
}