MODEL,PRED_DOCKQ
6GYG,0.84925765
6GYG_af2m,0.8314198
