MODEL,PRED_DOCKQ
4O7O,0.7498328
4O7O_af2m,0.04264713
