{
  "hash": "573217dc6e49d503e6141c0f038bd1dfc3d0664ac31c1d65298ffd43c3d32e06",
  "stats": {
    "shape": [
      111,
      111
    ],
    "size": 12321,
    "min": 0.0,
    "max": 15.704851711656726,
    "mean": 8.166029454069102,
    "std": 3.1335602530430533
  }
}