{
  "f0_hash": "2b6af34c4b18f1a43f7e70301d98b9d8bcb4f472405ce1fa9f313c164ac494c8",
  "f1_hash": "83967a803ea96a3a4d32c9fb08d922e7ca7499186955649e3c17331f8c2e61e4",
  "f0_stats": {
    "shape": [
      5
    ],
    "size": 5,
    "min": 0.3850903974683754,
    "max": 131.79871038722524,
    "mean": 27.604376430633682,
    "std": 52.10446319506018
  },
  "f1_stats": {
    "shape": [
      15
    ],
    "size": 15,
    "min": 0.012866080189684936,
    "max": 308.62377096496965,
    "mean": 43.247921768762346,
    "std": 96.52383700960783
  }
}