{
  "f0_hash": "2c55afab452e5bad8579cfbb320cfdd3bb59e6c7a2cd9ba970f5b70daaa264de",
  "f1_hash": "260ee4c9b8bd16b6ed2bfcec8a7a5b55965d4ad3c726ca4466a43224f7fd430f",
  "f0_stats": {
    "shape": [
      5
    ],
    "size": 5,
    "min": 0.6187042917733645,
    "max": 88.57699967903525,
    "mean": 19.256439764386535,
    "std": 34.68227606870526
  },
  "f1_stats": {
    "shape": [
      15
    ],
    "size": 15,
    "min": 0.010899825484136372,
    "max": 220.27646748303158,
    "mean": 31.732282762841084,
    "std": 69.74449482320489
  }
}