{
  "hash": "5526bc9d8050c4327408c3dcce4ab4c2910456f38123107050d6f9793bb3ab05",
  "stats": {
    "shape": [
      108,
      108
    ],
    "size": 11664,
    "min": 0.0,
    "max": 15.24257635231773,
    "mean": 8.107909120899983,
    "std": 3.0986891588786354
  }
}