{
  "hash": "f68bb0d1506ac38cff4e85d206d659b7f7ffd216e6db972513fb6aac69be5774",
  "stats": {
    "shape": [
      92,
      92
    ],
    "size": 8464,
    "min": 0.0,
    "max": 15.339105713501558,
    "mean": 7.570140715608488,
    "std": 3.013048766725354
  }
}