{
  "count": 109,
  "ids_hash": "3a5e542f7a3f06e96f17f7804097bd9554c11b925d84cc839be4e8f8720a2185",
  "coords_hash": "df9e2bbd8d3df980b3ee4c7184270eab7aa5628fe0030186d09ac972d9078fcf",
  "coords_stats": {
    "shape": [
      109,
      3
    ],
    "size": 327,
    "min": -9.762999534606934,
    "max": 86.177001953125,
    "mean": 36.710905060468285,
    "std": 33.173108821936054
  }
}