{
  "hash": "f57938177eb9f8d5c42985938fae0af48d07c5836a883f103f56f0b6f0b0dc89",
  "stats": {
    "shape": [
      103,
      103
    ],
    "size": 10609,
    "min": 0.0,
    "max": 15.592442394026673,
    "mean": 8.177758929277205,
    "std": 3.1825843325612406
  }
}