{
  "f0_hash": "5e046174573b8ea6190fe64983829a49de1eb6a901a99b4d818274b0d1748a49",
  "f1_hash": "5c5c3820ace74ce065951efe75a1036566ed0ae8680324848383b0a3e6f846ad",
  "f0_stats": {
    "shape": [
      5
    ],
    "size": 5,
    "min": 0.5886933303742408,
    "max": 176.82608029373299,
    "mean": 36.78627310531728,
    "std": 70.02726669304334
  },
  "f1_stats": {
    "shape": [
      15
    ],
    "size": 15,
    "min": 0.01118667201734791,
    "max": 607.160242389681,
    "mean": 83.23548480694903,
    "std": 192.76900189276498
  }
}