{
  "hash": "ac726064e84b76a343475edae87aa64703f09579758b8cf9d5fda993d4c47b9c",
  "stats": {
    "shape": [
      80,
      80
    ],
    "size": 6400,
    "min": 0.0,
    "max": 15.523040915810846,
    "mean": 7.579615054017364,
    "std": 3.008553358388143
  }
}