MODEL,PRED_DOCKQ
2QM1_af2m,0.9293963
2QM1,0.92930925
