{
  "f0_hash": "b6d75368ce915d0becccf22fbcdd99b112ec730f51202088bc53b8aa1720bbdb",
  "f1_hash": "e00a6fad5ec6cf1d5ca7afc61eff267631565f5c9905f0934917e4580003639a",
  "f0_stats": {
    "shape": [
      5
    ],
    "size": 5,
    "min": 0.34012249757842994,
    "max": 97.38161350463858,
    "mean": 20.828050150666154,
    "std": 38.293015621731165
  },
  "f1_stats": {
    "shape": [
      15
    ],
    "size": 15,
    "min": 0.010967003335859538,
    "max": 174.69663361720737,
    "mean": 25.862428773802456,
    "std": 55.18260290737673
  }
}