MODEL,PRED_DOCKQ
5H6T,0.844216
5H6T_af2m,0.7634757
