{
  "count": 102,
  "ids_hash": "55541d082131556bef27e251a7651b34961cb256a79914b8d0e0e9b6b59dc32a",
  "coords_hash": "56fc9072ea5a461bfd4224f50d473f492c473b4e9491a703d0a4bd41268d8ce4",
  "coords_stats": {
    "shape": [
      102,
      3
    ],
    "size": 306,
    "min": -19.357999801635742,
    "max": 24.239999771118164,
    "mean": 0.31029084530579887,
    "std": 12.67417997763092
  }
}