{
  "hash": "c6963a1ed74f90ff6cb47788fdb2064f74dfe2332f2a06e8d6b0b8ed29a35f81",
  "stats": {
    "shape": [
      37,
      37
    ],
    "size": 1369,
    "min": 0.0,
    "max": 12.389274116446392,
    "mean": 5.56065806041053,
    "std": 2.5193172698605144
  }
}