{
  "f0_hash": "3e9fded41ca386b91f1aead278eeba90f1ee4b6d802e55d1dadbaab1ebf2f51e",
  "f1_hash": "88f6b278665233fc3ebec32710140beca041f411dd350d9ac1335aaf66a597d6",
  "f0_stats": {
    "shape": [
      5
    ],
    "size": 5,
    "min": 0.42821969062800597,
    "max": 135.7086064417766,
    "mean": 28.489497907695505,
    "std": 53.61961041751519
  },
  "f1_stats": {
    "shape": [
      15
    ],
    "size": 15,
    "min": 0.010992035676906653,
    "max": 363.35260155818384,
    "mean": 50.8342835035063,
    "std": 115.32261305878448
  }
}