MODEL,PRED_DOCKQ
5LSK_af2m,0.1537265
5LSK,0.013722887
