{
  "hash": "fceb548e4f58df336d61f2d2863bc341d770eb3261f0333a88dc278bdc755201",
  "stats": {
    "shape": [
      102,
      102
    ],
    "size": 10404,
    "min": 0.0,
    "max": 15.523980546414338,
    "mean": 7.546319457420378,
    "std": 2.9513992413063406
  }
}