{
  "f0_hash": "dc17e8619c6f0263d98e974773d93f5af2382efb54a4e000b342170e9b921ac5",
  "f1_hash": "df567f1b9e289d1b25077006391071fb8aa57a5dbad6cf0310ea068f40c9f0ab",
  "f0_stats": {
    "shape": [
      5
    ],
    "size": 5,
    "min": 0.581395928051796,
    "max": 189.90822180242424,
    "mean": 39.43859983604371,
    "std": 75.24281301606506
  },
  "f1_stats": {
    "shape": [
      15
    ],
    "size": 15,
    "min": 0.01010509691684014,
    "max": 618.5385572971568,
    "mean": 84.76974299306215,
    "std": 196.62680689757943
  }
}