MODEL,PRED_DOCKQ
5JE6_af2m,0.05182496
5JE6,0.0017483374
