MODEL,PRED_DOCKQ
5Z2V,0.8119281
5Z2V_af2m,0.77908736
