{
  "hash": "d3e930d080be1eb9a7606910486e0bc2a00493017bd5fab008fc5ef4d4c31502",
  "stats": {
    "shape": [
      64,
      64
    ],
    "size": 4096,
    "min": 0.0,
    "max": 15.552198047549487,
    "mean": 7.020633921819041,
    "std": 3.0204066962936795
  }
}