MODEL,PRED_DOCKQ
1T62_af2m,0.076431125
1T62,0.002809842
