{
  "count": 82,
  "ids_hash": "c4cd87c898377680de0d95916fc82df67360ecd93dad6176029e2925a110a231",
  "coords_hash": "9f82f05ab5f959ae6858cc78f52f6859a099d8e02599ccafb2ac3cdba679410e",
  "coords_stats": {
    "shape": [
      82,
      3
    ],
    "size": 246,
    "min": -17.631000518798828,
    "max": 31.06100082397461,
    "mean": 3.103483732698894,
    "std": 15.902451001734303
  }
}