{
  "f0_hash": "98f93200bc7ac86006a8e95f21d8fc9f96b16999f1a7823fbc4fd285c3105aed",
  "f1_hash": "59bf3afd11cca15b0a8bd39f49ce3c7d8afa31751b407d503984152a55af89b5",
  "f0_stats": {
    "shape": [
      5
    ],
    "size": 5,
    "min": 0.5749371084487135,
    "max": 160.53062917226933,
    "mean": 33.57237675253679,
    "std": 63.48911818543699
  },
  "f1_stats": {
    "shape": [
      15
    ],
    "size": 15,
    "min": 0.011366217938206802,
    "max": 535.064664545333,
    "mean": 74.04477719609457,
    "std": 170.25702434155207
  }
}