{
  "f0_hash": "eee2ded76af40468a428e9df7f106ca1b4edefc82ef8d80299c75811dd740430",
  "f1_hash": "d2087fc8a4cec6a3c4b523019838ac66ef32fe5644bec37eb68389643aa9d5de",
  "f0_stats": {
    "shape": [
      5
    ],
    "size": 5,
    "min": 0.5252260844454155,
    "max": 87.2082109439209,
    "mean": 18.88706049658729,
    "std": 34.179259239405255
  },
  "f1_stats": {
    "shape": [
      15
    ],
    "size": 15,
    "min": 0.01897313638264464,
    "max": 154.38414645457215,
    "mean": 23.234079351255378,
    "std": 48.209288600206605
  }
}