MODEL,PRED_DOCKQ
2DBS_af2m,0.83871657
2DBS,0.7841534
