{
  "hash": "c46a08c30b9148ceca9579d796b1a71bf61cb64044dcd2a08677013b8b94926f",
  "stats": {
    "shape": [
      112,
      112
    ],
    "size": 12544,
    "min": 0.0,
    "max": 15.563246292576963,
    "mean": 8.114687237054744,
    "std": 3.1360728746977884
  }
}