MODEL,PRED_DOCKQ
1TBX_af2m,0.84236944
1TBX,0.74363863
