{
  "f0_hash": "84493ec4e1c212879b8dbd5b5b7e9710faafb3c6910ecd94e9207c421edb8b44",
  "f1_hash": "1a3ac6c829982bb55a0e0f889785702e099fe23ea46d84b93c82a014bab64bef",
  "f0_stats": {
    "shape": [
      5
    ],
    "size": 5,
    "min": 0.552072923354208,
    "max": 134.92411680770985,
    "mean": 28.392892801782427,
    "std": 53.27566967245895
  },
  "f1_stats": {
    "shape": [
      15
    ],
    "size": 15,
    "min": 0.010164019141168268,
    "max": 387.9470200796587,
    "mean": 54.837468202200185,
    "std": 124.0696880828759
  }
}