{
  "f0_hash": "dcdf3e0b47326d80f924581faa249b5d25f0087e48b3df682bb4a750d7815fdb",
  "f1_hash": "25bb91e9002a2cf94939cdcced9842d522062fae836410710d0f7997c4154755",
  "f0_stats": {
    "shape": [
      5
    ],
    "size": 5,
    "min": 0.5407407723097257,
    "max": 133.85119144966652,
    "mean": 28.20526574508702,
    "std": 52.83437870025707
  },
  "f1_stats": {
    "shape": [
      15
    ],
    "size": 15,
    "min": 0.011576840874802041,
    "max": 315.11471604027724,
    "mean": 44.05107477000036,
    "std": 99.58465640990863
  }
}