{
  "count": 98,
  "ids_hash": "a21ca63d939ebe568e6acf17b4ac5b04319d654f912fd7fdfb0a9c0ea8875821",
  "coords_hash": "e891c1c909ea5d49cfd67913b00c2f6b145e53db6349b00e1f8bce1d0afc59b6",
  "coords_stats": {
    "shape": [
      98,
      3
    ],
    "size": 294,
    "min": -41.33000183105469,
    "max": 59.97200012207031,
    "mean": 17.03826195853097,
    "std": 37.543060363138025
  }
}