{
  "count": 138,
  "ids_hash": "8d39ecdcedf20db7ea25c4bb83311212616ea499968da205463238a74fdf051a",
  "coords_hash": "6cb6440134a57b0213a5c6eb5d7a0509e81dea2885ed9b69216e62a6225dc4b4",
  "coords_stats": {
    "shape": [
      138,
      3
    ],
    "size": 414,
    "min": -24.128000259399414,
    "max": 28.65399932861328,
    "mean": 3.889243939837468,
    "std": 16.712278633704518
  }
}