{
  "hash": "1ba790eceda7c705505a2bd9fd467879e395db8980fd9823eb1d425af28facb6",
  "stats": {
    "shape": [
      107,
      107
    ],
    "size": 11449,
    "min": 0.0,
    "max": 15.695527847353443,
    "mean": 7.677707924065551,
    "std": 2.9541363404797707
  }
}