{
  "f0_hash": "b2e5f2e329fe7c3d6d0ac969f525b7821a3f7cdfbd1420604cf1490c01deb09c",
  "f1_hash": "059d9e4e06d67d24c1246449d6d2ff279031cdf3cdd7d0896b73ee63c67a74bb",
  "f0_stats": {
    "shape": [
      5
    ],
    "size": 5,
    "min": 0.32349604640382057,
    "max": 98.34160895445572,
    "mean": 20.872377542694952,
    "std": 38.744039164638856
  },
  "f1_stats": {
    "shape": [
      15
    ],
    "size": 15,
    "min": 0.010578555429901826,
    "max": 230.20139379310245,
    "mean": 32.741866226673956,
    "std": 74.16063531035451
  }
}