MODEL,PRED_DOCKQ
2F02_af2m,0.9108796
2F02,0.8254546
