MODEL,PRED_DOCKQ
1K20_af2m,0.8853886
1K20,0.728638
