{
  "f0_hash": "93a986d823675f52841349360171c0315b6eebb264177f263aae685d23af70c9",
  "f1_hash": "1f86875453b5ceb623240dbabb12c251dd98e52249bfcf5834f9b00858680082",
  "f0_stats": {
    "shape": [
      5
    ],
    "size": 5,
    "min": 0.36962145020003334,
    "max": 135.1953360930586,
    "mean": 28.345307997320383,
    "std": 53.43437640539026
  },
  "f1_stats": {
    "shape": [
      15
    ],
    "size": 15,
    "min": 0.010218123712371963,
    "max": 314.4244635525271,
    "mean": 44.24418522919017,
    "std": 98.25978161331109
  }
}