{
  "hash": "7a9073d90778a41507b062e2c4da1157092391314c3b9cf1d902b31fbc350b6f",
  "stats": {
    "shape": [
      69,
      69
    ],
    "size": 4761,
    "min": 0.0,
    "max": 14.920644107656646,
    "mean": 7.138818241645702,
    "std": 2.9571861103896353
  }
}