{
  "hash": "a4b1dd36a8e10c476549b24a4f046a8b8c792887f14b9a3f94c655dcdd7c86c6",
  "stats": {
    "shape": [
      84,
      84
    ],
    "size": 7056,
    "min": 0.0,
    "max": 15.259433535644998,
    "mean": 7.450118558581483,
    "std": 3.019589714171375
  }
}