{
  "f0_hash": "a2199b62e2fef1c88d8855466a4c098d346357eaebe177555c2a52239e544d9e",
  "f1_hash": "b52ba032ca1a3b65ad6faefd955be76fcce18af70464ee8f5fef105ac635dc06",
  "f0_stats": {
    "shape": [
      5
    ],
    "size": 5,
    "min": 0.45283391204253887,
    "max": 141.48982831485066,
    "mean": 29.628783347181546,
    "std": 55.9390024306517
  },
  "f1_stats": {
    "shape": [
      15
    ],
    "size": 15,
    "min": 0.010504146810015769,
    "max": 376.4975157883288,
    "mean": 52.41833772222106,
    "std": 118.6484959236192
  }
}