{
  "f0_hash": "0a9949423b30f5bf054a8c675c316cf9cb7dbb7f87281b7349ba01793f158d3a",
  "f1_hash": "fa85541df441be5fbb1a6d6c26e8470f5d0339cf91321f05bc1c996666e0df2e",
  "f0_stats": {
    "shape": [
      5
    ],
    "size": 5,
    "min": 0.30698320449955135,
    "max": 122.41077315205614,
    "mean": 25.689158758290215,
    "std": 48.368741981423426
  },
  "f1_stats": {
    "shape": [
      15
    ],
    "size": 15,
    "min": 0.013056880287578565,
    "max": 296.83868044026195,
    "mean": 42.259146567571854,
    "std": 94.35019418336746
  }
}