MODEL,PRED_DOCKQ
2OHH,0.8389311
2OHH_af2m,0.070637986
