{
  "f0_hash": "1edf9d8e0dca162f0ee7004480d155a89cf6b95b92f0dcfc82d42c4b19b49af7",
  "f1_hash": "5b39bb1ba86792a89245c28e7c9e93e5dce19cf387e61344c5dd48fc856d76de",
  "f0_stats": {
    "shape": [
      5
    ],
    "size": 5,
    "min": 0.4013334023698849,
    "max": 166.08531260076293,
    "mean": 34.54581514779,
    "std": 65.7775636320214
  },
  "f1_stats": {
    "shape": [
      15
    ],
    "size": 15,
    "min": 0.010008916311619265,
    "max": 520.4515337919829,
    "mean": 71.73003573497333,
    "std": 166.05827046500838
  }
}