{
  "hash": "2916ec694668ff9edc8b063fc62ec8afd660f1b66780102f8b378aa2e8bf7606",
  "stats": {
    "shape": [
      98,
      98
    ],
    "size": 9604,
    "min": 0.0,
    "max": 15.257416363302822,
    "mean": 7.599791766844933,
    "std": 2.987830053627805
  }
}