{
  "f0_hash": "d9ad7cad31177feaa8a3959c7987bb0830c23f3a90192ed7b28b5c6839135cc0",
  "f1_hash": "b37aa64dafe78d9514c71a2845508878b910696359c52736b81a56576f32c0a7",
  "f0_stats": {
    "shape": [
      5
    ],
    "size": 5,
    "min": 0.5503120207727772,
    "max": 141.46588940512945,
    "mean": 29.72080237153774,
    "std": 55.883265383799284
  },
  "f1_stats": {
    "shape": [
      15
    ],
    "size": 15,
    "min": 0.011591050054496232,
    "max": 410.66454346436285,
    "mean": 58.840268639726666,
    "std": 130.60999973609393
  }
}