{
  "f0_hash": "baa3309169ca530dfbe5a048df5ee89136d4ddc9065b3eee253873d998cef0e7",
  "f1_hash": "6a1ebb9f65ff6bd54e83dcd97386eb7eaf89097e4d46d0de5f46823a7a30f78f",
  "f0_stats": {
    "shape": [
      5
    ],
    "size": 5,
    "min": 0.44213381800053325,
    "max": 159.30727100906722,
    "mean": 33.228716114706074,
    "std": 63.048466949811576
  },
  "f1_stats": {
    "shape": [
      15
    ],
    "size": 15,
    "min": 0.010416928735994091,
    "max": 454.9648759728219,
    "mean": 62.92790375786688,
    "std": 144.62928392931045
  }
}