{
  "count": 107,
  "ids_hash": "2892ff4f10b31cc42a3518051a6eb479a3c7989d18e7ce1e9c3274f040538f3b",
  "coords_hash": "3059190cf2c4a4adb10b81385449db5c5ff761bb23d38954a2ef575a5fdf504e",
  "coords_stats": {
    "shape": [
      107,
      3
    ],
    "size": 321,
    "min": -11.35200023651123,
    "max": 19.155000686645508,
    "mean": 3.5142056036775355,
    "std": 7.177452287866606
  }
}