{
  "hash": "23ce104b108719c88a5680a4bcd355b0f464332706b3f780dfdef048394a424b",
  "stats": {
    "shape": [
      107,
      107
    ],
    "size": 11449,
    "min": 0.0,
    "max": 15.49217195471639,
    "mean": 7.983222007773209,
    "std": 3.03904764539048
  }
}