{
  "f0_hash": "6b7a8105ee48f8fed183a892431c8499ae1351c34a68df1151b62a9ee9b8e263",
  "f1_hash": "aa5116d77aa57456670f509ed38edab52a03872aeb27aed8a99d8b1cac0c69a4",
  "f0_stats": {
    "shape": [
      5
    ],
    "size": 5,
    "min": 0.47306818605385714,
    "max": 121.30911267887988,
    "mean": 25.743442531340595,
    "std": 47.79910225398461
  },
  "f1_stats": {
    "shape": [
      15
    ],
    "size": 15,
    "min": 0.010779905445794213,
    "max": 279.8328691497095,
    "mean": 39.262446317645704,
    "std": 87.81508281641634
  }
}