{
  "f0_hash": "892c6f3ba567a71ea27e094f914e86a139e5bdf06e2deb257dac6976f16574c1",
  "f1_hash": "1de2dbe0721335b34935d04e91743e49202c5dcadaf4e36fcde551a2c764a6d1",
  "f0_stats": {
    "shape": [
      5
    ],
    "size": 5,
    "min": 0.26040869149247836,
    "max": 160.40882190216027,
    "mean": 33.25731553625594,
    "std": 63.581473615897075
  },
  "f1_stats": {
    "shape": [
      15
    ],
    "size": 15,
    "min": 0.010802492646297068,
    "max": 318.65973182269795,
    "mean": 44.2467374712488,
    "std": 100.13181441418622
  }
}