{
  "f0_hash": "9b385ec765ac59daaf5e47914670ca6faffaae3bf911168408cce53a382bf48c",
  "f1_hash": "4ae9f46dc385e12b8d07df81220d8b833278fd5cd1c94bdd946c12a92006a958",
  "f0_stats": {
    "shape": [
      5
    ],
    "size": 5,
    "min": 0.7947318322974106,
    "max": 65.26746793066242,
    "mean": 14.936123853523886,
    "std": 25.23018503523208
  },
  "f1_stats": {
    "shape": [
      15
    ],
    "size": 15,
    "min": 0.014565726477625995,
    "max": 80.42790063692144,
    "mean": 13.431166841469812,
    "std": 25.107325979339173
  }
}