{
  "count": 50,
  "ids_hash": "7347035bceb583f91a184e159b3f1027c3945928a562af0d6beb202f1778ee81",
  "coords_hash": "c031a45730c5179aba7c7d8bc3e439ea2d06258a12a80ef238a56887054c266f",
  "coords_stats": {
    "shape": [
      50,
      3
    ],
    "size": 150,
    "min": -7.514999866485596,
    "max": 39.07500076293945,
    "mean": 16.708700084189573,
    "std": 15.061111478198539
  }
}