MODEL,PRED_DOCKQ
1ZBQ_af2m,0.86579126
1ZBQ,0.81818837
