MODEL,PRED_DOCKQ
3KU7_af2m,0.85905176
3KU7,0.7451078
