{
  "hash": "218e1a0a654ae24755c6fc8db6c1d775413ed7005984916e2705a7b3e1138691",
  "stats": {
    "shape": [
      111,
      111
    ],
    "size": 12321,
    "min": 0.0,
    "max": 15.620894319257859,
    "mean": 7.9974486872594674,
    "std": 3.028632817595865
  }
}