{
  "hash": "9d1adf2a79914d7b246ed3fd30d35b59e68b801ac2171342c451a0f1b0c165c5",
  "stats": {
    "shape": [
      89,
      89
    ],
    "size": 7921,
    "min": 0.0,
    "max": 15.284540905185493,
    "mean": 7.323595059115677,
    "std": 2.9323537190753632
  }
}