MODEL,PRED_DOCKQ
1WZ3_af2m,0.7540264
1WZ3,0.0015593078
