{
  "f0_hash": "0e2086a5a678a48fad3e9353b67eaeee68823143b74e8479ef934b912450d1ad",
  "f1_hash": "e1066a7038940e2d17f19cc43bb47ac53ec3b9a2924fb33c9b7ebfb1619ede87",
  "f0_stats": {
    "shape": [
      5
    ],
    "size": 5,
    "min": 0.47901560289680933,
    "max": 164.88141197481954,
    "mean": 34.37259762618691,
    "std": 65.26316867356064
  },
  "f1_stats": {
    "shape": [
      15
    ],
    "size": 15,
    "min": 0.012736137857307206,
    "max": 470.54007259990055,
    "mean": 64.82119364086546,
    "std": 149.58815325625298
  }
}