{
  "hash": "2a94e32e29f5131e3932ed61386664f4e7c11db6730acd78061dcc7bf7d59ae0",
  "stats": {
    "shape": [
      85,
      85
    ],
    "size": 7225,
    "min": 0.0,
    "max": 15.367148820249968,
    "mean": 7.732722122265689,
    "std": 3.156880317168334
  }
}