{
  "hash": "f3daf992830353f2a733f1d26663661a9270450b249f51e740f4540c60160a11",
  "stats": {
    "shape": [
      88,
      88
    ],
    "size": 7744,
    "min": 0.0,
    "max": 15.02456134190093,
    "mean": 7.730555394751789,
    "std": 3.0915242921506425
  }
}