{
  "f0_hash": "bc9dc53b98855432e0bbd6302d5b25534c67fddd951c1521fd4af0ff9b46f9fe",
  "f1_hash": "634df946bee7926e5a6bf1b4fbfdd875012c686bccd667223b07b04109bb168f",
  "f0_stats": {
    "shape": [
      5
    ],
    "size": 5,
    "min": 0.3536515975484647,
    "max": 108.3269952496664,
    "mean": 22.987631184332322,
    "std": 42.68245097569993
  },
  "f1_stats": {
    "shape": [
      15
    ],
    "size": 15,
    "min": 0.010689388148937162,
    "max": 238.42039578005154,
    "mean": 33.554477058183494,
    "std": 75.47371042049252
  }
}