{
  "count": 57,
  "ids_hash": "0505c38b0bf12159715245923ddbd2364976c2f9bbd713cfdbafd8ac2a5aea05",
  "coords_hash": "dfda37aa146501cef6dc93e23d904e3e860e031c10665a21175f0a28aa0afcc7",
  "coords_stats": {
    "shape": [
      57,
      3
    ],
    "size": 171,
    "min": 5.159999847412109,
    "max": 110.59500122070312,
    "mean": 53.18385382702476,
    "std": 38.27473749657383
  }
}