{
  "hash": "30ed1b59bd75ba44696a973195482928c0c9c1c776913fc130ffa0603ae2bca6",
  "stats": {
    "shape": [
      114,
      114
    ],
    "size": 12996,
    "min": 0.0,
    "max": 15.645508374731659,
    "mean": 7.9559833955364665,
    "std": 3.014155259635794
  }
}