{
  "f0_hash": "7f8bbc0da72379b57e749230f5ce7deb19d5a58c385952c8ac9995958b1859af",
  "f1_hash": "a1a963adc19c4eb108cb86969b86db52d1b8f37fad505598da4279ae62dea651",
  "f0_stats": {
    "shape": [
      5
    ],
    "size": 5,
    "min": 0.5045968130007268,
    "max": 155.87745684994167,
    "mean": 32.54378232345471,
    "std": 61.674993020810916
  },
  "f1_stats": {
    "shape": [
      15
    ],
    "size": 15,
    "min": 0.011559437073255907,
    "max": 384.3482556403201,
    "mean": 53.60768440012601,
    "std": 121.14141302570012
  }
}