MODEL,PRED_DOCKQ
3WSO_af2m,0.7791733
3WSO,0.69114137
