{
  "hash": "63909b116543add418f7e225ae4f0182d470dbff8b51aba67bd88f0847ccd571",
  "stats": {
    "shape": [
      85,
      85
    ],
    "size": 7225,
    "min": 0.0,
    "max": 15.535631584110428,
    "mean": 7.3945760984416244,
    "std": 3.0263623339265333
  }
}