{
  "f0_hash": "12d7112fa61e192b5d9be124b89da5150c50211c037e89aa7ef21970d7cbbb09",
  "f1_hash": "195e777d1d856f1f2d4f1d221a794b7f6a2e0b82ec45aac8fcc79e803775a0b7",
  "f0_stats": {
    "shape": [
      5
    ],
    "size": 5,
    "min": 0.46981532897326506,
    "max": 181.93863972561022,
    "mean": 37.719483588513626,
    "std": 72.116029727362
  },
  "f1_stats": {
    "shape": [
      15
    ],
    "size": 15,
    "min": 0.010612744366930826,
    "max": 606.0277447862911,
    "mean": 82.80472033923054,
    "std": 193.36064455827344
  }
}