{
  "count": 86,
  "ids_hash": "f57ebaa8c82621399862a84e25ba97a4d226534a37551c49839071ece2fb27b5",
  "coords_hash": "868db5aa6b8623d5b51da83926c55a2ffdb992d110af2dc934f5b354f2edb7b1",
  "coords_stats": {
    "shape": [
      86,
      3
    ],
    "size": 258,
    "min": -2.367000102996826,
    "max": 20.527000427246094,
    "mean": 9.1745038485631,
    "std": 4.948010453007
  }
}