MODEL,PRED_DOCKQ
3RQ1_af2m,0.8655393
3RQ1,0.8526785
