{
  "count": 109,
  "ids_hash": "e4970b91229c7a03c092b50b1f6bdd7f1b4fe755f2da7bd8253cfb0d40aec8de",
  "coords_hash": "8b2327e6c524f73a77a64f451c2e311582d15b1f7654afacb4e9a1311027f140",
  "coords_stats": {
    "shape": [
      109,
      3
    ],
    "size": 327,
    "min": -9.762999534606934,
    "max": 86.177001953125,
    "mean": 36.710905060468285,
    "std": 33.173108821936054
  }
}