{
  "hash": "34668919e211224b1c3d463bebb34ed367fbbac698bec56fecea22f2855fa2a8",
  "stats": {
    "shape": [
      75,
      75
    ],
    "size": 5625,
    "min": 0.0,
    "max": 15.146768919093494,
    "mean": 7.610379099299895,
    "std": 3.201625759529802
  }
}