MODEL,PRED_DOCKQ
3OI8_af2m,0.80147296
3OI8,0.6755592
