{
  "f0_hash": "14472550e00d7de322d18cb8842877a30ca0be85646b729768b077dcaecfe969",
  "f1_hash": "07b1a3cb9da422f939cce8da3d2948fe73565a1c2f7ed52ca3149a1b4babb3b5",
  "f0_stats": {
    "shape": [
      5
    ],
    "size": 5,
    "min": 0.44413856323448203,
    "max": 157.64332462050322,
    "mean": 32.907172970320715,
    "std": 62.37753082241934
  },
  "f1_stats": {
    "shape": [
      15
    ],
    "size": 15,
    "min": 0.01143737042041959,
    "max": 408.58574180212196,
    "mean": 56.45475609323489,
    "std": 129.09862697736506
  }
}