{
  "f0_hash": "d9df9532c09de1a8f8051494f1ebe9f11d3e9fb507bb2e72cfea846c4edee462",
  "f1_hash": "93d368a472fb92c5f903bf1847fb432fca8fdd62f1d651533644cecf4fd7c3e2",
  "f0_stats": {
    "shape": [
      5
    ],
    "size": 5,
    "min": 0.610712231372613,
    "max": 150.82806554569308,
    "mean": 31.72869534733036,
    "std": 59.56365707736477
  },
  "f1_stats": {
    "shape": [
      15
    ],
    "size": 15,
    "min": 0.010080698777066743,
    "max": 458.05664798139236,
    "mean": 63.64065635643447,
    "std": 145.41890045167378
  }
}