{
  "hash": "1e2f9eb73a076c64613e593abb6c4b90db1c269a001e560f2a87ed6336ceb6c9",
  "stats": {
    "shape": [
      106,
      106
    ],
    "size": 11236,
    "min": 0.0,
    "max": 15.397136230958376,
    "mean": 7.952560542844664,
    "std": 3.0999542407491103
  }
}