MODEL,PRED_DOCKQ
2XFV_af2m,0.55614305
2XFV,0.33564737
