MODEL,PRED_DOCKQ
4UX3,0.58074516
4UX3_af2m,0.42827046
