{
  "hash": "c16e5d9755bcad51c4c775bc689513f5788f3916b09424074a9a65be8737383e",
  "stats": {
    "shape": [
      101,
      101
    ],
    "size": 10201,
    "min": 0.0,
    "max": 15.543665940655623,
    "mean": 7.830515646532583,
    "std": 3.047406251330475
  }
}