{
  "f0_hash": "9e2f45be19d91f3fbb761a3e0443265fe3f8e79e299e7d2dbe75a5dfa6adcd9c",
  "f1_hash": "dea91eddb5f75428987d27ff5c7f1e325df610654d91e1322d237d3657b866b6",
  "f0_stats": {
    "shape": [
      5
    ],
    "size": 5,
    "min": 0.40545449822959967,
    "max": 145.93259227505666,
    "mean": 30.499628854345342,
    "std": 57.72479935998768
  },
  "f1_stats": {
    "shape": [
      15
    ],
    "size": 15,
    "min": 0.01028737012065939,
    "max": 413.01359297481514,
    "mean": 57.507229022923276,
    "std": 130.56874103739048
  }
}