MODEL,PRED_DOCKQ
4ZRK_af2m,0.78488195
4ZRK,0.7425967
