{
  "f0_hash": "b3a47bacc0e23f2cb8d3737919a74349d7d82fdf7fbabea2ea3c5c48fb26a933",
  "f1_hash": "2f0b5b1eda09b5a294c08a8b2bf9cabccf9549f052b10c7832dd4913385c7882",
  "f0_stats": {
    "shape": [
      5
    ],
    "size": 5,
    "min": 0.5304858305504855,
    "max": 181.16636445308905,
    "mean": 37.55065687801395,
    "std": 71.81637978500744
  },
  "f1_stats": {
    "shape": [
      15
    ],
    "size": 15,
    "min": 0.010658966902714617,
    "max": 523.6502484262714,
    "mean": 71.90365232794991,
    "std": 165.849300288508
  }
}