{
  "f0_hash": "a013b4782c27c650eb449d5996d00595c29126905eec15d43708e61856227e43",
  "f1_hash": "fbbf57c92c4ec06e53e28106debe96735ca9b9d954be174639a99d3c45fdfb1f",
  "f0_stats": {
    "shape": [
      5
    ],
    "size": 5,
    "min": 0.5883853366167491,
    "max": 156.31564351861923,
    "mean": 32.82850472340447,
    "std": 61.757353647788285
  },
  "f1_stats": {
    "shape": [
      15
    ],
    "size": 15,
    "min": 0.010699447047421096,
    "max": 439.10885757230767,
    "mean": 61.02047031011556,
    "std": 138.84806587045819
  }
}