{
  "hash": "37d3b051a495308579bfcfa270380c45967d740f6e267eaab57476761972320d",
  "stats": {
    "shape": [
      90,
      90
    ],
    "size": 8100,
    "min": 0.0,
    "max": 14.892216113468582,
    "mean": 7.526455176804841,
    "std": 2.9751628237438394
  }
}