{
  "count": 104,
  "ids_hash": "f5010f261ea20767a7aee6e370969197d3956816cb59cc9f70b620eaf68f2660",
  "coords_hash": "0869b940ba24a447aeaff853ef70194590892741945942190778c454c1d767a4",
  "coords_stats": {
    "shape": [
      104,
      3
    ],
    "size": 312,
    "min": 13.145000457763672,
    "max": 84.7750015258789,
    "mean": 40.56135249749208,
    "std": 26.244176251950392
  }
}