MODEL,PRED_DOCKQ
1J2J_af2m,0.83505934
1J2J,0.8249863
