{
  "hash": "212ea4ba47ee9e97a448205a43513bf2b47b76d0ecf9f159085d7fe5ddc3386a",
  "stats": {
    "shape": [
      68,
      68
    ],
    "size": 4624,
    "min": 0.0,
    "max": 15.278796738540063,
    "mean": 6.987670765422199,
    "std": 2.958396443245633
  }
}