{
  "hash": "340b3d7c2cb10375c1117df8ebcd40683f2d7bf918bf1d3f8097deb99aaf3200",
  "stats": {
    "shape": [
      108,
      108
    ],
    "size": 11664,
    "min": 0.0,
    "max": 15.710219145023512,
    "mean": 8.003551130600993,
    "std": 3.1030134229882043
  }
}