{
  "hash": "fd6da1978e900be7f19600ecbec1a5e252ea37bc0ca44af4eadba7e5fc1c41d8",
  "stats": {
    "shape": [
      59,
      59
    ],
    "size": 3481,
    "min": 0.0,
    "max": 14.20772203101084,
    "mean": 6.571654376552681,
    "std": 2.7792328807970827
  }
}