{
  "f0_hash": "17d3248d4da8f3ef6e1c9f0495a9adc5bb3bfc2064e296cb75c2678c3a4d945c",
  "f1_hash": "5aab6531c8e013bbe8074c4bed2ca1b010c8d1b8879ab2c7b402ee16710c1364",
  "f0_stats": {
    "shape": [
      5
    ],
    "size": 5,
    "min": 0.3758813188919233,
    "max": 167.60187358344228,
    "mean": 34.89436105891524,
    "std": 66.3632221154374
  },
  "f1_stats": {
    "shape": [
      15
    ],
    "size": 15,
    "min": 0.012092636323907335,
    "max": 509.9405469886066,
    "mean": 70.21790456511538,
    "std": 161.80677536318947
  }
}