MODEL,PRED_DOCKQ
3OY2,0.92657995
3OY2_af2m,0.8301149
