{
  "count": 118,
  "ids_hash": "58a15197065eb96b56bc100ad796d88d6dc438ac8c03bb32f89070147be5ca39",
  "coords_hash": "1397d8191ca25f869463f4a70e84f1a5970380a3202b4a796e12dbd960d074dc",
  "coords_stats": {
    "shape": [
      118,
      3
    ],
    "size": 354,
    "min": -26.549999237060547,
    "max": 27.466999053955078,
    "mean": 6.86816384159239,
    "std": 19.0712577530253
  }
}