{
  "count": 80,
  "ids_hash": "324d46253b219568627ef667b5a2c7c9b943075778c4392a92eb58df07db85af",
  "coords_hash": "77707733ad936927323666c52aa6adc866314eb2efb63b6c1477f8cbe64b8720",
  "coords_stats": {
    "shape": [
      80,
      3
    ],
    "size": 240,
    "min": -28.618999481201172,
    "max": 6.710000038146973,
    "mean": -14.149854176631198,
    "std": 10.542245994094742
  }
}