{
  "hash": "874d36ae1670b844812bdf80502ef542e2d3083f0ddb202cf5dd06659d4b6ac5",
  "stats": {
    "shape": [
      84,
      84
    ],
    "size": 7056,
    "min": 0.0,
    "max": 15.773444303610097,
    "mean": 7.709467535218248,
    "std": 3.1422024424822594
  }
}