MODEL,PRED_DOCKQ
1NXM_af2m,0.87054676
1NXM,0.8704653
