{
  "hash": "9c3aa0d38221be18190ecbd0903c5233e115bf535d098e9893a24de2d4e5ea56",
  "stats": {
    "shape": [
      77,
      77
    ],
    "size": 5929,
    "min": 0.0,
    "max": 15.069792574742483,
    "mean": 7.5845169627687135,
    "std": 3.079858862564477
  }
}