{
  "hash": "6e86bb048fea60d2df0ae341d5b922f25f82c79355a629a363306016a67a46af",
  "stats": {
    "shape": [
      112,
      112
    ],
    "size": 12544,
    "min": 0.0,
    "max": 15.57546371758461,
    "mean": 8.086483164211144,
    "std": 3.0660871327005044
  }
}