MODEL,PRED_DOCKQ
3IN1_af2m,0.833258
3IN1,0.7728923
