{
  "f0_hash": "3c1d3e3539f61f971d1159d2b1498ccce90ee418bfa51a7f5b74d65bc31324df",
  "f1_hash": "41c0c6d74d14351fad4f00c71b98d960ebdd12663f7fb22c3fd58c95a741c98c",
  "f0_stats": {
    "shape": [
      5
    ],
    "size": 5,
    "min": 0.3983116205663259,
    "max": 133.65623692719618,
    "mean": 28.060648422929212,
    "std": 52.80790823482453
  },
  "f1_stats": {
    "shape": [
      15
    ],
    "size": 15,
    "min": 0.013349836133131454,
    "max": 325.29124037957786,
    "mean": 45.79485116829508,
    "std": 102.60994404451237
  }
}