{
  "hash": "f34cd93f0198eba4e66ad4c187fd7f0c3deb49f8274b8634477136eacda251f5",
  "stats": {
    "shape": [
      110,
      110
    ],
    "size": 12100,
    "min": 0.0,
    "max": 15.62047079863383,
    "mean": 8.048865783064494,
    "std": 3.031260181351022
  }
}