{
  "hash": "f92d0194f6210ee46dae6d7f2411d078fcfd9793f20368b83687680d92e431cb",
  "stats": {
    "shape": [
      79,
      79
    ],
    "size": 6241,
    "min": 0.0,
    "max": 15.432423906060423,
    "mean": 7.5588946701074775,
    "std": 3.0748900776806876
  }
}