MODEL,PRED_DOCKQ
5Z4Z_af2m,0.7905465
5Z4Z,0.6521893
