{
  "count": 107,
  "ids_hash": "cef1bf8624754bdd026f41b123cee80c55053c6967b72c699c41a59858cd66c6",
  "coords_hash": "5ebe9fd49904e3876e4c842c34db7bd5fdfc74378a20d4d70619a55454aff576",
  "coords_stats": {
    "shape": [
      107,
      3
    ],
    "size": 321,
    "min": -16.961000442504883,
    "max": 12.843999862670898,
    "mean": -0.4641495354798538,
    "std": 7.881864834527079
  }
}