{
  "hash": "c314e59949159bfc8f95f9e006116ce7caed55a83e1543ca9f903feebce33ce6",
  "stats": {
    "shape": [
      109,
      109
    ],
    "size": 11881,
    "min": 0.0,
    "max": 15.411206228266378,
    "mean": 7.88506571794119,
    "std": 3.0108129410298754
  }
}