{
  "hash": "86a019e55a80d878d0d42b04ac98384b619b9ad8e4106511644876976b44cce5",
  "stats": {
    "shape": [
      97,
      97
    ],
    "size": 9409,
    "min": 0.0,
    "max": 15.612183556646722,
    "mean": 7.978553547217808,
    "std": 3.089298016358511
  }
}