{
  "hash": "e1594564f1555625bdc78e0743f24f066a7752640c8ae9210f087f30f9b8a25f",
  "stats": {
    "shape": [
      108,
      108
    ],
    "size": 11664,
    "min": 0.0,
    "max": 15.773248680457733,
    "mean": 8.037030755803166,
    "std": 3.0692258522119458
  }
}