{
  "f0_hash": "f5ecf881c089313c11c6e8570ceceecb76b2d42b51b18a19511a7fe28e081154",
  "f1_hash": "9242f3b72b06ced6c26bb452d7a76f57fbd458262e728d8c69f89d21c5ac3e31",
  "f0_stats": {
    "shape": [
      5
    ],
    "size": 5,
    "min": 0.5112169734308042,
    "max": 96.51000234996307,
    "mean": 20.77736010371457,
    "std": 37.88551815561808
  },
  "f1_stats": {
    "shape": [
      15
    ],
    "size": 15,
    "min": 0.011736515337080533,
    "max": 268.76659351247235,
    "mean": 37.731139204586796,
    "std": 85.99435332798218
  }
}