{
  "f0_hash": "884f208d0af9dc3a51d0b521d10dc32ef97cff66544a83cd8532f13c3349b829",
  "f1_hash": "ee2eee582f32a2d689f5e525440ba578827972da9293229bde00b1c42d7ef812",
  "f0_stats": {
    "shape": [
      5
    ],
    "size": 5,
    "min": 0.754714035777412,
    "max": 149.24486363480605,
    "mean": 31.413596243548756,
    "std": 58.92653267744303
  },
  "f1_stats": {
    "shape": [
      15
    ],
    "size": 15,
    "min": 0.010239062089289597,
    "max": 489.9886469661522,
    "mean": 67.72401601425453,
    "std": 156.17328010274207
  }
}