{
  "count": 88,
  "ids_hash": "c11268d786f8060a3068510910d4f53dd371b3f5102cdbb174f1b3d0b53c3218",
  "coords_hash": "744f3f0c33e35963d446da0a7d5848ad9af97f6d35149ab554284a9d05e0feb5",
  "coords_stats": {
    "shape": [
      88,
      3
    ],
    "size": 264,
    "min": -16.591999053955078,
    "max": 6.493000030517578,
    "mean": -5.727242447167748,
    "std": 4.973633103698711
  }
}