MODEL,PRED_DOCKQ
5DZ8_af2m,0.6993539
5DZ8,0.6521232
