{
  "hash": "cadaa29c1ebb316846dc0ef6a7243e45d49295e0c372931960178cdc0204023d",
  "stats": {
    "shape": [
      125,
      125
    ],
    "size": 15625,
    "min": 0.0,
    "max": 15.606863528761465,
    "mean": 8.245358688355532,
    "std": 3.102257003804594
  }
}