{
  "hash": "b66e0e001a48b6a16904724f5ce179e47111b7868c030e9dcb90c204cfe7ee97",
  "stats": {
    "shape": [
      89,
      89
    ],
    "size": 7921,
    "min": 0.0,
    "max": 15.221831365409866,
    "mean": 7.555522001691619,
    "std": 3.0097183641315453
  }
}