{
  "f0_hash": "7b3aa238c765f53cf9580d1654c0fd53e13753b3f80c56c4991d83684cb8eec1",
  "f1_hash": "f8d1154b697c7f5a5a5dae0f7705b04663347087b6119fd427241fd209c9c0b4",
  "f0_stats": {
    "shape": [
      5
    ],
    "size": 5,
    "min": 0.27593073233699156,
    "max": 146.25755770946188,
    "mean": 30.446845550984712,
    "std": 57.91203395233036
  },
  "f1_stats": {
    "shape": [
      15
    ],
    "size": 15,
    "min": 0.012005747100141129,
    "max": 369.8238742014747,
    "mean": 51.80207858382233,
    "std": 117.01494365320147
  }
}