MODEL,PRED_DOCKQ
6JCN,0.88962656
6JCN_af2m,0.6698364
