{
  "f0_hash": "6ecfc40af15bb450562f54248ea8a898aa5ee3c006091978c54cb1fb3a28ad84",
  "f1_hash": "8bcbe253bbdda004f86b1f5697a616b75dc095a671c8129ca678d23cc367088c",
  "f0_stats": {
    "shape": [
      5
    ],
    "size": 5,
    "min": 0.29701319159860107,
    "max": 226.26671419797026,
    "mean": 46.47163527374212,
    "std": 89.90629218039828
  },
  "f1_stats": {
    "shape": [
      15
    ],
    "size": 15,
    "min": 0.010702932718232305,
    "max": 668.9025569211376,
    "mean": 91.34327911058858,
    "std": 211.6294349961993
  }
}