{
  "f0_hash": "da692dad42eb95f28235a3609a700484138b976242ef513c1bef5d2d93d2e7e1",
  "f1_hash": "b2ac25bc140e366e778a150eb454a9ee80c999b14d32df722319c7cbf38e9294",
  "f0_stats": {
    "shape": [
      5
    ],
    "size": 5,
    "min": 0.6738654229919574,
    "max": 140.59469961142358,
    "mean": 29.866631200850605,
    "std": 55.387105561006024
  },
  "f1_stats": {
    "shape": [
      15
    ],
    "size": 15,
    "min": 0.012503377536524418,
    "max": 427.98963693903477,
    "mean": 59.80516428019996,
    "std": 136.95187486551777
  }
}