{
  "hash": "d9575072ed13056ba4c17ab889703f9f6deffe8b309efeccb7b0194c336fe0cc",
  "stats": {
    "shape": [
      66,
      66
    ],
    "size": 4356,
    "min": 0.0,
    "max": 15.057941130210082,
    "mean": 6.7957889293254246,
    "std": 2.9830119671654964
  }
}