MODEL,PRED_DOCKQ
2E11_af2m,0.89882076
2E11,0.8888928
