{
  "f0_hash": "8aed92c4cbfea3950a5a21541d32729bbb78a492810eed308d672ea2ce0f1ed8",
  "f1_hash": "56f62ccb2c7532ebf95a804140b681e7ed14a81c2a9d9c8f9b12354bdfdba7d3",
  "f0_stats": {
    "shape": [
      5
    ],
    "size": 5,
    "min": 0.4305255084804548,
    "max": 165.3841951016968,
    "mean": 34.43647800716742,
    "std": 65.48219356956204
  },
  "f1_stats": {
    "shape": [
      15
    ],
    "size": 15,
    "min": 0.010816980360734085,
    "max": 547.2180613906469,
    "mean": 76.11102338386583,
    "std": 174.12236816401224
  }
}