{
  "hash": "ba5f99067864494803b39f5623ccc57fc6f0765a35a3ec11daf220875f3e8452",
  "stats": {
    "shape": [
      217,
      217
    ],
    "size": 47089,
    "min": 0.0,
    "max": 15.768949659125195,
    "mean": 6.972596086927189,
    "std": 3.0688124789449622
  }
}