{
  "count": 110,
  "ids_hash": "7619bd10dddc12432ab976fe387ab3a5549606da80788ddb4219bdf883b513c6",
  "coords_hash": "d4c8e89e0fa4b2245eefa572105a8cc427f2b79433501bb40ca70ea924f5fb5a",
  "coords_stats": {
    "shape": [
      110,
      3
    ],
    "size": 330,
    "min": -18.33099937438965,
    "max": 15.61299991607666,
    "mean": -3.8446302916064408,
    "std": 9.629732391880635
  }
}