{
  "hash": "1462f9d9420a5ae482f2a7d24d1860d76cd718248c3a49d9d603626e8e2a77df",
  "stats": {
    "shape": [
      101,
      101
    ],
    "size": 10201,
    "min": 0.0,
    "max": 15.684353339606089,
    "mean": 7.917455109384133,
    "std": 3.0381018222111016
  }
}