{
  "count": 110,
  "ids_hash": "24fc273c34ebfa91ec30577bbaf3ef443f0fcfd5c51c831bf212e98a5969f7fa",
  "coords_hash": "b174d5ca2136441461589c3ad5fc1dd5eafebac6932c0cd31e064e70ce3ce4a7",
  "coords_stats": {
    "shape": [
      110,
      3
    ],
    "size": 330,
    "min": -15.567000389099121,
    "max": 21.305999755859375,
    "mean": 5.148457582791647,
    "std": 10.888190826730236
  }
}