{
  "f0_hash": "30b91038708e77ce38d9e5c1605f8be6d2282a0a256c2381c929c2d057b2387d",
  "f1_hash": "5105546657498c7731c8e017f816d33b4b828dde4eea9988745fbc7fc9618944",
  "f0_stats": {
    "shape": [
      5
    ],
    "size": 5,
    "min": 0.48870350503797405,
    "max": 154.24038681791907,
    "mean": 32.21986974425329,
    "std": 61.018875210914295
  },
  "f1_stats": {
    "shape": [
      15
    ],
    "size": 15,
    "min": 0.010400619698025082,
    "max": 460.09112806095175,
    "mean": 64.15173711129798,
    "std": 146.1150257355457
  }
}