{
  "count": 100,
  "ids_hash": "5b641767091b91da0fa16cc8da9ba1b857fb529caffef53e31edbdf549155d09",
  "coords_hash": "0390590cfa9a529a9ce8b4468c4b787d7d64fc227feaeb6a4dadff3ac66c6208",
  "coords_stats": {
    "shape": [
      100,
      3
    ],
    "size": 300,
    "min": -37.04499816894531,
    "max": 28.677000045776367,
    "mean": -5.304586674620708,
    "std": 20.967431242443194
  }
}