MODEL,PRED_DOCKQ
1PBY_af2m,0.7038011
1PBY,0.033571146
