{
  "f0_hash": "aecfe2d23a57e75d50c6843149937ed34a38b98b14041c5acf5d61796f1c06ed",
  "f1_hash": "c8d476a382799d6e488b16d88c7a3107abe4381ed0a30eeb253851c0d823fe90",
  "f0_stats": {
    "shape": [
      5
    ],
    "size": 5,
    "min": 0.5145993340966686,
    "max": 169.514686272004,
    "mean": 35.33996954776289,
    "std": 67.09662753776053
  },
  "f1_stats": {
    "shape": [
      15
    ],
    "size": 15,
    "min": 0.011672311774567845,
    "max": 508.1291531246608,
    "mean": 70.05837499687986,
    "std": 161.30228444532145
  }
}