{
  "f0_hash": "a0ce72956c4821e0beb725e23656caf2c17edcf2b28ca88f416da3cb09a0174b",
  "f1_hash": "414e936d064d54f72a9ed413e43a3897234b758ba6cb1ebbdd6de927560a3574",
  "f0_stats": {
    "shape": [
      5
    ],
    "size": 5,
    "min": 0.37662919714566023,
    "max": 146.82679161890536,
    "mean": 30.68867957878707,
    "std": 58.07822525470808
  },
  "f1_stats": {
    "shape": [
      15
    ],
    "size": 15,
    "min": 0.01128959335994928,
    "max": 410.7604001731096,
    "mean": 57.314792027219355,
    "std": 129.9161011842994
  }
}