{
  "f0_hash": "d73896640b653728842c95b3e79c619b9df00856d6641b458372119c3174063a",
  "f1_hash": "38fa944c09bcbc2dc2cdbfb4aecd04451ead9cab86b62697d400df7dbeff992e",
  "f0_stats": {
    "shape": [
      5
    ],
    "size": 5,
    "min": 0.603478843464211,
    "max": 153.84003483796647,
    "mean": 32.30531257494649,
    "std": 60.77987124919021
  },
  "f1_stats": {
    "shape": [
      15
    ],
    "size": 15,
    "min": 0.01044770204178036,
    "max": 468.68509719220106,
    "mean": 64.6250586416025,
    "std": 149.37723788516587
  }
}