{
  "f0_hash": "3d8baf42e4771b4da60627c630b30db910ea372dc86ae89165336771af3c094c",
  "f1_hash": "c2ba91330de4b05e2e7a0894dad7a78c343ae9606ab4379542c9b0be4c764d16",
  "f0_stats": {
    "shape": [
      5
    ],
    "size": 5,
    "min": 0.5478880263096807,
    "max": 133.18910393307993,
    "mean": 28.079861817290276,
    "std": 52.56630604812825
  },
  "f1_stats": {
    "shape": [
      15
    ],
    "size": 15,
    "min": 0.0111272968113596,
    "max": 348.1310110256298,
    "mean": 49.92473227163744,
    "std": 110.69781340962813
  }
}