{
  "f0_hash": "b4667c907172ef571853fc5b963abd40c58689a06600febbfc2149dad740f70f",
  "f1_hash": "258dabff3370ab7b760ab82f0d70490598ae3888682ecd5ab62703b73184c457",
  "f0_stats": {
    "shape": [
      5
    ],
    "size": 5,
    "min": 0.5524248053116007,
    "max": 129.17610726338512,
    "mean": 27.359193407993263,
    "std": 50.923913176352436
  },
  "f1_stats": {
    "shape": [
      15
    ],
    "size": 15,
    "min": 0.014519884029020602,
    "max": 358.85492006899193,
    "mean": 50.8568040481832,
    "std": 113.74977728440713
  }
}