{
  "count": 89,
  "ids_hash": "4184536109d8593f6f57c157488821097df72f0e08eafcfaefa95ac457e12b96",
  "coords_hash": "a7a6456e142f175fb5a0c22fd08d785a37383400e8ba7a246d7afb1c4883fe70",
  "coords_stats": {
    "shape": [
      89,
      3
    ],
    "size": 267,
    "min": -59.994998931884766,
    "max": 11.45199966430664,
    "mean": -18.998048687695565,
    "std": 24.084632201019776
  }
}