{
  "hash": "d6d118e446f5d9094eb91cdb295759b8acd5823c1dc7f6c4dc76e7d21cdc51bd",
  "stats": {
    "shape": [
      99,
      99
    ],
    "size": 9801,
    "min": 0.0,
    "max": 15.674995874083377,
    "mean": 7.5661901795086886,
    "std": 2.9928551900993816
  }
}