{
  "hash": "dcbcc7ab632b420189cb4f3e0a18f9ce1669aa7f032a590a098abd38955119de",
  "stats": {
    "shape": [
      91,
      91
    ],
    "size": 8281,
    "min": 0.0,
    "max": 15.646613186578753,
    "mean": 7.534714132523024,
    "std": 3.0366622409818698
  }
}