{
  "f0_hash": "3cb443c4be6d55152e8b5816ee57d96236d27fefcba4952eecee2c325d895967",
  "f1_hash": "51c6d7bebdd499159f1410ad53c06d4e028e82597fb1afea36787c75886ebb01",
  "f0_stats": {
    "shape": [
      5
    ],
    "size": 5,
    "min": 0.45712749336089215,
    "max": 145.22513740717704,
    "mean": 30.445144778429352,
    "std": 57.400596627938185
  },
  "f1_stats": {
    "shape": [
      15
    ],
    "size": 15,
    "min": 0.012537501569033438,
    "max": 350.0477399452864,
    "mean": 48.743982255545134,
    "std": 109.70012758006143
  }
}