{
  "hash": "74231092bfe11d03b6091943b5e697ee40fd9b88458a524f55694d81b65993c6",
  "stats": {
    "shape": [
      80,
      80
    ],
    "size": 6400,
    "min": 0.0,
    "max": 14.934896818182823,
    "mean": 7.211782787127148,
    "std": 2.912599741559029
  }
}