{
  "f0_hash": "5249f1451c82a99c6ef7028fe0ce9f8bee5ca2e4b9216fa0a6e0f30c3171ceb9",
  "f1_hash": "7299d12a99005d36bb16b0874e37a1da0d39de24a81eb816f81a0723c53837cf",
  "f0_stats": {
    "shape": [
      5
    ],
    "size": 5,
    "min": 0.4802090221708201,
    "max": 178.92192514344518,
    "mean": 37.184973148409306,
    "std": 70.87670780731371
  },
  "f1_stats": {
    "shape": [
      15
    ],
    "size": 15,
    "min": 0.012301831587666179,
    "max": 523.5724522960905,
    "mean": 71.86232307072649,
    "std": 165.32474095169036
  }
}