{
  "count": 108,
  "ids_hash": "74addc1a0083caba06ca4b26c5aad229de090958d9fd1c5c78b514e275a7717c",
  "coords_hash": "1332c1df763affe97fb3daf3d1b4dd88a4ba070a879faf09788efbb2b83ad93a",
  "coords_stats": {
    "shape": [
      108,
      3
    ],
    "size": 324,
    "min": -34.525001525878906,
    "max": 19.357999801635742,
    "mean": -13.111404324755256,
    "std": 18.52028159066708
  }
}