MODEL,PRED_DOCKQ
2JD3_af2m,0.88836646
2JD3,0.6732881
