MODEL,PRED_DOCKQ
4IVN_af2m,0.6301832
4IVN,0.50581896
