MODEL,PRED_DOCKQ
1K3E_af2m,0.833424
1K3E,0.76563275
