{
  "f0_hash": "607b838237db20b0e58e3af99bcf37955394ae9e5c010d83b0826e7adf45627b",
  "f1_hash": "e6738a25822bc211400a3bef89f68f6ae333faf9b292c483ba3fb53fbc7487f9",
  "f0_stats": {
    "shape": [
      5
    ],
    "size": 5,
    "min": 0.45001184034993597,
    "max": 116.319404402961,
    "mean": 24.55337893217048,
    "std": 45.89238304811187
  },
  "f1_stats": {
    "shape": [
      15
    ],
    "size": 15,
    "min": 0.01007682070598026,
    "max": 356.5818561621548,
    "mean": 50.643845388643655,
    "std": 114.34677287574571
  }
}