{
  "count": 92,
  "ids_hash": "7441d26287299069c5db78cc5589c6b485410c3971b5980f3afd5d17da88f75d",
  "coords_hash": "937ff185d349e27fdc2762186f38e79f4e1b09748270e9a65921fd00b99ab9eb",
  "coords_stats": {
    "shape": [
      92,
      3
    ],
    "size": 276,
    "min": -40.36899948120117,
    "max": 57.52799987792969,
    "mean": 2.2041014692057734,
    "std": 35.28086485229745
  }
}