{
  "f0_hash": "a976073871158b12f0ce2c4c6ee5730100f089748a0d22d9d594e3b5558dc1a4",
  "f1_hash": "7c5dcd0c0e91d9ec37f9801798cb49b307146c12fc21a7f0d861b569ad76503d",
  "f0_stats": {
    "shape": [
      5
    ],
    "size": 5,
    "min": 0.3236482704891841,
    "max": 119.89597747995572,
    "mean": 25.17295265834243,
    "std": 47.36892690237019
  },
  "f1_stats": {
    "shape": [
      15
    ],
    "size": 15,
    "min": 0.010172316618398902,
    "max": 299.40031842485877,
    "mean": 41.94288757540799,
    "std": 95.41855302679312
  }
}