{
  "count": 186,
  "ids_hash": "36cefc4eb3ec30d5005ec509e01e4fbf968164f7eb9d563bec0d3b8b76e73bdd",
  "coords_hash": "73b33338bf67824e11c509aed6fc5939f9863692794d50429b237d3d9a4b8e74",
  "coords_stats": {
    "shape": [
      186,
      3
    ],
    "size": 558,
    "min": -15.951000213623047,
    "max": 3.9779999256134033,
    "mean": -6.586277786555523,
    "std": 4.168766504621735
  }
}