{
  "count": 110,
  "ids_hash": "664575a77b6b35a465375e96cea3da0eb30793ef4216a6d29ba5a10ec455c52c",
  "coords_hash": "4f8ec76f34c8560fbad26b6fe297f86be317711a3217e80f884d34edc4c1116e",
  "coords_stats": {
    "shape": [
      110,
      3
    ],
    "size": 330,
    "min": -24.400999069213867,
    "max": 32.77399826049805,
    "mean": 8.44262425104777,
    "std": 19.369622809672368
  }
}