{
  "hash": "8c5b920c55f1ee2909552b7d4655491f3f327f85330f595d8340158831d1c3dc",
  "stats": {
    "shape": [
      65,
      65
    ],
    "size": 4225,
    "min": 0.0,
    "max": 15.437202849552717,
    "mean": 7.055789583435489,
    "std": 3.0201712262948393
  }
}