MODEL,PRED_DOCKQ
6M9R_af2m,0.8688214
6M9R,0.8649257
