{
  "hash": "1e127b7e97430fa5a45d4ed6f2979910ec516e85bc4494f7f0ce1ba11f0da159",
  "stats": {
    "shape": [
      100,
      100
    ],
    "size": 10000,
    "min": 0.0,
    "max": 15.366136863155969,
    "mean": 7.764648706890593,
    "std": 3.0244298866536847
  }
}