MODEL,PRED_DOCKQ
4W4O_af2m,0.8875472
4W4O,0.017638365
