{
  "count": 91,
  "ids_hash": "7ee524b4e80de021701a6b2fc7cddd354adfb8498966f27e48819b252693c93e",
  "coords_hash": "c5980e61e4e316b6dc7e2444f89970db6603b30eafd5eb6e97c45b33495c0f17",
  "coords_stats": {
    "shape": [
      91,
      3
    ],
    "size": 273,
    "min": -20.094999313354492,
    "max": 95.6449966430664,
    "mean": 35.73106602085379,
    "std": 41.70841294705416
  }
}