{
  "count": 114,
  "ids_hash": "8c0cffb3ade3b089791c8776fad2b488c9c8b633642c23b83eb8425ab08a8942",
  "coords_hash": "0a9e5d85bf3217eaa3fa13b0e5b390cb036cdd604f2bb0c3263daecae59cf3b1",
  "coords_stats": {
    "shape": [
      114,
      3
    ],
    "size": 342,
    "min": 3.6449999809265137,
    "max": 88.17500305175781,
    "mean": 38.00034215018066,
    "std": 31.15117369977154
  }
}