{
  "hash": "fd188f337d038e0ed0577f312aeb2ceb8d73a2529659c139a247d7edfb35d54e",
  "stats": {
    "shape": [
      97,
      97
    ],
    "size": 9409,
    "min": 0.0,
    "max": 15.717690834014471,
    "mean": 8.09332857632345,
    "std": 3.1942784612778294
  }
}