{
  "count": 108,
  "ids_hash": "c567520eb46e64c496bb6932751ee49df29a499a54dcaf6e0e6ad4fa78316676",
  "coords_hash": "06876fc397ac4b5e3b3e9bf8d796dd92adfefbc2218016699479149d841a1a29",
  "coords_stats": {
    "shape": [
      108,
      3
    ],
    "size": 324,
    "min": -49.87699890136719,
    "max": 15.142000198364258,
    "mean": -15.626037000689978,
    "std": 21.51561220364061
  }
}