MODEL,PRED_DOCKQ
4NSR_af2m,0.8642979
4NSR,0.079740524
