{
  "hash": "e0fbb42dcbb385a359c218d130dc91c303496ba52a4a097c6977476e413dd20a",
  "stats": {
    "shape": [
      176,
      176
    ],
    "size": 30976,
    "min": 0.0,
    "max": 15.68415841353724,
    "mean": 7.91347076656398,
    "std": 3.0336065310973086
  }
}