{
  "hash": "bcd8f3b7da5ccd95b9c4bae13083fd9e6f8c5ab5019296eab40523c7a8f80645",
  "stats": {
    "shape": [
      59,
      59
    ],
    "size": 3481,
    "min": 0.0,
    "max": 14.9873601270452,
    "mean": 6.937057575056552,
    "std": 2.9247743047826833
  }
}