MODEL,PRED_DOCKQ
6K4E,0.7955673
6K4E_af2m,0.7785257
