MODEL,PRED_DOCKQ
1U07,0.7529431
1U07_af2m,0.7042034
