{
  "count": 121,
  "ids_hash": "6c7386fd2f685ebd6db714ecef45d3b32df96415c8408759f36a5fb53366b570",
  "coords_hash": "c07d6a0f5482148c3ae58cc13b6483a085c873a9eb48b5b254aa967ad211a1e3",
  "coords_stats": {
    "shape": [
      121,
      3
    ],
    "size": 363,
    "min": -41.86800003051758,
    "max": 35.26499938964844,
    "mean": 3.059696977788752,
    "std": 27.72494807311891
  }
}