MODEL,PRED_DOCKQ
2V6K_af2m,0.92544836
2V6K,0.87914306
