{
  "hash": "0282161cfcbc2ce8121234230926232b67a66bec8e34a4f8b8758336c45fa3ce",
  "stats": {
    "shape": [
      105,
      105
    ],
    "size": 11025,
    "min": 0.0,
    "max": 15.41583029452034,
    "mean": 7.718608132282347,
    "std": 2.9513074540918574
  }
}