{
  "count": 111,
  "ids_hash": "2f0a66c4a8247396cc38a0ed3d52f1bb46e05671097a071eb08c07d9210f9223",
  "coords_hash": "23f476df47a0470a7909b853e5ce9470b0253e244be261b9140f947e0105da24",
  "coords_stats": {
    "shape": [
      111,
      3
    ],
    "size": 333,
    "min": -35.92399978637695,
    "max": 46.8849983215332,
    "mean": 9.854399303058246,
    "std": 28.726488707074168
  }
}