{
  "hash": "704ad5eccbffe1f20b8fc17469f68457ae80d640fd8169f2c3eed208baa5f1de",
  "stats": {
    "shape": [
      48,
      48
    ],
    "size": 2304,
    "min": 0.0,
    "max": 13.924083456598124,
    "mean": 6.131300741669737,
    "std": 2.645079551552642
  }
}