MODEL,PRED_DOCKQ
3T7D_af2m,0.91709197
3T7D,0.9043836
