{
  "hash": "9feb8600f09ccfdb770982e89a22d22e772506396308c17ae5ffbfc08c18c097",
  "stats": {
    "shape": [
      105,
      105
    ],
    "size": 11025,
    "min": 0.0,
    "max": 15.58469336233369,
    "mean": 8.017544523615193,
    "std": 3.1462145265732864
  }
}