{
  "f0_hash": "870ffab0d0586d533f944a278fd5ea3420331329274921bc8a44ca9a8f233a29",
  "f1_hash": "9f02c28f56a6a34a447811ae2a68f4a50aa06bf59d3bb90935e100a3ace741b5",
  "f0_stats": {
    "shape": [
      5
    ],
    "size": 5,
    "min": 0.5829348732386925,
    "max": 134.37908846438307,
    "mean": 28.336627264506483,
    "std": 53.03301937544674
  },
  "f1_stats": {
    "shape": [
      15
    ],
    "size": 15,
    "min": 0.010899035103144605,
    "max": 330.5995192769229,
    "mean": 46.54675939873962,
    "std": 104.36886638611614
  }
}