{
  "count": 86,
  "ids_hash": "22faf3b235d2ddc44f27b59ab03bfa79571926007c3d1bc70ae7749247030ef4",
  "coords_hash": "faaf96d1c534ad3aa76454fd13959db4ffe001bf6a2de1198edb01e314c2740e",
  "coords_stats": {
    "shape": [
      86,
      3
    ],
    "size": 258,
    "min": -36.02000045776367,
    "max": -9.472000122070312,
    "mean": -22.092015514078067,
    "std": 6.763883591131907
  }
}