MODEL,PRED_DOCKQ
2D7E_af2m,0.04475421
2D7E,0.02311572
