{
  "hash": "b7d89c402246644d5b2abb21cce1a29c7b598f49e632f9763ebfd40ad48f4b1b",
  "stats": {
    "shape": [
      86,
      86
    ],
    "size": 7396,
    "min": 0.0,
    "max": 15.105147942494545,
    "mean": 7.834212440578029,
    "std": 3.084204630981219
  }
}