{
  "f0_hash": "bb83ccdbeb6d52f278272cb26dcd4d1c11be7dbd66d8f73a31e8c00249360ff4",
  "f1_hash": "d6050a9cf35b6384e3b4be171c98087ca21bc9ad50108698903ecc5d08dd1623",
  "f0_stats": {
    "shape": [
      5
    ],
    "size": 5,
    "min": 0.46976533124913533,
    "max": 161.97450263510027,
    "mean": 33.65277955503439,
    "std": 64.16900318383902
  },
  "f1_stats": {
    "shape": [
      15
    ],
    "size": 15,
    "min": 0.010023880390750861,
    "max": 484.09174226193386,
    "mean": 67.94441070074015,
    "std": 153.21632213906173
  }
}