{
  "f0_hash": "10798fe508a726b16573da266b9971de3e7b48518534ce07101c52f8da16bb36",
  "f1_hash": "569ad859ecca3f0e8c4d1de90d81c48d61722ba515bd3ddb60e79bc8d8767f17",
  "f0_stats": {
    "shape": [
      5
    ],
    "size": 5,
    "min": 0.4614842852323728,
    "max": 95.24083240017173,
    "mean": 20.470010230880327,
    "std": 37.40297806714304
  },
  "f1_stats": {
    "shape": [
      15
    ],
    "size": 15,
    "min": 0.01153315752375983,
    "max": 188.53718959992185,
    "mean": 27.534211806832253,
    "std": 59.84319305752559
  }
}