{
  "f0_hash": "8558716d3f3ef3452d0477c87a8f2ecc09e07e20145d0f1550c7029eba6a6a75",
  "f1_hash": "b250bb49d7156cd00891242abd72dac2745ead7b75bb72749db93b90d68c0a8b",
  "f0_stats": {
    "shape": [
      5
    ],
    "size": 5,
    "min": 0.537990923959158,
    "max": 164.1437257141451,
    "mean": 34.51003213307031,
    "std": 64.83815632858249
  },
  "f1_stats": {
    "shape": [
      15
    ],
    "size": 15,
    "min": 0.012388823486542577,
    "max": 480.0401657682842,
    "mean": 66.89641406522153,
    "std": 152.2018486351842
  }
}