MODEL,PRED_DOCKQ
3P0U_af2m,0.8964878
3P0U,0.76412094
