MODEL,PRED_DOCKQ
5DMV,0.24339023
5DMV_af2m,0.014844802
