{
  "f0_hash": "007a1e84f3ec48876f5196906fcb955a1ffaeec33ae91942df0ff4b75c4188f1",
  "f1_hash": "4b3fae9fa0ccfa7f693b9a68f5dea83ed543e14da1773da7d8b4ffdaf87353eb",
  "f0_stats": {
    "shape": [
      5
    ],
    "size": 5,
    "min": 0.4826805909578807,
    "max": 111.09091799959518,
    "mean": 23.818399410313468,
    "std": 43.66108842085453
  },
  "f1_stats": {
    "shape": [
      15
    ],
    "size": 15,
    "min": 0.011541861068117942,
    "max": 236.81322109158248,
    "mean": 35.167196885025184,
    "std": 73.83052924880477
  }
}