MODEL,PRED_DOCKQ
4YNZ_af2m,0.47412658
4YNZ,0.2932016
