MODEL,PRED_DOCKQ
2XGG_af2m,0.86176515
2XGG,0.0020795767
