{
  "f0_hash": "17b2186d5f5cd741a34136bc44525105521dd8c7c02df6eaea06013d5c4f077c",
  "f1_hash": "cd75f93d62708864e0081973f031f0c903f8eb182269f08c0e2b09b1b5eb9d3f",
  "f0_stats": {
    "shape": [
      5
    ],
    "size": 5,
    "min": 0.4786910687323132,
    "max": 112.91777969912732,
    "mean": 23.914739159349885,
    "std": 44.51159782748816
  },
  "f1_stats": {
    "shape": [
      15
    ],
    "size": 15,
    "min": 0.013750111233951756,
    "max": 227.5731658079658,
    "mean": 32.874118975972145,
    "std": 71.26411681758147
  }
}