MODEL,PRED_DOCKQ
4OWR_af2m,0.8078688
4OWR,0.0020269935
