{
  "hash": "cd9cfbb03c631566ae2a76a922eda62cc0e48bd5c00f8655e3fc172c3003f0ee",
  "stats": {
    "shape": [
      89,
      89
    ],
    "size": 7921,
    "min": 0.0,
    "max": 15.526575926705586,
    "mean": 7.455129657778695,
    "std": 2.9327216979347397
  }
}