{
  "f0_hash": "b4a0af4e563df33c08d7a93b0d8348a8b03af89152ac111b1292fb9e46129f04",
  "f1_hash": "bd146f36e103dedf1b39021497bb6d4883382ff07e9a991550840543d91018c0",
  "f0_stats": {
    "shape": [
      5
    ],
    "size": 5,
    "min": 0.3697408723390377,
    "max": 177.83156836397245,
    "mean": 36.92835423314776,
    "std": 70.46029368588667
  },
  "f1_stats": {
    "shape": [
      15
    ],
    "size": 15,
    "min": 0.010104635043784782,
    "max": 522.6910873071093,
    "mean": 72.2625720296002,
    "std": 165.8407908292973
  }
}