{
  "count": 119,
  "ids_hash": "fbadea5be295de9328a75b0ea8bf84e5f71c1acf7e95432bc506db6a41a6bb27",
  "coords_hash": "ce0c8e09499428977e2f742116b29143777787b5f72d100ff853927bc7c52071",
  "coords_stats": {
    "shape": [
      119,
      3
    ],
    "size": 357,
    "min": -7.171000003814697,
    "max": 49.222999572753906,
    "mean": 18.43853776473604,
    "std": 18.196021155756526
  }
}