{
  "f0_hash": "0ddd4058ee3c18125ba3b3dd4b7ae13e24a617e68e5cf460784ea7ba53551977",
  "f1_hash": "6c135575c42c2ff58760e5cc390f7e9ae586acde24c43207b9256afd4447620d",
  "f0_stats": {
    "shape": [
      5
    ],
    "size": 5,
    "min": 0.4545127823273671,
    "max": 156.76746279926172,
    "mean": 32.75018361015121,
    "std": 62.01845821245993
  },
  "f1_stats": {
    "shape": [
      15
    ],
    "size": 15,
    "min": 0.010072809408214312,
    "max": 468.2026124352429,
    "mean": 64.81658499685372,
    "std": 149.1649487597161
  }
}