{
  "hash": "672920741e4d21ea4efce25859bdce4eb65fa1b7d346245906fa92d4e9d88f7b",
  "stats": {
    "shape": [
      96,
      96
    ],
    "size": 9216,
    "min": 0.0,
    "max": 15.083192968669715,
    "mean": 7.6411697038899185,
    "std": 2.937204825054283
  }
}