{
  "count": 107,
  "ids_hash": "0c02b84977b4a964d49fc57f0392a7a2c07ff236fa55ca13b999b4d1e16c5199",
  "coords_hash": "60b9fa8bf049500f7d68302a1ba7e34a52ae86ce46000739d1710327c98ecca7",
  "coords_stats": {
    "shape": [
      107,
      3
    ],
    "size": 321,
    "min": -14.02400016784668,
    "max": 17.00200080871582,
    "mean": 1.459919003380979,
    "std": 7.354026728392087
  }
}