MODEL,PRED_DOCKQ
3D7L_af2m,0.81987333
3D7L,0.272763
