{
  "count": 112,
  "ids_hash": "83212e2bd4f069aed8efdb3ac3c1742feeed28572d1c16d8e6debcd7c4d3573d",
  "coords_hash": "54e433c2273f77e680f94b6f872d1672ac0fbdb5fb4343da0467262e26bdb767",
  "coords_stats": {
    "shape": [
      112,
      3
    ],
    "size": 336,
    "min": -21.951000213623047,
    "max": 72.60900115966797,
    "mean": 25.07101490667888,
    "std": 33.18467317935042
  }
}