{
  "hash": "7562b510f9ff6dd1d746747df105749111bdccd19d7a3771bd83d222039e191e",
  "stats": {
    "shape": [
      95,
      95
    ],
    "size": 9025,
    "min": 0.0,
    "max": 15.572282631094204,
    "mean": 7.510286634363022,
    "std": 2.986000470715277
  }
}