MODEL,PRED_DOCKQ
4TUH_af2m,0.76579344
4TUH,0.62579685
