{
  "f0_hash": "1e5e074796368eb2948e603eecb703c53678c830df1fc3f16ad3b96ddc63c31b",
  "f1_hash": "26f9617a6ad07aae24acfa9d64f1990839a682ef828fae993e23f1d18deb865a",
  "f0_stats": {
    "shape": [
      5
    ],
    "size": 5,
    "min": 0.4283352186312662,
    "max": 95.68737113506555,
    "mean": 20.567803937269296,
    "std": 37.57854447235701
  },
  "f1_stats": {
    "shape": [
      15
    ],
    "size": 15,
    "min": 0.011426866242531197,
    "max": 182.78411543091235,
    "mean": 26.23710189733462,
    "std": 57.5288112016397
  }
}