MODEL,PRED_DOCKQ
1S4N_af2m,0.6348071
1S4N,4.8203896e-05
