{
  "hash": "fe4d2b695ca9543e439d51ab900678ede28db5613e600e48ca2aa71b6dbc0357",
  "stats": {
    "shape": [
      110,
      110
    ],
    "size": 12100,
    "min": 0.0,
    "max": 15.790335250685347,
    "mean": 8.0597971200154,
    "std": 3.121721979154217
  }
}