{
  "hash": "1c889db528b0606fe73182d1ea4d883945b283789203b802b1704d9bdf2ebec5",
  "stats": {
    "shape": [
      92,
      92
    ],
    "size": 8464,
    "min": 0.0,
    "max": 15.604772882255881,
    "mean": 7.536981283300776,
    "std": 2.9251776629714143
  }
}