{
  "f0_hash": "ef1fb848b5471ab7c24fbb5f18743bde4bdeb337bac3a9a8dcdf4e412428fbd5",
  "f1_hash": "2a51edd7e88b54311d5f84e3727ae775a64a1f4b7cc0c16f7b1bfd3d642d6ca5",
  "f0_stats": {
    "shape": [
      5
    ],
    "size": 5,
    "min": 0.4142795860803705,
    "max": 139.98473154277798,
    "mean": 29.359647729797906,
    "std": 55.32287400395035
  },
  "f1_stats": {
    "shape": [
      15
    ],
    "size": 15,
    "min": 0.011395859667564956,
    "max": 366.3038933678894,
    "mean": 51.5389797056705,
    "std": 115.67142033876068
  }
}