{
  "count": 57,
  "ids_hash": "46c85b7dc789895b0efab8cf5c111c613fadbead1eabc1462ac65cd35c1bc706",
  "coords_hash": "54bf62810ef0b0fd9095ee29e9a502d6fbd07e6938a3688625198c6ef3ededc1",
  "coords_stats": {
    "shape": [
      57,
      3
    ],
    "size": 171,
    "min": -7.3420000076293945,
    "max": 89.1989974975586,
    "mean": 28.4811461505137,
    "std": 39.85586550061311
  }
}