{
  "count": 142,
  "ids_hash": "cab65c5c0a80c94690e77943910533b4c177a9be83e26f0fed48c3dcf2831255",
  "coords_hash": "011e5b9025dbf8ca8fd0b4f7ac1dc5fc864ac3d7f391aba241d5d1466fb8e07d",
  "coords_stats": {
    "shape": [
      142,
      3
    ],
    "size": 426,
    "min": -39.23400115966797,
    "max": -6.9670000076293945,
    "mean": -25.80553286847934,
    "std": 9.628403830886812
  }
}