{
  "f0_hash": "7d7198e33a9d164d6cd8d6c4facb7aab761ffdaec05317dc9591c44ba32416d5",
  "f1_hash": "9df12a3c0f5c33734a3558a06fa922bc34c3db663d7773fa9a608452e3788dd4",
  "f0_stats": {
    "shape": [
      5
    ],
    "size": 5,
    "min": 0.4055032176711424,
    "max": 171.4859061483198,
    "mean": 35.60295812101411,
    "std": 67.94858542094569
  },
  "f1_stats": {
    "shape": [
      15
    ],
    "size": 15,
    "min": 0.010108834399715771,
    "max": 531.287090734572,
    "mean": 72.95832020932426,
    "std": 168.32409530485032
  }
}