{
  "count": 104,
  "ids_hash": "b308aa542fb89c023ab2737d042e5e8483f5107573325600bb6a78194ec0f394",
  "coords_hash": "43df7c16ca2ce588e1f17a279a75387c40fb5246bc636c30419b6434f230831a",
  "coords_stats": {
    "shape": [
      104,
      3
    ],
    "size": 312,
    "min": 12.128000259399414,
    "max": 53.92900085449219,
    "mean": 32.56715062337044,
    "std": 12.191595209701
  }
}