{
  "f0_hash": "241341d3fbced9a046d2a473d3598aba28910266774f525d231497b6aa7e06fc",
  "f1_hash": "56f1f03b7b3619d77624a895c4adf3e1a33b560284aea0ad74438ff59e3ecb7c",
  "f0_stats": {
    "shape": [
      5
    ],
    "size": 5,
    "min": 0.26828262830590277,
    "max": 118.9428424733422,
    "mean": 24.931123243245583,
    "std": 47.01263894060874
  },
  "f1_stats": {
    "shape": [
      15
    ],
    "size": 15,
    "min": 0.01017231661839002,
    "max": 238.68164440129038,
    "mean": 33.75467087813947,
    "std": 75.87370400178808
  }
}