{
  "f0_hash": "f3a77cbfe0a41f4b0597aaa276edfa7dd9ebf2104fb7fa62d4e1ddac2adc01a7",
  "f1_hash": "bd46950b9e81bcfab73b393ccb37c7217140b0d75a884738bbaebfab63223aee",
  "f0_stats": {
    "shape": [
      5
    ],
    "size": 5,
    "min": 0.7227181977782425,
    "max": 103.78902587171312,
    "mean": 22.315054327478954,
    "std": 40.75388307278481
  },
  "f1_stats": {
    "shape": [
      15
    ],
    "size": 15,
    "min": 0.010727121420087471,
    "max": 227.2102099103857,
    "mean": 33.59857119333031,
    "std": 72.21645458302103
  }
}