{
  "hash": "67ecf60e21cb3547f212da35d36516f8168961ac8550e15a74ff5a5dd5e736f1",
  "stats": {
    "shape": [
      114,
      114
    ],
    "size": 12996,
    "min": 0.0,
    "max": 15.645508374731659,
    "mean": 7.9559833955364665,
    "std": 3.014155259635794
  }
}