{
  "hash": "f5d7238ec3545c4c84efd84ac4c9611c9bfd61070d4573f2c9c8141b443e8565",
  "stats": {
    "shape": [
      97,
      97
    ],
    "size": 9409,
    "min": 0.0,
    "max": 15.498576665439531,
    "mean": 8.043470552241514,
    "std": 3.1228164851529496
  }
}