MODEL,PRED_DOCKQ
2UVO_af2m,0.9103398
2UVO,0.85972804
