{
  "f0_hash": "21ca08fd978473584d42ab7d14e82b2df9e1690657dedcc18b0cd511bef7684b",
  "f1_hash": "d7b5b1c1d9213b752e4c7c19e8f875da0b7703a72f63a5f7dd5a801286d3e3ab",
  "f0_stats": {
    "shape": [
      5
    ],
    "size": 5,
    "min": 0.5454071420232517,
    "max": 129.27799832241692,
    "mean": 27.246202982948887,
    "std": 51.02646125988477
  },
  "f1_stats": {
    "shape": [
      15
    ],
    "size": 15,
    "min": 0.010344098685767023,
    "max": 322.1120377211586,
    "mean": 45.06836141569746,
    "std": 101.18396168232374
  }
}