{
  "f0_hash": "96a88b34224047617bfa8c3c71e6ad600d7e64740ff16e8145faa55d80c46607",
  "f1_hash": "3adbeef52f6f811ecac602c7b92ebf99bf7b740d238edac76b4fb7ed48c38ba4",
  "f0_stats": {
    "shape": [
      5
    ],
    "size": 5,
    "min": 0.476325821535634,
    "max": 158.42912546122872,
    "mean": 33.19647172679675,
    "std": 62.63002714786402
  },
  "f1_stats": {
    "shape": [
      15
    ],
    "size": 15,
    "min": 0.011096032734528194,
    "max": 415.45810381535205,
    "mean": 57.837099925856336,
    "std": 130.88793496032235
  }
}