{
  "count": 70,
  "ids_hash": "5ad8ccfcf0d3d316cec242109efe6d35306584b52e3e794c971acbf62d7893e9",
  "coords_hash": "d72fa6d5986448e4b4b73a1cfd7be62d3b2aa567a610af731fc8c0d2976ce48e",
  "coords_stats": {
    "shape": [
      70,
      3
    ],
    "size": 210,
    "min": -8.708000183105469,
    "max": 13.303999900817871,
    "mean": 1.2249666499240057,
    "std": 5.649459533271568
  }
}