{
  "f0_hash": "0e5c5c094965192635eeb3cd40f3455f52d5f09324581f5f473e0614b9e3ea15",
  "f1_hash": "7c8f868fe8a1dfd9bcced746f15a248c044f3799b76dfe71c0ae58d3e8c93673",
  "f0_stats": {
    "shape": [
      5
    ],
    "size": 5,
    "min": 0.5173774626213631,
    "max": 110.50928921207762,
    "mean": 23.583041689799206,
    "std": 43.480035933544954
  },
  "f1_stats": {
    "shape": [
      15
    ],
    "size": 15,
    "min": 0.010285909464817777,
    "max": 264.7153990064573,
    "mean": 37.67319478809539,
    "std": 84.23879472895595
  }
}