MODEL,PRED_DOCKQ
3PJ0_af2m,0.8995472
3PJ0,0.81266946
