{
  "count": 151,
  "ids_hash": "e816eed508900b0fbf52450067223dad99e031118d1a23781a08d905ccac3cfc",
  "coords_hash": "ebac9a6c6361cee28116b16c23b1ee4f2d0195d2b1019ae7b02169175d05048c",
  "coords_stats": {
    "shape": [
      151,
      3
    ],
    "size": 453,
    "min": -39.529998779296875,
    "max": 12.770999908447266,
    "mean": -18.254494507943033,
    "std": 16.853659924237046
  }
}