{
  "f0_hash": "1331b22efa9c6c80e0f58bda1904a859a640670636c4735277b96913010c26c4",
  "f1_hash": "433ff36e59ca89ab087ec62e437a94bbe1bfd68ef7980dd5c957e31caf3e5f68",
  "f0_stats": {
    "shape": [
      5
    ],
    "size": 5,
    "min": 0.46815300868539983,
    "max": 127.35224480387954,
    "mean": 26.961238014152237,
    "std": 50.211499677991974
  },
  "f1_stats": {
    "shape": [
      15
    ],
    "size": 15,
    "min": 0.010460207733359539,
    "max": 283.2179589387582,
    "mean": 39.84216313294055,
    "std": 89.48449076130262
  }
}