{
  "count": 70,
  "ids_hash": "5c220731ed4bac25219e994f8cce71bcf178df90eea47a3953b296930607081a",
  "coords_hash": "1d8c3cc407a521f1219f1ecfd000e7050314c26b865988a0c5327d647f83e761",
  "coords_stats": {
    "shape": [
      70,
      3
    ],
    "size": 210,
    "min": -35.319000244140625,
    "max": 1.5019999742507935,
    "mean": -18.650257118046284,
    "std": 10.3892549304121
  }
}