{
  "hash": "3cba26480e59fef9d6590ae33db3d7431d6f203f25ef4039459ea7af5d228adc",
  "stats": {
    "shape": [
      65,
      65
    ],
    "size": 4225,
    "min": 0.0,
    "max": 15.112032459927184,
    "mean": 7.441112969590359,
    "std": 3.1049091367853627
  }
}