{
  "hash": "822d709ff0fa1a7bd583d905eafa0c31f119d36e8650aeb7c95c4af8698ab7c5",
  "stats": {
    "shape": [
      49,
      49
    ],
    "size": 2401,
    "min": 0.0,
    "max": 15.064677473957078,
    "mean": 6.154374285534853,
    "std": 2.7370523016600075
  }
}