{
  "count": 95,
  "ids_hash": "2482b9eecb47496492d5bb44e1316e80d2b080a66e5167e6b409e4dd48216d0f",
  "coords_hash": "cdaa15048a071e9ca6c1357b3d4851b440d9b57eeb02b2937a20f2dcaaf169f0",
  "coords_stats": {
    "shape": [
      95,
      3
    ],
    "size": 285,
    "min": -29.854999542236328,
    "max": 42.20000076293945,
    "mean": -1.4325544223450777,
    "std": 26.583473472784572
  }
}