{
  "f0_hash": "e17742df4f2194c72b98e9dd0fc0cfcfa62d5eaa7c69d90b92a895bffbf6e9c3",
  "f1_hash": "94bbd38ddb722c98a71d43357287d83e61592b85b584fe34cef84013875f0cd6",
  "f0_stats": {
    "shape": [
      5
    ],
    "size": 5,
    "min": 0.5959354895575122,
    "max": 130.86336266388474,
    "mean": 27.75613087692696,
    "std": 51.5705393366625
  },
  "f1_stats": {
    "shape": [
      15
    ],
    "size": 15,
    "min": 0.012579189432246896,
    "max": 364.0651071384395,
    "mean": 51.269811779095136,
    "std": 116.60298944061721
  }
}