{
  "hash": "9a1e4b85c07f9384184bbd62dc24616d2a72ea8d26f37a0406aa5afdeb989305",
  "stats": {
    "shape": [
      101,
      101
    ],
    "size": 10201,
    "min": 0.0,
    "max": 15.413404171530065,
    "mean": 8.03508806267692,
    "std": 3.1248021640649273
  }
}