{
  "hash": "22bc408b3666d08e8f1201072d0120c42f958c699ea2952d9ba1d1b89472923e",
  "stats": {
    "shape": [
      98,
      98
    ],
    "size": 9604,
    "min": 0.0,
    "max": 15.664832881230927,
    "mean": 8.063716281759106,
    "std": 3.178453200522445
  }
}