{
  "f0_hash": "c6a2a18990bc43816513af7fc9db90b99f6eaab86ccd5aafed02a08f5c72f5be",
  "f1_hash": "7d06713968157440fe42a5f6be1435f8660da4f855161ae844a973ff1e6928d8",
  "f0_stats": {
    "shape": [
      5
    ],
    "size": 5,
    "min": 0.4279764743708548,
    "max": 158.38589914953127,
    "mean": 33.07223984283506,
    "std": 62.66663838802249
  },
  "f1_stats": {
    "shape": [
      15
    ],
    "size": 15,
    "min": 0.010255928566681005,
    "max": 398.5862114717194,
    "mean": 55.42758160250863,
    "std": 124.52880596483858
  }
}