{
  "hash": "bc2c4e0da7f4c7eb37b68284b7ce532f1e815495e1fd461b971fc81ce9fb7050",
  "stats": {
    "shape": [
      113,
      113
    ],
    "size": 12769,
    "min": 0.0,
    "max": 15.680258256139773,
    "mean": 7.815805707996695,
    "std": 3.007794045790619
  }
}