{
  "f0_hash": "347bdd2a26b908487b2c27d804f715361b77cea4f0d8847aa92b246d6cf2bfea",
  "f1_hash": "6eaab004d8bb2b2f23baa3a5d2b962c3ce8d0aa5ccdd7d4e4ef16875fefff412",
  "f0_stats": {
    "shape": [
      5
    ],
    "size": 5,
    "min": 0.3696098099717276,
    "max": 135.1906047783604,
    "mean": 28.344091359735426,
    "std": 53.43261552484034
  },
  "f1_stats": {
    "shape": [
      15
    ],
    "size": 15,
    "min": 0.010078473616239592,
    "max": 314.44027696971955,
    "mean": 44.24631170615352,
    "std": 98.26446711874274
  }
}