{
  "count": 77,
  "ids_hash": "75e7d8ae1ff37e56ef03402762750151b64fbb3f7923110d312500864006455d",
  "coords_hash": "774a8c9fd138d71c628bf4056acc4b969efb42c01e57b502d89b08709cc10c41",
  "coords_stats": {
    "shape": [
      77,
      3
    ],
    "size": 231,
    "min": -6.668000221252441,
    "max": 46.91299819946289,
    "mean": 22.194705644291847,
    "std": 17.853618980004338
  }
}