{
  "f0_hash": "5ce30039f66a738ef0b63ceb40f832a74e972c0bda304b191d297724b3448844",
  "f1_hash": "72569ee9011d39785d13a057963cf0eca6f29f0c3547bb08762079263d4a462c",
  "f0_stats": {
    "shape": [
      5
    ],
    "size": 5,
    "min": 0.6267409252467712,
    "max": 168.45345327818774,
    "mean": 35.17724827512633,
    "std": 66.64741651578382
  },
  "f1_stats": {
    "shape": [
      15
    ],
    "size": 15,
    "min": 0.014136832446237868,
    "max": 563.535800333279,
    "mean": 77.5919790807724,
    "std": 179.96340198478808
  }
}