{
  "count": 102,
  "ids_hash": "001caf892717b46e9d8f0a2bdf616f24308c34342ed20832d215909656705e9c",
  "coords_hash": "695616b31c714b4a9701d1dcdec51e2a771b2eca7396d282b114e64378b3ccd0",
  "coords_stats": {
    "shape": [
      102,
      3
    ],
    "size": 306,
    "min": -43.77399826049805,
    "max": 3.000999927520752,
    "mean": -20.842415031897865,
    "std": 14.532881833587634
  }
}