{
  "hash": "2170b5eaa966b60fbf5b9b65428b6c8e2286b4f479657e4131423f12ebb92247",
  "stats": {
    "shape": [
      74,
      74
    ],
    "size": 5476,
    "min": 0.0,
    "max": 15.527467874438205,
    "mean": 7.683222067007138,
    "std": 3.26207317209151
  }
}