{
  "f0_hash": "24e84d488aecf35f95930f488b4832ecbf2c0061d13f8247da5cb4d316b6c300",
  "f1_hash": "8dd76cc462fa9abad1f257c41ebcf845c69eacf711cce5a688a25d3fa27876e1",
  "f0_stats": {
    "shape": [
      5
    ],
    "size": 5,
    "min": 0.7137307114697206,
    "max": 83.89256594676554,
    "mean": 18.665442720859094,
    "std": 32.66534029548137
  },
  "f1_stats": {
    "shape": [
      15
    ],
    "size": 15,
    "min": 0.012193240375814263,
    "max": 126.6975648975112,
    "mean": 19.646838672538998,
    "std": 39.41951749021127
  }
}