{
  "hash": "be721f318fdcc7c43d751b19117bc72d650a0c173995e6f1dc81d46419fa859e",
  "stats": {
    "shape": [
      101,
      101
    ],
    "size": 10201,
    "min": 0.0,
    "max": 15.613738835234251,
    "mean": 8.00219888977696,
    "std": 3.070527347546106
  }
}