{
  "hash": "57dbd53d3db37762cbd43c22be742dc29c63b53b1872f77287913a322b9cbb1a",
  "stats": {
    "shape": [
      95,
      95
    ],
    "size": 9025,
    "min": 0.0,
    "max": 15.600218491497301,
    "mean": 7.672351898562129,
    "std": 3.018201886395508
  }
}