{
  "hash": "d8d9e6827ee7db501e8209e9a3745ddf2d1312130112a9e72030ead59ee2ef05",
  "stats": {
    "shape": [
      84,
      84
    ],
    "size": 7056,
    "min": 0.0,
    "max": 14.913328922590706,
    "mean": 7.734996455188496,
    "std": 3.0734115906138166
  }
}