{
  "count": 91,
  "ids_hash": "eb032ebc2e22fdb43e5039cdc3aa503dd13267993c6fa15600d21a10daf874f6",
  "coords_hash": "5a9db2fbd2ef541e89f7689525fe2906ef5ef24d9458b89cecd63e2221435d1e",
  "coords_stats": {
    "shape": [
      91,
      3
    ],
    "size": 273,
    "min": -6.988999843597412,
    "max": 76.48600006103516,
    "mean": 25.62685346718018,
    "std": 30.478695168054628
  }
}