{
  "f0_hash": "549adc7de297e2217a74442e2e4cfb9792de837afc07e544a3b3c7f2e351fa1b",
  "f1_hash": "aeccbb5055b8b395b270d652d14e2f1f8b6fb9f962392e7fd14345ca2a0b2bf2",
  "f0_stats": {
    "shape": [
      5
    ],
    "size": 5,
    "min": 0.5414670070142065,
    "max": 149.44997690015717,
    "mean": 31.359594067316046,
    "std": 59.05654955663937
  },
  "f1_stats": {
    "shape": [
      15
    ],
    "size": 15,
    "min": 0.011494455977977935,
    "max": 478.2182430485116,
    "mean": 66.76138572672811,
    "std": 151.68839180442208
  }
}