MODEL,PRED_DOCKQ
3DOE_af2m,0.8508915
3DOE,0.047671307
