{
  "hash": "26cf75c6e82fedeca59f5320eded4eea41ed07f34af342be2359802a57c6a44c",
  "stats": {
    "shape": [
      75,
      75
    ],
    "size": 5625,
    "min": 0.0,
    "max": 15.53370523534678,
    "mean": 7.320593446707715,
    "std": 3.0075023172465865
  }
}