MODEL,PRED_DOCKQ
3TW8_af2m,0.8724751
3TW8,0.030061927
