{
  "count": 109,
  "ids_hash": "f6aa509bbf319bfd8f237b9c6ea9fa83157448344f76d389fb2271339805cfc8",
  "coords_hash": "04fcda9a18271ffbf15efe9d84670532453590c135f1f9e9fc6e2a688e5010e9",
  "coords_stats": {
    "shape": [
      109,
      3
    ],
    "size": 327,
    "min": -6.269999980926514,
    "max": 56.3120002746582,
    "mean": 20.929914381688274,
    "std": 21.235028940310585
  }
}