MODEL,PRED_DOCKQ
5H69_af2m,0.5540415
5H69,0.4079536
