MODEL,PRED_DOCKQ
6SU9,0.87328273
6SU9_af2m,0.87088513
