MODEL,PRED_DOCKQ
4XUV,0.87952435
4XUV_af2m,0.8378023
