{
  "count": 117,
  "ids_hash": "44279396d93c053caa9faaf245d4eef4090b7a953c0da1b66aaf43ef0731b70a",
  "coords_hash": "8c91270fe341f9fb6f1d0b4deb17211ecca040fd1fc50f9a280a44768eaff323",
  "coords_stats": {
    "shape": [
      117,
      3
    ],
    "size": 351,
    "min": 4.723999977111816,
    "max": 95.04100036621094,
    "mean": 40.89777213963348,
    "std": 33.29813868849828
  }
}