{
  "hash": "fad5e659b6b32740c3f70cc56275749d61c2d4dbef36c947da74cba011847b85",
  "stats": {
    "shape": [
      117,
      117
    ],
    "size": 13689,
    "min": 0.0,
    "max": 15.600714386425114,
    "mean": 7.826427099135069,
    "std": 3.0526279870334068
  }
}