MODEL,PRED_DOCKQ
1Y10,0.7323176
1Y10_af2m,0.5792003
