{
  "count": 102,
  "ids_hash": "e984e13f361396f885df8164b0344b6d6fe19c9bd2540b1bb19d42d3a64a3678",
  "coords_hash": "a7b9029adf6d374ba572957108bcbfeb4a3b5d481bd061557d172a2420bc31d0",
  "coords_stats": {
    "shape": [
      102,
      3
    ],
    "size": 306,
    "min": -9.741000175476074,
    "max": 34.20100021362305,
    "mean": 13.522124185573821,
    "std": 13.22090157776249
  }
}