{
  "hash": "9bbba9b1e571debc57eadb7c47958a0adda621ac0cef29e39b6835f2c5778943",
  "stats": {
    "shape": [
      102,
      102
    ],
    "size": 10404,
    "min": 0.0,
    "max": 15.842618448619364,
    "mean": 8.02150512642688,
    "std": 3.079967907933737
  }
}