{
  "f0_hash": "028bd014c709daa30a604f452305a34419d7f75291c44b1a2b7ba33005287d82",
  "f1_hash": "d3f36ccad757391f6cbd096054b4239904466bec9cd94283a31180671b1fcbbb",
  "f0_stats": {
    "shape": [
      5
    ],
    "size": 5,
    "min": 0.5702373821250663,
    "max": 140.19233304025687,
    "mean": 29.738560959762303,
    "std": 55.24992481287336
  },
  "f1_stats": {
    "shape": [
      15
    ],
    "size": 15,
    "min": 0.010724348941089534,
    "max": 407.3168737586976,
    "mean": 56.97229096438206,
    "std": 129.18472161253774
  }
}