MODEL,PRED_DOCKQ
3DMY_af2m,0.81414175
3DMY,0.75059116
