MODEL,PRED_DOCKQ
4WD3_af2m,0.6719282
4WD3,0.08428799
