{
  "f0_hash": "5ab7a08f1c4b9735a014b0f5b7379b9e1399240263b6efcd593b016f62df6ce5",
  "f1_hash": "6776abf7c9a905ea61c2291b05be9c09cdd77b1ca6f89bdad61e86a86f3b1d9d",
  "f0_stats": {
    "shape": [
      5
    ],
    "size": 5,
    "min": 0.4745382645113519,
    "max": 150.1017535651627,
    "mean": 31.35457049174162,
    "std": 59.38126759571839
  },
  "f1_stats": {
    "shape": [
      15
    ],
    "size": 15,
    "min": 0.011871379195403264,
    "max": 413.42306477791254,
    "mean": 57.54303321523824,
    "std": 130.04443228455116
  }
}