{
  "hash": "8055e05d14ce6ad76b456a5cf276bd5c5b11a140d21385ce5054178f841a75db",
  "stats": {
    "shape": [
      75,
      75
    ],
    "size": 5625,
    "min": 0.0,
    "max": 15.644117761461965,
    "mean": 7.494136737055572,
    "std": 3.1477080872324827
  }
}