MODEL,PRED_DOCKQ
4PE0_af2m,0.80938613
4PE0,0.7355392
