{
  "f0_hash": "65647a859679c5cf876e2d3f1a4a0f76e5eb17f93a77249b26a7ff2fcdc2be8f",
  "f1_hash": "bad1f10d464ccf5607afeaff1178c559a1e0efbacc8e4bcefeecd53b23e1a140",
  "f0_stats": {
    "shape": [
      5
    ],
    "size": 5,
    "min": 0.6438588056616505,
    "max": 108.1423878518786,
    "mean": 23.399132194693838,
    "std": 42.40447082046017
  },
  "f1_stats": {
    "shape": [
      15
    ],
    "size": 15,
    "min": 0.01045412420434566,
    "max": 270.9401882430846,
    "mean": 38.61225335738235,
    "std": 86.07636994461232
  }
}