{
  "f0_hash": "f99843a2dfb15a9ba1534e44b158d0f07a120b85aae241415e642a4796d8b2da",
  "f1_hash": "d68acc8cf156188475c2bf3eb979f765fb524ae4d2b1909f82bcb5e501e0a8cf",
  "f0_stats": {
    "shape": [
      5
    ],
    "size": 5,
    "min": 0.3125525560031447,
    "max": 231.8896325389095,
    "mean": 47.30522043114691,
    "std": 92.29600555010015
  },
  "f1_stats": {
    "shape": [
      15
    ],
    "size": 15,
    "min": 0.010855471362272606,
    "max": 531.5163903804698,
    "mean": 72.98517573486342,
    "std": 167.7422021459106
  }
}