{
  "f0_hash": "cbb066b8fd81dd46bd01692eaf8b7d28b114091e9ca86d08bc768313509b6c0f",
  "f1_hash": "c687edc354dcab3e92267844aa53980b3da0f1a79ec0e2a9c65404aa320c5984",
  "f0_stats": {
    "shape": [
      5
    ],
    "size": 5,
    "min": 0.4989998780219572,
    "max": 153.15000253235672,
    "mean": 32.112717250030734,
    "std": 60.53084807393301
  },
  "f1_stats": {
    "shape": [
      15
    ],
    "size": 15,
    "min": 0.012116867924229169,
    "max": 448.442816864775,
    "mean": 62.21267602918919,
    "std": 142.0293651195995
  }
}