{
  "hash": "8b28e36ccbe4d42f536304ddc1e6e78314cc55c318385b1ae7b56b66bb994358",
  "stats": {
    "shape": [
      95,
      95
    ],
    "size": 9025,
    "min": 0.0,
    "max": 15.822998006716242,
    "mean": 8.008285199933333,
    "std": 3.1580093347410414
  }
}