MODEL,PRED_DOCKQ
3PZD,0.72112274
3PZD_af2m,0.6080685
