MODEL,PRED_DOCKQ
6HGO_af2m,0.4168602
6HGO,0.31966907
