{
  "f0_hash": "b9f9e7b0bfa527b8797e11432f3fd9309e2ac8aaf4e09c01f19778fe5da7dff3",
  "f1_hash": "caf3b2c8b691d87d39adf5b261fcd609c1a1efb36d57ed14268293bbe31b2113",
  "f0_stats": {
    "shape": [
      5
    ],
    "size": 5,
    "min": 0.5131070728328936,
    "max": 138.2347712655174,
    "mean": 29.065472198289275,
    "std": 54.59548684148132
  },
  "f1_stats": {
    "shape": [
      15
    ],
    "size": 15,
    "min": 0.011066239014090318,
    "max": 339.905002583764,
    "mean": 48.120211045372976,
    "std": 107.31821179912757
  }
}