{
  "hash": "6d0a1d727b30dcd89102da49614c6133c5d812901b24a3b5c661a114e0a4c1dd",
  "stats": {
    "shape": [
      74,
      74
    ],
    "size": 5476,
    "min": 0.0,
    "max": 14.688509727236164,
    "mean": 7.315001357171001,
    "std": 2.9502365454332
  }
}