MODEL,PRED_DOCKQ
4WP9_af2m,0.7668373
4WP9,0.6159753
