MODEL,PRED_DOCKQ
2POK_af2m,0.89163035
2POK,0.8686005
