{
  "f0_hash": "51213cf383056b86c088f4a12af705a5b2eb41712e1fb3873f51840837986cd4",
  "f1_hash": "af1b010e4a1c158fd6bf3f239a3d844d27b6dfbd6435d1929cdc07d5430d4771",
  "f0_stats": {
    "shape": [
      5
    ],
    "size": 5,
    "min": 0.38679100388963006,
    "max": 105.48371566563354,
    "mean": 22.38781560696176,
    "std": 41.5588867728857
  },
  "f1_stats": {
    "shape": [
      15
    ],
    "size": 15,
    "min": 0.01059994254496388,
    "max": 221.79010159914597,
    "mean": 32.420171993996085,
    "std": 69.73886375430186
  }
}