{
  "count": 107,
  "ids_hash": "4c5096b11ce9bc874c674fe173e1ae85cfb55359195f95e510834909fcd7b84b",
  "coords_hash": "d16229af25199ae464e16f0431d01edca208d40818541fb22bb971cbfcfcc6c5",
  "coords_stats": {
    "shape": [
      107,
      3
    ],
    "size": 321,
    "min": -3.2200000286102295,
    "max": 33.78099822998047,
    "mean": 16.33694391651224,
    "std": 10.428365973702778
  }
}