MODEL,PRED_DOCKQ
3LQC_af2m,0.7855915
3LQC,0.054322142
