{
  "hash": "d28c87e0afdae8293accae2c920d21c0a2863f4a04fe117df5bcbbdd80a32bc7",
  "stats": {
    "shape": [
      53,
      53
    ],
    "size": 2809,
    "min": 0.0,
    "max": 14.3246487155018,
    "mean": 6.553718486912335,
    "std": 2.8407424077956556
  }
}