{
  "hash": "66d1fdca555fbccb21d29f6f51c16db7d317db34a4f32fa98709cc5a6ce9054b",
  "stats": {
    "shape": [
      97,
      97
    ],
    "size": 9409,
    "min": 0.0,
    "max": 15.633075901497278,
    "mean": 7.943655363283804,
    "std": 3.065171178313517
  }
}