{
  "hash": "1b2bde6dce5a866de9f941363a948b5105fe94235cb4141f958f30bbba7c9836",
  "stats": {
    "shape": [
      105,
      105
    ],
    "size": 11025,
    "min": 0.0,
    "max": 15.551670228583687,
    "mean": 7.660723094664353,
    "std": 3.0212971827073236
  }
}