MODEL,PRED_DOCKQ
4JX2,0.8307094
4JX2_af2m,0.78193665
