{
  "f0_hash": "f8c37c71bfb0ccc6d05bedeb5c59011adb4a9b3b673eaf021ff8936a8efb3cac",
  "f1_hash": "c2e16232febe0704e205d5bfa1cc7aedfa07b2372f8df90c9b5ccb8bb7635379",
  "f0_stats": {
    "shape": [
      5
    ],
    "size": 5,
    "min": 0.5118521535545889,
    "max": 153.1839143017321,
    "mean": 32.04688850871235,
    "std": 60.578248134029664
  },
  "f1_stats": {
    "shape": [
      15
    ],
    "size": 15,
    "min": 0.010733994552420079,
    "max": 480.9485227843597,
    "mean": 66.25208255977368,
    "std": 154.8912247744698
  }
}