{
  "count": 72,
  "ids_hash": "a54c57b23a74abddb7ba5a29ab0799b997f0093d71e1562d080fc0d1d353d4bd",
  "coords_hash": "128a63deee4872a6b0bef567e0ffdb08cd73db1252d659caf8678df33ec85eb3",
  "coords_stats": {
    "shape": [
      72,
      3
    ],
    "size": 216,
    "min": -13.807000160217285,
    "max": 14.144000053405762,
    "mean": 2.2826018683888294,
    "std": 6.457503833256517
  }
}