MODEL,PRED_DOCKQ
1XX1_af2m,0.06544739
1XX1,0.0013458323
