{
  "hash": "070da5d4dc4e281669c1bd40b434980e243f1efba2c221d2a31db2a878c7b5a7",
  "stats": {
    "shape": [
      103,
      103
    ],
    "size": 10609,
    "min": 0.0,
    "max": 15.635217255841381,
    "mean": 8.164044686229728,
    "std": 3.1211445316060478
  }
}