{
  "hash": "1552fdc7384698b46cb13203cb58f1b323fce741ca4f2c9d862add129ce4d706",
  "stats": {
    "shape": [
      88,
      88
    ],
    "size": 7744,
    "min": 0.0,
    "max": 15.790941166722885,
    "mean": 7.486695853726975,
    "std": 3.0673219093715853
  }
}