{
  "hash": "bc84328e45d7400b065713049d892a0dcad4c3e0a10a3ab0efb6d852c765ebcd",
  "stats": {
    "shape": [
      104,
      104
    ],
    "size": 10816,
    "min": 0.0,
    "max": 15.469470953630298,
    "mean": 7.908966450818572,
    "std": 3.0313680755578027
  }
}