MODEL,PRED_DOCKQ
4A3T_af2m,0.615444
4A3T,0.09711822
