MODEL,PRED_DOCKQ
6MR3,0.9069195
6MR3_af2m,0.8822594
