{
  "hash": "bc8af639891a91d11a3998d577fe108b03f8c317609052e4713d17ba2705c03b",
  "stats": {
    "shape": [
      98,
      98
    ],
    "size": 9604,
    "min": 0.0,
    "max": 15.698686915897616,
    "mean": 7.699510309828234,
    "std": 3.0048842201600374
  }
}