{
  "f0_hash": "ebe8b28876e9a34fd889ebdcb4c5118b4d2f2dbe420ba80a5b3a3efafe1350eb",
  "f1_hash": "aa24c799464af625c3b87a180bbcd819543676a06973f020f2a44e611ab2e71f",
  "f0_stats": {
    "shape": [
      5
    ],
    "size": 5,
    "min": 0.5682743734260891,
    "max": 115.18742891646733,
    "mean": 24.52684907883591,
    "std": 45.345582351189485
  },
  "f1_stats": {
    "shape": [
      15
    ],
    "size": 15,
    "min": 0.010639817111211869,
    "max": 291.3836518538424,
    "mean": 41.27837533358241,
    "std": 92.02807350775814
  }
}