{
  "f0_hash": "b01252a3541656ffa8411ecaabf6d47ff18e526cd29524db794c199446d0284e",
  "f1_hash": "e2bcf574f4b459697358db5ef48319c3cf0103e5524f25198a50afad790e7b26",
  "f0_stats": {
    "shape": [
      5
    ],
    "size": 5,
    "min": 0.5699173344126482,
    "max": 163.83008274933414,
    "mean": 34.21709479171966,
    "std": 64.81566155038398
  },
  "f1_stats": {
    "shape": [
      15
    ],
    "size": 15,
    "min": 0.010388024124040385,
    "max": 497.5408700423896,
    "mean": 69.16426767822985,
    "std": 157.65472343750645
  }
}