{
  "hash": "1d5b2918cb3989076ac7501501b423dd5ff9d691164ee1043872d6c64537b6ea",
  "stats": {
    "shape": [
      80,
      80
    ],
    "size": 6400,
    "min": 0.0,
    "max": 15.003201224096316,
    "mean": 6.913851653097891,
    "std": 2.8531589495477347
  }
}