{
  "count": 91,
  "ids_hash": "ccc6140cda855cfad20ec0e48fe07dd15317a4b3ae22a7dfaa3c01a4438606d8",
  "coords_hash": "e1eb492ee8f1981c376f3b8f1444d73d393d9eb875a8834a65dd0d97fab4d7a7",
  "coords_stats": {
    "shape": [
      91,
      3
    ],
    "size": 273,
    "min": 5.6620001792907715,
    "max": 82.23400115966797,
    "mean": 40.360611908601754,
    "std": 27.130680127381186
  }
}