{
  "hash": "764a2b6091f95e1d46d6a0c7eb048c56c961983e57cc57c5ec7f0d788c33e0c1",
  "stats": {
    "shape": [
      91,
      91
    ],
    "size": 8281,
    "min": 0.0,
    "max": 15.78006037595584,
    "mean": 7.890237487000996,
    "std": 3.1278453023032626
  }
}