{
  "count": 67,
  "ids_hash": "09610d3809a295a117855abd1afb3f0a53b509f1c40695b28b316f2a95499bd5",
  "coords_hash": "f327fb163a9dd8eca7b2ddd3a6c5b256dd4b8855c13ee3a44269fd9b2fa7962e",
  "coords_stats": {
    "shape": [
      67,
      3
    ],
    "size": 201,
    "min": 7.296999931335449,
    "max": 107.86000061035156,
    "mean": 46.24265677656107,
    "std": 38.755450147985144
  }
}