{
  "hash": "e9235bf0f5b21d004aa4b6646c04fd01275e555864a8ebe05911e8ca6adf0a9f",
  "stats": {
    "shape": [
      75,
      75
    ],
    "size": 5625,
    "min": 0.0,
    "max": 14.656598412154427,
    "mean": 6.895237741470158,
    "std": 2.8518552578026926
  }
}