{
  "hash": "88943e96a1e826cfcab2477d9a49180624243dad7a750e2d6c421b83d77adc72",
  "stats": {
    "shape": [
      109,
      109
    ],
    "size": 11881,
    "min": 0.0,
    "max": 15.380167307904356,
    "mean": 7.80687413887756,
    "std": 3.011914511191689
  }
}