{
  "f0_hash": "6791f0e7cf7b68f45718c63ec5173de5b762f8c917321f4d1c9453b53b6f367c",
  "f1_hash": "2742ec365839b8cf77609cab8a7ce1d5d80d4b9832d26143ca43244fa1b50f3a",
  "f0_stats": {
    "shape": [
      5
    ],
    "size": 5,
    "min": 0.11916786648037012,
    "max": 356.923244190006,
    "mean": 72.27889575253184,
    "std": 142.325332183147
  },
  "f1_stats": {
    "shape": [
      15
    ],
    "size": 15,
    "min": 0.010191346410289626,
    "max": 649.5524722500085,
    "mean": 88.04509631997713,
    "std": 201.12918851555042
  }
}