MODEL,PRED_DOCKQ
3K3C_af2m,0.93787426
3K3C,0.8900195
