{
  "f0_hash": "bf8dab5d62070e00bf004c0eda29785f8bbdf3937f3a662cbf151f8fe2a9d993",
  "f1_hash": "867465e71a70dacf90c3511b51bd1e96267b5c87d991f02681fbee063492cd65",
  "f0_stats": {
    "shape": [
      5
    ],
    "size": 5,
    "min": 0.41540536796279987,
    "max": 174.48726502416525,
    "mean": 36.19612449142125,
    "std": 69.15208072062165
  },
  "f1_stats": {
    "shape": [
      15
    ],
    "size": 15,
    "min": 0.010427693334740695,
    "max": 529.846462881966,
    "mean": 72.7912907855352,
    "std": 168.43618539620425
  }
}