{
  "hash": "ec8c3d5bb5391abcee06165b8f3739e04611886eaac26d3df386e3381c8e0908",
  "stats": {
    "shape": [
      58,
      58
    ],
    "size": 3364,
    "min": 0.0,
    "max": 15.12856243562731,
    "mean": 7.093879914718566,
    "std": 3.1205569291104247
  }
}