MODEL,PRED_DOCKQ
1XY7,0.7047824
1XY7_af2m,0.6684806
