MODEL,PRED_DOCKQ
1P3Q_af2m,0.065777466
1P3Q,9.7827746e-05
