MODEL,PRED_DOCKQ
2RCC_af2m,0.7868644
2RCC,0.66820544
