{
  "f0_hash": "369556b6cd8522823773c143482c5eedeab686fa0d06a753c973f70139a581ad",
  "f1_hash": "d5192954371d5b2f26cc000a4ba7de8166b602c97d92200fb6a41894fa11833f",
  "f0_stats": {
    "shape": [
      5
    ],
    "size": 5,
    "min": 0.762514594273468,
    "max": 98.29916634812714,
    "mean": 21.27802516057296,
    "std": 38.530948598868285
  },
  "f1_stats": {
    "shape": [
      15
    ],
    "size": 15,
    "min": 0.011631869860257105,
    "max": 237.7910329160128,
    "mean": 34.7552324851564,
    "std": 75.15361373386799
  }
}