{
  "count": 97,
  "ids_hash": "0b83f1915ed43dd40ec53f15d45fd740226a9adb200c65f1ea82454406d76694",
  "coords_hash": "f70cb8d6dae2e18fd507a11c787f3709409c0ca9699b0f8aade70656cc66c69c",
  "coords_stats": {
    "shape": [
      97,
      3
    ],
    "size": 291,
    "min": -57.35499954223633,
    "max": 12.619000434875488,
    "mean": -17.928896818950108,
    "std": 23.967729678353795
  }
}