{
  "hash": "9684aba99367a789952b56cb3aaa32be9ec0ef293a3bf6015abc1cd5d49c5d46",
  "stats": {
    "shape": [
      79,
      79
    ],
    "size": 6241,
    "min": 0.0,
    "max": 15.656941105226364,
    "mean": 7.378173073396436,
    "std": 3.0673049670412342
  }
}