{
  "f0_hash": "2994ae5a18151e32cc40805ab69693a4c7fe6478f553a001e1462bc5af66f4db",
  "f1_hash": "cff611fa237c167094c9e471c19ce05ab925a5da8b8c8c5d1d1763f7d6a1700f",
  "f0_stats": {
    "shape": [
      5
    ],
    "size": 5,
    "min": 0.5945928323886153,
    "max": 143.85720810180766,
    "mean": 30.22788657763805,
    "std": 56.82493810000368
  },
  "f1_stats": {
    "shape": [
      15
    ],
    "size": 15,
    "min": 0.010283263818742228,
    "max": 416.24627463868393,
    "mean": 58.22895790491954,
    "std": 132.6273977793672
  }
}