{
  "count": 68,
  "ids_hash": "3e0ecebe6c69763eca85c1683cd89f69156fdf0ce70083abbc33589005bfc037",
  "coords_hash": "4cbbed3b09f0986c9fc2d1a7cf079df75b297b7fc41640c2de3e5360d6135c76",
  "coords_stats": {
    "shape": [
      68,
      3
    ],
    "size": 204,
    "min": -8.979999542236328,
    "max": 71.98699951171875,
    "mean": 32.94431856669047,
    "std": 28.253134643893624
  }
}