{
  "f0_hash": "df561f6ae4faba9937447bbc8a7c7caab648ef7be8c4dacebce584a40594e47e",
  "f1_hash": "c222a7a4d97afe6ff912df7aba77217e91b017b10286f37c6b0ae74b7e16435f",
  "f0_stats": {
    "shape": [
      5
    ],
    "size": 5,
    "min": 0.4615245708048681,
    "max": 149.63931278418767,
    "mean": 31.313211154853768,
    "std": 59.17301030669136
  },
  "f1_stats": {
    "shape": [
      15
    ],
    "size": 15,
    "min": 0.010874589735516249,
    "max": 436.3347841211274,
    "mean": 60.68906238189054,
    "std": 138.47953533086115
  }
}