{
  "count": 82,
  "ids_hash": "9ce5b373e6aaed1c2377c310438323640c2148d0433a214e5861f4fa31bc2f84",
  "coords_hash": "74d907556ea41f005dec5793f7ee98e712e6b44219aa565c5479010a6208542f",
  "coords_stats": {
    "shape": [
      82,
      3
    ],
    "size": 246,
    "min": 11.01099967956543,
    "max": 49.30099868774414,
    "mean": 25.828174757763623,
    "std": 11.196419676663378
  }
}