{
  "count": 96,
  "ids_hash": "3d05cb0cdfb97f4dc838b0c95fc1de603bb975835fbe02405d58c61231321cd0",
  "coords_hash": "30d02d164cd3f1ba0cbdbd90166eba4798565125c0d4e7692b7c60f2d38981e7",
  "coords_stats": {
    "shape": [
      96,
      3
    ],
    "size": 288,
    "min": -2.4119999408721924,
    "max": 86.15499877929688,
    "mean": 41.094166602692795,
    "std": 31.55266646216032
  }
}