{
  "hash": "f9fd157450912e8b3e03fbb3c0765a5964ffdc3c81a83279df2ced6a464fb876",
  "stats": {
    "shape": [
      94,
      94
    ],
    "size": 8836,
    "min": 0.0,
    "max": 15.340118460580989,
    "mean": 7.362225775516189,
    "std": 2.9489347990928545
  }
}