{
  "f0_hash": "f52653376fe8b46b200591d8b945752d5f916b931cffb9b3bfefa4a0592ff72f",
  "f1_hash": "d8fbe7fd6280ec1c52904654590bbb786c7f66b33830f1e3576cf8928b529d4e",
  "f0_stats": {
    "shape": [
      5
    ],
    "size": 5,
    "min": 0.4166114996160908,
    "max": 136.9591994749759,
    "mean": 28.733152833670204,
    "std": 54.12304330852065
  },
  "f1_stats": {
    "shape": [
      15
    ],
    "size": 15,
    "min": 0.010621413174803251,
    "max": 348.18504000678945,
    "mean": 48.82871539717216,
    "std": 109.91638375381604
  }
}