MODEL,PRED_DOCKQ
2HP0,0.84778947
2HP0_af2m,0.82864106
