{
  "count": 186,
  "ids_hash": "8aefb709090ae86489cc64cc32db09b28cfee771846655f1a317deb74fa91ceb",
  "coords_hash": "0eaa09a238388c51ed2c10237b068766d5ea7f6841626b330882275098590b5f",
  "coords_stats": {
    "shape": [
      186,
      3
    ],
    "size": 558,
    "min": -11.527000427246094,
    "max": 32.145999908447266,
    "mean": 7.139136211330315,
    "std": 13.323632689823143
  }
}