{
  "count": 69,
  "ids_hash": "463512ede08ddf6d5d10c86bac0bc6f786aba7b581a0b7cb421ab91796022e6d",
  "coords_hash": "5c3b82c67cd6dcd2275d8723662d2236d82bd54f2e4df11a8e83c02f9d5cf06f",
  "coords_stats": {
    "shape": [
      69,
      3
    ],
    "size": 207,
    "min": -11.744000434875488,
    "max": 52.665000915527344,
    "mean": 18.49879715886813,
    "std": 21.08235121182573
  }
}