{
  "count": 103,
  "ids_hash": "3532442ec184969a57418423efc8d2ae03572d41e70e97cb7596d8f037b5ecfd",
  "coords_hash": "855241d6f67de41dc77e1b14a646047c5bcd868d9b3b1be9382013705130ec9b",
  "coords_stats": {
    "shape": [
      103,
      3
    ],
    "size": 309,
    "min": -7.257999897003174,
    "max": 47.486000061035156,
    "mean": 14.75791267889573,
    "std": 18.501256258323924
  }
}