{
  "f0_hash": "ebd46cbf19a9796ae4a17fef8f273d3cf058d2713a74cfe76f1bc69ae1c5853f",
  "f1_hash": "7799b18cef1fd8c4ecb2e9944fd27708251fa462690db424bf1cf5544117abcd",
  "f0_stats": {
    "shape": [
      5
    ],
    "size": 5,
    "min": 0.589272728968597,
    "max": 160.70251018056496,
    "mean": 33.62391222031173,
    "std": 63.5495086019228
  },
  "f1_stats": {
    "shape": [
      15
    ],
    "size": 15,
    "min": 0.01080845413520315,
    "max": 512.4179790756195,
    "mean": 71.23739395504623,
    "std": 162.48336899391543
  }
}