MODEL,PRED_DOCKQ
5UUO_af2m,0.80349666
5UUO,0.7994201
