{
  "count": 200,
  "ids_hash": "936020acfe05bf4b21a986bac696c89cf2ce595ec1fafe6369c343a50ad446a1",
  "coords_hash": "63ad8cb56550ef0186cf0c829232860064e889558abf735105fbbc4d5cf6f605",
  "coords_stats": {
    "shape": [
      200,
      3
    ],
    "size": 600,
    "min": -12.019000053405762,
    "max": 19.113000869750977,
    "mean": 3.2393666588685788,
    "std": 7.704072289006776
  }
}