MODEL,PRED_DOCKQ
5LAC_af2m,0.73982704
5LAC,0.00014581237
