{
  "hash": "fbc3799ee75dc558f27a22a722762ea25804de70c04d9d7ae5a95cfe421326b2",
  "stats": {
    "shape": [
      84,
      84
    ],
    "size": 7056,
    "min": 0.0,
    "max": 15.577426158123533,
    "mean": 7.283836250550692,
    "std": 3.027739931791654
  }
}