MODEL,PRED_DOCKQ
6PON,0.86110866
6PON_af2m,0.013347812
