{
  "count": 76,
  "ids_hash": "48366c8a52b0cab6fe9042b1bbb904113ba0719327fb81123204cb3196031202",
  "coords_hash": "908161169fb1c16e051eb507b55f1599ea754b3a3c0af3982c4fd1f8682b63cc",
  "coords_stats": {
    "shape": [
      76,
      3
    ],
    "size": 228,
    "min": 17.992000579833984,
    "max": 61.59700012207031,
    "mean": 35.213390367072925,
    "std": 14.034815314178232
  }
}