MODEL,PRED_DOCKQ
6ENI_af2m,0.88936186
6ENI,0.8767895
