MODEL,PRED_DOCKQ
4AYD_af2m,0.67782867
4AYD,0.00013994146
