{
  "f0_hash": "a72eefc2d0fb369275cb9d77c7a6b9989ad3a59b732753cce354508ddd951b5b",
  "f1_hash": "cb8fdf9dc8930c37846c32dd9d55e7964f6875f4500adfc08f013c9b722ac04b",
  "f0_stats": {
    "shape": [
      5
    ],
    "size": 5,
    "min": 0.3990014953076365,
    "max": 112.38178687774881,
    "mean": 23.722705307725477,
    "std": 44.33792872267671
  },
  "f1_stats": {
    "shape": [
      15
    ],
    "size": 15,
    "min": 0.010685073456697225,
    "max": 265.3417454042902,
    "mean": 37.10989458656832,
    "std": 83.53886013739464
  }
}