{
  "hash": "0247be09a6d70b63de24bad059fac3273dbfce7b919db87a2d55e6d937f099ee",
  "stats": {
    "shape": [
      61,
      61
    ],
    "size": 3721,
    "min": 0.0,
    "max": 14.506819737356965,
    "mean": 6.958393748662078,
    "std": 2.946418375496484
  }
}