{
  "count": 78,
  "ids_hash": "531f4c99da3174dfada41dc5a22cc14d066abf0d841f0f08e4ffdd4fe5cf2d11",
  "coords_hash": "7e6fa817ce158fe5b38603895bd19c4f84b5b0ee3a777f1011a516a84a9f77d0",
  "coords_stats": {
    "shape": [
      78,
      3
    ],
    "size": 234,
    "min": 2.8469998836517334,
    "max": 68.30400085449219,
    "mean": 31.782239434046623,
    "std": 21.973838931899742
  }
}