{
  "hash": "fc2b6eea56bbd50f469357c0d671a11ef49ee10bebf7f785dad686020b33c9c8",
  "stats": {
    "shape": [
      98,
      98
    ],
    "size": 9604,
    "min": 0.0,
    "max": 15.226957504511889,
    "mean": 7.736716959269461,
    "std": 3.0476680602286286
  }
}