{
  "count": 112,
  "ids_hash": "d830d9732f49bd7a5c9caa6a0e0327aad3af44ba8f0ae5fb930e2783bd5026e1",
  "coords_hash": "977c6a494453c111b7bcd0ea1385b711f5df1de05d9ad73f0bab8bb7aa34306a",
  "coords_stats": {
    "shape": [
      112,
      3
    ],
    "size": 336,
    "min": -0.3400000035762787,
    "max": 45.00600051879883,
    "mean": 21.629026808022033,
    "std": 13.191199701515023
  }
}