MODEL,PRED_DOCKQ
1HBX,0.27842015
1HBX_af2m,0.20691523
