{
  "hash": "074c13fbefa03203ca0319d7eb14849a2eaf1c284bc4c8826c30be288a06af34",
  "stats": {
    "shape": [
      105,
      105
    ],
    "size": 11025,
    "min": 0.0,
    "max": 15.668746965987285,
    "mean": 8.009098887112728,
    "std": 3.0437973741293254
  }
}