MODEL,PRED_DOCKQ
3Q87_af2m,0.9366876
3Q87,0.8674325
