{
  "f0_hash": "4f505e9d4aa44539fc10d77f72b871f78379f2c69dc4da90d047ec0bf5c2905d",
  "f1_hash": "9fc00528eb83e4c3bae189ba430b99fcbb1be30914710852159772bd51a97644",
  "f0_stats": {
    "shape": [
      5
    ],
    "size": 5,
    "min": 0.39617321093206387,
    "max": 157.56023629088608,
    "mean": 32.826193791368304,
    "std": 62.374870039029844
  },
  "f1_stats": {
    "shape": [
      15
    ],
    "size": 15,
    "min": 0.012495290437050333,
    "max": 432.6586334099726,
    "mean": 59.68509733723779,
    "std": 136.73584207953337
  }
}