MODEL,PRED_DOCKQ
2D1G_af2m,0.04151329
2D1G,0.005802524
