{
  "count": 121,
  "ids_hash": "6c9a51e9049057f4829dc073e323c48e673b33ad4cfe37fcb07a6552a51eab77",
  "coords_hash": "d00f96dc888b0168759bc2060d62f5b492fe8d91923d07a6c94138e7625019d2",
  "coords_stats": {
    "shape": [
      121,
      3
    ],
    "size": 363,
    "min": 5.099999904632568,
    "max": 60.768001556396484,
    "mean": 31.65788152395201,
    "std": 17.219829200599733
  }
}