{
  "count": 110,
  "ids_hash": "461287526fd7ff1e2b542925508710c78eb4bdfe3cb10413befb40e50df12e1d",
  "coords_hash": "1896476709d0ae3ef05e304cee6ed244d7803757fad66b2cd4661c5626551afd",
  "coords_stats": {
    "shape": [
      110,
      3
    ],
    "size": 330,
    "min": -21.76300048828125,
    "max": 20.525999069213867,
    "mean": -3.3359182027253236,
    "std": 12.307033798464758
  }
}