{
  "hash": "cad90d2abb700ca03ca7c2661f508064e40434770183230ab1c453ff79171908",
  "stats": {
    "shape": [
      58,
      58
    ],
    "size": 3364,
    "min": 0.0,
    "max": 13.765175822582972,
    "mean": 6.658760558986831,
    "std": 2.720755733542679
  }
}