{
  "hash": "563291419127ea05e13237e304f4cebf85a2bb39d3e6dabfce6727c2c4abcad4",
  "stats": {
    "shape": [
      261,
      261
    ],
    "size": 68121,
    "min": 0.0,
    "max": 15.824751041816768,
    "mean": 8.092263379752392,
    "std": 3.0257262729471344
  }
}