MODEL,PRED_DOCKQ
4E1P_af2m,0.89768654
4E1P,0.8499161
