{
  "hash": "953b9ccd666983508227867471cbe9545705bd454df018f79ba2efc2b2452228",
  "stats": {
    "shape": [
      55,
      55
    ],
    "size": 3025,
    "min": 0.0,
    "max": 14.91463880939617,
    "mean": 6.712547155795857,
    "std": 3.0153776014730918
  }
}