{
  "f0_hash": "eff6d1b4adbcf4ad49d12196bcba1f48ff158985ece9115dc400f27cdc13c568",
  "f1_hash": "a625608a6ebdb4968ace4dbbeaf850388c1b45049a904e33eaacc594a0cd4925",
  "f0_stats": {
    "shape": [
      5
    ],
    "size": 5,
    "min": 0.513519344280813,
    "max": 149.40729536629075,
    "mean": 31.222170692896402,
    "std": 59.1004677100885
  },
  "f1_stats": {
    "shape": [
      15
    ],
    "size": 15,
    "min": 0.01007682070598026,
    "max": 459.8169183680448,
    "mean": 63.887640974726395,
    "std": 146.2347744139969
  }
}