{
  "count": 82,
  "ids_hash": "d307d53e31260230e6e2b2c58764c4919c3f7c0f53510aeb3fca6a23a400d4ec",
  "coords_hash": "8457c5311a985cc7d4d8dd648b13f8832d65d610b5477dd5c42408047ef2a5d5",
  "coords_stats": {
    "shape": [
      82,
      3
    ],
    "size": 246,
    "min": -22.38599967956543,
    "max": 15.845000267028809,
    "mean": -4.764487793775109,
    "std": 11.716185962052258
  }
}