MODEL,PRED_DOCKQ
1P6O_af2m,0.9531537
1P6O,0.9311566
