MODEL,PRED_DOCKQ
6A45,0.9355904
6A45_af2m,0.9286984
