MODEL,PRED_DOCKQ
3VS8,0.9299044
3VS8_af2m,0.9099263
