MODEL,PRED_DOCKQ
6IG4_af2m,0.05454711
6IG4,0.029773189
