{
  "count": 66,
  "ids_hash": "0adb1c1eb9294e8b3cf55126a83f45f3f1c06a89dd911c51073e534b0cd07421",
  "coords_hash": "94723a96b80a66b0c46c29c7016798534e077cc1ff49670e970e5873cdfe478b",
  "coords_stats": {
    "shape": [
      66,
      3
    ],
    "size": 198,
    "min": -8.020999908447266,
    "max": 36.047000885009766,
    "mean": 18.174575724385,
    "std": 14.941721805586663
  }
}