{
  "count": 47,
  "ids_hash": "6c0caead616b840269a986008fead473d2c35d35b36e6c383baad6843fc64b7e",
  "coords_hash": "d9b91f314239806ada356c2c1fec50ee6f2aca933afb64349e8c597b0c9e020f",
  "coords_stats": {
    "shape": [
      47,
      3
    ],
    "size": 141,
    "min": -3.371000051498413,
    "max": 33.55500030517578,
    "mean": 11.55066663301583,
    "std": 12.710360067389887
  }
}