{
  "f0_hash": "8c1e9d690692211dc2e48615155da807da26a1054121f48d12687abe85ef226f",
  "f1_hash": "7eb35d95516c60dd5cee402d6a376bb6a92d23938a75c9ada02825adec763c69",
  "f0_stats": {
    "shape": [
      5
    ],
    "size": 5,
    "min": 0.3843835233211473,
    "max": 167.3200627296378,
    "mean": 34.80843632408504,
    "std": 66.26427699475423
  },
  "f1_stats": {
    "shape": [
      15
    ],
    "size": 15,
    "min": 0.010099313615110184,
    "max": 516.4098796807289,
    "mean": 71.59999433544023,
    "std": 165.171518389452
  }
}