{
  "hash": "55ec01b319c7cb87467c33bca32ad6e3fc41060689699bccd21d506e16095082",
  "stats": {
    "shape": [
      87,
      87
    ],
    "size": 7569,
    "min": 0.0,
    "max": 15.539445808644384,
    "mean": 7.598251450283216,
    "std": 2.9880135390263387
  }
}