{
  "count": 94,
  "ids_hash": "7ddf063519f06312797601e7bedc8e022322bd8f101286a4256cba1afd76c3cc",
  "coords_hash": "ab249c168441f3564dd09acb275ae31eec8340396bbbdfce93bdad5277e64645",
  "coords_stats": {
    "shape": [
      94,
      3
    ],
    "size": 282,
    "min": 14.258000373840332,
    "max": 66.052001953125,
    "mean": 34.86224476834561,
    "std": 17.57553999017548
  }
}