MODEL,PRED_DOCKQ
3HIE_af2m,0.33281863
3HIE,0.04429991
