MODEL,PRED_DOCKQ
5X04,0.8461898
5X04_af2m,0.74112326
