{
  "count": 68,
  "ids_hash": "a94ec80d00dfb8a075b87cc70e26d493ebcc4ccb7588f5cdf67530e7fdaebdca",
  "coords_hash": "817511f4397ada8a86829cb4b91161dd92b18fe6fb5a8886804e1841336c6c93",
  "coords_stats": {
    "shape": [
      68,
      3
    ],
    "size": 204,
    "min": -17.347999572753906,
    "max": 11.918000221252441,
    "mean": -2.3211568625753416,
    "std": 7.70502933003963
  }
}