{
  "f0_hash": "b8296ce31e9517f90cd3e586d65b06cf7ef99acc5c93988860cba4c35f0bc7de",
  "f1_hash": "d45a37c715b26b50cff07799e83a9abfb6a45dd2166b6d3bb713fc8b7e50d0bb",
  "f0_stats": {
    "shape": [
      5
    ],
    "size": 5,
    "min": 0.501846954146556,
    "max": 149.45224607253488,
    "mean": 31.497277998025254,
    "std": 58.99566276983025
  },
  "f1_stats": {
    "shape": [
      15
    ],
    "size": 15,
    "min": 0.010195426853619516,
    "max": 398.53816121851344,
    "mean": 56.34350865669582,
    "std": 125.5542943413324
  }
}