{
  "f0_hash": "3581de8ad325f73628dffe76bcdf2732d2a143842176e89bbb7973b27af64cd3",
  "f1_hash": "ca2b58f3cb2d6de494e4acb1f20c2951bb8c1462f8e2fe59bb8143a54f9ae97b",
  "f0_stats": {
    "shape": [
      5
    ],
    "size": 5,
    "min": 0.4444732903644994,
    "max": 162.0583473617309,
    "mean": 33.79195175513753,
    "std": 64.14271753158536
  },
  "f1_stats": {
    "shape": [
      15
    ],
    "size": 15,
    "min": 0.010058063867985467,
    "max": 409.82800252903644,
    "mean": 56.59799658692965,
    "std": 129.40780791463317
  }
}