{
  "count": 100,
  "ids_hash": "d2c2fcbc8b26aa9634c38c4f616e7a2d43d1ef997277a53471d23365cb353249",
  "coords_hash": "7c4e155b6ce889999de5607a52d22794e3de9bc24acfb2347354c8a4fc7c491d",
  "coords_stats": {
    "shape": [
      100,
      3
    ],
    "size": 300,
    "min": -19.94700050354004,
    "max": 32.766998291015625,
    "mean": 9.150496675173441,
    "std": 16.253744430990068
  }
}