MODEL,PRED_DOCKQ
3D5P,0.90609956
3D5P_af2m,0.88340265
