{
  "hash": "7cf68cf58a26074e78e04f45352596ff2a0b6078e364a062f0ad929ebdc1ae26",
  "stats": {
    "shape": [
      50,
      50
    ],
    "size": 2500,
    "min": 0.0,
    "max": 15.06850937051683,
    "mean": 6.404994505256361,
    "std": 2.842690324869022
  }
}