{
  "hash": "31dd70cfdfa209a7a4f10507d5c90a97dcacb4337fd6e81132ba9bbb58e11c53",
  "stats": {
    "shape": [
      89,
      89
    ],
    "size": 7921,
    "min": 0.0,
    "max": 15.64996435668459,
    "mean": 7.977246492338297,
    "std": 3.175125079222097
  }
}