MODEL,PRED_DOCKQ
4J2Q_af2m,0.14894141
4J2Q,0.006758884
