{
  "hash": "e1ec55d1090c04bf092c6f5ffb5ad037ba6deb3a778222efb492f08af79991af",
  "stats": {
    "shape": [
      66,
      66
    ],
    "size": 4356,
    "min": 0.0,
    "max": 15.285234302878886,
    "mean": 7.224764212072567,
    "std": 3.132427942577141
  }
}