{
  "hash": "e3ad5ab9d35c8d9bdd4ec724621ae83da37067c02e2a3c85925c74fc867fec4a",
  "stats": {
    "shape": [
      62,
      62
    ],
    "size": 3844,
    "min": 0.0,
    "max": 15.19337053774329,
    "mean": 6.682700364439307,
    "std": 2.8376253746506213
  }
}