{
  "f0_hash": "ef1320bbfa068b5536190ee8d0acdd787069a1ce42b51b90baf897642a36c42a",
  "f1_hash": "48e62cd088b00da71ea2de3da9516bca0dc04c009a9e3f9b800f7c8ae71d8735",
  "f0_stats": {
    "shape": [
      5
    ],
    "size": 5,
    "min": 0.34975285789862265,
    "max": 150.65014200042754,
    "mean": 31.382349391601434,
    "std": 59.6431884223618
  },
  "f1_stats": {
    "shape": [
      15
    ],
    "size": 15,
    "min": 0.011354258584863608,
    "max": 434.7059350412117,
    "mean": 60.206835609199125,
    "std": 138.53401321837967
  }
}