{
  "count": 106,
  "ids_hash": "71854eb9be7bd2a3559a8b3116a1054531fabc2e81ef5f76a8226c2f61d4e6e7",
  "coords_hash": "1c198345debc618bdbe95468d6d58d478df645bfa9d61521316d1e589bdbc74f",
  "coords_stats": {
    "shape": [
      106,
      3
    ],
    "size": 318,
    "min": 13.01200008392334,
    "max": 92.63400268554688,
    "mean": 46.98767630858991,
    "std": 27.950675864197088
  }
}