MODEL,PRED_DOCKQ
1SS4_af2m,0.777956
1SS4,0.7762233
