{
  "count": 117,
  "ids_hash": "1d44d8c53514b121d7ff3af9464cac82a41f00dea07ee5779422e15005103d18",
  "coords_hash": "3a5bd223be5500e6a793b061367707a48e32fa97331ba5e74aa65c09ea123405",
  "coords_stats": {
    "shape": [
      117,
      3
    ],
    "size": 351,
    "min": 6.418000221252441,
    "max": 98.51899719238281,
    "mean": 42.274655295912694,
    "std": 35.06637272089141
  }
}