MODEL,PRED_DOCKQ
4PBY_af2m,0.8487793
4PBY,0.0028298427
