{
  "count": 113,
  "ids_hash": "d3ce85babede31515693a0113ca4b994cef500b2d23f3db706f05b9af2664bd9",
  "coords_hash": "d48906db24c45b97e9c269026c97222b84d81818c76025c6fa1d89d68bd03bcd",
  "coords_stats": {
    "shape": [
      113,
      3
    ],
    "size": 339,
    "min": 0.26499998569488525,
    "max": 43.80500030517578,
    "mean": 25.060120926230354,
    "std": 13.214822166914
  }
}