MODEL,PRED_DOCKQ
3GJX_af2m,0.4094299
3GJX,0.080853626
