{
  "hash": "6264aeb612c0ca023ef823384db10e809fa1a172e7a9b88cd8455a8d88b667fa",
  "stats": {
    "shape": [
      67,
      67
    ],
    "size": 4489,
    "min": 0.0,
    "max": 15.565791974799247,
    "mean": 7.100514446354296,
    "std": 3.0883414083272123
  }
}