MODEL,PRED_DOCKQ
3BEX_af2m,0.8760319
3BEX,0.80205107
