{
  "f0_hash": "b125cf4efc4b91a74c98b37e0d1cf5bd69028bced5a72349d7273d933d0b4714",
  "f1_hash": "44525f6479c44266fa3adb44a019c13b88a3490cea812df2ab8426f725727d30",
  "f0_stats": {
    "shape": [
      5
    ],
    "size": 5,
    "min": 0.3840479900364594,
    "max": 104.01318752918574,
    "mean": 22.159967561028605,
    "std": 40.941086360134065
  },
  "f1_stats": {
    "shape": [
      15
    ],
    "size": 15,
    "min": 0.012717992234635211,
    "max": 215.31580889651997,
    "mean": 30.653606511615212,
    "std": 68.23531246606807
  }
}