{
  "hash": "275e58d02c33c4b484a3ee6535c8be0ff8b3fcf9fba4f4a97cb3f6855d01ce53",
  "stats": {
    "shape": [
      82,
      82
    ],
    "size": 6724,
    "min": 0.0,
    "max": 15.64151876252805,
    "mean": 7.572849489002471,
    "std": 3.1157216373756547
  }
}