MODEL,PRED_DOCKQ
6FLU_af2m,0.014595247
6FLU,0.005518245
