{
  "hash": "b0421f7a872a3eed8b57db657e2da7bebd602e2e81e84bc07da6509bbcb258f6",
  "stats": {
    "shape": [
      95,
      95
    ],
    "size": 9025,
    "min": 0.0,
    "max": 15.336735054288692,
    "mean": 7.606539265470308,
    "std": 2.9754254584159603
  }
}