{
  "hash": "a6f665fd277e164b3878ab23f2996c97822184ecdcffd76b0c2acd2faf4265d7",
  "stats": {
    "shape": [
      98,
      98
    ],
    "size": 9604,
    "min": 0.0,
    "max": 15.496363423740622,
    "mean": 7.698103722100029,
    "std": 3.0425047423839384
  }
}