{
  "f0_hash": "8ec3c91823d987e7cb47b04ad5a1df1cd3b36e423217053036cea770de53f9b0",
  "f1_hash": "2a75fa9c636380f6e15391d0c9ae49e63e9bceea694d2bc9eaa9530d6260b30d",
  "f0_stats": {
    "shape": [
      5
    ],
    "size": 5,
    "min": 0.3263853551816095,
    "max": 156.25136254788364,
    "mean": 32.442668905018195,
    "std": 61.9104431131371
  },
  "f1_stats": {
    "shape": [
      15
    ],
    "size": 15,
    "min": 0.011198592933787666,
    "max": 456.39769341642364,
    "mean": 62.981775944340164,
    "std": 145.72770584243378
  }
}