{
  "hash": "554f261ea2b93de83aadc4f69a4d85089ea9e8bfae118e36db4e07dadd606bd8",
  "stats": {
    "shape": [
      97,
      97
    ],
    "size": 9409,
    "min": 0.0,
    "max": 15.498365418823516,
    "mean": 8.043408162030175,
    "std": 3.1228008562882787
  }
}