{
  "hash": "b5d653791f4acf3f26b9f78a8abff1ff49d5cf15f49d137ce719e28729913279",
  "stats": {
    "shape": [
      81,
      81
    ],
    "size": 6561,
    "min": 0.0,
    "max": 15.013498290392345,
    "mean": 7.459984463770119,
    "std": 3.025787734751589
  }
}