{
  "hash": "9fe69c117a417b06cd2fd646dfeee8630907f68bfbe482dfab5f8e255a8675b7",
  "stats": {
    "shape": [
      125,
      125
    ],
    "size": 15625,
    "min": 0.0,
    "max": 15.588785207324683,
    "mean": 7.905720206247127,
    "std": 2.9845066208247784
  }
}