{
  "f0_hash": "83412c91227516aeecabd8cc17e14a0c4489cb7c87f7a500b6b516e59d30acb1",
  "f1_hash": "56bf8725d537759996c827acbfe2136171e1c49073bfec7a4d2bfced39afb4ab",
  "f0_stats": {
    "shape": [
      5
    ],
    "size": 5,
    "min": 0.4283226534423379,
    "max": 171.03019918553653,
    "mean": 35.52659516404242,
    "std": 67.75904381289521
  },
  "f1_stats": {
    "shape": [
      15
    ],
    "size": 15,
    "min": 0.010841014698538487,
    "max": 508.78156998236835,
    "mean": 70.48339477265588,
    "std": 160.00049659116544
  }
}