{
  "f0_hash": "1a720b791d4588153a83c7ed58b65794e67e7cd21b032882f970f3d4b7ae3fc7",
  "f1_hash": "469d398eff030497fd0e81231bfd593b21ef8a46c731f0c92d95ad637fc85fa1",
  "f0_stats": {
    "shape": [
      5
    ],
    "size": 5,
    "min": 0.4189854266925255,
    "max": 110.64958602209234,
    "mean": 23.479980610513003,
    "std": 43.59760890798431
  },
  "f1_stats": {
    "shape": [
      15
    ],
    "size": 15,
    "min": 0.01301493713119406,
    "max": 275.36010393455035,
    "mean": 39.26299217475229,
    "std": 87.12238875013155
  }
}