MODEL,PRED_DOCKQ
1E9G_af2m,0.8565508
1E9G,0.8327266
