{
  "hash": "d37e9df39dd31d379ac0718649a90250bc3fa4804021ae501023ee64e45ae78a",
  "stats": {
    "shape": [
      87,
      87
    ],
    "size": 7569,
    "min": 0.0,
    "max": 15.658129924815807,
    "mean": 7.5948446883523975,
    "std": 3.073743114725807
  }
}