{
  "hash": "87be3fe6495672c619eea1dd27572dd8806540f51b1ef3a7ef0e02d85c142082",
  "stats": {
    "shape": [
      91,
      91
    ],
    "size": 8281,
    "min": 0.0,
    "max": 15.179767981587828,
    "mean": 7.391175906563248,
    "std": 2.9439087069221634
  }
}