{
  "count": 68,
  "ids_hash": "b3594fbfa9cff87a2c24209787c86a25183861ca52772950219d382a4b951f91",
  "coords_hash": "3b1f2b8b0c83cdbf64dff5ca6728904c9b21356e0c1dcb5d9e583041c49766ad",
  "coords_stats": {
    "shape": [
      68,
      3
    ],
    "size": 204,
    "min": -36.87900161743164,
    "max": 58.5629997253418,
    "mean": -0.29665187760895373,
    "std": 36.55645811483535
  }
}