{
  "hash": "3cf53f49a7dd6e7f2e76ceedbdb3ec685dca62a346cd31038c826f70f91c5e2a",
  "stats": {
    "shape": [
      114,
      114
    ],
    "size": 12996,
    "min": 0.0,
    "max": 15.406493838152219,
    "mean": 7.797533648749394,
    "std": 2.9965945720189215
  }
}