{
  "count": 96,
  "ids_hash": "a1035731441ae2f1e154946e22dc93c30188710323d65c97db24a59729bbe734",
  "coords_hash": "f068c8305f2881d6a69bc4cd00fa064e12e1e46c54a952e76fafdd24b62c5734",
  "coords_stats": {
    "shape": [
      96,
      3
    ],
    "size": 288,
    "min": -9.61299991607666,
    "max": 40.33100128173828,
    "mean": 20.72130213708927,
    "std": 17.445709111770036
  }
}