{
  "count": 120,
  "ids_hash": "fc1b6d67eafd48bf5f7b62fdd87f17b961ecd75e4979aefa2f046eaecac947d2",
  "coords_hash": "99dcf95158477ad286d385b253099a49679fd8af13a9409509ddb961433f49bb",
  "coords_stats": {
    "shape": [
      120,
      3
    ],
    "size": 360,
    "min": 0.8640000224113464,
    "max": 36.500999450683594,
    "mean": 22.13578616778056,
    "std": 10.352293779142492
  }
}