{
  "count": 122,
  "ids_hash": "fc31f8085d37599321e33e77e4405cf57fdb7f9b7f89bf437d81ce349ff8090a",
  "coords_hash": "c109a0d279920a5caddf97ac9e21a16f5c92ad1aeb02f311cbdd9e2972412013",
  "coords_stats": {
    "shape": [
      122,
      3
    ],
    "size": 366,
    "min": -47.60200119018555,
    "max": 46.270999908447266,
    "mean": 0.9355600833322832,
    "std": 32.82814494517369
  }
}