{
  "f0_hash": "c952019755899077ca6be58f7abb71ec81988da26452449ddeadef0027e14958",
  "f1_hash": "0a40c8531c0015d45e21f839171a8f967f3cd9b7107f0c106954932a5298c1f4",
  "f0_stats": {
    "shape": [
      5
    ],
    "size": 5,
    "min": 0.47335912631670934,
    "max": 162.61544010019028,
    "mean": 33.857269926189346,
    "std": 64.38656327165641
  },
  "f1_stats": {
    "shape": [
      15
    ],
    "size": 15,
    "min": 0.01191474140014348,
    "max": 462.38713531852756,
    "mean": 63.93463065080716,
    "std": 146.98839829746458
  }
}