{
  "f0_hash": "2b0551ad01ded6f5f18a2daf3e194e14293d9872a2cabfba2193130402d7deb8",
  "f1_hash": "c2a9a9aa8d4ab5262d7f9949bae6a6290b34ddeabf25a76c4379e54583bb7450",
  "f0_stats": {
    "shape": [
      5
    ],
    "size": 5,
    "min": 0.4035484762336193,
    "max": 157.51347126879637,
    "mean": 32.804957446251144,
    "std": 62.3658909741079
  },
  "f1_stats": {
    "shape": [
      15
    ],
    "size": 15,
    "min": 0.01030068433482434,
    "max": 445.33831951912003,
    "mean": 61.84219536261272,
    "std": 141.9646454874465
  }
}