{
  "f0_hash": "ea1a0490fdd1b5258ddcb4e0f3899ddd97ff410792f4f34d486e5fece353f0c8",
  "f1_hash": "ee15dd34dd8e40bde13fbb904add44a72e5a1bfa9055fb3fc815369ec996e60d",
  "f0_stats": {
    "shape": [
      5
    ],
    "size": 5,
    "min": 0.2236671696143006,
    "max": 189.71028286377017,
    "mean": 38.91800867453153,
    "std": 75.40218512207059
  },
  "f1_stats": {
    "shape": [
      15
    ],
    "size": 15,
    "min": 0.011550953092223315,
    "max": 464.6933784346178,
    "mean": 64.51589082559737,
    "std": 146.01462394771497
  }
}