{
  "f0_hash": "77e17edf60e96c8ad467140d446a7b68334aeb15315cae22887dadd549cbd702",
  "f1_hash": "4bca0dcfb2862c39facb6e9e1ddaa64e94e649e4592ad50e395118c4addd9dac",
  "f0_stats": {
    "shape": [
      5
    ],
    "size": 5,
    "min": 0.4516221148272967,
    "max": 161.52893312956118,
    "mean": 33.65278959848574,
    "std": 63.94641692109672
  },
  "f1_stats": {
    "shape": [
      15
    ],
    "size": 15,
    "min": 0.01017034904669778,
    "max": 486.60996463649667,
    "mean": 68.39220988710332,
    "std": 154.28668772505708
  }
}