MODEL,PRED_DOCKQ
3OF5_af2m,0.92259467
3OF5,0.8817182
