{
  "hash": "45253aaaad97d0a51ed507577c3cae02f41577dfe8f856e01eb2bcb2ab9a9bc0",
  "stats": {
    "shape": [
      114,
      114
    ],
    "size": 12996,
    "min": 0.0,
    "max": 15.631963697588512,
    "mean": 8.017011200649884,
    "std": 3.0289506361465652
  }
}