{
  "hash": "3944b039c3c87f2fead87b4e9f809390ff1844f69398f195dc37cd34f8179248",
  "stats": {
    "shape": [
      109,
      109
    ],
    "size": 11881,
    "min": 0.0,
    "max": 15.67480639816155,
    "mean": 8.064987557777224,
    "std": 3.0901158743141797
  }
}