{
  "f0_hash": "1f6bd181870cf3e4458838a74e19fceeaeb0cd3691f22009d4d9c927e60a2ddc",
  "f1_hash": "218b3eb3a7b483366a663de4d03338ab529b5424b24cf965618e953e644f462a",
  "f0_stats": {
    "shape": [
      5
    ],
    "size": 5,
    "min": 0.5911214475173219,
    "max": 172.51386848198572,
    "mean": 35.92625096082056,
    "std": 68.30150303660909
  },
  "f1_stats": {
    "shape": [
      15
    ],
    "size": 15,
    "min": 0.01018662420801797,
    "max": 581.4475515599419,
    "mean": 79.94482715794288,
    "std": 184.60982995288953
  }
}