{
  "count": 109,
  "ids_hash": "fde9dece4779332de648488dc7c103edeb9dd3c4e1294b3e211aafd7410ce974",
  "coords_hash": "3ceb5a6b717ec38e346d9e064074e4b17033e9131599b69f8aa9099749b8bda7",
  "coords_stats": {
    "shape": [
      109,
      3
    ],
    "size": 327,
    "min": -39.0620002746582,
    "max": -5.315000057220459,
    "mean": -21.218214093362885,
    "std": 8.578343482329265
  }
}