{
  "count": 97,
  "ids_hash": "f6d2f4d8967426c9e386f4e422ed4e0c91daa9d68555db110efcbfccb763d700",
  "coords_hash": "ac07c65046452a140ffb1418af7cbfa955a2e2ed96cab0c583a230cadae1374e",
  "coords_stats": {
    "shape": [
      97,
      3
    ],
    "size": 291,
    "min": -50.145999908447266,
    "max": 32.37900161743164,
    "mean": -3.5365600726243964,
    "std": 29.516936508782255
  }
}