{
  "count": 91,
  "ids_hash": "d7d26fce376c8858d14d4031eaa2397878265f0b7f5cee7d884e53993236f86a",
  "coords_hash": "1c960c0013feff0dac1606ccee66aea7136d02568bdf1c353371e9605ffb177c",
  "coords_stats": {
    "shape": [
      91,
      3
    ],
    "size": 273,
    "min": 3.4230000972747803,
    "max": 80.23799896240234,
    "mean": 32.071754550759174,
    "std": 29.016097182100374
  }
}