{
  "count": 109,
  "ids_hash": "f2fe8b24c7aa1155d0810058c6e79ca87d02e41f5883bfcfabd47e18b7daf1b0",
  "coords_hash": "ad6b4b835791efab5e68e69a22e11f70e8fadb44b09b180809f4326b3c0088ff",
  "coords_stats": {
    "shape": [
      109,
      3
    ],
    "size": 327,
    "min": 6.418000221252441,
    "max": 97.33399963378906,
    "mean": 42.045581091434585,
    "std": 34.93823304927108
  }
}