{
  "count": 112,
  "ids_hash": "f8917ba8bd876487f5f38586e04e54fa273744c62aa2171d0d0ddc696c9ec219",
  "coords_hash": "7aa09b7bde71faec9f84fb4a43dc194410987fbead0087c0382481b099595ef7",
  "coords_stats": {
    "shape": [
      112,
      3
    ],
    "size": 336,
    "min": -23.40999984741211,
    "max": 42.198001861572266,
    "mean": 13.004342275006431,
    "std": 21.620285491995745
  }
}