{
  "hash": "574006b6a332c00bc84b2032e175edc3d99c3285b6f1c50f75b99e7258d66fd1",
  "stats": {
    "shape": [
      107,
      107
    ],
    "size": 11449,
    "min": 0.0,
    "max": 15.742076660952861,
    "mean": 8.01123716059281,
    "std": 3.0596877055346607
  }
}