{
  "hash": "7fc5ff396bbe928eb4824f77b9a505b22ad8d953f72b46139feec82e88085ec2",
  "stats": {
    "shape": [
      97,
      97
    ],
    "size": 9409,
    "min": 0.0,
    "max": 15.63435449358828,
    "mean": 7.68242554670549,
    "std": 2.989014293571013
  }
}