{
  "hash": "5fbe6a787dbaa5e3d3b94d4acbbded5cd54722c95a8e3fd90b517f3c6a3bb970",
  "stats": {
    "shape": [
      89,
      89
    ],
    "size": 7921,
    "min": 0.0,
    "max": 15.436032305052354,
    "mean": 7.591070522249642,
    "std": 3.0743881233425845
  }
}