{
  "f0_hash": "7702cfb5035537d9047b4709325b348580bfcdb217f7922385b7e8f1c8240973",
  "f1_hash": "edd7e6b41616a07775665ba5d2dfd548948b205d9a9c758fd61146945878b9b3",
  "f0_stats": {
    "shape": [
      5
    ],
    "size": 5,
    "min": 0.7730928800500226,
    "max": 99.06676530997822,
    "mean": 21.48572915167481,
    "std": 38.81511460484956
  },
  "f1_stats": {
    "shape": [
      15
    ],
    "size": 15,
    "min": 0.018292312844767178,
    "max": 269.92594997355,
    "mean": 39.32925011945436,
    "std": 85.04172128633707
  }
}