{
  "f0_hash": "42bffc26a60d44f2248666f00c9dbaa8f5dd6e94b731a1760ebfc5955471ded7",
  "f1_hash": "a58df8e10d37d450956b890a4b0a46c85b889e74fc3c496ae6f9c1f5d1332acd",
  "f0_stats": {
    "shape": [
      5
    ],
    "size": 5,
    "min": 0.6489630406653562,
    "max": 156.4584234102254,
    "mean": 32.81041115640912,
    "std": 61.834808440954156
  },
  "f1_stats": {
    "shape": [
      15
    ],
    "size": 15,
    "min": 0.010238921256689792,
    "max": 527.5013610725653,
    "mean": 73.18755913344776,
    "std": 169.48567734106322
  }
}