{
  "hash": "d89ea0d0c00c4bd65031e7cdf2273c72a20268086d888bf1121af9a815de99a9",
  "stats": {
    "shape": [
      96,
      96
    ],
    "size": 9216,
    "min": 0.0,
    "max": 15.611810662196973,
    "mean": 7.796551946557788,
    "std": 3.0756688311211784
  }
}