{
  "hash": "75ecd8f62d5b184939640cb5822a7669a8380ace2789bf2ac6acde05eb99922a",
  "stats": {
    "shape": [
      78,
      78
    ],
    "size": 6084,
    "min": 0.0,
    "max": 15.545260314626873,
    "mean": 7.908771415400332,
    "std": 3.316113630778807
  }
}