{
  "hash": "7925e6fae71c2e02ae01b152d453baf41779e6278587418d648073c8191b1b7d",
  "stats": {
    "shape": [
      101,
      101
    ],
    "size": 10201,
    "min": 0.0,
    "max": 15.543665940655623,
    "mean": 7.830515646532583,
    "std": 3.047406251330475
  }
}