{
  "hash": "c5c85cc1618efd9268adc3de69a892193cfecbf9226337941385a9f04d539735",
  "stats": {
    "shape": [
      118,
      118
    ],
    "size": 13924,
    "min": 0.0,
    "max": 15.61674136105246,
    "mean": 7.800524518428309,
    "std": 2.9785113939563335
  }
}