{
  "hash": "fc248499d293085f0bbc6ffc2deff1e79b454727945e8da9a75cd26673f274d0",
  "stats": {
    "shape": [
      88,
      88
    ],
    "size": 7744,
    "min": 0.0,
    "max": 15.024222600014253,
    "mean": 7.7305932282510215,
    "std": 3.0915355328930865
  }
}