{
  "hash": "df4b8ed3548d86e44b9befe06bf6ac41d7b99a838fcf870ed678e0af2bf31f4e",
  "stats": {
    "shape": [
      95,
      95
    ],
    "size": 9025,
    "min": 0.0,
    "max": 15.595510811782349,
    "mean": 7.746581443046095,
    "std": 3.058000365781469
  }
}