{
  "hash": "681d5f6f4959f636f56ac7529f184a014fbd8b876ee63fec550bbf1b740e7d7b",
  "stats": {
    "shape": [
      90,
      90
    ],
    "size": 8100,
    "min": 0.0,
    "max": 15.244440577755718,
    "mean": 7.532916650109199,
    "std": 3.002618268905215
  }
}