{
  "f0_hash": "ba79211ac5d9252202f4d39924a30037fc583264b399945df89fad7e77ce4d7c",
  "f1_hash": "74890411cf24c8deb4402bccf8247d9411a7ba147fdeff7d4ce958e3b530879b",
  "f0_stats": {
    "shape": [
      5
    ],
    "size": 5,
    "min": 0.29365357466042596,
    "max": 164.88278114890375,
    "mean": 34.17127902055477,
    "std": 65.36134698239911
  },
  "f1_stats": {
    "shape": [
      15
    ],
    "size": 15,
    "min": 0.010487731787154786,
    "max": 482.02000553207444,
    "mean": 66.8399615584364,
    "std": 152.6879235323703
  }
}