{
  "hash": "554ba4dbe1a3909a8fde0587d1eab3a56054910e3b69856510fb10e301297d96",
  "stats": {
    "shape": [
      108,
      108
    ],
    "size": 11664,
    "min": 0.0,
    "max": 15.668314332101305,
    "mean": 7.859966294211869,
    "std": 3.009371285088996
  }
}