{
  "count": 108,
  "ids_hash": "55a34bbab1b52785e7d6345e8b57ed39d1be2a963707b4b0a9be70e8d89a2d54",
  "coords_hash": "8c7d7a6f4857cb180e19d6ef48f94c5b797fa519369b90177d10dcdf6b72c04d",
  "coords_stats": {
    "shape": [
      108,
      3
    ],
    "size": 324,
    "min": 5.570000171661377,
    "max": 88.95899963378906,
    "mean": 36.278935138090155,
    "std": 32.272506228668824
  }
}