{
  "f0_hash": "5bf1b8d2f41daa9fd3b9abc16f8d2d11b54341fd53182401051b32e9e9c6de6d",
  "f1_hash": "90e833781b455b26778b8f7d01334c0857e75e0dbdaf7ca314bf9c0dfb4dd1eb",
  "f0_stats": {
    "shape": [
      5
    ],
    "size": 5,
    "min": 0.5526034182007892,
    "max": 147.17106353501435,
    "mean": 30.99430014016976,
    "std": 58.10373142716151
  },
  "f1_stats": {
    "shape": [
      15
    ],
    "size": 15,
    "min": 0.010285417315735401,
    "max": 386.0726563695902,
    "mean": 53.78112530697242,
    "std": 121.77172869427083
  }
}