{
  "count": 146,
  "ids_hash": "a66c1369ae768a78bf3a0a9ab45d0c07f06e5967c071247d879839987373951d",
  "coords_hash": "9d9b83815f751d9361f2e87d548ca2fa4696e4276d6fd609fbccaf864bdd0d47",
  "coords_stats": {
    "shape": [
      146,
      3
    ],
    "size": 438,
    "min": -39.7859992980957,
    "max": 37.108001708984375,
    "mean": 1.1813675659160092,
    "std": 26.015281793579383
  }
}