{
  "f0_hash": "7e9a16ab3bdae882c1451f576f1b659b212cee445a828c81a49efeebd6c67466",
  "f1_hash": "72866c47f372a4a99da154135fb16e189815152e990904c5926dd0878a97107f",
  "f0_stats": {
    "shape": [
      5
    ],
    "size": 5,
    "min": 0.4393373186212813,
    "max": 149.0361535940346,
    "mean": 31.16718283413521,
    "std": 58.943508483217336
  },
  "f1_stats": {
    "shape": [
      15
    ],
    "size": 15,
    "min": 0.01007657977359333,
    "max": 414.2969844808237,
    "mean": 57.808617489913466,
    "std": 132.34422065854167
  }
}