{
  "hash": "fbae8f7b65aacdb3aa3d376157f26b56eaf05fe8f6b725c51b9aad5ea545e91e",
  "stats": {
    "shape": [
      105,
      105
    ],
    "size": 11025,
    "min": 0.0,
    "max": 15.758350694948675,
    "mean": 7.919283452125521,
    "std": 3.0304738114506033
  }
}