{
  "count": 104,
  "ids_hash": "29d4831434ed723761f6dc6d9765119449172a2fb678af4baf14e6df446ae647",
  "coords_hash": "4acaff75cfd3ee628241f0bdfb559b301fbd434ba93584230b4828b47e85de94",
  "coords_stats": {
    "shape": [
      104,
      3
    ],
    "size": 312,
    "min": 9.88700008392334,
    "max": 57.724998474121094,
    "mean": 29.359201901998276,
    "std": 15.098984181343642
  }
}