{
  "hash": "24abcf38b49e326a96f9b358b0289daefe0aefe1619bf0480d891991afbea353",
  "stats": {
    "shape": [
      114,
      114
    ],
    "size": 12996,
    "min": 0.0,
    "max": 15.689236221287794,
    "mean": 7.995894763333306,
    "std": 3.0540431545979847
  }
}