{
  "hash": "2377d98858276667da253ccf7e41b0b9eb8ffe59d89e7ad71301b27bb991e322",
  "stats": {
    "shape": [
      62,
      62
    ],
    "size": 3844,
    "min": 0.0,
    "max": 15.56440235043279,
    "mean": 6.90463810278129,
    "std": 2.992503041584359
  }
}