MODEL,PRED_DOCKQ
4JP4,0.15410152
4JP4_af2m,0.061893344
