{
  "f0_hash": "8fc52a2f9e67aa1184323a3330365048e6a787abfef1d44abf6dc74982da6509",
  "f1_hash": "42f481f83f778fcf52849b8df504aea6143553b7d48067d8c9cc00807502bb0c",
  "f0_stats": {
    "shape": [
      5
    ],
    "size": 5,
    "min": 0.623184798465132,
    "max": 127.17018842007738,
    "mean": 27.113957653702748,
    "std": 50.05123125665559
  },
  "f1_stats": {
    "shape": [
      15
    ],
    "size": 15,
    "min": 0.012059272127905807,
    "max": 392.0000326173676,
    "mean": 55.79186740010371,
    "std": 125.25706449257927
  }
}