{
  "f0_hash": "fcd567d653da7b2dd50dfa1d9e3205684f6d709c18b409534a27864dbe9f5a7e",
  "f1_hash": "c48995154379d7af4c24e6155a3bfaf182e53facfbf46270608782d3ddce4060",
  "f0_stats": {
    "shape": [
      5
    ],
    "size": 5,
    "min": 0.41394390741624426,
    "max": 134.94306763806077,
    "mean": 28.321495386815087,
    "std": 53.32038892163903
  },
  "f1_stats": {
    "shape": [
      15
    ],
    "size": 15,
    "min": 0.01058514395145771,
    "max": 370.7945833644311,
    "mean": 51.80859055354689,
    "std": 118.93759511940647
  }
}