{
  "f0_hash": "51381231b882150c16a7f26244a1017b201804a2d581a55cdc1b73eb83b9155e",
  "f1_hash": "91d612a6eabe7b95deaa1deff4ff58372848c60870536867d05b25840759d40d",
  "f0_stats": {
    "shape": [
      5
    ],
    "size": 5,
    "min": 0.552076070195358,
    "max": 134.92941662091675,
    "mean": 28.394028022349367,
    "std": 53.2777519392523
  },
  "f1_stats": {
    "shape": [
      15
    ],
    "size": 15,
    "min": 0.010272172610068964,
    "max": 387.9361722522368,
    "mean": 54.836170146209874,
    "std": 124.06576367298727
  }
}