MODEL,PRED_DOCKQ
4OPA,0.62173694
4OPA_af2m,0.13114211
