MODEL,PRED_DOCKQ
3HEJ_af2m,0.00088427216
3HEJ,0.0006722048
