{
  "count": 61,
  "ids_hash": "31c59203cb1231f82c89289b4f0f30d79c5c79f00c52c3a33a744b4c0f340cf1",
  "coords_hash": "8cdbb4ec2ad52ca5df8e28bf91ea273d52868c8eb7d6fe49f397f0307e0284bc",
  "coords_stats": {
    "shape": [
      61,
      3
    ],
    "size": 183,
    "min": -31.4689998626709,
    "max": 19.658000946044922,
    "mean": -10.967672178654071,
    "std": 16.79902328662765
  }
}