{
  "count": 74,
  "ids_hash": "6bc53d1b98251add33c05c6e847877aa6b487ebe3d204971cebe7a4dae9b6253",
  "coords_hash": "ee71bb67aa399fa11006a7c9f8ba7fa57ea545766f6a9fe3e0c73ddd9d128d96",
  "coords_stats": {
    "shape": [
      74,
      3
    ],
    "size": 222,
    "min": -29.149999618530273,
    "max": 51.46099853515625,
    "mean": 10.513062976502084,
    "std": 27.589638955225464
  }
}