MODEL,PRED_DOCKQ
3L3U_af2m,0.9102923
3L3U,0.88402575
