{
  "f0_hash": "f035853ca9b17f13116aa381bf32c745d5746257c4b5239e80ca09092189954a",
  "f1_hash": "274f7fd093051f6a5a187a8e4ef4299fdc3b2cb63780181890cdde0a0f1ae9b5",
  "f0_stats": {
    "shape": [
      5
    ],
    "size": 5,
    "min": 0.47015487764627567,
    "max": 163.3037197674384,
    "mean": 33.98970405980887,
    "std": 64.6643350817769
  },
  "f1_stats": {
    "shape": [
      15
    ],
    "size": 15,
    "min": 0.010467646961838994,
    "max": 509.1435897921569,
    "mean": 70.62967961462037,
    "std": 161.2958273465506
  }
}