{
  "hash": "baa9e6b1dd83d066f4910963fad32a8f4fca7c599db51f258df36fee54dd0619",
  "stats": {
    "shape": [
      95,
      95
    ],
    "size": 9025,
    "min": 0.0,
    "max": 15.06954347427626,
    "mean": 7.721941572665693,
    "std": 3.044867152965021
  }
}