{
  "count": 95,
  "ids_hash": "e20b22189375e085aaaaf4cae91c506da30612618bae5439a3e1f9f9483bd3c7",
  "coords_hash": "be01d6fa24e3364acc54ea537379213b0f50e58df6e8523179abe4d192d43b52",
  "coords_stats": {
    "shape": [
      95,
      3
    ],
    "size": 285,
    "min": -31.860000610351562,
    "max": 15.807999610900879,
    "mean": -6.161585961814905,
    "std": 15.060332835678222
  }
}