{
  "hash": "06bd74d42657cf1bc127ead651866d178078aa3cb98e32c2dfaf15402ff7ca2d",
  "stats": {
    "shape": [
      89,
      89
    ],
    "size": 7921,
    "min": 0.0,
    "max": 15.31404711930771,
    "mean": 7.773308646918318,
    "std": 3.1137364594926096
  }
}