{
  "hash": "4e95badadff32205ae86c493723f88dc74716c86496b370994e10ef3c6e8b27d",
  "stats": {
    "shape": [
      85,
      85
    ],
    "size": 7225,
    "min": 0.0,
    "max": 15.544404932957402,
    "mean": 7.764303661912149,
    "std": 3.1708073000174934
  }
}