{
  "hash": "164957c1a66efa9b05452422e449e2b053b23bebf8daabe95cfd32fea3e9520b",
  "stats": {
    "shape": [
      113,
      113
    ],
    "size": 12769,
    "min": 0.0,
    "max": 15.525749962531657,
    "mean": 7.949640715559518,
    "std": 3.012121019753131
  }
}