{
  "f0_hash": "365a680c12f68306aab2bc0c5e24d4583b232f818877a5ba8df9d9fd0e3e113e",
  "f1_hash": "b3edca79291f57ef253ac42154170392e5e5f4fc40788fd3c2c338c672153c5c",
  "f0_stats": {
    "shape": [
      5
    ],
    "size": 5,
    "min": 0.5211101556755691,
    "max": 163.60111483542218,
    "mean": 34.10345223498832,
    "std": 64.7566266095187
  },
  "f1_stats": {
    "shape": [
      15
    ],
    "size": 15,
    "min": 0.010147427078409876,
    "max": 501.8165768594903,
    "mean": 70.62983087096106,
    "std": 159.2183641857905
  }
}