{
  "hash": "87d29ca239480c37a3d056fef1e6d86a46b9e10e4392696cf33b4fb8c1729934",
  "stats": {
    "shape": [
      88,
      88
    ],
    "size": 7744,
    "min": 0.0,
    "max": 15.290196791723499,
    "mean": 7.728574671107449,
    "std": 3.1030832002161395
  }
}