{
  "hash": "63ab6d1e339d259468b3b1d3351a177ee80e871a7735944a4a35eacfc6f2dc2e",
  "stats": {
    "shape": [
      126,
      126
    ],
    "size": 15876,
    "min": 0.0,
    "max": 15.790335250685347,
    "mean": 8.203109661555139,
    "std": 3.1073953515426944
  }
}