MODEL,PRED_DOCKQ
3P14,0.7199643
3P14_af2m,0.09472144
