MODEL,PRED_DOCKQ
2EBE_af2m,0.13532999
2EBE,0.011682279
