MODEL,PRED_DOCKQ
1IB1_af2m,0.040515207
1IB1,0.026400473
