{
  "hash": "d9c1516f385f08e89758ef4bd028d9676c53d656b69b90463acf3cbe0a0cc207",
  "stats": {
    "shape": [
      90,
      90
    ],
    "size": 8100,
    "min": 0.0,
    "max": 15.728692019410946,
    "mean": 8.12261474264311,
    "std": 3.1934681086462646
  }
}