{
  "hash": "55fcbb2ca4b9ee83eedf4569ad1e3c4ac5705144a809b0d17252e492a818ffd3",
  "stats": {
    "shape": [
      116,
      116
    ],
    "size": 13456,
    "min": 0.0,
    "max": 15.75622449490149,
    "mean": 8.134865936026694,
    "std": 3.0596604037378916
  }
}