{
  "hash": "98cda69dcb109dfd5fa86a3e14356ad8e579cbff69e3b281f2e3f299308670a0",
  "stats": {
    "shape": [
      122,
      122
    ],
    "size": 14884,
    "min": 0.0,
    "max": 15.43880437373196,
    "mean": 7.959525730524193,
    "std": 3.0350499164239966
  }
}