MODEL,PRED_DOCKQ
3JUM_af2m,0.85785997
3JUM,0.7302928
