{
  "hash": "a7798877c52584779812b43911f03c99dcbf6f7b1e163c86b30caa014cd47704",
  "stats": {
    "shape": [
      102,
      102
    ],
    "size": 10404,
    "min": 0.0,
    "max": 15.604652567903742,
    "mean": 7.911198969844213,
    "std": 3.1028566668706516
  }
}