{
  "hash": "bf68d530820b6ebf108233b173703c6c2000848308d6c7dcec120066bf4a813e",
  "stats": {
    "shape": [
      116,
      116
    ],
    "size": 13456,
    "min": 0.0,
    "max": 15.554551669671014,
    "mean": 7.92130297864079,
    "std": 3.036148531445807
  }
}