MODEL,PRED_DOCKQ
4NEY_af2m,0.24346687
4NEY,0.0053527756
