{
  "hash": "eacb44c862882794beff9d9e66865db8aac22bb785aa6f17b47851225f01c905",
  "stats": {
    "shape": [
      78,
      78
    ],
    "size": 6084,
    "min": 0.0,
    "max": 15.521656513507263,
    "mean": 7.284029965435114,
    "std": 2.893574021568422
  }
}