MODEL,PRED_DOCKQ
6N9I_af2m,0.7916177
6N9I,0.0034494756
