{
  "hash": "754e16c7828dbeb457b973172af9bfea0595fee5fe1758b130d67ebfc99d9b63",
  "stats": {
    "shape": [
      50,
      50
    ],
    "size": 2500,
    "min": 0.0,
    "max": 14.913034876393247,
    "mean": 7.270286584940862,
    "std": 3.185414838776505
  }
}