{
  "hash": "a3a8f3ccdc43fc925ad745d034974b429200b7b91dba9f6e336c8e261f0aef00",
  "stats": {
    "shape": [
      99,
      99
    ],
    "size": 9801,
    "min": 0.0,
    "max": 15.266910293549453,
    "mean": 7.895154813651215,
    "std": 3.063905804487882
  }
}