{
  "f0_hash": "c6d95e37e0e4cbd13ec59fbecb1703917e5c4c006b1d1d6e2e09f96e38534e12",
  "f1_hash": "050426442c54078b3617b578278dffc68ba1b153a9ad07cebac18b3e3794c7b2",
  "f0_stats": {
    "shape": [
      5
    ],
    "size": 5,
    "min": 0.4932679454978306,
    "max": 185.63415821487902,
    "mean": 38.528365751775326,
    "std": 73.56084496248808
  },
  "f1_stats": {
    "shape": [
      15
    ],
    "size": 15,
    "min": 0.010108834399715771,
    "max": 580.4511399984674,
    "mean": 79.78199998424412,
    "std": 184.4638748106197
  }
}