MODEL,PRED_DOCKQ
6HAT,0.59567636
6HAT_af2m,0.23186627
