{
  "hash": "796e7a0692b574c8acd336c3faac904e2b7b7810e7c0af9c0f8da12e995045ca",
  "stats": {
    "shape": [
      118,
      118
    ],
    "size": 13924,
    "min": 0.0,
    "max": 15.723355641475948,
    "mean": 8.202394613729345,
    "std": 3.0988492400390957
  }
}