{
  "count": 93,
  "ids_hash": "9e24481a5ad8dd89a5734f38162a5782974ee6f8421e56f6075087cfc16c28d6",
  "coords_hash": "2b25b281e9734bac37544cdaa4befe07f82dac66f0d741c08dcd02414c0d4d88",
  "coords_stats": {
    "shape": [
      93,
      3
    ],
    "size": 279,
    "min": 6.019000053405762,
    "max": 76.88500213623047,
    "mean": 39.35465605711852,
    "std": 22.87501077329691
  }
}