{
  "count": 119,
  "ids_hash": "659276650c60b48fd44fa22c60719fc61d2dcf27017a87d10b9ea2a73166df6c",
  "coords_hash": "0e3b9acb069aca38cafe17bdb14efb056f7bbce9d97302ebe746841e8e02370f",
  "coords_stats": {
    "shape": [
      119,
      3
    ],
    "size": 357,
    "min": -0.7160000205039978,
    "max": 50.11199951171875,
    "mean": 21.508131592547524,
    "std": 15.784031720121646
  }
}