{
  "hash": "03e26ae140554e79fa08decfb57fdbde8c790297555784309def0e2258230e17",
  "stats": {
    "shape": [
      74,
      74
    ],
    "size": 5476,
    "min": 0.0,
    "max": 15.254054148591095,
    "mean": 7.756189730084994,
    "std": 3.1575340633385354
  }
}