{
  "count": 76,
  "ids_hash": "6bdc77b1a187d09b992c7bc8fb5f9c011d907d1c9028a0e48ce7ecb3f51719de",
  "coords_hash": "eaad4cd53598a996453d596a9991adb7f477a43ddc517ee97be76c5da120b501",
  "coords_stats": {
    "shape": [
      76,
      3
    ],
    "size": 228,
    "min": -1.6610000133514404,
    "max": 20.06999969482422,
    "mean": 9.024407886426177,
    "std": 4.7377269485781355
  }
}