{
  "hash": "35cfcbb0cbe17517fad2c8bde8c2111cd63a38229b8eb23d6329300eff264c99",
  "stats": {
    "shape": [
      208,
      208
    ],
    "size": 43264,
    "min": 0.0,
    "max": 15.878655030265996,
    "mean": 8.038742706439388,
    "std": 3.0164041876933303
  }
}