{
  "count": 116,
  "ids_hash": "6b292773d9da4c4dd28adbb05ba657f714e808d3c8698bb31a2e65d83cb285ba",
  "coords_hash": "b1bba500f3d467df8314f0e81b47b2a39199b8f9ecdba92af40d9b28e3245e20",
  "coords_stats": {
    "shape": [
      116,
      3
    ],
    "size": 348,
    "min": -9.307999610900879,
    "max": 89.03399658203125,
    "mean": 35.3634740076638,
    "std": 35.07363881312899
  }
}