{
  "hash": "a69e82d9728e7d93b1b42a63ba12951f5d07a04e940217d75e3d8557fbe2b5d8",
  "stats": {
    "shape": [
      77,
      77
    ],
    "size": 5929,
    "min": 0.0,
    "max": 15.350859544170646,
    "mean": 7.331152056181576,
    "std": 3.1468929460029798
  }
}