{
  "hash": "35100dbede5613e633eb63c5a9ce82f4102ae7e0244202a7f6dbd785772b9aa6",
  "stats": {
    "shape": [
      108,
      108
    ],
    "size": 11664,
    "min": 0.0,
    "max": 15.529382378193851,
    "mean": 8.107340560755063,
    "std": 3.083631063893448
  }
}