{
  "f0_hash": "726a51c08f93d2e313b9d104fb9877399c9f30f3099e69763868c2fc9de99999",
  "f1_hash": "8fcc011332cbf937869bb392c50f0c0f481e54fdcaa25c807fb79d6851b2cde5",
  "f0_stats": {
    "shape": [
      5
    ],
    "size": 5,
    "min": 0.4837301899441485,
    "max": 151.37454586758471,
    "mean": 31.72542511162137,
    "std": 59.83651617424797
  },
  "f1_stats": {
    "shape": [
      15
    ],
    "size": 15,
    "min": 0.010988078096122234,
    "max": 375.0627819392154,
    "mean": 52.686501660348284,
    "std": 117.86826749307384
  }
}