{
  "hash": "b0c155ccbe7ab1d2194acb5c6a6549037c2b3da7c201d48dc3b3266671bcb3e5",
  "stats": {
    "shape": [
      101,
      101
    ],
    "size": 10201,
    "min": 0.0,
    "max": 15.656933427331397,
    "mean": 7.8190816310806515,
    "std": 3.0093529566910933
  }
}