MODEL,PRED_DOCKQ
2H32,0.6108548
2H32_af2m,0.5766915
