{
  "f0_hash": "72a05e3b99467914f57a9e97f81f89cce59d331a706291b5c7f34fa91ab8fe95",
  "f1_hash": "5a615d93088586d48c9e8d7902c5504eb67fd9d7f186c3e4b97730961878ef72",
  "f0_stats": {
    "shape": [
      5
    ],
    "size": 5,
    "min": 0.5454327064220923,
    "max": 147.9350949622361,
    "mean": 31.055064206615622,
    "std": 58.45144761886488
  },
  "f1_stats": {
    "shape": [
      15
    ],
    "size": 15,
    "min": 0.01288886364192221,
    "max": 425.9912940028665,
    "mean": 59.19762592066113,
    "std": 135.58110140521077
  }
}