{
  "hash": "cc5cdc87ceed604f8ff5061ea02e52dadc0802df8d8f4b97e95a7c50ba418569",
  "stats": {
    "shape": [
      112,
      112
    ],
    "size": 12544,
    "min": 0.0,
    "max": 15.35278185251376,
    "mean": 8.040339500514193,
    "std": 3.026787087137537
  }
}