{
  "hash": "05c45ee0e590135858ffcbe8d94920d258ee7d18bc69968db8f8329a8f2a16da",
  "stats": {
    "shape": [
      96,
      96
    ],
    "size": 9216,
    "min": 0.0,
    "max": 15.700050230010545,
    "mean": 8.193599681262242,
    "std": 3.1996795819397192
  }
}