MODEL,PRED_DOCKQ
6HIH,0.75338936
6HIH_af2m,0.71145594
