MODEL,PRED_DOCKQ
1T0F,0.8744917
1T0F_af2m,0.8353266
