{
  "count": 172,
  "ids_hash": "05e4c0b8721e77c3afd232b781e597009af2d4c7f17f90cf562b264c8d4bfae8",
  "coords_hash": "1dbc02891e3a4bb0101e85790446607c2dfd35e9633bda411176519655306ca5",
  "coords_stats": {
    "shape": [
      172,
      3
    ],
    "size": 516,
    "min": -25.54400062561035,
    "max": 23.139999389648438,
    "mean": -3.9681298603383146,
    "std": 14.909795405328646
  }
}