MODEL,PRED_DOCKQ
1F5V,0.827434
1F5V_af2m,0.82434183
