{
  "f0_hash": "4ca08267ae11a49b94b1cc35b4138f3f3fa050c11169121e44eece4c42df56ce",
  "f1_hash": "2517692d3ab5df979ed4b80676d3f26708cc8b6af9351dcb3a1a69ae9ce9f01d",
  "f0_stats": {
    "shape": [
      5
    ],
    "size": 5,
    "min": 0.3857828513938694,
    "max": 162.379702977542,
    "mean": 33.766597255869705,
    "std": 64.31371512762149
  },
  "f1_stats": {
    "shape": [
      15
    ],
    "size": 15,
    "min": 0.011704299318788358,
    "max": 386.91418398935906,
    "mean": 53.810882839187464,
    "std": 121.35471936372129
  }
}