{
  "hash": "858b3ac6a78515cfa7f51af1eb654d790b9eb3d682aeec83de67fea3ade6f219",
  "stats": {
    "shape": [
      76,
      76
    ],
    "size": 5776,
    "min": 0.0,
    "max": 15.393845690419143,
    "mean": 7.496868168228349,
    "std": 3.075538854146258
  }
}