{
  "count": 99,
  "ids_hash": "7f361350981bbfc5a6e2c3905c7000674a80a432ebe76f77b61e6e9ad254c00f",
  "coords_hash": "b3f2e2d361668fa359b0f3308da38c98dd6fc74e345cc7a24d87c96add5a8eb3",
  "coords_stats": {
    "shape": [
      99,
      3
    ],
    "size": 297,
    "min": -28.275999069213867,
    "max": 48.263999938964844,
    "mean": 7.938959541846606,
    "std": 25.626736826800393
  }
}