MODEL,PRED_DOCKQ
1XOU,0.38873807
1XOU_af2m,0.045434963
