{
  "hash": "e517a93f0d33dd091fd8521d3fb2ee039f4dc1d2b281042cfbf5ed5704299026",
  "stats": {
    "shape": [
      95,
      95
    ],
    "size": 9025,
    "min": 0.0,
    "max": 15.678432461624128,
    "mean": 7.868605822060643,
    "std": 3.123506404114023
  }
}