{
  "hash": "31c7b1b55a258866d0f2ebe3606cffe19815643abf1856633ccc8f1d99af791d",
  "stats": {
    "shape": [
      60,
      60
    ],
    "size": 3600,
    "min": 0.0,
    "max": 15.750112490528666,
    "mean": 7.442364893942964,
    "std": 3.232823799298535
  }
}