{
  "hash": "46d92a9d8c67de64e77c4791e1f16753c73f27aba7225f74b65d0a02009c69e6",
  "stats": {
    "shape": [
      88,
      88
    ],
    "size": 7744,
    "min": 0.0,
    "max": 15.708456109010562,
    "mean": 7.542758611895053,
    "std": 3.0172920909992227
  }
}