{
  "hash": "78140d17e98f05b09e18da43dff90d655ea2dac155304eb6a31f4aca46aa78bd",
  "stats": {
    "shape": [
      76,
      76
    ],
    "size": 5776,
    "min": 0.0,
    "max": 15.419090015831037,
    "mean": 7.321047514174787,
    "std": 3.111838185504713
  }
}