MODEL,PRED_DOCKQ
4FOU,0.79590815
4FOU_af2m,0.5436526
