MODEL,PRED_DOCKQ
2NP5,0.7612116
2NP5_af2m,0.5433579
