{
  "hash": "b8b5e706b7f358ead0d6c8c89cc9c349e8aea6163139300d9ab68672ec583662",
  "stats": {
    "shape": [
      109,
      109
    ],
    "size": 11881,
    "min": 0.0,
    "max": 15.67461540369855,
    "mean": 8.064959203587494,
    "std": 3.090107592887868
  }
}