{
  "hash": "a6ad1e02a11025489e0ce58ce037b5c4ac50d63800838ab62ae72c34136f9d0d",
  "stats": {
    "shape": [
      111,
      111
    ],
    "size": 12321,
    "min": 0.0,
    "max": 15.620894319257859,
    "mean": 7.9974486872594674,
    "std": 3.028632817595865
  }
}