MODEL,PRED_DOCKQ
3G0T_af2m,0.8848732
3G0T,0.86063117
