MODEL,PRED_DOCKQ
5XUA_af2m,0.78983027
5XUA,0.75169224
