{
  "count": 80,
  "ids_hash": "4cf00a17c79659f9053e92ade788d1537f479e0037882c5fcdd44e580b889b13",
  "coords_hash": "a32b20d97db8f78754b9dc9c5c89bbff087007564ee3784ff52f8a2e0f14f161",
  "coords_stats": {
    "shape": [
      80,
      3
    ],
    "size": 240,
    "min": -7.236000061035156,
    "max": 53.047000885009766,
    "mean": 23.562245816892634,
    "std": 19.56442602530507
  }
}