MODEL,PRED_DOCKQ
5LZ3_af2m,0.80730194
5LZ3,0.6263754
