{
  "hash": "5d3a7060c3dd50ad1d80b3c8d656bd0ed041bd0ce96f42d934cf26a3b341038e",
  "stats": {
    "shape": [
      103,
      103
    ],
    "size": 10609,
    "min": 0.0,
    "max": 15.373131405757817,
    "mean": 7.772714191982117,
    "std": 2.990803473650711
  }
}