{
  "f0_hash": "50d7fc7b3f0906a5935765a824e240a9456c494f76a265565fda9b863a0f545b",
  "f1_hash": "c0e04ebbeb86481f9e90c7f8d238de5139c2f7af5db34d93bd3da44dfc4be633",
  "f0_stats": {
    "shape": [
      5
    ],
    "size": 5,
    "min": 0.4210670357699064,
    "max": 153.66929372334653,
    "mean": 32.05067543316864,
    "std": 60.817269986179205
  },
  "f1_stats": {
    "shape": [
      15
    ],
    "size": 15,
    "min": 0.010344956369309877,
    "max": 431.9452972082628,
    "mean": 60.30909502988403,
    "std": 136.9652663437873
  }
}