{
  "hash": "80af139b22130987bada00aad9f01ae3f4b197e547fb7858a26c6fc8db104b45",
  "stats": {
    "shape": [
      74,
      74
    ],
    "size": 5476,
    "min": 0.0,
    "max": 15.444585781268007,
    "mean": 7.165410682135826,
    "std": 3.0301633654868314
  }
}