MODEL,PRED_DOCKQ
3DEM_af2m,0.7293544
3DEM,0.019016217
