{
  "count": 107,
  "ids_hash": "96d7816796dafb64005399e07709eb485e26a6f8cbd07e8cbc09560e9f996663",
  "coords_hash": "dc23a3dc0fce9e511a7bd531c2ed37104ef8f360bc3494fb3a9978fd693530d1",
  "coords_stats": {
    "shape": [
      107,
      3
    ],
    "size": 321,
    "min": 0.3610000014305115,
    "max": 76.99299621582031,
    "mean": 33.193735173001095,
    "std": 27.213143275371607
  }
}