MODEL,PRED_DOCKQ
4X3L_af2m,0.9161021
4X3L,0.8392389
