{
  "f0_hash": "e62729372c550a7fec635758a128b1ac15a77fb258c29948eb311a42145a0992",
  "f1_hash": "ef627018b81aa665f5431512d96439f74da7be8ce40f8e0c3b6a04c40b0bdad7",
  "f0_stats": {
    "shape": [
      5
    ],
    "size": 5,
    "min": 0.44513382978636745,
    "max": 136.45998648495635,
    "mean": 28.680380202967605,
    "std": 53.90086297296207
  },
  "f1_stats": {
    "shape": [
      15
    ],
    "size": 15,
    "min": 0.010462458804744834,
    "max": 330.9637093056445,
    "mean": 46.84057109529081,
    "std": 104.40121128595939
  }
}