{
  "count": 100,
  "ids_hash": "5e752ed508b3f25e7ebb2e73fa92a1602faf056fa832e11f4edc8f48538e3359",
  "coords_hash": "631d7610efbcdafe1eafc94da6cbefb0b531f6bcc473002385694d12a2bec12a",
  "coords_stats": {
    "shape": [
      100,
      3
    ],
    "size": 300,
    "min": 30.65399932861328,
    "max": 84.83200073242188,
    "mean": 55.61585329055786,
    "std": 16.95867942433011
  }
}