{
  "f0_hash": "9e21234efe8d8ee77e55d029ebd9b1321f51d00ea2d46966f6eec54d247f2691",
  "f1_hash": "22a902edb4c0a274a0c91c6795f34383efcf93c12e627f5c30adcd18cd9e6a55",
  "f0_stats": {
    "shape": [
      5
    ],
    "size": 5,
    "min": 0.6800318434843996,
    "max": 116.79065277147157,
    "mean": 24.919461004652792,
    "std": 45.95259907185827
  },
  "f1_stats": {
    "shape": [
      15
    ],
    "size": 15,
    "min": 0.012526799969748481,
    "max": 348.5158488024046,
    "mean": 50.02623815895608,
    "std": 111.05363762748281
  }
}