{
  "f0_hash": "517e436dc124ca308d5b8ac51d5dbe10ad74ed4fb24b1fd997e960042b86cc1c",
  "f1_hash": "e02c45e33bfc2fc2cf84cbb9c97910b021cce1c478cac65aaae461d0a8ba7e77",
  "f0_stats": {
    "shape": [
      5
    ],
    "size": 5,
    "min": 0.4864860621701822,
    "max": 174.17568148094404,
    "mean": 36.2315993888932,
    "std": 68.98055305829598
  },
  "f1_stats": {
    "shape": [
      15
    ],
    "size": 15,
    "min": 0.010108834399712663,
    "max": 507.336610464334,
    "mean": 70.0958350972588,
    "std": 160.55115436464592
  }
}