{
  "f0_hash": "bac04b704bea5a39b60c00face5eb3cda101f56a82fd0cc464ec9d3a3883e4d7",
  "f1_hash": "f1a6280c84f84bd2ac6942d90ad8f6fe592984e8af6667f2199a280c6117829d",
  "f0_stats": {
    "shape": [
      5
    ],
    "size": 5,
    "min": 0.5761860182820019,
    "max": 160.90711149816394,
    "mean": 33.728465610264934,
    "std": 63.60230023546165
  },
  "f1_stats": {
    "shape": [
      15
    ],
    "size": 15,
    "min": 0.011793230132514765,
    "max": 526.8427165875331,
    "mean": 72.76285871406463,
    "std": 167.9764027935359
  }
}