{
  "count": 102,
  "ids_hash": "af07ba5eb4281ad9ce385f4a5cec4a68bd58cf104402626a628513add52e8115",
  "coords_hash": "564e3b06df362881b7228c206b38fe378287ddcd554014be9470a7d72625d780",
  "coords_stats": {
    "shape": [
      102,
      3
    ],
    "size": 306,
    "min": 8.008999824523926,
    "max": 69.95099639892578,
    "mean": 33.98134643891279,
    "std": 20.478049400482806
  }
}