{
  "count": 119,
  "ids_hash": "3f1907b9c78b367fb24afa86cee9573762fad490f6bc1e123eec4f550d76cc1c",
  "coords_hash": "9feccecb17d538d57a875c29a5c15cf95cbff56a072f9c85abb08ac58060f2c7",
  "coords_stats": {
    "shape": [
      119,
      3
    ],
    "size": 357,
    "min": -26.14900016784668,
    "max": 46.42300033569336,
    "mean": 12.753778703406411,
    "std": 24.579401042194892
  }
}