{
  "count": 89,
  "ids_hash": "2c0871e6922b6de8a2efb16791f03c17da5feb2b8fba8a89346e888d8ca056e3",
  "coords_hash": "07d4cfbbf9a13dbe0b4d053fefac6f2a6e760f5a06a8a6bb6ec56172175367c3",
  "coords_stats": {
    "shape": [
      89,
      3
    ],
    "size": 267,
    "min": -29.31800079345703,
    "max": 23.920000076293945,
    "mean": 3.2979138567206565,
    "std": 19.161941082014
  }
}