MODEL,PRED_DOCKQ
4KN8_af2m,0.88128406
4KN8,0.8557227
