{
  "f0_hash": "bfaebaf4cf3796eee0b87bbe99a5fd25584e59cf6b27f456f021d11193656cfd",
  "f1_hash": "d9058ec590577bc965473e375370f31d6149ea7dd1778c5de21ae4fdeae7753d",
  "f0_stats": {
    "shape": [
      5
    ],
    "size": 5,
    "min": 0.4931263438105706,
    "max": 165.67100652923443,
    "mean": 34.47517976484015,
    "std": 65.60517596784588
  },
  "f1_stats": {
    "shape": [
      15
    ],
    "size": 15,
    "min": 0.011419538788249639,
    "max": 504.3720758251194,
    "mean": 69.66673468797556,
    "std": 160.93169489765802
  }
}