{
  "count": 111,
  "ids_hash": "b1b5475c007b906bdef49cfc6f333b379903f6d79c1f23990177de23f9534236",
  "coords_hash": "89dbbf487ee74998942162c6ac2e2d8999597dd814377c76ded85ff53325163a",
  "coords_stats": {
    "shape": [
      111,
      3
    ],
    "size": 333,
    "min": -9.307999610900879,
    "max": 87.47799682617188,
    "mean": 33.82593387185229,
    "std": 34.669002820040006
  }
}