{
  "count": 114,
  "ids_hash": "90c66724b3c888408527879df71e896f9f8502c0d6849a224b9edb72e407df64",
  "coords_hash": "782b5d9d81bd469c05140cc8665f968160669f3893e600461f3401e706d70d9d",
  "coords_stats": {
    "shape": [
      114,
      3
    ],
    "size": 342,
    "min": -27.20800018310547,
    "max": 17.805999755859375,
    "mean": -7.59321639830606,
    "std": 13.743220746189534
  }
}