{
  "hash": "e00d66f55e8681c8873bfd42105bd4433ee8387c7fc858219e93dcbd897e54bd",
  "stats": {
    "shape": [
      114,
      114
    ],
    "size": 12996,
    "min": 0.0,
    "max": 15.645508374731659,
    "mean": 7.9559833955364665,
    "std": 3.014155259635794
  }
}