{
  "count": 74,
  "ids_hash": "e4e8f4da1ab8555384028c6dfe59736b0935facc56e76188cefe17e52d6547d6",
  "coords_hash": "63517edf6762fb1ee32d9a783a5a0b78dbb47c51c26a4c5b5bd11893429a34bb",
  "coords_stats": {
    "shape": [
      74,
      3
    ],
    "size": 222,
    "min": -21.44300079345703,
    "max": 93.37300109863281,
    "mean": 34.101225264437566,
    "std": 41.31854171447535
  }
}