{
  "count": 121,
  "ids_hash": "52e49f6ce6641fad92f6bc800fd7e5853bc26aa31d89781365885301b0bd0f0d",
  "coords_hash": "b47a301d2cd05a7a67f6189d21a5965558302095cc6d643431436fdb23dc7861",
  "coords_stats": {
    "shape": [
      121,
      3
    ],
    "size": 363,
    "min": -2.640000104904175,
    "max": 34.42300033569336,
    "mean": 17.469674947710075,
    "std": 10.374636439221677
  }
}