{
  "f0_hash": "5a07ff366a2d8a1c5d942a1bfac8c895ed2b9811896b0a1e28bd0a1722eaf808",
  "f1_hash": "b8d7707e77fc91c079401d91874152fe287f25ef4e3628e553f306adbcf3b589",
  "f0_stats": {
    "shape": [
      5
    ],
    "size": 5,
    "min": 0.40797929692261986,
    "max": 80.02264035420308,
    "mean": 17.30049535354585,
    "std": 31.375291878564326
  },
  "f1_stats": {
    "shape": [
      15
    ],
    "size": 15,
    "min": 0.010084822726260434,
    "max": 120.59481436548961,
    "mean": 18.419825676810987,
    "std": 37.29860773228058
  }
}