{
  "f0_hash": "6448723cef8dcfb60e96a258467cd92f746e954de3a651f7d0131410d4b0bd75",
  "f1_hash": "07a3d6968188169a358a3c4698856552fbfa51cdb85f1b48cfd8ac4fee7fd6b8",
  "f0_stats": {
    "shape": [
      5
    ],
    "size": 5,
    "min": 0.24936050209434152,
    "max": 170.59844839358965,
    "mean": 35.03333362454545,
    "std": 67.78830116165625
  },
  "f1_stats": {
    "shape": [
      15
    ],
    "size": 15,
    "min": 0.010596012515387887,
    "max": 284.2145541860368,
    "mean": 39.827723863635676,
    "std": 88.51049501166713
  }
}