{
  "count": 118,
  "ids_hash": "8f92f6af7ba46b0e89b5eaaa0e06be79f20bd6df5efa0308655a87533119d9bb",
  "coords_hash": "70823bdb263a0254eff5dc68af162bbb95b6e5c5d0c6bf2db03abbb2df1a076e",
  "coords_stats": {
    "shape": [
      118,
      3
    ],
    "size": 354,
    "min": 6.791999816894531,
    "max": 95.47599792480469,
    "mean": 42.80523732422435,
    "std": 32.90696976526811
  }
}