{
  "count": 92,
  "ids_hash": "2959a662b07ba27b726261d2a8363b592f3006f561a28ad951205f570fcc9592",
  "coords_hash": "c9907a1aba2871b4708255e3af236c8410f1de346f8492a8099d1e2b9187bc48",
  "coords_stats": {
    "shape": [
      92,
      3
    ],
    "size": 276,
    "min": -30.714000701904297,
    "max": 53.37699890136719,
    "mean": 0.9884493247322415,
    "std": 33.103154200069234
  }
}