{
  "hash": "10dbece984ea03e7fe7b80eefdfc42079e0a7f1e52d86a810ac234614fdae013",
  "stats": {
    "shape": [
      92,
      92
    ],
    "size": 8464,
    "min": 0.0,
    "max": 15.184359847872287,
    "mean": 7.922749264429595,
    "std": 3.112764820179793
  }
}