MODEL,PRED_DOCKQ
3KDG,0.8518576
3KDG_af2m,0.76939344
