MODEL,PRED_DOCKQ
5FFI_af2m,0.25517452
5FFI,0.23633988
