{
  "f0_hash": "5bcdac1faf9c4f75ceb22a13e2719ce7c3e407c9096b91c5a6c100ee04fc8d79",
  "f1_hash": "ae351a7611c44894efb7a5d64a57ce486a68b5e29dd9432bf9928011c73192fe",
  "f0_stats": {
    "shape": [
      5
    ],
    "size": 5,
    "min": 0.3271664161412868,
    "max": 238.68763759614657,
    "mean": 48.66666417662564,
    "std": 95.01426980208791
  },
  "f1_stats": {
    "shape": [
      15
    ],
    "size": 15,
    "min": 0.010568475829896395,
    "max": 512.1439231490681,
    "mean": 70.20890156637479,
    "std": 161.0746956323405
  }
}