{
  "count": 105,
  "ids_hash": "01078424b1eaa7dc73de824d6397ee2778b1d34ad6dc0344316b64c4d97f484b",
  "coords_hash": "ad6fa27b74f63960d16440e4aeaeba9cfd389a95426250e99f6cd0ef42044a38",
  "coords_stats": {
    "shape": [
      105,
      3
    ],
    "size": 315,
    "min": -26.777000427246094,
    "max": 27.350000381469727,
    "mean": 0.9703460302854341,
    "std": 16.82688488370594
  }
}