{
  "count": 62,
  "ids_hash": "4761a8e58504f79325bfd0abfe9bf55c92b0d392ec70a4a207245f1f3f6b554c",
  "coords_hash": "e5718a0924df4a5d54519060a2d61ef43590a7a98592c25fc31c477efe3e83bf",
  "coords_stats": {
    "shape": [
      62,
      3
    ],
    "size": 186,
    "min": -9.777999877929688,
    "max": 27.597000122070312,
    "mean": 12.548645148033737,
    "std": 11.239235788495657
  }
}