MODEL,PRED_DOCKQ
6LG2,0.80171746
6LG2_af2m,0.7812174
