{
  "f0_hash": "16cc2c81150831c7968fa5820cc33bf5277fe39ff870de9953277e4f451e555b",
  "f1_hash": "37394fb1a2020104eb0c7e585c555a3369f060173bf6fb706d88685fdd74e1a6",
  "f0_stats": {
    "shape": [
      5
    ],
    "size": 5,
    "min": 0.5343706126056433,
    "max": 168.32567623748065,
    "mean": 35.08212994231437,
    "std": 66.63034657485056
  },
  "f1_stats": {
    "shape": [
      15
    ],
    "size": 15,
    "min": 0.010293090252142534,
    "max": 468.4902828386921,
    "mean": 64.55534724124247,
    "std": 148.19869646326634
  }
}