{
  "f0_hash": "d75f03bd8a662ae90176d006d8f44808d5375d518168db5f01a4e3045b95296a",
  "f1_hash": "bc1d3145545223cc339d01ac811f792f3dfed8ac44f354fed4209ca9b7e4f661",
  "f0_stats": {
    "shape": [
      5
    ],
    "size": 5,
    "min": 0.3645931208886042,
    "max": 124.80517401899954,
    "mean": 26.208389923044297,
    "std": 49.30652019808368
  },
  "f1_stats": {
    "shape": [
      15
    ],
    "size": 15,
    "min": 0.010229149647003943,
    "max": 328.70134851571083,
    "mean": 46.05662088882973,
    "std": 103.92811161205715
  }
}