{
  "f0_hash": "b701e1f4b98549b7b69ada216d5500688facc20f4618b049a8c48417d2517d13",
  "f1_hash": "0bfa777537fc8dc10561a2d83139d6eb0d0a32e06fe9fe99d3c905989480bd1d",
  "f0_stats": {
    "shape": [
      5
    ],
    "size": 5,
    "min": 0.35352285132539407,
    "max": 86.81586879680515,
    "mean": 18.566916494584426,
    "std": 34.13475485793141
  },
  "f1_stats": {
    "shape": [
      15
    ],
    "size": 15,
    "min": 0.010883386746948887,
    "max": 157.30567490846815,
    "mean": 22.600605732444585,
    "std": 49.846535142011085
  }
}