{
  "f0_hash": "4132742c0f63724b02e67117f207403e7c52c50a7d92f9ea2fff97e42a8dfc41",
  "f1_hash": "fe372a9658a7003f60a27d969eb001ec119b270305aa12f709cb37bd04d03a76",
  "f0_stats": {
    "shape": [
      5
    ],
    "size": 5,
    "min": 0.4344482670949193,
    "max": 193.83782092807786,
    "mean": 40.135235816139314,
    "std": 76.85867915585482
  },
  "f1_stats": {
    "shape": [
      15
    ],
    "size": 15,
    "min": 0.01075782899964306,
    "max": 541.8901585866572,
    "mean": 74.68720292900717,
    "std": 170.90950099825704
  }
}