{
  "f0_hash": "0ee2a837a25ef59787197b659e67f2aa8a95770c95a7c1e9c657983bc4b651b0",
  "f1_hash": "22b5a571357768e0cd848462ff01c3752caf44aa9948572d5c11998ab48a0553",
  "f0_stats": {
    "shape": [
      5
    ],
    "size": 5,
    "min": 0.507301191289009,
    "max": 135.05827672904528,
    "mean": 28.354371278006063,
    "std": 53.36037644634699
  },
  "f1_stats": {
    "shape": [
      15
    ],
    "size": 15,
    "min": 0.010421020170161555,
    "max": 359.82070769426275,
    "mean": 51.56001337007927,
    "std": 113.24864031836944
  }
}