MODEL,PRED_DOCKQ
4FGL_af2m,0.8959586
4FGL,0.88116693
