{
  "hash": "830e03be8588e13a34720e6bfff5f66e0488df36324e6974b90cfba214c3a664",
  "stats": {
    "shape": [
      52,
      52
    ],
    "size": 2704,
    "min": 0.0,
    "max": 13.008796833812355,
    "mean": 6.042125458856052,
    "std": 2.489849502871051
  }
}