{
  "f0_hash": "14dbdad6a9fcfae358260f2729641129a164a9dd296503c59b17fbd48353088e",
  "f1_hash": "a90548ae2d6880aa260a9ae9828d1c3ffcaec554a5caee94980371d87029dddd",
  "f0_stats": {
    "shape": [
      5
    ],
    "size": 5,
    "min": 0.3837961865913614,
    "max": 137.98940564652182,
    "mean": 28.904868746562293,
    "std": 54.55126252631086
  },
  "f1_stats": {
    "shape": [
      15
    ],
    "size": 15,
    "min": 0.01109758637268321,
    "max": 358.03604754090696,
    "mean": 49.77660188027402,
    "std": 113.92662285234698
  }
}