{
  "count": 74,
  "ids_hash": "5996e7e1408192972a0dd56deee6a0dfd65c033efacb4a0271862d123b9309bd",
  "coords_hash": "f9cbfc805b932a78e51d44479e8bb8859a35a639b800162f9aca20c94a69e58f",
  "coords_stats": {
    "shape": [
      74,
      3
    ],
    "size": 222,
    "min": 10.041000366210938,
    "max": 46.76100158691406,
    "mean": 30.0847296328158,
    "std": 10.54601640171729
  }
}