MODEL,PRED_DOCKQ
4IJA,0.8965982
4IJA_af2m,0.88346547
