{
  "f0_hash": "2a19bc8ae3c525df2f0341d394e5d014d4fa3f77e8af9d65fc2ae7127b8683f0",
  "f1_hash": "b51f68a1659ccea547a7b4281cfa02fbca015e59ef7fff02c8e11b4d1e7f4808",
  "f0_stats": {
    "shape": [
      5
    ],
    "size": 5,
    "min": 0.3712502631687105,
    "max": 190.5295897254778,
    "mean": 39.35564872517072,
    "std": 75.59219287524921
  },
  "f1_stats": {
    "shape": [
      15
    ],
    "size": 15,
    "min": 0.01058981487565358,
    "max": 524.6498840679196,
    "mean": 72.2299199051324,
    "std": 164.9956368026573
  }
}