{
  "f0_hash": "4fc6c1ea0321bcae7d0326f8c36ce2719a7059ba016978b078abadb27324b034",
  "f1_hash": "fdc86af48f3e786102ef84d99b27124076f9396913990aabae38cf2f38eeb719",
  "f0_stats": {
    "shape": [
      5
    ],
    "size": 5,
    "min": 0.4369929153751651,
    "max": 146.1727471022317,
    "mean": 30.55744264566813,
    "std": 57.8158134682121
  },
  "f1_stats": {
    "shape": [
      15
    ],
    "size": 15,
    "min": 0.010139920939777447,
    "max": 369.48365750729204,
    "mean": 51.690731492607675,
    "std": 117.40176845378029
  }
}