{
  "count": 102,
  "ids_hash": "7b7e2cf95eb94996c844ab8e44a9576994201365c3c327f27b38ed3ec2360c61",
  "coords_hash": "9fe135f1fdd238623f70decd2940205dcf548cc6342dfcf0170f2a4c9971185d",
  "coords_stats": {
    "shape": [
      102,
      3
    ],
    "size": 306,
    "min": -1.4989999532699585,
    "max": 81.11199951171875,
    "mean": 35.262539171887674,
    "std": 29.08610972236992
  }
}