{
  "hash": "3ba63e2547c5a8a2cf89aa56559e4243b239d57aee8f0affe1c765de327eae36",
  "stats": {
    "shape": [
      93,
      93
    ],
    "size": 8649,
    "min": 0.0,
    "max": 15.501823264833545,
    "mean": 7.6021590107705155,
    "std": 2.983133242671497
  }
}