{
  "hash": "399baab522787410ed5bee040f67b905100726543318992573dd66d152d79162",
  "stats": {
    "shape": [
      70,
      70
    ],
    "size": 4900,
    "min": 0.0,
    "max": 15.505450474808148,
    "mean": 7.575665823233778,
    "std": 3.126606869832478
  }
}