{
  "hash": "7d8565c33d92ef1e9bad244ce5bca1132007519806b12d96a862b2c029b21d5e",
  "stats": {
    "shape": [
      88,
      88
    ],
    "size": 7744,
    "min": 0.0,
    "max": 15.205254326540588,
    "mean": 7.577991747289276,
    "std": 3.0212666103143353
  }
}