{
  "f0_hash": "c9e2bbc50b2fae8db86cb28ac7c34f866aa8b580be8ed0d4e8bc139f16c61666",
  "f1_hash": "c92bdd144e673409a0165b381b5ff7126be8e2534a3413d98d54d3221a55c85f",
  "f0_stats": {
    "shape": [
      5
    ],
    "size": 5,
    "min": 0.43833166797597384,
    "max": 133.43316704115867,
    "mean": 28.09044578284044,
    "std": 52.68336474038911
  },
  "f1_stats": {
    "shape": [
      15
    ],
    "size": 15,
    "min": 0.010418299152334498,
    "max": 382.71427905170185,
    "mean": 53.45563947887857,
    "std": 121.58093303509747
  }
}