MODEL,PRED_DOCKQ
2IA0_af2m,0.844705
2IA0,0.7650352
