MODEL,PRED_DOCKQ
4UU3,0.865071
4UU3_af2m,0.85484344
