{
  "count": 115,
  "ids_hash": "24afdd9350a48673cb1ee1f47e25bcaad7e02805ead7c90365382728583283a1",
  "coords_hash": "2b84ee6fe6606e3e1c7e32ae74dd791ee0dc58cc0019915bfa56828f6e60a760",
  "coords_stats": {
    "shape": [
      115,
      3
    ],
    "size": 345,
    "min": 1.3660000562667847,
    "max": 36.119998931884766,
    "mean": 20.983026098168416,
    "std": 9.643621272314592
  }
}