{
  "f0_hash": "3cea5cce8243a8e6cd7d3132de56b130491cddc4972298ef44fd8283d61458e4",
  "f1_hash": "a6f56b84f578c25e2d50011a68b3bfc398274b0eb95e1ebc4114326c75a2b1cd",
  "f0_stats": {
    "shape": [
      5
    ],
    "size": 5,
    "min": 0.4729981601520544,
    "max": 130.5462579309551,
    "mean": 27.50661743384104,
    "std": 51.531064832367925
  },
  "f1_stats": {
    "shape": [
      15
    ],
    "size": 15,
    "min": 0.010408192599372867,
    "max": 350.3741631303539,
    "mean": 49.32512097924525,
    "std": 112.50355259710871
  }
}