{
  "f0_hash": "d74c3da710bee0158950ae7226b3fb41291e7f55582806708cccbeb931c69588",
  "f1_hash": "0c49f5ac58100b914f6a1b9f6be02c250e786a206143665d80d3fb0342244729",
  "f0_stats": {
    "shape": [
      5
    ],
    "size": 5,
    "min": 0.20912430752999916,
    "max": 349.48583555935676,
    "mean": 70.72007921686561,
    "std": 139.38508016463206
  },
  "f1_stats": {
    "shape": [
      15
    ],
    "size": 15,
    "min": 0.010037994161833375,
    "max": 696.7183122374252,
    "mean": 94.25712933057356,
    "std": 217.49392198695517
  }
}