{
  "hash": "dab6f4edb1458e76b43db4c11704ca8fa051b4fd43db72ecdc9442773f7867aa",
  "stats": {
    "shape": [
      77,
      77
    ],
    "size": 5929,
    "min": 0.0,
    "max": 15.441412507112815,
    "mean": 7.406249019384777,
    "std": 3.183556546358117
  }
}