{
  "hash": "ef002c2976ab66057a1ade44e2247f239e2a4967a17125a5fe2d0384c2d46703",
  "stats": {
    "shape": [
      107,
      107
    ],
    "size": 11449,
    "min": 0.0,
    "max": 15.742076660952861,
    "mean": 8.011237160592811,
    "std": 3.0596877055346607
  }
}