{
  "count": 94,
  "ids_hash": "e3895d43e35fbfd6968535e2bba61d455d139ab9634d98b2ea08e94974fa30d1",
  "coords_hash": "86f4773153423a33a50c938ad4b1a5f52825601cc90fccdb90f8ea9d20332d49",
  "coords_stats": {
    "shape": [
      94,
      3
    ],
    "size": 282,
    "min": -3.744999885559082,
    "max": 84.35399627685547,
    "mean": 33.66979079282717,
    "std": 32.61078099212235
  }
}