{
  "count": 102,
  "ids_hash": "db6105c3d931539e41024441a443093675b8c239195c78c89308cbb749ddfcad",
  "coords_hash": "3a2af22883c7bf643ae700f43e1b07691f5cd366b6d3d47bdc4ec3351caca6cb",
  "coords_stats": {
    "shape": [
      102,
      3
    ],
    "size": 306,
    "min": -38.7599983215332,
    "max": 44.409000396728516,
    "mean": 8.79238894406487,
    "std": 29.586002313754324
  }
}