{
  "count": 97,
  "ids_hash": "21a3c0f475e048bd6ea2df781e136bef87a57a6940e80e0856ce90026903300e",
  "coords_hash": "38bae551b1f20c1277e5b3d67ed56ae0a5f48759c9a96a94e4521eb44e34043c",
  "coords_stats": {
    "shape": [
      97,
      3
    ],
    "size": 291,
    "min": -14.987000465393066,
    "max": 29.48900032043457,
    "mean": 12.577728500480914,
    "std": 14.794677071322797
  }
}