{
  "hash": "b1e1ec0df70f2e3e182c4f08eeeb3ae5263386bba84a42e284a2eade4bba80cc",
  "stats": {
    "shape": [
      110,
      110
    ],
    "size": 12100,
    "min": 0.0,
    "max": 15.438961221965211,
    "mean": 7.75547511883326,
    "std": 2.9336112272648767
  }
}