{
  "count": 95,
  "ids_hash": "080a44b891813282bb1a56650c564f7dc287a1d455706cfe0e1e2ec2f25d2a92",
  "coords_hash": "24050b22a22e4a81b27afa21aa2bb72fce19cafcc6750e479b0bea26966e4090",
  "coords_stats": {
    "shape": [
      95,
      3
    ],
    "size": 285,
    "min": 9.352999687194824,
    "max": 61.922000885009766,
    "mean": 29.493189500507555,
    "std": 17.44899836286784
  }
}