{
  "hash": "fd72b54b8898acbb75a4516df0f37e3a6c19d201261da806d70715bf452a4081",
  "stats": {
    "shape": [
      103,
      103
    ],
    "size": 10609,
    "min": 0.0,
    "max": 15.503733690630439,
    "mean": 8.146576800115687,
    "std": 3.1616383647951425
  }
}