{
  "hash": "c6b44da2740e72f9ec80f90644f2ec23ae62bc54bf5b17209ffdc88cafe10181",
  "stats": {
    "shape": [
      110,
      110
    ],
    "size": 12100,
    "min": 0.0,
    "max": 15.556132906119748,
    "mean": 7.816066074480302,
    "std": 3.080462958415566
  }
}