{
  "hash": "e01900051ac0df45d09335b7d7d5e62899395a90c6794585d8cec3846a1461cd",
  "stats": {
    "shape": [
      100,
      100
    ],
    "size": 10000,
    "min": 0.0,
    "max": 15.427196515756117,
    "mean": 7.846306753875407,
    "std": 3.087056607388578
  }
}