{
  "hash": "04b033773bee86892dda1e4b5bb5f95e7970e80c26ed2e5e41432ffea7d3834c",
  "stats": {
    "shape": [
      97,
      97
    ],
    "size": 9409,
    "min": 0.0,
    "max": 15.760436425973687,
    "mean": 8.02391682849317,
    "std": 3.13307683542784
  }
}