{
  "hash": "eb5caafcddd62fd6102eae0b92d57f01b232b200f21709de6e12060307a152c3",
  "stats": {
    "shape": [
      112,
      112
    ],
    "size": 12544,
    "min": 0.0,
    "max": 15.757693675726086,
    "mean": 7.956926066158237,
    "std": 2.9909093307844894
  }
}