{
  "hash": "64ac4664dfdb9f0c973ff49e2c430f60bd4e81b7c28d546441e4f479bdffe8f4",
  "stats": {
    "shape": [
      51,
      51
    ],
    "size": 2601,
    "min": 0.0,
    "max": 15.435505015421628,
    "mean": 6.982148548252621,
    "std": 3.130379832805343
  }
}