{
  "f0_hash": "75ce56df9da1612b1332db72f24a89292506e8e2fba2d411c1900693e698fbbe",
  "f1_hash": "34eecef7517db49e61c29d44e9e42986080d69e3ff40421b8c4ebc5b32a2d9c4",
  "f0_stats": {
    "shape": [
      5
    ],
    "size": 5,
    "min": 0.4380371641427986,
    "max": 170.12341586141764,
    "mean": 35.375770200325846,
    "std": 67.38186370279124
  },
  "f1_stats": {
    "shape": [
      15
    ],
    "size": 15,
    "min": 0.010108834399715771,
    "max": 497.46412523728856,
    "mean": 68.46237347802244,
    "std": 158.7513006751265
  }
}