{
  "f0_hash": "df3894e8686985da7b5923daf417cc508aed3dcfc4cbb1a30178d0bfdfd475da",
  "f1_hash": "2845c91ed1ad5dff7e88ab2b71dc4579b7e07e4cb0899ecef0f06c114292486c",
  "f0_stats": {
    "shape": [
      5
    ],
    "size": 5,
    "min": 0.39971696890129294,
    "max": 176.30393587680325,
    "mean": 36.57491630178671,
    "std": 69.87173898646132
  },
  "f1_stats": {
    "shape": [
      15
    ],
    "size": 15,
    "min": 0.010688508521116358,
    "max": 515.0033694726123,
    "mean": 71.1682857293795,
    "std": 162.85690795451669
  }
}