{
  "count": 107,
  "ids_hash": "02ef931efe00d61980140db8a4422aa8122b46e771ea2ed59e05de627e43db51",
  "coords_hash": "48e90c5b6611adf16f0c122d041e7f067f574dccbf14775caf0c9017db30999f",
  "coords_stats": {
    "shape": [
      107,
      3
    ],
    "size": 321,
    "min": -16.961000442504883,
    "max": 12.843999862670898,
    "mean": -0.4641495354798538,
    "std": 7.881864834527079
  }
}