{
  "count": 107,
  "ids_hash": "8d272c2388ef91a0bf63bd3ddd81c367d2f2bca74c3f979f0266749ab1fa6017",
  "coords_hash": "642808b7333a4ce8d2c16da5719642a105d6f68c85ceb47e3b400cf707da6cc7",
  "coords_stats": {
    "shape": [
      107,
      3
    ],
    "size": 321,
    "min": 9.376999855041504,
    "max": 97.97899627685547,
    "mean": 43.60462309044098,
    "std": 34.27006318807603
  }
}