{
  "f0_hash": "267f5e8bbd5ea52cfcc4b8ba5f3cb2df53cd59bdabf4d9fc6d9937dbc99bb780",
  "f1_hash": "cac62b7671bd20cab483c13b0277f2dfa5cdadd6422fb17ad34706c8a1adaff3",
  "f0_stats": {
    "shape": [
      5
    ],
    "size": 5,
    "min": 0.4454614043306086,
    "max": 96.15394500165952,
    "mean": 20.533146566732974,
    "std": 37.82236213874897
  },
  "f1_stats": {
    "shape": [
      15
    ],
    "size": 15,
    "min": 0.011291183535201643,
    "max": 195.05261509744673,
    "mean": 28.629060858017557,
    "std": 61.43885263904435
  }
}