{
  "f0_hash": "853c45463b8aba44a702b62524074f09d95a549211ff125cf186bc3b9c82bb8b",
  "f1_hash": "864ea8dec6c9e5281ec93193b92d14c321bfa32fed2a288383210e6d6846b387",
  "f0_stats": {
    "shape": [
      5
    ],
    "size": 5,
    "min": 0.3732596101969271,
    "max": 90.52177755554253,
    "mean": 19.38624640080357,
    "std": 35.58082952080656
  },
  "f1_stats": {
    "shape": [
      15
    ],
    "size": 15,
    "min": 0.01301493713120827,
    "max": 210.14957558652586,
    "mean": 29.812242538578815,
    "std": 66.69315547721118
  }
}