MODEL,PRED_DOCKQ
6C9L,0.79910713
6C9L_af2m,0.7660488
