{
  "count": 95,
  "ids_hash": "bb16eeb6d9f3be7ce865bd6b7abcd8e189a32931e1e6bb65d7d0582cebc51aba",
  "coords_hash": "b85f36187880f35e369ed44d588b8f356bb78ec297f6ddc1a02047bc71e60cde",
  "coords_stats": {
    "shape": [
      95,
      3
    ],
    "size": 285,
    "min": 15.901000022888184,
    "max": 45.21900177001953,
    "mean": 30.10846667708012,
    "std": 7.188704280781946
  }
}