{
  "hash": "0c6a99d4eeb087969c201e8ff3c17b10114f86f7036fb464f855c57a6ae01b85",
  "stats": {
    "shape": [
      112,
      112
    ],
    "size": 12544,
    "min": 0.0,
    "max": 15.791669284408773,
    "mean": 8.006324053801487,
    "std": 3.0556687923351236
  }
}