MODEL,PRED_DOCKQ
5GOM,0.4222302
5GOM_af2m,0.03210196
