MODEL,PRED_DOCKQ
3OSV_af2m,0.86083245
3OSV,0.0006467209
