{
  "count": 112,
  "ids_hash": "d9396810a1a4b65f91ce885c435273db1c17f73b04f467aed2bc67e34d66ce8e",
  "coords_hash": "4ba5c625264c84237d17df745c27c9e514bc2104b72c1de5670f8ea98cd806b7",
  "coords_stats": {
    "shape": [
      112,
      3
    ],
    "size": 336,
    "min": -19.79199981689453,
    "max": 20.714000701904297,
    "mean": -2.8353392687581835,
    "std": 12.483540551152217
  }
}