MODEL,PRED_DOCKQ
6SG8_af2m,0.8145732
6SG8,0.693862
