{
  "f0_hash": "5377025a0ede04488ff67cb7eed98d6b476ab37dace6cbd3a2a5b791c2e483b0",
  "f1_hash": "cb3d016687b2b8c7a6dedc201b3fe91714c74a7152b2d3a73cb7c9546588d72f",
  "f0_stats": {
    "shape": [
      5
    ],
    "size": 5,
    "min": 0.5148694955365629,
    "max": 181.529823210543,
    "mean": 37.70921273399857,
    "std": 71.91804213166778
  },
  "f1_stats": {
    "shape": [
      15
    ],
    "size": 15,
    "min": 0.010288679566851755,
    "max": 589.7853937250754,
    "mean": 80.871200453454,
    "std": 187.06993743988002
  }
}