{
  "count": 79,
  "ids_hash": "8250e00dd2f0cf8a22d67c320ee73852ea20e775f046ffc448c6a418eb961007",
  "coords_hash": "af4f041cf18be9482af5ed3ce65fc622f1ebd9326e9a5778a633a5ba7d5fc948",
  "coords_stats": {
    "shape": [
      79,
      3
    ],
    "size": 237,
    "min": -15.133000373840332,
    "max": 43.11399841308594,
    "mean": 14.29089030283916,
    "std": 18.443620686540314
  }
}