MODEL,PRED_DOCKQ
4YPO_af2m,0.89646727
4YPO,0.86958075
