{
  "count": 102,
  "ids_hash": "06a9bcfd53fe963116f42a8306f2858b40191336ef2b393da898d69f7743fdf2",
  "coords_hash": "de74a48b853352a3ebd5b866745a56d05a9ac281205e1295756b6191a0779acc",
  "coords_stats": {
    "shape": [
      102,
      3
    ],
    "size": 306,
    "min": -23.743999481201172,
    "max": 2.9130001068115234,
    "mean": -11.063748335934493,
    "std": 6.7917960197189124
  }
}