{
  "count": 77,
  "ids_hash": "5c1f3398d024b0f57bf99c3a800cfbd3e1b602187432d23eddb20571d7cf6f4f",
  "coords_hash": "a196c0d3096d77a0d67e1e4e38174821251a9eae5e1c2a01008369fba02d014a",
  "coords_stats": {
    "shape": [
      77,
      3
    ],
    "size": 231,
    "min": -29.54800033569336,
    "max": 41.861000061035156,
    "mean": 15.536086540717584,
    "std": 27.556950412997683
  }
}