{
  "count": 91,
  "ids_hash": "d98ef4666255f14dd14ae6c56ae042a42d912941a49fa614536bc49a510ce6c3",
  "coords_hash": "d2e3a11052f7165aa7083d89b25ef46ae67a099568302a4bb2954d005baccea9",
  "coords_stats": {
    "shape": [
      91,
      3
    ],
    "size": 273,
    "min": -36.24700164794922,
    "max": 59.731998443603516,
    "mean": 3.6428021703447615,
    "std": 35.70681412501557
  }
}