MODEL,PRED_DOCKQ
4CO6_af2m,0.8285142
4CO6,0.58242357
