{
  "hash": "06d5200f0f4651b72169e9a0de0cc8620c6a82321a57790d9d35a1dfb8f1ef3f",
  "stats": {
    "shape": [
      102,
      102
    ],
    "size": 10404,
    "min": 0.0,
    "max": 15.595577162020701,
    "mean": 7.79109637898932,
    "std": 3.0305833961081254
  }
}