{
  "hash": "d823502f19293d091bfd346a3e483c84e4cd6723d2cbc5bc9517989db8a09dcb",
  "stats": {
    "shape": [
      79,
      79
    ],
    "size": 6241,
    "min": 0.0,
    "max": 15.599531972842565,
    "mean": 7.59964495903926,
    "std": 3.2203302298715033
  }
}