{
  "count": 107,
  "ids_hash": "aee81160c122b4bbdab6e883d6ea5e1a5971606e40dc4efb00bccef783edba3b",
  "coords_hash": "effec8c368f5ef8c4a30475f334a6bc97f2a6eb4b2d3876973b0ff1b25bb7019",
  "coords_stats": {
    "shape": [
      107,
      3
    ],
    "size": 321,
    "min": -29.634000778198242,
    "max": 28.70400047302246,
    "mean": 5.390367591121115,
    "std": 20.125716744977705
  }
}