{
  "f0_hash": "369556b6cd8522823773c143482c5eedeab686fa0d06a753c973f70139a581ad",
  "f1_hash": "984131fbdeeb5278e279077048a9bcc3f0e4ecf9dfed7c0bb16bfb2b5373b86e",
  "f0_stats": {
    "shape": [
      5
    ],
    "size": 5,
    "min": 0.762514594273468,
    "max": 98.29916634812714,
    "mean": 21.27802516057296,
    "std": 38.530948598868285
  },
  "f1_stats": {
    "shape": [
      15
    ],
    "size": 15,
    "min": 0.011631869860257993,
    "max": 237.7910329160131,
    "mean": 34.75523248515644,
    "std": 75.15361373386804
  }
}