{
  "count": 182,
  "ids_hash": "8899b686a039b39d42660ed8ca4df61472e4806132229a8cffa012eddbb37271",
  "coords_hash": "82e51ddbded574c840a74920ac2c16b4d84614863bedde98fa46c4016f0e0e07",
  "coords_stats": {
    "shape": [
      182,
      3
    ],
    "size": 546,
    "min": -51.750999450683594,
    "max": 9.840999603271484,
    "mean": -20.32871616576481,
    "std": 19.086487687701748
  }
}