{
  "hash": "ba1297371c5916eaf8e426bad0349b0944f6636b22a3957bb1549ef14026945d",
  "stats": {
    "shape": [
      85,
      85
    ],
    "size": 7225,
    "min": 0.0,
    "max": 15.34063128219144,
    "mean": 7.696481726206731,
    "std": 3.119070417016838
  }
}