{
  "f0_hash": "d6c41f954c008b437a179d381b8f83ae6347cf80ddf335bb999bff52a7ee88e2",
  "f1_hash": "5c1322b217c8b5b49617c77520c66d95dd964dd9aa969a2c096f0f6f3b2e5f69",
  "f0_stats": {
    "shape": [
      5
    ],
    "size": 5,
    "min": 0.6833675928902185,
    "max": 138.7064453957592,
    "mean": 29.292448303043574,
    "std": 54.71966235814107
  },
  "f1_stats": {
    "shape": [
      15
    ],
    "size": 15,
    "min": 0.01104906843735165,
    "max": 418.22969662311385,
    "mean": 58.28854716262219,
    "std": 133.0079974298805
  }
}