{
  "f0_hash": "2b2241473a41c2d55abfa6f75d3d3596edde0cf6a44cbc1823cb28071351076b",
  "f1_hash": "455b3e318faa39ea2eb5a3e480a4ba3ec48e60a62f3e29b0ce7fadc77beffa2f",
  "f0_stats": {
    "shape": [
      5
    ],
    "size": 5,
    "min": 0.7874715235044052,
    "max": 122.48795603166351,
    "mean": 26.17336117421839,
    "std": 48.17552503899373
  },
  "f1_stats": {
    "shape": [
      15
    ],
    "size": 15,
    "min": 0.01137286096230028,
    "max": 363.4295635412698,
    "mean": 52.21229171888191,
    "std": 116.83569433403218
  }
}