{
  "count": 109,
  "ids_hash": "637c1c9d8b506da660779bcc71c80f32a283bb47b6f826eb98c6e594047628dd",
  "coords_hash": "cae2d5b89de84caba4aa763c2b10b5e09690f7804a64eaeb0e922e446117b804",
  "coords_stats": {
    "shape": [
      109,
      3
    ],
    "size": 327,
    "min": -6.714000225067139,
    "max": 83.27200317382812,
    "mean": 31.672571870048362,
    "std": 32.11471267212745
  }
}