{
  "hash": "facc834a6906a578798b487edcbd1b28177129a12afaf213e4a0fd7ab4c38376",
  "stats": {
    "shape": [
      77,
      77
    ],
    "size": 5929,
    "min": 0.0,
    "max": 14.8874335006164,
    "mean": 7.302141940911902,
    "std": 2.97771690818099
  }
}