{
  "f0_hash": "ffb8960145fa28d3eea94b09119322c517ee05f7f1d30dce953836e084675302",
  "f1_hash": "093a80e2e8652d91ab9fcc359db5b2b6a4877fed30c83f6e6071239558e7809d",
  "f0_stats": {
    "shape": [
      5
    ],
    "size": 5,
    "min": 0.48726838455620597,
    "max": 189.9108543038943,
    "mean": 39.40933418821057,
    "std": 75.25945503330792
  },
  "f1_stats": {
    "shape": [
      15
    ],
    "size": 15,
    "min": 0.010170349046694227,
    "max": 564.1446250907517,
    "mean": 77.7273309137209,
    "std": 178.66971433778488
  }
}