{
  "f0_hash": "07310a5bcca46eaaf32d626e7c40813d359515d1069627fe1156f17d7b58e0e4",
  "f1_hash": "9ca494336d644c398f3900b6e144c04a3f4bb21aec466ca088a3564db16113f1",
  "f0_stats": {
    "shape": [
      5
    ],
    "size": 5,
    "min": 0.417257857446333,
    "max": 172.95309196822416,
    "mean": 35.88982487753449,
    "std": 68.53819714153772
  },
  "f1_stats": {
    "shape": [
      15
    ],
    "size": 15,
    "min": 0.010001833890608935,
    "max": 530.8626289271378,
    "mean": 72.927521136512,
    "std": 168.79167439632909
  }
}