MODEL,PRED_DOCKQ
5J1S,0.05525077
5J1S_af2m,0.022177687
