{
  "count": 86,
  "ids_hash": "6fa7a0e94320eac58615e2662d95d7f9204da385d9d099c2f469baadc815eac2",
  "coords_hash": "183899c899898b6dd4569250b57faac0d86c04810fccd12134441d191a8133f7",
  "coords_stats": {
    "shape": [
      86,
      3
    ],
    "size": 258,
    "min": -6.714000225067139,
    "max": 83.27200317382812,
    "mean": 32.29220154825526,
    "std": 32.353847983335484
  }
}