MODEL,PRED_DOCKQ
5D6H_af2m,0.7331439
5D6H,0.14005041
