{
  "hash": "6d0f46a6081b6c8b657a68031369141d8c56f8e426437a4f834c4768d1a50997",
  "stats": {
    "shape": [
      109,
      109
    ],
    "size": 11881,
    "min": 0.0,
    "max": 15.564179784688852,
    "mean": 8.031081527209258,
    "std": 3.075868866116503
  }
}