{
  "hash": "0bd50e68e55569da1593fad7a78cfc4ded9aa131176cfd525bdef9ebf6f34ffb",
  "stats": {
    "shape": [
      68,
      68
    ],
    "size": 4624,
    "min": 0.0,
    "max": 14.718086624034996,
    "mean": 6.668257764592425,
    "std": 2.8482407456042274
  }
}