{
  "f0_hash": "c745aa2995d6f223abfcbeb8e2a694f0faeea329ba1bbd056ef6f53c13c23b59",
  "f1_hash": "387383c68f9f6f2ae6ab7a03200216dd37b2db48b658b5c04c0d7ac28e4aab09",
  "f0_stats": {
    "shape": [
      5
    ],
    "size": 5,
    "min": 0.4732093383330514,
    "max": 171.34357524149468,
    "mean": 35.586347643069466,
    "std": 67.8848727103085
  },
  "f1_stats": {
    "shape": [
      15
    ],
    "size": 15,
    "min": 0.01166258393710784,
    "max": 597.1130162839851,
    "mean": 82.1696748969196,
    "std": 189.3826094073446
  }
}