{
  "f0_hash": "ef4410f42a583e0d1c473b695b76c4af412d733af6a6ec8cf1554197d9d1d5df",
  "f1_hash": "d0bfa5b6400f548f2769955bd9e4c95fc8db25c50225d29de7470c5bc484f3b1",
  "f0_stats": {
    "shape": [
      5
    ],
    "size": 5,
    "min": 0.4834647512324313,
    "max": 123.47619127466658,
    "mean": 26.08567205201597,
    "std": 48.70707990267187
  },
  "f1_stats": {
    "shape": [
      15
    ],
    "size": 15,
    "min": 0.01003571824454852,
    "max": 331.7127408486469,
    "mean": 46.52935375285939,
    "std": 106.00993160077066
  }
}