MODEL,PRED_DOCKQ
4FXW,0.4044291
4FXW_af2m,0.24849898
