{
  "hash": "0765f5c309ceca929e6df12af0d6e65938335d533545767b1a8fb704a642ae23",
  "stats": {
    "shape": [
      61,
      61
    ],
    "size": 3721,
    "min": 0.0,
    "max": 15.287033094141131,
    "mean": 6.908889923035149,
    "std": 2.985284207332378
  }
}