{
  "count": 81,
  "ids_hash": "0c164b347c0832296cf771c3a8fae82830ae6604d844d93473b02129450cbadc",
  "coords_hash": "15d51995808c70fbd990f42ff6ae92369809bcf25c0227c1677c8fd4e8a506ff",
  "coords_stats": {
    "shape": [
      81,
      3
    ],
    "size": 243,
    "min": 5.671000003814697,
    "max": 56.83599853515625,
    "mean": 31.20896284864763,
    "std": 15.393279750042185
  }
}