{
  "count": 64,
  "ids_hash": "b8504e2e12474cefbcca2046692f3d8c2fc629203f7edbf9e7540542b01c3d84",
  "coords_hash": "595e8efdfafe9fc3b80d456df45da6b983b5233eb09c581dfbec3babf4459d2b",
  "coords_stats": {
    "shape": [
      64,
      3
    ],
    "size": 192,
    "min": -43.44599914550781,
    "max": 58.724998474121094,
    "mean": 2.29762503815194,
    "std": 37.67954626593486
  }
}