{
  "hash": "caf91130bd23b32d58d92f48d6ab8aa3e9bd7cbd31ca7878434025e47328faa8",
  "stats": {
    "shape": [
      99,
      99
    ],
    "size": 9801,
    "min": 0.0,
    "max": 15.152968064259523,
    "mean": 7.456685180329568,
    "std": 2.9183276000106417
  }
}