{
  "count": 114,
  "ids_hash": "5eea5ff8fa77d49d0f8ca557cb7da0860ab2c73fdb93e76103dca0a62695c2da",
  "coords_hash": "dc969377dc1d0c923ec87185bcd13de40784e25389b02d025ceb0c48829fa13a",
  "coords_stats": {
    "shape": [
      114,
      3
    ],
    "size": 342,
    "min": -17.312999725341797,
    "max": 28.479000091552734,
    "mean": 7.764210519734879,
    "std": 13.806656319909518
  }
}