{
  "hash": "a958b93f1a8a8281a16a4bf934cac491e8cc4cddbbd427b4b4d7a35970383a40",
  "stats": {
    "shape": [
      165,
      165
    ],
    "size": 27225,
    "min": 0.0,
    "max": 15.43729026800991,
    "mean": 7.414302730618853,
    "std": 2.9181681335055645
  }
}