{
  "count": 66,
  "ids_hash": "92c91b50fe9ad4fb98945208988813449a23c454928a9f1ef89d699c9830525f",
  "coords_hash": "a3cc4d386ed4cf3d73ee9061333cd296853d31f95e42d9db7be7d0ea4eb40419",
  "coords_stats": {
    "shape": [
      66,
      3
    ],
    "size": 198,
    "min": 2.9619998931884766,
    "max": 33.21200180053711,
    "mean": 18.04727274962146,
    "std": 8.575859312305841
  }
}