{
  "hash": "591636e99fd7ac1e64a40757f01d56deb0115346cfed270d0e6e750864154594",
  "stats": {
    "shape": [
      77,
      77
    ],
    "size": 5929,
    "min": 0.0,
    "max": 15.61773740091304,
    "mean": 7.624589703644344,
    "std": 3.151787259978788
  }
}