{
  "f0_hash": "aea46ac36371c834750ebb5608a224f21fb954c38884f80f9e42c5e996f19f7f",
  "f1_hash": "1f01a9ad5bfc1b2792659f706bc2e5288249127f08795494ab718fe47feb39ee",
  "f0_stats": {
    "shape": [
      5
    ],
    "size": 5,
    "min": 0.5920207134211174,
    "max": 182.3579122993357,
    "mean": 37.8946946920404,
    "std": 72.23899002296636
  },
  "f1_stats": {
    "shape": [
      15
    ],
    "size": 15,
    "min": 0.012154458315245975,
    "max": 623.2805401456176,
    "mean": 85.39584177144839,
    "std": 198.6376538361185
  }
}