{
  "count": 213,
  "ids_hash": "7625a94c0413bae9e07d18d50180f1917ea1252a53596d3141a09dd35ed1fef4",
  "coords_hash": "66c438f98f6a22a277cbe4baa993d4e732020b49fca5a915154ad5e668f5d611",
  "coords_stats": {
    "shape": [
      213,
      3
    ],
    "size": 639,
    "min": -27.858999252319336,
    "max": 13.949000358581543,
    "mean": -4.877906103273023,
    "std": 12.27408533091145
  }
}