{
  "f0_hash": "e18defcb006d01203e85c5a8f20203ed37a33796138b3c0fc03bf305f5a87acf",
  "f1_hash": "923210d0d69b688b41768ceb6e2caa81664cefd36d0a0bcf32680a147b36873b",
  "f0_stats": {
    "shape": [
      5
    ],
    "size": 5,
    "min": 0.44328948906574966,
    "max": 169.15943736669038,
    "mean": 35.19005782061709,
    "std": 66.99298357693964
  },
  "f1_stats": {
    "shape": [
      15
    ],
    "size": 15,
    "min": 0.010899214824243053,
    "max": 532.8272321649687,
    "mean": 73.81847541642892,
    "std": 169.32509328480234
  }
}