{
  "count": 106,
  "ids_hash": "9a4ba26334a5c1f2ab26aa358f6d3fc3c91b7e5fd6f84fbbe33d9f42bb69f825",
  "coords_hash": "cc33470dc11824592320dcf3cdbcc51062ebf0b53c39ff4f71be4e1f9676ff5d",
  "coords_stats": {
    "shape": [
      106,
      3
    ],
    "size": 318,
    "min": -11.810999870300293,
    "max": 87.9800033569336,
    "mean": 32.25716659699643,
    "std": 36.344539836512624
  }
}