{
  "f0_hash": "9b83e57d800ff243c60428ca4c6909d9901b4a0e7c7f7edf7b49cf6e71f2299b",
  "f1_hash": "14a87867030119c1e9858d7900f13420ca0c52a0e7bbf60d1fa706c5bbd2f81c",
  "f0_stats": {
    "shape": [
      5
    ],
    "size": 5,
    "min": 0.4029905443183923,
    "max": 149.68791587014272,
    "mean": 31.256910604807036,
    "std": 59.22372065755739
  },
  "f1_stats": {
    "shape": [
      15
    ],
    "size": 15,
    "min": 0.010969751371124659,
    "max": 426.6021294595749,
    "mean": 59.42398620740826,
    "std": 134.99233429956377
  }
}