MODEL,PRED_DOCKQ
2QJT_af2m,0.84630406
2QJT,0.76361376
