{
  "hash": "0a12e86c4058aa881fca9554f5386691adbf5d7a3689a7d9231f05e885376942",
  "stats": {
    "shape": [
      100,
      100
    ],
    "size": 10000,
    "min": 0.0,
    "max": 15.769162345846793,
    "mean": 8.136051011419267,
    "std": 3.177255051912356
  }
}