{
  "count": 113,
  "ids_hash": "3043d20d0494a854891bdbd443e09526d6b465222879c67fbb3b55bcdd428831",
  "coords_hash": "d9b9bfdeee25350735d06a348ad3285ea1f2a71bccf50c1c78cd1a5b8a808bd8",
  "coords_stats": {
    "shape": [
      113,
      3
    ],
    "size": 339,
    "min": -40.98400115966797,
    "max": 43.55099868774414,
    "mean": -5.619368724766734,
    "std": 30.273840962456017
  }
}