{
  "f0_hash": "8db78f011718e6f43a7dba1a4a691842124140d0505440406452db4985dbe30d",
  "f1_hash": "d0e7ba39af111d83ed21466d998eaef02641d118b6fc47727e864a05464af401",
  "f0_stats": {
    "shape": [
      5
    ],
    "size": 5,
    "min": 0.4620492133609585,
    "max": 159.84405095385773,
    "mean": 33.32205208224488,
    "std": 63.26940479002397
  },
  "f1_stats": {
    "shape": [
      15
    ],
    "size": 15,
    "min": 0.01092613084311811,
    "max": 450.0715479043447,
    "mean": 62.67216489771925,
    "std": 143.27901084404084
  }
}