{
  "count": 79,
  "ids_hash": "b5ee05c97515ada461e45ea55dc12d7c67ce0df3e9d98f5a7059e24d7f0e48bb",
  "coords_hash": "2a34b8a18cbd1e161d093d76ab795a07bb4d8cc70d04e974a5e3348fb936d5fc",
  "coords_stats": {
    "shape": [
      79,
      3
    ],
    "size": 237,
    "min": 0.08500000089406967,
    "max": 49.53099822998047,
    "mean": 19.937670839832553,
    "std": 17.167412265054626
  }
}