{
  "count": 106,
  "ids_hash": "812d46502b412e302a068efe83b7fb50de7b40a20a6f5b6d45378f8dd367a411",
  "coords_hash": "d1d1784e09f996f865dbbe465d9de5f4bdf9e7af9b93e64b9415f6cd8e7d36b4",
  "coords_stats": {
    "shape": [
      106,
      3
    ],
    "size": 318,
    "min": 4.426000118255615,
    "max": 93.5270004272461,
    "mean": 42.94744353774209,
    "std": 31.65331522848889
  }
}