{
  "f0_hash": "a025719ec6ad03b46ee1b9fe04aef7411587c5dbf7c9d93b56fc2757021a8083",
  "f1_hash": "645d6524c7fa226d03b7dc2ddc4168809d562e64cf19426f1a02306b605a56db",
  "f0_stats": {
    "shape": [
      5
    ],
    "size": 5,
    "min": 0.4717784476514342,
    "max": 89.42404935857525,
    "mean": 19.225031113709576,
    "std": 35.11341848503079
  },
  "f1_stats": {
    "shape": [
      15
    ],
    "size": 15,
    "min": 0.012603053762399341,
    "max": 213.03465030986987,
    "mean": 30.43384859128618,
    "std": 67.60029645070802
  }
}