{
  "count": 120,
  "ids_hash": "3154f12d4c24c39a1d5e9476106d715c6f9738b79d259790c9b2b85d2362aa4b",
  "coords_hash": "59fe2fba2201a4a9a2144b6a6a750889e29ed93d3f52c1e993985187f7a3b4b8",
  "coords_stats": {
    "shape": [
      120,
      3
    ],
    "size": 360,
    "min": 5.276000022888184,
    "max": 91.6520004272461,
    "mean": 37.88073614968194,
    "std": 33.26615977093136
  }
}