{
  "hash": "28a238f169d61b2ba65a9f16f5b6ee0f288bb6cc2f583d4c9a200ffbd01e7cdf",
  "stats": {
    "shape": [
      84,
      84
    ],
    "size": 7056,
    "min": 0.0,
    "max": 15.603693964528478,
    "mean": 7.83303050358239,
    "std": 3.1795430126250346
  }
}