{
  "hash": "b7b9597dcfea2ed67b622e7ab2e0d46d58817d38a607254ca19f3b5aab3ccc68",
  "stats": {
    "shape": [
      110,
      110
    ],
    "size": 12100,
    "min": 0.0,
    "max": 15.643816665154324,
    "mean": 7.908336488403492,
    "std": 3.025519569926229
  }
}