{
  "f0_hash": "93e4c13ca3bb4827148e4a87e41a811751f02eb1e36654c5c78d0525aa3c8c7a",
  "f1_hash": "f5e5bc3e0bf27990aa1e49f80e5cf79afb179eac673c01559ca2b8e79bcb79f4",
  "f0_stats": {
    "shape": [
      5
    ],
    "size": 5,
    "min": 0.5829057907240902,
    "max": 128.47153832608453,
    "mean": 27.374863125811054,
    "std": 50.5718254399402
  },
  "f1_stats": {
    "shape": [
      15
    ],
    "size": 15,
    "min": 0.010275946939701353,
    "max": 420.70378740281683,
    "mean": 60.768009644508425,
    "std": 134.99329260128735
  }
}