{
  "hash": "c2ffc5bf52e22da1ac1acd040e6431c4df182f6f66664a6d0e8fc59e268e01b8",
  "stats": {
    "shape": [
      109,
      109
    ],
    "size": 11881,
    "min": 0.0,
    "max": 15.794460105444976,
    "mean": 7.848282853619608,
    "std": 2.988065534006005
  }
}