{
  "hash": "5dc962ae8d19c898db987b3a58af72e34a205fdf9fb93cd3147d818c9bcc1b07",
  "stats": {
    "shape": [
      66,
      66
    ],
    "size": 4356,
    "min": 0.0,
    "max": 15.012079949268871,
    "mean": 6.7984509895028955,
    "std": 2.7830728074228213
  }
}