{
  "hash": "4b267baffec45a4e95d91e6bd7ec89ca82f38a9c50686c8ba77f94001a4b6117",
  "stats": {
    "shape": [
      102,
      102
    ],
    "size": 10404,
    "min": 0.0,
    "max": 15.674340727236272,
    "mean": 8.061776719719587,
    "std": 3.248532538552152
  }
}