{
  "f0_hash": "62791ef5a58ad02ff69bb2962314d40b0b3671c1c2060f0cfc46fab5a08500d8",
  "f1_hash": "d952cd68b549eab39fd9b603d44bfdf79b28e8b7d475b514eed454114ba31b12",
  "f0_stats": {
    "shape": [
      5
    ],
    "size": 5,
    "min": 0.3886923598237462,
    "max": 165.50813424187507,
    "mean": 34.36123841890152,
    "std": 65.57963154693604
  },
  "f1_stats": {
    "shape": [
      15
    ],
    "size": 15,
    "min": 0.01094549292784297,
    "max": 446.25077289403964,
    "mean": 61.64231108502397,
    "std": 139.99645926182174
  }
}