{
  "count": 101,
  "ids_hash": "f96565f66777bb8c5cb6b618f3981875e0760841b71101af3a0678de951af5e7",
  "coords_hash": "9951a63863266cbd8b27bceb0c9d3125a0a0c4e779a2946ee0ab858f424d562f",
  "coords_stats": {
    "shape": [
      101,
      3
    ],
    "size": 303,
    "min": 12.506999969482422,
    "max": 45.73899841308594,
    "mean": 30.17299009707108,
    "std": 8.87931474550838
  }
}