{
  "count": 91,
  "ids_hash": "7adf869ab586ff5bc83284202e9171ae216eac40a308b9870444d17c3011b785",
  "coords_hash": "e128e429d6cc5fbb008181b37238f47d629be0b2fafd90c5cf6d60f5e13baf6b",
  "coords_stats": {
    "shape": [
      91,
      3
    ],
    "size": 273,
    "min": -37.79399871826172,
    "max": 48.75600051879883,
    "mean": 5.73476919455406,
    "std": 30.48273530935717
  }
}