{
  "count": 53,
  "ids_hash": "b929a4762e7334ad62420c2fae1cb84f76655bbf0b8b64977a5c24ffe7ea5c1f",
  "coords_hash": "784f1ca060698f55c77859f535f4108c0ef64133dc59e62007a4aaed1a7f6bcb",
  "coords_stats": {
    "shape": [
      53,
      3
    ],
    "size": 159,
    "min": -71.5250015258789,
    "max": 54.32099914550781,
    "mean": 1.7322640029139489,
    "std": 48.75341096032393
  }
}