{
  "f0_hash": "02c3473b12e3291b8f060f3654082252bab15065d8e1ac591bf000710c3c810c",
  "f1_hash": "262a2d3ac1758fab00e26f42197f58a4012451a06d2fdfbc7bf6bd6f31938ee3",
  "f0_stats": {
    "shape": [
      5
    ],
    "size": 5,
    "min": 0.6767298858465605,
    "max": 108.93772025881087,
    "mean": 23.38550614491138,
    "std": 42.79549277415445
  },
  "f1_stats": {
    "shape": [
      15
    ],
    "size": 15,
    "min": 0.010051414752118681,
    "max": 253.5965133289418,
    "mean": 36.62321919945283,
    "std": 79.6907164983604
  }
}