MODEL,PRED_DOCKQ
6F6M,0.8791605
6F6M_af2m,0.8513432
