{
  "hash": "6b985df3fc10914b1995cad053d85f3ce5951624ab416a07eb3b1366fff13768",
  "stats": {
    "shape": [
      109,
      109
    ],
    "size": 11881,
    "min": 0.0,
    "max": 15.27954029100373,
    "mean": 7.841975124406609,
    "std": 3.004333957521759
  }
}