{
  "hash": "63f1222230a0177c563c2c3ee2f841dbaa347b24cb81b82441d0f3df72ca252c",
  "stats": {
    "shape": [
      99,
      99
    ],
    "size": 9801,
    "min": 0.0,
    "max": 15.571298853974477,
    "mean": 8.007780002674842,
    "std": 3.1007777671947814
  }
}