{
  "count": 101,
  "ids_hash": "4a6f348a077475f0d18ded8906ca6405a7ade7edeafbe67ac090a7e83e933251",
  "coords_hash": "97d1c696790d12f86a78c1bfdfa292553f1e9e606315c812e7819a4116036933",
  "coords_stats": {
    "shape": [
      101,
      3
    ],
    "size": 303,
    "min": 1.034000039100647,
    "max": 29.67099952697754,
    "mean": 14.726412586253074,
    "std": 6.989453740421999
  }
}