{
  "f0_hash": "db4208a482955d17a0716053ce267e6a72bcca4742c77a8625448f4f790f4595",
  "f1_hash": "93d6807ee91177e87dd1c35fe8a882bb76473b0160d0c3b51c12bc23e9aa66f9",
  "f0_stats": {
    "shape": [
      5
    ],
    "size": 5,
    "min": 0.5424830509630592,
    "max": 150.6298122480317,
    "mean": 31.60192068835853,
    "std": 59.526239458193594
  },
  "f1_stats": {
    "shape": [
      15
    ],
    "size": 15,
    "min": 0.010030830447798955,
    "max": 408.9282485369913,
    "mean": 57.16807341731135,
    "std": 129.72507845496523
  }
}