MODEL,PRED_DOCKQ
4MT8,0.7024039
4MT8_af2m,0.69115186
