{
  "f0_hash": "c249a4379ae2e67b51e208a472c7ad13ca7a3eafe4801bf59fd22527958b4628",
  "f1_hash": "5f7a4fb28a01ecd86df3e62db5c3c9d0eb8a779a05c87bc2bb9b758a8bd993bf",
  "f0_stats": {
    "shape": [
      5
    ],
    "size": 5,
    "min": 0.48467569829557344,
    "max": 160.5354731281827,
    "mean": 33.52700691116184,
    "std": 63.51395985306959
  },
  "f1_stats": {
    "shape": [
      15
    ],
    "size": 15,
    "min": 0.01210287245961883,
    "max": 456.1036742436985,
    "mean": 63.90061688561692,
    "std": 144.183066596108
  }
}