{
  "count": 30,
  "ids_hash": "54e93ca2fb1587b3325b70417439c9a882d112b6f8639aaecb76107b6d8a9578",
  "coords_hash": "825272c9aac7c5ca1af2a0679c599c434e278f25e6ec67dbb23337bcb99f7a89",
  "coords_stats": {
    "shape": [
      30,
      3
    ],
    "size": 90,
    "min": -38.37099838256836,
    "max": 4.88100004196167,
    "mean": -18.29066674022211,
    "std": 13.904572743897022
  }
}