{
  "hash": "a9840b4d2de0ff438cde060f32e02b8189bbb6ac394312eefbd7108d8522cea1",
  "stats": {
    "shape": [
      104,
      104
    ],
    "size": 10816,
    "min": 0.0,
    "max": 15.436719504514736,
    "mean": 7.899928728596701,
    "std": 3.0514260570052145
  }
}