{
  "count": 99,
  "ids_hash": "fbd6644ebfe82c8a1d2e51967f8dd8a96d60cd6c6ebb2ba543c58a7edc7df0b0",
  "coords_hash": "0a6fa14bfce8b2679d06f70b3dcf403a621b997128d2bf7bf1c0c5cff5c47cee",
  "coords_stats": {
    "shape": [
      99,
      3
    ],
    "size": 297,
    "min": -14.987000465393066,
    "max": 30.715999603271484,
    "mean": 12.650771021842957,
    "std": 14.825262388573881
  }
}