{
  "f0_hash": "a8f451254e469fe0825051421f610200df243008392e964421cda5c7842afd03",
  "f1_hash": "1a016b3ea014b826c3787f4d014fde87dbedf923f4625ae2f6b971555a729454",
  "f0_stats": {
    "shape": [
      5
    ],
    "size": 5,
    "min": 0.5456936358833648,
    "max": 113.15785437905586,
    "mean": 24.014665717434944,
    "std": 44.58274902253299
  },
  "f1_stats": {
    "shape": [
      15
    ],
    "size": 15,
    "min": 0.010591602887300766,
    "max": 230.11481620419758,
    "mean": 32.79549598143266,
    "std": 71.8605540908953
  }
}