MODEL,PRED_DOCKQ
5NXB_af2m,0.070956364
5NXB,0.03245911
