{
  "f0_hash": "e669001749943bbd6cdc6576c99d7bcead73c2c96c85f9246282096960a521d0",
  "f1_hash": "f47988b248e8bd5a681af98b834bff7220f87c0459d40ae8a45865f21ac48303",
  "f0_stats": {
    "shape": [
      5
    ],
    "size": 5,
    "min": 0.3975380820678326,
    "max": 142.3291542599343,
    "mean": 29.784910170681076,
    "std": 56.28121206222679
  },
  "f1_stats": {
    "shape": [
      15
    ],
    "size": 15,
    "min": 0.01164112903258907,
    "max": 380.8433266423587,
    "mean": 52.779489866064736,
    "std": 120.81081870448551
  }
}