MODEL,PRED_DOCKQ
2Z5K_af2m,0.7271382
2Z5K,0.0013516853
