MODEL,PRED_DOCKQ
1QB2_af2m,0.36316207
1QB2,0.0041105794
