{
  "hash": "d6860f37bb2207f3f423324ea131486dd872085a13f03aa1c021366b385f5966",
  "stats": {
    "shape": [
      112,
      112
    ],
    "size": 12544,
    "min": 0.0,
    "max": 15.803018100924536,
    "mean": 7.932909844318214,
    "std": 3.041259825279002
  }
}