{
  "count": 101,
  "ids_hash": "1450de2f78abc72e80fa7b0c48caccdf01591db12ede58c318bafcb030a92f6a",
  "coords_hash": "7f21ee4562b387c417bfae0cd429f13aeed430ca3caff4d43fa8e7c236b6c774",
  "coords_stats": {
    "shape": [
      101,
      3
    ],
    "size": 303,
    "min": -27.204999923706055,
    "max": 35.04100036621094,
    "mean": 0.11965345746219748,
    "std": 20.987686392364537
  }
}