{
  "hash": "af1d2aef18d1803d52cc389992de5c3c6a87a11b1300fa1e082790ab52e06268",
  "stats": {
    "shape": [
      81,
      81
    ],
    "size": 6561,
    "min": 0.0,
    "max": 15.805732223927487,
    "mean": 7.770846911264802,
    "std": 3.119872654717462
  }
}