MODEL,PRED_DOCKQ
4XIV_af2m,0.73221797
4XIV,0.4762497
