{
  "hash": "f86c61a32c01fb21a498386beb128efc15c0652a60d36f780ed521ad02938f6f",
  "stats": {
    "shape": [
      103,
      103
    ],
    "size": 10609,
    "min": 0.0,
    "max": 15.708556920911066,
    "mean": 8.019597640730789,
    "std": 3.167037546242195
  }
}