{
  "hash": "a86fd7c32ed4c12bfbacf865753db6c9381f02174d2a19c0ba627a6213e10a51",
  "stats": {
    "shape": [
      103,
      103
    ],
    "size": 10609,
    "min": 0.0,
    "max": 15.513142462061642,
    "mean": 7.648131906520467,
    "std": 3.0003578357982694
  }
}