{
  "hash": "40f2570d729f3e4b2eca5274bcb6ff4145f01210303f1f1e170a9eddd1ec7d29",
  "stats": {
    "shape": [
      64,
      64
    ],
    "size": 4096,
    "min": 0.0,
    "max": 14.980873787336424,
    "mean": 7.0333497181197995,
    "std": 3.005762948367437
  }
}