{
  "count": 66,
  "ids_hash": "a04f93eccf9e61f8265fd82874aeb86bb83d58fd8bf19c6974a995a4eba3dccf",
  "coords_hash": "70930cd0f45b9a144fa12f335aee34e32350458d235c667c5d42c8d616f69618",
  "coords_stats": {
    "shape": [
      66,
      3
    ],
    "size": 198,
    "min": -14.08899974822998,
    "max": 15.41100025177002,
    "mean": -0.8297727293889932,
    "std": 7.517151758980986
  }
}