{
  "f0_hash": "a75ded2220739900ad0bc918713c2ec7289873de1ec7859afcb593842747c1d0",
  "f1_hash": "f4132642e5585bdbcbff536e2612baade185f427120164aff405b94df11105e5",
  "f0_stats": {
    "shape": [
      5
    ],
    "size": 5,
    "min": 0.2604690781396794,
    "max": 236.67424096792655,
    "mean": 48.36886246759797,
    "std": 94.1573637374264
  },
  "f1_stats": {
    "shape": [
      15
    ],
    "size": 15,
    "min": 0.010977258919894872,
    "max": 584.7383373947996,
    "mean": 79.80139573949153,
    "std": 183.93916901031864
  }
}