{
  "hash": "473735108186721368716d999bb3a090e884348758e51b39ba032c85c482dfc8",
  "stats": {
    "shape": [
      106,
      106
    ],
    "size": 11236,
    "min": 0.0,
    "max": 15.71485064384705,
    "mean": 7.996738935066245,
    "std": 3.0647433269766156
  }
}