{
  "count": 106,
  "ids_hash": "c85a48dee8ddd501959fbd70b4d14d6a93e2cd91bfa8cf456350fed0cbac4ee9",
  "coords_hash": "257e47898ed881eb8f81f34b54041968e77acb7e101e31acbed1665965affd34",
  "coords_stats": {
    "shape": [
      106,
      3
    ],
    "size": 318,
    "min": -9.59000015258789,
    "max": 109.34700012207031,
    "mean": 45.3122484516001,
    "std": 43.21641235753361
  }
}