MODEL,PRED_DOCKQ
3S84_af2m,0.78390515
3S84,0.76606643
