{
  "hash": "792d7c563bd7d33e93a5ce55089a28334abbf0d62adfb965f702917337911e64",
  "stats": {
    "shape": [
      56,
      56
    ],
    "size": 3136,
    "min": 0.0,
    "max": 15.415847668636456,
    "mean": 6.821623837888517,
    "std": 3.005029046969381
  }
}