{
  "hash": "1c7943f065ecd7735b862c941e89ed4ceea88dd2a85693bad4d193622861738e",
  "stats": {
    "shape": [
      100,
      100
    ],
    "size": 10000,
    "min": 0.0,
    "max": 15.53130366744285,
    "mean": 7.7477951358044574,
    "std": 3.0626340086137716
  }
}