{
  "count": 117,
  "ids_hash": "9cf7c65adb635c96f7ccbc4c231a3c3e5295ee76ed13aac634aad6e5ab07b9ff",
  "coords_hash": "e558db38ea5e21f99a97ec9c7872a5cde77e04738d8ccad34affe485b9ef1733",
  "coords_stats": {
    "shape": [
      117,
      3
    ],
    "size": 351,
    "min": -4.4710001945495605,
    "max": 47.23500061035156,
    "mean": 18.792678060328477,
    "std": 16.013473986815093
  }
}