{
  "count": 108,
  "ids_hash": "5eaa06db4e14786e7f93d98db5e4b37b71f443978fb6a94df56659acc334f760",
  "coords_hash": "594cc80987acbb9f18751c89fd112905ab04336c84f3e311860dc40fb797df8b",
  "coords_stats": {
    "shape": [
      108,
      3
    ],
    "size": 324,
    "min": 2.38100004196167,
    "max": 74.40699768066406,
    "mean": 34.22300624773826,
    "std": 24.566897533285182
  }
}