{
  "count": 120,
  "ids_hash": "700527fa043f6f6a3cdca20e2588a4f3d853c31d08ad9a35667b3e53528126a3",
  "coords_hash": "e3375eba42e51a3d63bf9a5f9a4ac7eb950381452c2fa2876a8188ffacdd0f3c",
  "coords_stats": {
    "shape": [
      120,
      3
    ],
    "size": 360,
    "min": -15.133000373840332,
    "max": 40.03300094604492,
    "mean": 13.904205571487546,
    "std": 17.175850085435563
  }
}