{
  "count": 53,
  "ids_hash": "6704d8cff7af31c600ba6aa28ce445e70174ebb46b58597a5fb6781b9c156307",
  "coords_hash": "833e9afa0110a0d1e65decb4395b4e4fe2046d8bc856da0520a70bf0f82fc99f",
  "coords_stats": {
    "shape": [
      53,
      3
    ],
    "size": 159,
    "min": -5.63100004196167,
    "max": 47.64500045776367,
    "mean": 17.336672933391476,
    "std": 18.37018540490924
  }
}