{
  "count": 213,
  "ids_hash": "0e09cb0871fe11486bbce9a4e7d34e7af5d73a7420b22de445dafe665a986b5b",
  "coords_hash": "2842a0ab33eba1220bbfca65152f636820cfdc2bab3df60c581121912817f03e",
  "coords_stats": {
    "shape": [
      213,
      3
    ],
    "size": 639,
    "min": -14.211999893188477,
    "max": 38.05500030517578,
    "mean": 5.801266045733727,
    "std": 17.643043212082432
  }
}