{
  "f0_hash": "41072b2fd401ff2acb0f48a97e2ca967f1df53e189493606976236d6b4bdb6d6",
  "f1_hash": "0be56deacc3dc87a63b4060ee449d75b2fd93a777779cbaa8d68d7e36fa3e61c",
  "f0_stats": {
    "shape": [
      5
    ],
    "size": 5,
    "min": 0.6079430444235481,
    "max": 166.32931617745447,
    "mean": 34.80174457286596,
    "std": 65.77520643511247
  },
  "f1_stats": {
    "shape": [
      15
    ],
    "size": 15,
    "min": 0.010715916019802485,
    "max": 600.9269954964416,
    "mean": 83.31481456233652,
    "std": 193.57161744685877
  }
}