{
  "hash": "c4b54d5d815bbcbca1e689974434e7902afffed6bcb124e08f4b60ee003b49c2",
  "stats": {
    "shape": [
      110,
      110
    ],
    "size": 12100,
    "min": 0.0,
    "max": 15.362091016037176,
    "mean": 7.6598941857708605,
    "std": 2.9872149995803783
  }
}