MODEL,PRED_DOCKQ
5W6Y,0.81330836
5W6Y_af2m,0.6904159
