MODEL,PRED_DOCKQ
1NZI_af2m,0.5547617
1NZI,0.048663095
