{
  "f0_hash": "79ec9cc0f14ce69f25edf33cc438d2870cb54c95ee8966d886e40ca5a752d5b5",
  "f1_hash": "48bd1b96850fa49852c8e7e916fae2a6797de8497dad9c3c22811ead09434f22",
  "f0_stats": {
    "shape": [
      5
    ],
    "size": 5,
    "min": 0.3987508424175944,
    "max": 153.2406157647088,
    "mean": 32.015427270043816,
    "std": 60.6223275488282
  },
  "f1_stats": {
    "shape": [
      15
    ],
    "size": 15,
    "min": 0.010700215600601748,
    "max": 428.2992471656865,
    "mean": 59.92360828870492,
    "std": 135.84896693494014
  }
}