MODEL,PRED_DOCKQ
2QBU_af2m,0.89927983
2QBU,0.8810047
