{
  "hash": "4af24cbbc69fa389de296fc49fe3c60fad24130d9c7552cf2ae77d1d684aa7c5",
  "stats": {
    "shape": [
      73,
      73
    ],
    "size": 5329,
    "min": 0.0,
    "max": 15.20317558786108,
    "mean": 7.4131368319935635,
    "std": 3.071292090358043
  }
}