{
  "count": 81,
  "ids_hash": "2749917e327d05d6c5f831326885b7de38c0dcd38588aad617c7ef3151e75bda",
  "coords_hash": "aa8164b1dc73d14bc3c397e130c5e28c635bd89e4ea6fd76f30ee5dc668ce4c8",
  "coords_stats": {
    "shape": [
      81,
      3
    ],
    "size": 243,
    "min": -12.348999977111816,
    "max": 35.814998626708984,
    "mean": 13.578213958092677,
    "std": 15.331033374725113
  }
}