{
  "hash": "d9205b151d9b127bfee88aaa2d667c688a93c8ded077a157f2af65721bb7160d",
  "stats": {
    "shape": [
      100,
      100
    ],
    "size": 10000,
    "min": 0.0,
    "max": 15.278315404652195,
    "mean": 7.587656003177585,
    "std": 2.9317707355900584
  }
}