{
  "count": 185,
  "ids_hash": "03b323c76a6c7dfb1e801a42bf8fab19a81da6772d92e4f9085f3b2632a74009",
  "coords_hash": "6dc3ea36a569ac6054b0258b35bd3bd50266d19592712ea3558f90fff8f47baf",
  "coords_stats": {
    "shape": [
      185,
      3
    ],
    "size": 555,
    "min": 2.4489998817443848,
    "max": 37.11000061035156,
    "mean": 16.312403578371615,
    "std": 9.954428658440802
  }
}