{
  "hash": "fede881ad3ebf4e3aed43299110cc842f17056a059c008f788498174a3749db0",
  "stats": {
    "shape": [
      74,
      74
    ],
    "size": 5476,
    "min": 0.0,
    "max": 15.643995232568109,
    "mean": 7.17690520924656,
    "std": 2.9235419906157682
  }
}