{
  "f0_hash": "cdcaf9412884bc4b2ced39fce541d3c7f34690d074b62f211241cd66f1eaa1cb",
  "f1_hash": "3449428a3ef696a535cf1e6ee5352fc55d74316a3962ba68d3e2d6766094afd5",
  "f0_stats": {
    "shape": [
      5
    ],
    "size": 5,
    "min": 0.46483168556378524,
    "max": 172.97902959215054,
    "mean": 36.02631903175835,
    "std": 68.48605695685809
  },
  "f1_stats": {
    "shape": [
      15
    ],
    "size": 15,
    "min": 0.010185759026092533,
    "max": 490.52984427932853,
    "mean": 68.44479123670018,
    "std": 154.92894149418225
  }
}