MODEL,PRED_DOCKQ
3S5B,0.81999654
3S5B_af2m,0.8142513
