{
  "f0_hash": "e308ade51ccdd78e27ca595a607066dd40b12c554b9712f3bdbb58c2e7f234f1",
  "f1_hash": "3cad03ad0056d5bf5a63bde11e95647be5d61ed905ed2932e26e8552eb271380",
  "f0_stats": {
    "shape": [
      5
    ],
    "size": 5,
    "min": 0.46629732409533176,
    "max": 157.1260951743501,
    "mean": 32.827785830268326,
    "std": 62.1588091722861
  },
  "f1_stats": {
    "shape": [
      15
    ],
    "size": 15,
    "min": 0.011624646329583044,
    "max": 443.6746531161466,
    "mean": 62.10478473509786,
    "std": 139.79334181541168
  }
}