MODEL,PRED_DOCKQ
2FA1_af2m,0.8269483
2FA1,0.81603897
