{
  "count": 65,
  "ids_hash": "36617f457599317c0dd2ce1a335998c219ca751ba178435ad1fc142ec91f90ea",
  "coords_hash": "41911ef174392821ee9776f69191d41d0de7f7273246ed8fe70dd132c8c0860b",
  "coords_stats": {
    "shape": [
      65,
      3
    ],
    "size": 195,
    "min": -11.800999641418457,
    "max": 42.736000061035156,
    "mean": 17.650005056976507,
    "std": 17.093365474023365
  }
}