{
  "hash": "c7536a75680d064df063d990ea172b791cfc11a558f7a21b3df0a17a32b96fa1",
  "stats": {
    "shape": [
      68,
      68
    ],
    "size": 4624,
    "min": 0.0,
    "max": 15.64896164671392,
    "mean": 7.24583259220887,
    "std": 3.1267105493779748
  }
}