MODEL,PRED_DOCKQ
3B48_af2m,0.85625064
3B48,0.80722576
