MODEL,PRED_DOCKQ
4I6J_af2m,0.7436468
4I6J,0.007723513
