{
  "count": 170,
  "ids_hash": "416be749ed24f8f444bb600820cc3fd80246daa9933a09a0efc9d14ece9b24f2",
  "coords_hash": "93d01d0346a84c39e860e75cd8a76aea4423f3cf711b8bfa0af7ef6f55b9d921",
  "coords_stats": {
    "shape": [
      170,
      3
    ],
    "size": 510,
    "min": -24.08300018310547,
    "max": 31.91699981689453,
    "mean": -2.442141185087316,
    "std": 19.19226350866614
  }
}