MODEL,PRED_DOCKQ
5E6Q_af2m,0.45602256
5E6Q,0.02240341
