MODEL,PRED_DOCKQ
2Y8V_af2m,0.9003485
2Y8V,0.00069071585
