{
  "count": 109,
  "ids_hash": "081129135249f900cba1d3c8c1405818c9a26f21413f1c36d273322f221ab432",
  "coords_hash": "ef5ff3719ded9b75acd1fe3d011f01153389227723249d7d5775903a121b174f",
  "coords_stats": {
    "shape": [
      109,
      3
    ],
    "size": 327,
    "min": -11.324999809265137,
    "max": 34.237998962402344,
    "mean": 15.907886898663431,
    "std": 14.945257481033252
  }
}