{
  "count": 106,
  "ids_hash": "cc7f256858f1e19378a398ba0257eae723c0186ff2760c02ede18466cc1f82d1",
  "coords_hash": "ffcc6c9fff4e7e040131015fe388e08c0e75555814ce3c648ef01749ff5efa7a",
  "coords_stats": {
    "shape": [
      106,
      3
    ],
    "size": 318,
    "min": -23.29400062561035,
    "max": 18.32699966430664,
    "mean": -3.0636478031065852,
    "std": 12.178988778394698
  }
}