{
  "f0_hash": "9577cae0b0a4abf4bfc9ba9d4fe0b5267785c98cf748662358fdcc71bdd450dc",
  "f1_hash": "7ee737ed24eae2e19dc92a5abd597f91626f8fd760c919ac91546e12777a3d62",
  "f0_stats": {
    "shape": [
      5
    ],
    "size": 5,
    "min": 0.518150527513988,
    "max": 171.11413963731775,
    "mean": 35.59522318662661,
    "std": 67.76703754609942
  },
  "f1_stats": {
    "shape": [
      15
    ],
    "size": 15,
    "min": 0.0114775578169386,
    "max": 537.4811166045431,
    "mean": 73.75237906457727,
    "std": 171.19078787717888
  }
}