{
  "count": 86,
  "ids_hash": "47a43509881cfc9f03be51a91d58e41edd96fb462818e476a04f66e8e33cdfd1",
  "coords_hash": "ace5dcb78706986459214c625ce4619c59a693b880bf38dfcb810424d832a6a1",
  "coords_stats": {
    "shape": [
      86,
      3
    ],
    "size": 258,
    "min": -28.60300064086914,
    "max": 19.81100082397461,
    "mean": -3.070899213606477,
    "std": 15.018462051735524
  }
}