{
  "f0_hash": "3eaa64cb83f3d92a76f607eb8351f2228a26043433e26f1a6a73bd1dc3720f5a",
  "f1_hash": "dfc867ce7093a3a8478b11ee19e039b4cb64172289d447e72765ae30eaa64d61",
  "f0_stats": {
    "shape": [
      5
    ],
    "size": 5,
    "min": 0.5067518688121053,
    "max": 168.8944136207595,
    "mean": 35.228594308541645,
    "std": 66.8428054092285
  },
  "f1_stats": {
    "shape": [
      15
    ],
    "size": 15,
    "min": 0.01005622253881544,
    "max": 522.9069279298633,
    "mean": 72.5100018299694,
    "std": 165.72564405236452
  }
}