MODEL,PRED_DOCKQ
4L2W_af2m,0.69138604
4L2W,0.43124145
