{
  "count": 72,
  "ids_hash": "e0d48e93d0cd1b3301660ffa19a08562b27b95c073aed986dfb79525e831c7e8",
  "coords_hash": "269631205a9e75905e7ec717d64d9021b50e6d0afd7f873fc4cdd44baac167c8",
  "coords_stats": {
    "shape": [
      72,
      3
    ],
    "size": 216,
    "min": 2.1480000019073486,
    "max": 31.917999267578125,
    "mean": 16.18425460546105,
    "std": 6.891938675727792
  }
}