{
  "count": 109,
  "ids_hash": "4390704fd8b22b633dfbdac5b60181e54f8406412841d14201acca9a02aee1da",
  "coords_hash": "9e9d490b6b1e76adaf1c3a6a3eaa8f50a72e0d6ed6a2baf5fb2d4561a2a920ff",
  "coords_stats": {
    "shape": [
      109,
      3
    ],
    "size": 327,
    "min": -45.7140007019043,
    "max": 75.99600219726562,
    "mean": 15.840834795517294,
    "std": 43.883745669332654
  }
}