{
  "f0_hash": "7527a902f32c891f99a8de98300c93ec1b665133243d7b6007ef5efdc3d993c1",
  "f1_hash": "5d55cf43a3667213f1b246fbd89a34f164b741177b74722689a410e1a9797528",
  "f0_stats": {
    "shape": [
      5
    ],
    "size": 5,
    "min": 0.3222001563553943,
    "max": 152.67594029038546,
    "mean": 31.813742039636338,
    "std": 60.43912553241416
  },
  "f1_stats": {
    "shape": [
      15
    ],
    "size": 15,
    "min": 0.011124626029909379,
    "max": 437.77889951494546,
    "mean": 61.16190547657086,
    "std": 138.62278953654348
  }
}