{
  "count": 71,
  "ids_hash": "784e33f60f18524ec11bbf9caa91bde9f21863bf6eb056dc0580dc45235eb378",
  "coords_hash": "335b66624af6d641969c638d3bbd4e614d7a40eb07515fa92f621ae2cf736447",
  "coords_stats": {
    "shape": [
      71,
      3
    ],
    "size": 213,
    "min": -24.650999069213867,
    "max": 14.597999572753906,
    "mean": -1.6969295868151624,
    "std": 12.671199637223959
  }
}