{
  "count": 87,
  "ids_hash": "f893a63fcb2bf7a02f7c570988aef56e013ff7157206bdcc38b6734e55c82cde",
  "coords_hash": "18498e6467b67eecfa0be2e31659d374bb42bffca3e32349ee3cda84b0e4ee25",
  "coords_stats": {
    "shape": [
      87,
      3
    ],
    "size": 261,
    "min": -4.816999912261963,
    "max": 92.26000213623047,
    "mean": 42.04620295427597,
    "std": 34.07975885719182
  }
}