{
  "hash": "a6e082d0d26823e38986d574fff8f9b116af536a0b3d1ccb7fd6486bb6ff6a69",
  "stats": {
    "shape": [
      94,
      94
    ],
    "size": 8836,
    "min": 0.0,
    "max": 15.32969143207277,
    "mean": 7.537950926910414,
    "std": 2.9979859436181613
  }
}