{
  "hash": "abeaff7d40a6073f7d539ee893c017b410a74e8873eba1a65912df83fbb6cc1c",
  "stats": {
    "shape": [
      51,
      51
    ],
    "size": 2601,
    "min": 0.0,
    "max": 13.979483037323932,
    "mean": 6.374784322685869,
    "std": 2.683264035217335
  }
}