{
  "count": 121,
  "ids_hash": "17ab592632095a64af4a113255d85fcb867997395a10eaa5424ff7c73e7017b6",
  "coords_hash": "01b736c77778e6a27781a9159220ea65ee75ab13b591c312fa0d8a4c61123522",
  "coords_stats": {
    "shape": [
      121,
      3
    ],
    "size": 363,
    "min": 0.5249999761581421,
    "max": 43.06100082397461,
    "mean": 24.967101899388737,
    "std": 13.26500067579123
  }
}