{
  "hash": "b5677615e9012d6a37750978761af05b0ed7c9d6559bd4ed905ca5fe6d31c26f",
  "stats": {
    "shape": [
      133,
      133
    ],
    "size": 17689,
    "min": 0.0,
    "max": 15.640449214086157,
    "mean": 7.796005274760384,
    "std": 2.9874573772936883
  }
}