{
  "hash": "34feb88ce1feb743f763c2e77b177856067c2feb3a71e57b48f16eb53cbfc972",
  "stats": {
    "shape": [
      85,
      85
    ],
    "size": 7225,
    "min": 0.0,
    "max": 15.111078552720963,
    "mean": 7.719801157165605,
    "std": 3.149555340978487
  }
}