MODEL,PRED_DOCKQ
4JO8_af2m,0.791424
4JO8,0.0671209
