{
  "count": 90,
  "ids_hash": "d4fcd981a87b8c175c287b33aa19306c0c74922ebc49d80c807493772c117557",
  "coords_hash": "b829169838e907fe6309f25e4463378ee6744fa60e6fcb3c9df5ebb33eeae14c",
  "coords_stats": {
    "shape": [
      90,
      3
    ],
    "size": 270,
    "min": -5.572999954223633,
    "max": 40.61000061035156,
    "mean": 17.69904070060562,
    "std": 13.139294909075039
  }
}