{
  "f0_hash": "9517c7a03e3924a757515a580af4cc01b146df3d8fa04c8d6df12613fee44992",
  "f1_hash": "bb54c1fca427f3efee7567721a49f263357e264d8590213381fd862e2e1a417d",
  "f0_stats": {
    "shape": [
      5
    ],
    "size": 5,
    "min": 0.6740335187591109,
    "max": 123.26961116986757,
    "mean": 26.463949522419036,
    "std": 48.43316450845486
  },
  "f1_stats": {
    "shape": [
      15
    ],
    "size": 15,
    "min": 0.013781942214281528,
    "max": 298.4492984032457,
    "mean": 42.49141234616537,
    "std": 94.22993959552996
  }
}