MODEL,PRED_DOCKQ
1H2S_af2m,0.7724654
1H2S,0.6997871
