MODEL,PRED_DOCKQ
2O20_af2m,0.8254197
2O20,0.75725913
