{
  "count": 112,
  "ids_hash": "ec20521f1db7ad86adb52258b870dd4ccab4f60467f120213dbe393dc6343321",
  "coords_hash": "15b1d139d1fe3c042168c178dcd2b5718fadc8696208035b5c4909141e3601b5",
  "coords_stats": {
    "shape": [
      112,
      3
    ],
    "size": 336,
    "min": -19.71299934387207,
    "max": 33.1870002746582,
    "mean": 11.869482173806144,
    "std": 17.94982460118133
  }
}