{
  "hash": "4b86cad72df4d82f2870c8ff85e1a4b95915087db3d10d88293d92d7d812dd84",
  "stats": {
    "shape": [
      112,
      112
    ],
    "size": 12544,
    "min": 0.0,
    "max": 15.317205806122956,
    "mean": 7.954339814801717,
    "std": 3.0197369104998146
  }
}