{
  "count": 117,
  "ids_hash": "aba79b9163317b88a2821ce22fcb7247d83b25cb1d9e397b28cccd5b524bfa6d",
  "coords_hash": "a8dc46e0ae8a6015aafc3155e82954ea4845bbb3d3ccf93ab7e976b1bcc4e424",
  "coords_stats": {
    "shape": [
      117,
      3
    ],
    "size": 351,
    "min": 4.723999977111816,
    "max": 95.04100036621094,
    "mean": 40.89777213963348,
    "std": 33.29813868849828
  }
}