{
  "count": 103,
  "ids_hash": "f0acde1b62967536a7e7e02726cf95f1f0ad0c18a051494e00a1216ee5361d0a",
  "coords_hash": "30f37c861e96552d01140a2b99014955cc083414378f3fa240dd11dc2fe6a657",
  "coords_stats": {
    "shape": [
      103,
      3
    ],
    "size": 309,
    "min": -6.739999771118164,
    "max": 44.012001037597656,
    "mean": 16.553268593751064,
    "std": 15.805443395380818
  }
}