{
  "count": 126,
  "ids_hash": "3d090375947e51b31515503165bc2f41e89d26e591fbe5096d8e48468335bc97",
  "coords_hash": "658b96496bf3100d181f8f77b5c5632b4b861c69dc27a7e51ff5199c4757ae72",
  "coords_stats": {
    "shape": [
      126,
      3
    ],
    "size": 378,
    "min": -2.2720000743865967,
    "max": 39.027000427246094,
    "mean": 21.6559391700165,
    "std": 12.261413907537463
  }
}