MODEL,PRED_DOCKQ
2DY0_af2m,0.91765696
2DY0,0.91688293
