{
  "hash": "4121d8b53744e60b8fa9d6951ea3ef4cdb005422ce1ec0c9432593c3e3dc072e",
  "stats": {
    "shape": [
      105,
      105
    ],
    "size": 11025,
    "min": 0.0,
    "max": 15.64438632770175,
    "mean": 7.95478953530022,
    "std": 3.054448736929659
  }
}