{
  "hash": "a60b71f5e3392947b0282b717106f98a063b2976389e551d6119eb0961e61422",
  "stats": {
    "shape": [
      86,
      86
    ],
    "size": 7396,
    "min": 0.0,
    "max": 15.779527293198893,
    "mean": 7.539221625398392,
    "std": 3.0039882058390903
  }
}