{
  "count": 87,
  "ids_hash": "ce9edb2d6aecca9dae3b78d6822699846e78159d700ad0a1c24f48b7df051302",
  "coords_hash": "b18a5cf76e87888451f4a599559b49da669d5d3912c7bc3c33d5664c145ffa07",
  "coords_stats": {
    "shape": [
      87,
      3
    ],
    "size": 261,
    "min": -32.47700119018555,
    "max": 75.85800170898438,
    "mean": 24.124697330811014,
    "std": 38.310031220632204
  }
}