MODEL,PRED_DOCKQ
1GCJ_af2m,0.033918463
1GCJ,0.00027164884
