{
  "hash": "3acf42d87420ddfcafaeccd4e1e537e026244c13056ed83bf4fb0cabd7368dd1",
  "stats": {
    "shape": [
      76,
      76
    ],
    "size": 5776,
    "min": 0.0,
    "max": 15.393759227560817,
    "mean": 7.4968295304617785,
    "std": 3.07552167965663
  }
}