{
  "count": 38,
  "ids_hash": "f82f8535ee52fe1516f3e5eb76d8fccc0f8916c72ce388a0364f3734e42e30c4",
  "coords_hash": "7087ed25fea6a3e893c62f8c7166e6184ad86d76c81f698dcca82690bca8e3a1",
  "coords_stats": {
    "shape": [
      38,
      3
    ],
    "size": 114,
    "min": 8.112000465393066,
    "max": 107.70099639892578,
    "mean": 53.114035305223965,
    "std": 37.10736956231353
  }
}