MODEL,PRED_DOCKQ
3O6Q_af2m,0.5825963
3O6Q,0.57238346
