{
  "hash": "d3a5c2d54c07ae8a193b763c3eaa7d725c7b85be7a9f647539a537be5b53b235",
  "stats": {
    "shape": [
      92,
      92
    ],
    "size": 8464,
    "min": 0.0,
    "max": 15.413319674227342,
    "mean": 7.74919881955012,
    "std": 3.028070468577414
  }
}