{
  "f0_hash": "b521957d28dd8588e5e4f23d0e39e0565156b1052d8b7a2f60ccdf904b61f177",
  "f1_hash": "c6b5f8d87cd174d1b08831513fb319f45b8b3372ece4be636e63152121819a04",
  "f0_stats": {
    "shape": [
      5
    ],
    "size": 5,
    "min": 0.48085815624263,
    "max": 152.7060423666022,
    "mean": 31.94985938068637,
    "std": 60.38820260226043
  },
  "f1_stats": {
    "shape": [
      15
    ],
    "size": 15,
    "min": 0.01006799910279188,
    "max": 510.8174679311692,
    "mean": 70.80187309811636,
    "std": 163.3768973475182
  }
}