{
  "hash": "d63b6907de5aae61aa1f9ae320c904d5503df5bb06f522734022c96237d10c09",
  "stats": {
    "shape": [
      100,
      100
    ],
    "size": 10000,
    "min": 0.0,
    "max": 15.639179796471975,
    "mean": 7.721854690014054,
    "std": 3.0412113683859086
  }
}