MODEL,PRED_DOCKQ
2PAQ,0.9070556
2PAQ_af2m,0.88406515
