{
  "count": 91,
  "ids_hash": "1f01e419305f7fc0e0079e4aa905b7f6390f5f6dbbcbf48f93904b52d4e1708d",
  "coords_hash": "7edc93a4f0ec7bd3bcf588a3104e0df62b5f985b6636ba30439c8dfe41819cd7",
  "coords_stats": {
    "shape": [
      91,
      3
    ],
    "size": 273,
    "min": 18.591999053955078,
    "max": 82.97899627685547,
    "mean": 45.89889748541864,
    "std": 22.235792178745733
  }
}