{
  "count": 79,
  "ids_hash": "5c25c73457ac37b4d1199c2f31693ea3f028aa2a075bf6d075a7e46fe125e648",
  "coords_hash": "e99a1d60b36cbf2fc55aed57a2e4faecc37d4050da8dd3e8ccd590687d9dc54b",
  "coords_stats": {
    "shape": [
      79,
      3
    ],
    "size": 237,
    "min": 5.123000144958496,
    "max": 35.02899932861328,
    "mean": 18.25075530201071,
    "std": 7.7854646183133465
  }
}