{
  "count": 105,
  "ids_hash": "58223a04d77abadb831faa968a18f6b480b59c2489f9aac5e2a3bfb51e67e27a",
  "coords_hash": "f6295024feead919189c8f73929c5b0a3738a59678f2bb0496d24fb35c6e739c",
  "coords_stats": {
    "shape": [
      105,
      3
    ],
    "size": 315,
    "min": -4.935999870300293,
    "max": 95.88300323486328,
    "mean": 35.820571458292385,
    "std": 37.75783762668787
  }
}