{
  "hash": "13026da10c3d9f53aa9e66dbe3486c134186fcfad41fb7166ecbc8aa411f69d3",
  "stats": {
    "shape": [
      92,
      92
    ],
    "size": 8464,
    "min": 0.0,
    "max": 15.342275007204288,
    "mean": 7.825071266262588,
    "std": 3.0352951129825474
  }
}