MODEL,PRED_DOCKQ
1XRK_af2m,0.88820237
1XRK,0.85992765
