{
  "f0_hash": "bdf6fe25a9fc29f88d24a8232c802b8de931a82964375403a90defe0b32ab27c",
  "f1_hash": "758adfea51bbdd693806c1ea5945468c43dac127c5b6c09fdd9aa1376d43e2c2",
  "f0_stats": {
    "shape": [
      5
    ],
    "size": 5,
    "min": 0.615904559853884,
    "max": 163.1293635570672,
    "mean": 34.077056767507344,
    "std": 64.53499438959038
  },
  "f1_stats": {
    "shape": [
      15
    ],
    "size": 15,
    "min": 0.010434902634088417,
    "max": 492.6974733202244,
    "mean": 68.09053406790436,
    "std": 155.68923870804306
  }
}