{
  "f0_hash": "dd205483f7d621373b8ffcb775b338a811713ef01257e177af625bcae9630214",
  "f1_hash": "3ba6916ff176e1663cc9788cc765f1359389d7b21767c1f4b275f7e87d70eb4a",
  "f0_stats": {
    "shape": [
      5
    ],
    "size": 5,
    "min": 0.7153997272585899,
    "max": 159.96768979947953,
    "mean": 33.493908424201585,
    "std": 63.245941679657946
  },
  "f1_stats": {
    "shape": [
      15
    ],
    "size": 15,
    "min": 0.01050250109473172,
    "max": 473.53190242445487,
    "mean": 66.49809417537553,
    "std": 148.46500320931395
  }
}