MODEL,PRED_DOCKQ
2HA9,0.31908283
2HA9_af2m,0.31333026
