{
  "f0_hash": "2b79fd49fd96c231518d30d69bad77e8cda1875adf481ad441374ac0ef0a5e17",
  "f1_hash": "73ecc06024ec2774cc193514d3d27a29b3535f23481498b8d5e70473e39460d7",
  "f0_stats": {
    "shape": [
      5
    ],
    "size": 5,
    "min": 0.5357630166939379,
    "max": 164.06479952586506,
    "mean": 34.24761426893916,
    "std": 64.91791294556792
  },
  "f1_stats": {
    "shape": [
      15
    ],
    "size": 15,
    "min": 0.011114245462087169,
    "max": 492.1316822815456,
    "mean": 67.73080814198077,
    "std": 155.90549237985584
  }
}