{
  "count": 46,
  "ids_hash": "3f4ff83d042b6bd486af2a4e6f18712bbbb778faaddfa1cf3b994ba10f96f4bf",
  "coords_hash": "f45ee38d0ff6d620888fad812fc122ba39857cb8e5981e97a7c0bb912c2dc88d",
  "coords_stats": {
    "shape": [
      46,
      3
    ],
    "size": 138,
    "min": -22.02899932861328,
    "max": 14.597999572753906,
    "mean": -0.9215217490774997,
    "std": 12.053209700231694
  }
}