{
  "hash": "11f0607ba7e303a888e40c68d631dc8cf5e41b5e33bb22f9e9e36a5bd8e6a88e",
  "stats": {
    "shape": [
      104,
      104
    ],
    "size": 10816,
    "min": 0.0,
    "max": 15.582495618598509,
    "mean": 7.829084444516524,
    "std": 3.0223480928418014
  }
}