{
  "f0_hash": "e46d855591292090b732ddeda32e4177d0f4da7ecb1456dd9750cb509d82e2fa",
  "f1_hash": "0b1e5b50415a0842509ff25e45501c36e2e2564906347f6753ab4f9afea6bf6d",
  "f0_stats": {
    "shape": [
      5
    ],
    "size": 5,
    "min": 0.4870305335193149,
    "max": 167.80484201932154,
    "mean": 34.95860011617358,
    "std": 66.43183639892015
  },
  "f1_stats": {
    "shape": [
      15
    ],
    "size": 15,
    "min": 0.01071378368514786,
    "max": 484.966564259762,
    "mean": 67.01272346468568,
    "std": 153.250474329337
  }
}