{
  "count": 79,
  "ids_hash": "b5edf6653fc2478596fa0df36b5e1b6760477f52f5d34efc2a696289c3dd7c60",
  "coords_hash": "0f6fcdb967217ccce6632938d78c81eed847797dfdf82c2f4be1665033d9ed4b",
  "coords_stats": {
    "shape": [
      79,
      3
    ],
    "size": 237,
    "min": -9.281999588012695,
    "max": 55.94900131225586,
    "mean": 17.945856469074258,
    "std": 22.653945411014554
  }
}