{
  "f0_hash": "41666f291278f8752872969d879e2d1facfce0481eec1f2e6bb1a5e0a6604fa5",
  "f1_hash": "c23c6d8f1bded92da34b556d4aebb5ad965e29f66b64e526e0f83c422bd09729",
  "f0_stats": {
    "shape": [
      5
    ],
    "size": 5,
    "min": 0.5994899122437405,
    "max": 119.43705803508898,
    "mean": 25.369247147890565,
    "std": 47.047608046606214
  },
  "f1_stats": {
    "shape": [
      15
    ],
    "size": 15,
    "min": 0.010844587880812995,
    "max": 304.2532834194095,
    "mean": 43.15140280664318,
    "std": 96.72876404601611
  }
}