MODEL,PRED_DOCKQ
1EF0_af2m,0.09679684
1EF0,0.009649547
