{
  "hash": "59df645fdb8391853aa0957a393409574f202035ab79b1a06264c96a36734862",
  "stats": {
    "shape": [
      112,
      112
    ],
    "size": 12544,
    "min": 0.0,
    "max": 15.436839620646476,
    "mean": 7.949209174207625,
    "std": 2.9930728484447267
  }
}