{
  "hash": "381c0c54d5437f4d7ed5313c8cb56cb8fc39960351bc3dcae3bb1e771ed12a4b",
  "stats": {
    "shape": [
      79,
      79
    ],
    "size": 6241,
    "min": 0.0,
    "max": 15.688347996808139,
    "mean": 7.288571625281741,
    "std": 2.9675126093128266
  }
}