{
  "hash": "01a479573113968342fee53a653bd4f4c3c4bc98dfce5fb5d2e3f9ebebab9723",
  "stats": {
    "shape": [
      120,
      120
    ],
    "size": 14400,
    "min": 0.0,
    "max": 15.606225385291438,
    "mean": 8.268440643047134,
    "std": 3.1307321263879193
  }
}