MODEL,PRED_DOCKQ
5JG7_af2m,0.0564139
5JG7,0.03307341
