{
  "f0_hash": "26d85da4eac0a6df8ac7319220a65930c26882dc94e63cd35cb08b888df1cd36",
  "f1_hash": "951010cd6542c46283e67b16b97cfd5b7d22d1e40316dde4f9613669d19ae43f",
  "f0_stats": {
    "shape": [
      5
    ],
    "size": 5,
    "min": 0.672645734177592,
    "max": 137.29688444900958,
    "mean": 29.206669517422863,
    "std": 54.068750060839186
  },
  "f1_stats": {
    "shape": [
      15
    ],
    "size": 15,
    "min": 0.012503377536524418,
    "max": 399.2579199234262,
    "mean": 56.141725922200415,
    "std": 127.3360270185205
  }
}