MODEL,PRED_DOCKQ
3BPJ_af2m,0.86187094
3BPJ,0.7819153
