{
  "f0_hash": "74abb574f9e2bbc8cd916e997e156050816c6b9999a4f360cab48185ae84fc4b",
  "f1_hash": "562ef2e0e8c5912d158d80f2883ee015dda3799a458209c20533ed3b83b893ff",
  "f0_stats": {
    "shape": [
      5
    ],
    "size": 5,
    "min": 0.5318479381411682,
    "max": 152.3092304408347,
    "mean": 31.879330302548205,
    "std": 60.22448760960099
  },
  "f1_stats": {
    "shape": [
      15
    ],
    "size": 15,
    "min": 0.010487078156827145,
    "max": 425.00681548585663,
    "mean": 58.979215125844576,
    "std": 134.67238920185216
  }
}