{
  "count": 94,
  "ids_hash": "23a1f6fc4d003f3e679a0ce6def3e7adced580b3bb01a0379679e95b92195a94",
  "coords_hash": "6307633444bb3e94aa078426f4734dd461ec20a76835e4b9e39cf556b05bdf30",
  "coords_stats": {
    "shape": [
      94,
      3
    ],
    "size": 282,
    "min": 11.531999588012695,
    "max": 53.2869987487793,
    "mean": 31.56340771194891,
    "std": 11.354713315382323
  }
}