{
  "count": 91,
  "ids_hash": "19359cd7b9674cee3e94d740e51581c2dd414fbc8e4bea7eb3a09f8107d4fe4d",
  "coords_hash": "b4869da92eff1e13588699042f5b0287b02c8617798c265edc349af7171302f7",
  "coords_stats": {
    "shape": [
      91,
      3
    ],
    "size": 273,
    "min": -27.86199951171875,
    "max": 17.53700065612793,
    "mean": -2.977556769596242,
    "std": 13.765388800515984
  }
}