MODEL,PRED_DOCKQ
3UEB_af2m,0.7056038
3UEB,0.039538056
