{
  "count": 68,
  "ids_hash": "77ae46b5beeed4ca05993d80ee2603fc7ab196ff49c47b94656fa721a6775560",
  "coords_hash": "d150a8cc87efd99c68e92b306d7d6ca072b47f0c5a49d5b27115d56eb3cd4511",
  "coords_stats": {
    "shape": [
      68,
      3
    ],
    "size": 204,
    "min": -17.360000610351562,
    "max": 18.066999435424805,
    "mean": -0.9255784773724336,
    "std": 10.192960458590989
  }
}