{
  "f0_hash": "d56e763368c6344ba8e3c2b9e3576c860cfdb1e7e34c2426bd6262073b2eaf97",
  "f1_hash": "f4a1bbb1f02275e1bf64046a234ea508e8b69914e7a302e7c87d9c1a64174e51",
  "f0_stats": {
    "shape": [
      5
    ],
    "size": 5,
    "min": 0.5230383849028786,
    "max": 153.24019498622584,
    "mean": 32.07900243624564,
    "std": 60.590545416890286
  },
  "f1_stats": {
    "shape": [
      15
    ],
    "size": 15,
    "min": 0.010194304419925082,
    "max": 414.3614620658316,
    "mean": 57.54130284252296,
    "std": 130.89247265107468
  }
}