MODEL,PRED_DOCKQ
4V08_af2m,0.85615206
4V08,0.7717976
