{
  "f0_hash": "f594af12a2cb0ce3d81c4e7a3322f76ad2c9f67ed0f524ef9a605b9a5a9489c1",
  "f1_hash": "e760bf03e7b31b62189912e1f5c8c7b565f2a9c1ac8a8c595dbb1d3a003d8e54",
  "f0_stats": {
    "shape": [
      5
    ],
    "size": 5,
    "min": 0.4248979487497209,
    "max": 170.11789140432472,
    "mean": 35.39278986350062,
    "std": 67.3711508958789
  },
  "f1_stats": {
    "shape": [
      15
    ],
    "size": 15,
    "min": 0.01011809799421215,
    "max": 513.8024016651905,
    "mean": 70.79692155502775,
    "std": 162.67368217732096
  }
}