{
  "hash": "114db83eb38b66691083c99a3a5bb04060ccfdbfa7b5251713a5907391f88a24",
  "stats": {
    "shape": [
      112,
      112
    ],
    "size": 12544,
    "min": 0.0,
    "max": 15.549621161239314,
    "mean": 7.987404656137262,
    "std": 3.0713048783248267
  }
}