{
  "hash": "a4ca8df452b94046a9404544ab9674fad4c5c3fec3044ac8203fa173c96755b2",
  "stats": {
    "shape": [
      103,
      103
    ],
    "size": 10609,
    "min": 0.0,
    "max": 15.46726770883752,
    "mean": 7.886712011453903,
    "std": 3.022093707184192
  }
}