{
  "count": 59,
  "ids_hash": "74ef96e8b2ee3c8f05703c84c6a73855118aeb954c5d7494cdb2ee996c31c48e",
  "coords_hash": "59ac354ccddab9857c508d193ef16a18e35c7aab47500578c684263ca8cab772",
  "coords_stats": {
    "shape": [
      59,
      3
    ],
    "size": 177,
    "min": -2.7139999866485596,
    "max": 25.100000381469727,
    "mean": 10.456610149498713,
    "std": 6.711784727426642
  }
}