MODEL,PRED_DOCKQ
1LNW_af2m,0.58131945
1LNW,0.56578267
