{
  "count": 48,
  "ids_hash": "ebd2663e87a9138ef8b36892c0f213945f650514f5e95331a7101159d8dca5ef",
  "coords_hash": "7fb81e734cfa0fec85eaaebfde034cb047a38daa13734c716586dd4676b82245",
  "coords_stats": {
    "shape": [
      48,
      3
    ],
    "size": 144,
    "min": -22.035999298095703,
    "max": 15.571000099182129,
    "mean": -8.319576355318228,
    "std": 11.807122634200093
  }
}