{
  "count": 66,
  "ids_hash": "357e57e1a5e751e1401ad63462f1515c35498a67377ba55ef889962e13c8dbbc",
  "coords_hash": "60ee353d7764b5bdad32fca342569b56305f2dd9f75c317461b39e594f1b48ea",
  "coords_stats": {
    "shape": [
      66,
      3
    ],
    "size": 198,
    "min": 20.856000900268555,
    "max": 85.93900299072266,
    "mean": 44.526363565464216,
    "std": 24.943851263143458
  }
}