{
  "hash": "e8f2be7734252b74ee45b05dda481b312aaef97310a9316ef84341d9fe777b7d",
  "stats": {
    "shape": [
      100,
      100
    ],
    "size": 10000,
    "min": 0.0,
    "max": 15.301919636870522,
    "mean": 7.827417698686244,
    "std": 3.0601308061206582
  }
}