{
  "f0_hash": "d282714b15f7d8fd446c6dbe7db46d244f23110541af528c325eb9f55ceac917",
  "f1_hash": "2af8de940ee09b64d657ed5b1e45ef2894643f9951af1ca0e3eab2fe8bb30859",
  "f0_stats": {
    "shape": [
      5
    ],
    "size": 5,
    "min": 0.4441866042779326,
    "max": 106.65156319991618,
    "mean": 22.691519154627343,
    "std": 41.99312309750988
  },
  "f1_stats": {
    "shape": [
      15
    ],
    "size": 15,
    "min": 0.010350504576982722,
    "max": 239.10699531166736,
    "mean": 34.4321153384027,
    "std": 74.94041237327365
  }
}