{
  "count": 100,
  "ids_hash": "a41a0ded0983b18e466d8cc1cd1e5f1824e607c7484087cdb69309d2f116ef93",
  "coords_hash": "f2ce107b6a51db5d94fecc31d122a1995690d47510febdda9fb421596fd50e10",
  "coords_stats": {
    "shape": [
      100,
      3
    ],
    "size": 300,
    "min": 13.199000358581543,
    "max": 48.066001892089844,
    "mean": 29.77131333033244,
    "std": 9.443924140568626
  }
}