{
  "hash": "17830e6034a5f8b907f1dfabcac490e248509635b620a8505a9642635b18e26b",
  "stats": {
    "shape": [
      52,
      52
    ],
    "size": 2704,
    "min": 0.0,
    "max": 15.379618607381659,
    "mean": 6.9195199704228365,
    "std": 3.0710202344089668
  }
}