MODEL,PRED_DOCKQ
5BWI_af2m,0.011343903
5BWI,0.0005937458
