{
  "count": 87,
  "ids_hash": "95c3b05b085d1401a675544f9dd38fcb411cdd972286a63130856752c35bbd4b",
  "coords_hash": "a523482882d03f1b150baa00fd3c89ddef83f959b2d8740d6b145499cb054dae",
  "coords_stats": {
    "shape": [
      87,
      3
    ],
    "size": 261,
    "min": -21.297000885009766,
    "max": 25.56100082397461,
    "mean": 7.149976987948363,
    "std": 15.363488763961703
  }
}