{
  "count": 101,
  "ids_hash": "9d5a454ab6111c81d41053a1d91a107a8503d911cfc039a97849b582290de59f",
  "coords_hash": "dbefcc5aa92e0961930cd4624f409fcef027080f6b4a4832d39450ed3915247d",
  "coords_stats": {
    "shape": [
      101,
      3
    ],
    "size": 303,
    "min": 0.39500001072883606,
    "max": 73.8759994506836,
    "mean": 31.40350500201628,
    "std": 25.910433752447034
  }
}