{
  "hash": "0dc6d9f9d50bb8c119ceec60351110069c2f9c1c5ca66358b24cefeaf3f0ade5",
  "stats": {
    "shape": [
      97,
      97
    ],
    "size": 9409,
    "min": 0.0,
    "max": 15.68292419000467,
    "mean": 7.714500466110804,
    "std": 2.976395334152036
  }
}