{
  "hash": "2db9075688a55349b8860d2f608d2e8a5d42489ad8fa0ea2b0d653c4f8f60620",
  "stats": {
    "shape": [
      74,
      74
    ],
    "size": 5476,
    "min": 0.0,
    "max": 15.161458569770385,
    "mean": 6.937098715193648,
    "std": 2.942212727949665
  }
}