{
  "count": 73,
  "ids_hash": "84d951ac2e0d36b26e0fb01b1872fd1e3f358e56dce44f5ded12c72342446b6c",
  "coords_hash": "0be85e28c2e96f1afe0624761db2d325b2f2353d55796a1aec5abe518d9154c5",
  "coords_stats": {
    "shape": [
      73,
      3
    ],
    "size": 219,
    "min": -17.93400001525879,
    "max": 20.381999969482422,
    "mean": 1.8049954352687756,
    "std": 10.97446704794031
  }
}