{
  "hash": "8b822f70b0400b65afc0c1a0d0669c72db931d0e045e9b28f8486929a9540a5e",
  "stats": {
    "shape": [
      61,
      61
    ],
    "size": 3721,
    "min": 0.0,
    "max": 14.366483371752228,
    "mean": 6.611155103214034,
    "std": 2.8279009570693527
  }
}