{
  "count": 106,
  "ids_hash": "cfbdd8ceccdcf8f7486aae1ff59afa297640f90b754e599177169e2d274958fb",
  "coords_hash": "6f87e231866f71940c22b64b4eda9f1ed2b48ada409e496f3820d12baf366c3f",
  "coords_stats": {
    "shape": [
      106,
      3
    ],
    "size": 318,
    "min": -34.53799819946289,
    "max": 2.8580000400543213,
    "mean": -15.883000007730985,
    "std": 9.85178776374742
  }
}