MODEL,PRED_DOCKQ
4XSO_af2m,0.11823319
4XSO,0.033390194
