{
  "count": 53,
  "ids_hash": "35b679e8818b3c8bbac5abf69b94c3a5d71a503bdbbf084caa900edabb1fcc92",
  "coords_hash": "3a0a1c0c284c2dcdea20c3c8aec6b7919d36adf9f3fe5c63aefac3455cf3feff",
  "coords_stats": {
    "shape": [
      53,
      3
    ],
    "size": 159,
    "min": 7.254000186920166,
    "max": 46.10900115966797,
    "mean": 26.04869809240665,
    "std": 11.239919078257742
  }
}