{
  "f0_hash": "8cfad5b038d35d40eb86f9df6aac73a9ff19e82d02c9a90ada3a685055f6f0b3",
  "f1_hash": "e6c1fdf5fe7afbb6cdb1c5edfa337bbde11837e148d557506cf95cd171f5d1b3",
  "f0_stats": {
    "shape": [
      5
    ],
    "size": 5,
    "min": 0.4764499812729002,
    "max": 163.81306256934346,
    "mean": 34.087873414067374,
    "std": 64.87099453334328
  },
  "f1_stats": {
    "shape": [
      15
    ],
    "size": 15,
    "min": 0.010700364433748,
    "max": 555.1316889526804,
    "mean": 76.89394543560387,
    "std": 177.4418274901129
  }
}