MODEL,PRED_DOCKQ
5XUN_af2m,0.91141963
5XUN,0.9032234
