{
  "hash": "ab580afba4fdf003de7713c9766bf006fd294d0cb62f19f5e567fb597ee7ff52",
  "stats": {
    "shape": [
      66,
      66
    ],
    "size": 4356,
    "min": 0.0,
    "max": 13.594983431406376,
    "mean": 6.526121881933575,
    "std": 2.632283106680546
  }
}