{
  "f0_hash": "e3105193c9293d484d38b63d677933cdea30f7ff77bbca4876bb590ecf87efe2",
  "f1_hash": "c36dacc4ab7afa74d36ddb165ed15f522c9f0967fbfd864d4efb72ab0e20d242",
  "f0_stats": {
    "shape": [
      5
    ],
    "size": 5,
    "min": 0.44807231881998744,
    "max": 127.99287249309367,
    "mean": 26.91197785691058,
    "std": 50.549892037553604
  },
  "f1_stats": {
    "shape": [
      15
    ],
    "size": 15,
    "min": 0.010644177895088092,
    "max": 372.05465503298944,
    "mean": 51.753105751603236,
    "std": 119.24083930655947
  }
}