{
  "hash": "33421336ce6f9aff0f488b7f5f4c6e9ad4f4e4fd08f431f826fcc7126c61740b",
  "stats": {
    "shape": [
      86,
      86
    ],
    "size": 7396,
    "min": 0.0,
    "max": 15.105147942494545,
    "mean": 7.834212440578028,
    "std": 3.084204630981219
  }
}