{
  "f0_hash": "7ceba8c93893e884c455cd18a9a88a2cecc9be79b11d1749b96145601e456a57",
  "f1_hash": "7826afe28efdb946460470c0f80aa7fd68677c53bfc9d138218f9dd2dc02d0b4",
  "f0_stats": {
    "shape": [
      5
    ],
    "size": 5,
    "min": 0.5448311427395389,
    "max": 137.08409126835858,
    "mean": 28.806893546438943,
    "std": 54.1478099512951
  },
  "f1_stats": {
    "shape": [
      15
    ],
    "size": 15,
    "min": 0.011551398353650377,
    "max": 394.2633932189508,
    "mean": 55.38817287351365,
    "std": 126.11663307108705
  }
}