{
  "hash": "9a0475d5d2f26055c7cf7a3ac2a263e0d2f93402ca369e4bbfe7c62e65c96a40",
  "stats": {
    "shape": [
      112,
      112
    ],
    "size": 12544,
    "min": 0.0,
    "max": 15.790972991908864,
    "mean": 8.006288084697282,
    "std": 3.055667160691019
  }
}