{
  "f0_hash": "118802485c368c4824d53f63286a80fb0868f8199194b446f97d541fa4041fdf",
  "f1_hash": "8bc02a671cf9e8dc6ece4bc03a3e01effb26de4ce633484c87482329ce83f121",
  "f0_stats": {
    "shape": [
      5
    ],
    "size": 5,
    "min": 0.4227853111957875,
    "max": 175.2849628164051,
    "mean": 36.411019194229816,
    "std": 69.44478483326054
  },
  "f1_stats": {
    "shape": [
      15
    ],
    "size": 15,
    "min": 0.010348814031173603,
    "max": 469.3320293398656,
    "mean": 64.85685422487137,
    "std": 148.37778360798293
  }
}