MODEL,PRED_DOCKQ
3HTR,0.05517258
3HTR_af2m,0.017916858
