{
  "count": 113,
  "ids_hash": "6bdf3d75211b7cb140f0f64b1399902e951f5a1cf3a59f054913430732dd6054",
  "coords_hash": "40eea34eec38df3a1679b2845d81760d532ee38526f1826c5b37d53f4bf965f3",
  "coords_stats": {
    "shape": [
      113,
      3
    ],
    "size": 339,
    "min": -25.738000869750977,
    "max": 39.68899917602539,
    "mean": 9.708589970186397,
    "std": 21.097905915712783
  }
}