MODEL,PRED_DOCKQ
3W5S,0.85181355
3W5S_af2m,0.81040114
