{
  "hash": "2efc6bac6b80a979f93c47afe2fcca02477e512fd9485f9c40324a52a09f7e5d",
  "stats": {
    "shape": [
      120,
      120
    ],
    "size": 14400,
    "min": 0.0,
    "max": 15.7018944547034,
    "mean": 8.268808684069745,
    "std": 3.112605454174284
  }
}