{
  "f0_hash": "fcfc30df4f51285e1239f13395f8ba764d001d8f0c6dcb825642eb0c1f2a555f",
  "f1_hash": "2286a248238926a9d0455e13ddceb0f3a79086674f5af2ed24266b0611cdea3b",
  "f0_stats": {
    "shape": [
      5
    ],
    "size": 5,
    "min": 0.3882856948721165,
    "max": 184.5733388604604,
    "mean": 38.16693161983739,
    "std": 73.20874991277826
  },
  "f1_stats": {
    "shape": [
      15
    ],
    "size": 15,
    "min": 0.011570050523527442,
    "max": 559.996156114725,
    "mean": 77.64387035901201,
    "std": 176.96165169448315
  }
}