MODEL,PRED_DOCKQ
1OF8_af2m,0.91106737
1OF8,0.7814479
