{
  "count": 93,
  "ids_hash": "ad6ff479eb373d88f9df93fdde6a60f1b7bbd560e2118f54ba7b843b865bb4fd",
  "coords_hash": "fdd876ff3fb909445db9213b8e90b8369565eb171958f2ad4cd8dbb564eebd00",
  "coords_stats": {
    "shape": [
      93,
      3
    ],
    "size": 279,
    "min": 6.51200008392334,
    "max": 40.505001068115234,
    "mean": 23.500311848083278,
    "std": 8.96927781207164
  }
}