{
  "hash": "1ba32b6c02f4945d74e119bff3a7cf0f58d60023cbc82b1bef701bb6b87c1e35",
  "stats": {
    "shape": [
      73,
      73
    ],
    "size": 5329,
    "min": 0.0,
    "max": 15.579344773557247,
    "mean": 7.315295559012263,
    "std": 3.040852789409055
  }
}