{
  "count": 109,
  "ids_hash": "69f20a66e3523e587273bea6d99e5df028c9aafe1730e068c78eb32993d4705b",
  "coords_hash": "6d83498a9ab1f1664a65c078dc2d648ecb84f1bf29390ce91b18ded828c7fc42",
  "coords_stats": {
    "shape": [
      109,
      3
    ],
    "size": 327,
    "min": -13.954999923706055,
    "max": 48.22600173950195,
    "mean": 13.385425057387497,
    "std": 20.37194436630785
  }
}