{
  "f0_hash": "3d711536e173b9d090772ab4c01be3ed1c57ac8d67386afc750567043a4c62d0",
  "f1_hash": "93488bbb9e783be5c2dc1f2a46b4f2a94652e6e00fd001b5212c95d2e6b349c9",
  "f0_stats": {
    "shape": [
      5
    ],
    "size": 5,
    "min": 0.506978713647595,
    "max": 138.19313443419264,
    "mean": 29.423815969131976,
    "std": 54.41445122441337
  },
  "f1_stats": {
    "shape": [
      15
    ],
    "size": 15,
    "min": 0.011520899345820013,
    "max": 371.99753019251244,
    "mean": 52.32866219806728,
    "std": 118.44518101486943
  }
}