{
  "f0_hash": "0fe274268e416b3858bb5b4979ce81c19c63aebd5825aea0d8dfc95dfbd6e8d8",
  "f1_hash": "bb5cf669d24d7c7ed5f5980dfa8dfaaeb1685d7eea301de036d544e11c9ea78a",
  "f0_stats": {
    "shape": [
      5
    ],
    "size": 5,
    "min": 0.36490198786334804,
    "max": 163.6818808177349,
    "mean": 33.9904223913198,
    "std": 64.85209470818695
  },
  "f1_stats": {
    "shape": [
      15
    ],
    "size": 15,
    "min": 0.011584323533893937,
    "max": 430.121037009956,
    "mean": 59.53360712638403,
    "std": 135.83413172804785
  }
}