{
  "hash": "d185112579d21149ddaeb8c9567be7c9890e80f3f6c66f1bce91a6d91d76f5b0",
  "stats": {
    "shape": [
      101,
      101
    ],
    "size": 10201,
    "min": 0.0,
    "max": 15.684279390396815,
    "mean": 7.917455104932292,
    "std": 3.0381024686913247
  }
}