MODEL,PRED_DOCKQ
2C1V,0.85636413
2C1V_af2m,0.8425645
