{
  "hash": "069dda68a5d23388e3fdefe84a45ae987f297e17f715b2444ce8e6e3cc5c3100",
  "stats": {
    "shape": [
      99,
      99
    ],
    "size": 9801,
    "min": 0.0,
    "max": 15.46915884558863,
    "mean": 7.777210230296101,
    "std": 3.093660812126443
  }
}