{
  "hash": "5f0187d56d48ff6c53eec93e2c4bff8b6f08fdab75829aaaecac8772eca5cddc",
  "stats": {
    "shape": [
      83,
      83
    ],
    "size": 6889,
    "min": 0.0,
    "max": 15.66165710030316,
    "mean": 7.538283826788392,
    "std": 3.0362552724130016
  }
}