{
  "count": 107,
  "ids_hash": "dd4b7ca960ec23da5632cdf5d8db38f236c6099abbefcdd6389b4f2bd4946bb4",
  "coords_hash": "acf2098a3dd15a27c59ee7274ad121281c047003ea47e428a598478201ab835a",
  "coords_stats": {
    "shape": [
      107,
      3
    ],
    "size": 321,
    "min": -18.155000686645508,
    "max": 23.475000381469727,
    "mean": -0.7525545365620996,
    "std": 12.431821171234112
  }
}