MODEL,PRED_DOCKQ
3H7H,0.8822569
3H7H_af2m,0.8795525
