{
  "hash": "c2adf687f72daa0cb5343aa50a0292271244be47756943e0a58f43c5df173b38",
  "stats": {
    "shape": [
      49,
      49
    ],
    "size": 2401,
    "min": 0.0,
    "max": 15.023592506307699,
    "mean": 6.348282972231774,
    "std": 2.7457198579040485
  }
}