MODEL,PRED_DOCKQ
4RP3,0.6722435
4RP3_af2m,0.639532
