{
  "f0_hash": "f1323828cf1b8549c7d21b066dac0ba2193cd4ee33c43ce263241a6479856fbd",
  "f1_hash": "f72f3be4e4782b5328bd95cb9a10ffd24d2c5b4a7070342df480ab8b70371ce4",
  "f0_stats": {
    "shape": [
      5
    ],
    "size": 5,
    "min": 0.6259257477530652,
    "max": 157.5438397365139,
    "mean": 33.029040920568434,
    "std": 62.26859356667722
  },
  "f1_stats": {
    "shape": [
      15
    ],
    "size": 15,
    "min": 0.01153315752375983,
    "max": 476.4475754702516,
    "mean": 66.58611945879233,
    "std": 151.78613274651954
  }
}