{
  "count": 86,
  "ids_hash": "f1593977ad0923666a05678d27b8fc69faa8cf2aaa438cca104c9b2b9716f0a2",
  "coords_hash": "367c78cbd30c0d29e783126210b476dfa348a1e70d2ab57c4d7c34896826919b",
  "coords_stats": {
    "shape": [
      86,
      3
    ],
    "size": 258,
    "min": 12.90999984741211,
    "max": 96.20600128173828,
    "mean": 48.30476761233899,
    "std": 30.004426801151258
  }
}