{
  "count": 109,
  "ids_hash": "fbd05d1ee19efe13c98334c25568eabe3dfbaac12847ba8b61a90a8c27d07bb8",
  "coords_hash": "e5844b1d878a8daad81dec420713d96cf10fe5db6794221125de461f027c775b",
  "coords_stats": {
    "shape": [
      109,
      3
    ],
    "size": 327,
    "min": -15.71399974822998,
    "max": 13.595000267028809,
    "mean": -0.08283181663955752,
    "std": 7.359725387662925
  }
}