{
  "count": 183,
  "ids_hash": "f5b40ebc886ef5842484f91e4846fef6866deceba4c672760e18736e3b834df3",
  "coords_hash": "d28a4af7e1b9de91f2d8cbceb90a21a0550fc2e80ca9b8530aca8a9bee141744",
  "coords_stats": {
    "shape": [
      183,
      3
    ],
    "size": 549,
    "min": -22.790000915527344,
    "max": 21.375,
    "mean": -5.1439235136591455,
    "std": 13.991358407045096
  }
}