MODEL,PRED_DOCKQ
3KF6_af2m,0.84687203
3KF6,0.8206474
