MODEL,PRED_DOCKQ
2CG5_af2m,0.14074376
2CG5,0.0722469
