{
  "hash": "d2f9555f226d1b0e107ea125f2f84b2ba991cb1b9055d5f980ebcdd47b8a06a8",
  "stats": {
    "shape": [
      97,
      97
    ],
    "size": 9409,
    "min": 0.0,
    "max": 15.325654288260766,
    "mean": 7.8660547574573405,
    "std": 3.080066625941441
  }
}