{
  "hash": "4622eef5064865ec6cbf0fcd00b9ec9f89eed60a9d83160f68fb58cb231cc931",
  "stats": {
    "shape": [
      89,
      89
    ],
    "size": 7921,
    "min": 0.0,
    "max": 15.595188623668353,
    "mean": 7.597767489077183,
    "std": 3.018654263689365
  }
}