{
  "hash": "c3b872ce4ec9bcd3707456f4919bbecddf58b25d4db39d20dba7c6bd7e51951c",
  "stats": {
    "shape": [
      117,
      117
    ],
    "size": 13689,
    "min": 0.0,
    "max": 15.461740368346037,
    "mean": 8.18602274329324,
    "std": 3.072790793543037
  }
}