{
  "f0_hash": "0e26012ae0a90f6bde37f4ea9aea8a047ac9938faee94206555bfd9044c397ab",
  "f1_hash": "fd2a56959f628143738400eea5838573f12d58d47c9ba1678cf90b5f78a5da2d",
  "f0_stats": {
    "shape": [
      5
    ],
    "size": 5,
    "min": 0.5413944299784474,
    "max": 154.5370324258979,
    "mean": 32.27251061945036,
    "std": 61.13978733485996
  },
  "f1_stats": {
    "shape": [
      15
    ],
    "size": 15,
    "min": 0.011039974257988305,
    "max": 538.3007136626403,
    "mean": 74.06752174828097,
    "std": 172.7349990209722
  }
}