{
  "f0_hash": "7a4406f2366b9b7aeb9aa3ad471b59c56e3e9320e4e25ae51f1e998df4a93dc7",
  "f1_hash": "35c165fd26e65f6c168ae5f533ed3030005a8f9303c34fe621cac30e77b808f7",
  "f0_stats": {
    "shape": [
      5
    ],
    "size": 5,
    "min": 0.5805395366337034,
    "max": 170.53770378066687,
    "mean": 35.53787428967845,
    "std": 67.5083768737299
  },
  "f1_stats": {
    "shape": [
      15
    ],
    "size": 15,
    "min": 0.010988078096122234,
    "max": 506.19624482570055,
    "mean": 70.30615912143341,
    "std": 159.66520514925588
  }
}