{
  "count": 101,
  "ids_hash": "da8f85ec6751d5f08e610daa064e1278289bbe123d15bcf527c33683968320cf",
  "coords_hash": "5f7d35ea84b5496fb3dad603335b9e410465baa3cffc459193a069279693eb18",
  "coords_stats": {
    "shape": [
      101,
      3
    ],
    "size": 303,
    "min": -21.381000518798828,
    "max": 33.904998779296875,
    "mean": 9.704934013165262,
    "std": 18.193770660692504
  }
}