MODEL,PRED_DOCKQ
4AXO,0.8583816
4AXO_af2m,0.81886566
