{
  "f0_hash": "295679d36a7f9d96f93f30d62c9e52ccc337ee16943b7950baa563c6a1fc1e7c",
  "f1_hash": "47057b883a2b89f7f2c77994575958d54451b5104c3697304c4696102d29b2aa",
  "f0_stats": {
    "shape": [
      5
    ],
    "size": 5,
    "min": 0.4458499035752478,
    "max": 112.61121697756253,
    "mean": 23.96426726822205,
    "std": 44.33967625580607
  },
  "f1_stats": {
    "shape": [
      15
    ],
    "size": 15,
    "min": 0.010958666043391574,
    "max": 279.4556638417433,
    "mean": 39.328220800262315,
    "std": 88.91729405078404
  }
}