{
  "count": 113,
  "ids_hash": "8d1728255abc5ccd477bbe0510a3483b8c7967f07b0dbb4881fcc2bb24995010",
  "coords_hash": "e1531f8bf278a912035cfd82971052e307914fb649ea40d293aa791d1c97f7de",
  "coords_stats": {
    "shape": [
      113,
      3
    ],
    "size": 339,
    "min": -18.297000885009766,
    "max": 10.60099983215332,
    "mean": -2.856280248002273,
    "std": 7.1251865413171664
  }
}