MODEL,PRED_DOCKQ
4R6I,0.34340134
4R6I_af2m,0.19627757
