MODEL,PRED_DOCKQ
1XE7,0.8654654
1XE7_af2m,0.86144346
