MODEL,PRED_DOCKQ
5K0A_af2m,0.9237135
5K0A,0.85193837
