{
  "count": 91,
  "ids_hash": "f5088c351ecc5b069dd36d45eeea18d7b3941c1b4e37548f31dde3f118664099",
  "coords_hash": "88ae9afaf00085facc0427dcadeed07c8e04b62b0a98554536b847d8e63e55fc",
  "coords_stats": {
    "shape": [
      91,
      3
    ],
    "size": 273,
    "min": 0.9309999942779541,
    "max": 33.42300033569336,
    "mean": 16.238175808728396,
    "std": 7.670050124599948
  }
}