{
  "f0_hash": "5d84ef708385e7f601c68477979aac6b99f2083c587d96a4354b6a95598720a1",
  "f1_hash": "ffb6baf527ad1c8f1db656eac03bfe70b8eb5e1a2160bc0fcf0792d27de523c3",
  "f0_stats": {
    "shape": [
      5
    ],
    "size": 5,
    "min": 0.46923992366043,
    "max": 130.74854019086624,
    "mean": 27.516902541833538,
    "std": 51.62619818856042
  },
  "f1_stats": {
    "shape": [
      15
    ],
    "size": 15,
    "min": 0.010089645722351825,
    "max": 354.7013617836307,
    "mean": 49.131461326142144,
    "std": 112.82132397764414
  }
}