MODEL,PRED_DOCKQ
2NXV_af2m,0.8654133
2NXV,0.84396774
