{
  "count": 78,
  "ids_hash": "df173434b02caf659d43decbf175b29f2d301055ae890203a015da5f5c7b6069",
  "coords_hash": "598701c3450d6517d927da36048f01759ca403515cf3b18afda444dc6c31a9ce",
  "coords_stats": {
    "shape": [
      78,
      3
    ],
    "size": 234,
    "min": -40.7599983215332,
    "max": 34.88100051879883,
    "mean": -2.429743548329824,
    "std": 26.1270528844103
  }
}