MODEL,PRED_DOCKQ
4KWA_af2m,0.9049076
4KWA,0.81513023
