{
  "count": 115,
  "ids_hash": "9cdf43673363d75239f323ef82a16377c5bc02faf3b2bf3fe4c093c6988cbc37",
  "coords_hash": "f10755a2b3f975768c65dad08e29b8f1fafa5b4bf3573ea737cdd6be4e20efa2",
  "coords_stats": {
    "shape": [
      115,
      3
    ],
    "size": 345,
    "min": -6.035999774932861,
    "max": 90.16200256347656,
    "mean": 38.50026652059261,
    "std": 33.97592947264268
  }
}