{
  "hash": "6b823b3087d22d60a47a4f928a0b5a8ec7b4c194ce109de57268c4f6047ab2cc",
  "stats": {
    "shape": [
      94,
      94
    ],
    "size": 8836,
    "min": 0.0,
    "max": 14.636379832646579,
    "mean": 7.198183557310245,
    "std": 2.824660442582421
  }
}