{
  "count": 65,
  "ids_hash": "9508a0e668741e53c468b4eb029f69eb1576bd2db2460323bfeb2ad68f3b7079",
  "coords_hash": "7b32e63ba6bcae77f59e732130c36dc9c5e5627d4669dc8e4edbcd36815894b0",
  "coords_stats": {
    "shape": [
      65,
      3
    ],
    "size": 195,
    "min": -60.391998291015625,
    "max": 33.69300079345703,
    "mean": -0.7221794813107222,
    "std": 37.57024918063983
  }
}