{
  "count": 94,
  "ids_hash": "01365d396bb1b557676018748c7cacda526d72588b86a9ddf86898c09f7658c1",
  "coords_hash": "d9984729921b21b2e6835170a9e4b10591ce42a37a83f2cd4e582a451213305c",
  "coords_stats": {
    "shape": [
      94,
      3
    ],
    "size": 282,
    "min": -13.489999771118164,
    "max": 12.10200023651123,
    "mean": -1.8828829740907282,
    "std": 6.056466460674119
  }
}