{
  "f0_hash": "9702c70ba6e0a77b5627ce59062ad279ff90e1b04cd911d77d7fbe617dcb8618",
  "f1_hash": "601e34f084711d09d4e6d443343474643aeae1afbfc8b13807d2b82e6da6fc33",
  "f0_stats": {
    "shape": [
      5
    ],
    "size": 5,
    "min": 0.29286474177448824,
    "max": 104.57698148014737,
    "mean": 22.094025540686793,
    "std": 41.24998054656691
  },
  "f1_stats": {
    "shape": [
      15
    ],
    "size": 15,
    "min": 0.011710516955814043,
    "max": 190.56706447699844,
    "mean": 27.377294428140207,
    "std": 59.95698572173636
  }
}