{
  "hash": "a9b6dfe1e17568defd8805665048a5dbebdf09e2a842203d6b95da776413af06",
  "stats": {
    "shape": [
      104,
      104
    ],
    "size": 10816,
    "min": 0.0,
    "max": 15.613791042607373,
    "mean": 8.029411878771807,
    "std": 3.0640484748904138
  }
}