{
  "f0_hash": "768663f1c6c2a97f6cb308a10550a94faadbe59efe2898dd1a58d810147d1238",
  "f1_hash": "0ac661124d6d794da2a9196e89f6ae45e6647b221cbef74ea18830bce6cd362c",
  "f0_stats": {
    "shape": [
      5
    ],
    "size": 5,
    "min": 0.5129167584598289,
    "max": 162.50773824436462,
    "mean": 33.91764406816308,
    "std": 64.30418886131572
  },
  "f1_stats": {
    "shape": [
      15
    ],
    "size": 15,
    "min": 0.012023188162835652,
    "max": 487.0370823385536,
    "mean": 67.3227928480017,
    "std": 154.64832758896011
  }
}