{
  "count": 52,
  "ids_hash": "8e2e5764b32369389d360b97b4ce454df3aebe4e02d53065d342821ef0e4053b",
  "coords_hash": "9b55befe5eb56d422ae463a11b363619d273bac1df5e39cf29aab349e33da3f4",
  "coords_stats": {
    "shape": [
      52,
      3
    ],
    "size": 156,
    "min": 2.305999994277954,
    "max": 76.8489990234375,
    "mean": 30.69316032146796,
    "std": 28.582641114067584
  }
}