{
  "f0_hash": "3bda3c451f8f28810da5d6ea344b1fec3623ec24de274fc8432badf23e1dd9ef",
  "f1_hash": "a223e5cd8e59b7fc494889c8bedac2480fd18b1caa323da762223cec1e66d80e",
  "f0_stats": {
    "shape": [
      5
    ],
    "size": 5,
    "min": 0.4165372242169976,
    "max": 126.8084288867386,
    "mean": 26.715274712465835,
    "std": 50.0575692839965
  },
  "f1_stats": {
    "shape": [
      15
    ],
    "size": 15,
    "min": 0.010464662969056349,
    "max": 297.46072489019184,
    "mean": 41.75835824324592,
    "std": 93.81636127688198
  }
}