{
  "f0_hash": "dd51646a2234aa7e53ff7f9e434d1df52a16217992d63d834ea013f2fa180a6c",
  "f1_hash": "2347119fa5104998f22a60c38b7b5b643057bd6a83b6fdd15ea2ebe239e5d329",
  "f0_stats": {
    "shape": [
      5
    ],
    "size": 5,
    "min": 0.23290186050750644,
    "max": 170.60234733238192,
    "mean": 35.17009984582951,
    "std": 67.72450170584723
  },
  "f1_stats": {
    "shape": [
      15
    ],
    "size": 15,
    "min": 0.010002550813036137,
    "max": 409.29187679841726,
    "mean": 56.40740593100362,
    "std": 129.83870119675254
  }
}