{
  "count": 105,
  "ids_hash": "d201f7e3977cc1a0280bd43ebb31eb095fdda3e8859e0cbf8adfd9371805ab05",
  "coords_hash": "35207951f739dfa9809fff22bb3beaa7cd30043adc76c5aea208732be91d3f2f",
  "coords_stats": {
    "shape": [
      105,
      3
    ],
    "size": 315,
    "min": -20.649999618530273,
    "max": 28.719999313354492,
    "mean": 8.304638107239255,
    "std": 16.2185320095303
  }
}