MODEL,PRED_DOCKQ
2NS9_af2m,0.7071465
2NS9,0.0021655045
