{
  "f0_hash": "24ac5a725e6d1f7ad2a7f5d74d3933dd41f161f737839ec0b1fe7b1e7c6c87d4",
  "f1_hash": "dd7b2b15c5e95b9e33275fac563824157aa7ee9855bb09c7472a15165f8ff7fa",
  "f0_stats": {
    "shape": [
      5
    ],
    "size": 5,
    "min": 0.5040936841699823,
    "max": 163.86545173592327,
    "mean": 34.223440829104824,
    "std": 64.83149705021638
  },
  "f1_stats": {
    "shape": [
      15
    ],
    "size": 15,
    "min": 0.01094669655855851,
    "max": 477.5761946811869,
    "mean": 65.93431037486783,
    "std": 151.83546250620546
  }
}