{
  "hash": "510186ba7bfad26a64b1356bbdc9506827f493a250a1c05b0d202b3b2f15f7ef",
  "stats": {
    "shape": [
      112,
      112
    ],
    "size": 12544,
    "min": 0.0,
    "max": 15.494287672631815,
    "mean": 7.7613251756336545,
    "std": 2.937822908237431
  }
}