{
  "hash": "33f7abdc3e3c3db761fddbfcb23560180f1862b2bc4e6749938243816ab9e2ce",
  "stats": {
    "shape": [
      73,
      73
    ],
    "size": 5329,
    "min": 0.0,
    "max": 15.190019017566573,
    "mean": 6.876131257952678,
    "std": 2.7717357414039987
  }
}