{
  "hash": "2e93ddc6bdbe5e98fe6f7d716e8dedbac9cf26157b2e6ec8bbf33edddbc5b724",
  "stats": {
    "shape": [
      101,
      101
    ],
    "size": 10201,
    "min": 0.0,
    "max": 15.481059320763965,
    "mean": 7.807313039470409,
    "std": 2.9961902203412163
  }
}