{
  "hash": "40218c4647f381e67f76dcb75307ca2ea0ff64607f7f4ee201b00db1ea203d6a",
  "stats": {
    "shape": [
      96,
      96
    ],
    "size": 9216,
    "min": 0.0,
    "max": 15.420969184601555,
    "mean": 7.793425903290891,
    "std": 3.0528900515325277
  }
}