MODEL,PRED_DOCKQ
2AZE_af2m,0.07916773
2AZE,0.049559064
