{
  "f0_hash": "7a7caa6e047933d03546ca3960face18f2f7d9ad36a1f2d9a484258caf75ab08",
  "f1_hash": "932db0f4a45446312ccda9ac3c9079f4f7ac3211dded915f59417139f51b3a2b",
  "f0_stats": {
    "shape": [
      5
    ],
    "size": 5,
    "min": 0.5379032541025157,
    "max": 96.80666613572852,
    "mean": 20.753747487273777,
    "std": 38.04023402018855
  },
  "f1_stats": {
    "shape": [
      15
    ],
    "size": 15,
    "min": 0.010840538146262624,
    "max": 163.9666897323401,
    "mean": 23.802479125320396,
    "std": 51.7785533290987
  }
}