MODEL,PRED_DOCKQ
4XDN,0.77650684
4XDN_af2m,0.7735413
