{
  "count": 77,
  "ids_hash": "665d93249e01c4e42bc43c1121033cca62529fea501dec22430f90e564dd09fb",
  "coords_hash": "c33af93e95d5a02b09e416cec37607e4ab70adb673b255a549aa9760222d15b9",
  "coords_stats": {
    "shape": [
      77,
      3
    ],
    "size": 231,
    "min": -12.652000427246094,
    "max": 17.82200050354004,
    "mean": 0.030454535085659522,
    "std": 8.4937120237894
  }
}