{
  "f0_hash": "c284f83fec356f48077f0bb6da12bb7887a08725558ef26316148496731c0f9d",
  "f1_hash": "3a9d34f6f80b458c0b1ff6126e7a7b30f62ba6f7a167b19ac2d71cb7caecb692",
  "f0_stats": {
    "shape": [
      5
    ],
    "size": 5,
    "min": 0.4673458680260551,
    "max": 152.3625525857243,
    "mean": 31.829321665424033,
    "std": 60.27511986642663
  },
  "f1_stats": {
    "shape": [
      15
    ],
    "size": 15,
    "min": 0.011382978676920175,
    "max": 355.7065381901999,
    "mean": 49.679094793287994,
    "std": 111.7195281561924
  }
}