{
  "f0_hash": "a276c0fea8cd9816f410a5fb2b277c015bfdb29a2e20c094fe135fb05e643999",
  "f1_hash": "0c6027521b5990d3fee86c606fcb1a0909268b39537a416068af3152c3af30da",
  "f0_stats": {
    "shape": [
      5
    ],
    "size": 5,
    "min": 0.6151213767328253,
    "max": 144.8079479986788,
    "mean": 30.485641586625682,
    "std": 57.17383386016473
  },
  "f1_stats": {
    "shape": [
      15
    ],
    "size": 15,
    "min": 0.010037405910879649,
    "max": 393.3636278931426,
    "mean": 54.994923099940074,
    "std": 124.50939018433952
  }
}