{
  "hash": "27d3dd73960a17ea67c7669d34421ed5f4b92343d74df860c579e7fc4f2cafa9",
  "stats": {
    "shape": [
      110,
      110
    ],
    "size": 12100,
    "min": 0.0,
    "max": 15.44914442509582,
    "mean": 7.757416250618483,
    "std": 2.976245199825081
  }
}