{
  "count": 60,
  "ids_hash": "91aa4d1621c4d45ec12d0fe213c54364c57420e19d1dcdcec72b34ad874c349d",
  "coords_hash": "ac817ab021aec5369b66f2b0b3d22461fc4589307f5531aacbd3197a47ee8912",
  "coords_stats": {
    "shape": [
      60,
      3
    ],
    "size": 180,
    "min": 5.199999809265137,
    "max": 92.18099975585938,
    "mean": 37.17895543575287,
    "std": 33.83904941006281
  }
}