{
  "count": 112,
  "ids_hash": "94f0e9e53be6c0b3f3a66dadfd1211437a0b3348f6f6ea14edd293873a191f8c",
  "coords_hash": "6597c17ffc60733738e2330e7ae7bca9b9252331a3be634c4efe939d0403bf96",
  "coords_stats": {
    "shape": [
      112,
      3
    ],
    "size": 336,
    "min": -15.12399959564209,
    "max": 34.361000061035156,
    "mean": 10.675526798303638,
    "std": 15.111672757692459
  }
}