{
  "hash": "fb108ee3acf08863d49ce4da9622d600918d2d8092ddf308a5c3711c0c62524e",
  "stats": {
    "shape": [
      100,
      100
    ],
    "size": 10000,
    "min": 0.0,
    "max": 15.512504173153106,
    "mean": 7.964183250944293,
    "std": 3.0436097123529007
  }
}