{
  "f0_hash": "c4b991c11c2467467d5e3782f4b2dab225020d7002682c72191dc7961b7ca5d2",
  "f1_hash": "cd8f3fc12406617dbb7343d8117256e363c30bd29d350cbc58d5b9523b16793e",
  "f0_stats": {
    "shape": [
      5
    ],
    "size": 5,
    "min": 0.16544095194683298,
    "max": 63.14913349834728,
    "mean": 13.654734693729532,
    "std": 24.756482178314375
  },
  "f1_stats": {
    "shape": [
      15
    ],
    "size": 15,
    "min": 0.010493796630534291,
    "max": 92.960727054811,
    "mean": 14.485830741880253,
    "std": 29.351117852834673
  }
}