MODEL,PRED_DOCKQ
3RHT_af2m,0.9236423
3RHT,0.90889114
