{
  "f0_hash": "c7f6ac5b21bc86318c4b1be051f5806caa2366f1a3da5dab02aa2c1ec122636e",
  "f1_hash": "99fc51e098cd3669be860ce33051e6e7b05f3907252ef8d8ff3d2e08f83dec1b",
  "f0_stats": {
    "shape": [
      5
    ],
    "size": 5,
    "min": 0.6329097366766876,
    "max": 95.57141880150469,
    "mean": 20.672963561274962,
    "std": 37.4705201504495
  },
  "f1_stats": {
    "shape": [
      15
    ],
    "size": 15,
    "min": 0.010637016041883385,
    "max": 201.15560485840763,
    "mean": 29.32152246339463,
    "std": 63.80613947030263
  }
}