{
  "count": 113,
  "ids_hash": "b93589d1a64deef2bacbdf3ae5e102793853807c2b6e2918fd79b2193d9aa7e9",
  "coords_hash": "bfa1f5c39c763b2e13c19939672c5cf60bc7dd03e014d0b634e38c68bfd45347",
  "coords_stats": {
    "shape": [
      113,
      3
    ],
    "size": 339,
    "min": -45.999000549316406,
    "max": 54.15700149536133,
    "mean": -2.550212359358076,
    "std": 36.813702114460135
  }
}