{
  "count": 74,
  "ids_hash": "a5f7ef536bac4e0b9dc955c2d9f7127d3001b2abde27647b05468f9b49dbabe2",
  "coords_hash": "eace538b4d1624dd09674a5a8ab9b36b3d8a4e07dac09694286cc3a5afc999bb",
  "coords_stats": {
    "shape": [
      74,
      3
    ],
    "size": 222,
    "min": -8.967000007629395,
    "max": 80.69100189208984,
    "mean": 34.171765792879974,
    "std": 32.45628864293341
  }
}