{
  "count": 82,
  "ids_hash": "5bd75971f5722e653b8ef6907e40aa3c1ab8522e68db26b5c66cdaea36605027",
  "coords_hash": "7857b39ac30c8e1e79a3bf63dddb5ba15beb82099caa5140a15611d222df88f4",
  "coords_stats": {
    "shape": [
      82,
      3
    ],
    "size": 246,
    "min": -19.94700050354004,
    "max": 34.053001403808594,
    "mean": 9.04451629495233,
    "std": 16.714976646531227
  }
}