{
  "hash": "104a764d717673a1bae5ee2dca8463369ec447e9b77c0d96aa62ece7307664e7",
  "stats": {
    "shape": [
      104,
      104
    ],
    "size": 10816,
    "min": 0.0,
    "max": 15.582495618598509,
    "mean": 7.829084444516524,
    "std": 3.0223480928418014
  }
}