{
  "hash": "b3efa50826782701f26a2bc960ec1a93bc3077727601ccf40dcce97a709ad854",
  "stats": {
    "shape": [
      86,
      86
    ],
    "size": 7396,
    "min": 0.0,
    "max": 15.105147942494545,
    "mean": 7.834212440578028,
    "std": 3.084204630981219
  }
}