{
  "count": 60,
  "ids_hash": "52f82e1bdc5401030856f6c7cf7691fdc677161366f530c9e24c2766e2c3a563",
  "coords_hash": "da7b2fae4f473066ef8bff16e2f72d67214fa272ad99b42b2e458941dd053b62",
  "coords_stats": {
    "shape": [
      60,
      3
    ],
    "size": 180,
    "min": -12.904000282287598,
    "max": 83.19300079345703,
    "mean": 37.03037221762869,
    "std": 34.076510673578056
  }
}