{
  "count": 93,
  "ids_hash": "3f4047b68735401c36f4438dcf77ac327805d2fb4653c9452d5210444e71d706",
  "coords_hash": "b4db82440c0261ec811574aca9e1cc332fe7a0a91cb90e113ef918cf9c0265fe",
  "coords_stats": {
    "shape": [
      93,
      3
    ],
    "size": 279,
    "min": -36.395999908447266,
    "max": 22.87700080871582,
    "mean": -4.113275994069367,
    "std": 18.529998520116035
  }
}