MODEL,PRED_DOCKQ
3F6A_af2m,0.8735804
3F6A,0.7358819
