{
  "count": 85,
  "ids_hash": "c46187a32d7d742ed60cc514b2b812e59da79ba2edcbc5763c4583aaec2ea4b8",
  "coords_hash": "a3d5bae79ee43d4965410cf0a79fe22c0851722e099a4fd0587214b5362a5ede",
  "coords_stats": {
    "shape": [
      85,
      3
    ],
    "size": 255,
    "min": 20.165000915527344,
    "max": 42.805999755859375,
    "mean": 31.17129410388423,
    "std": 5.710080419415929
  }
}