{
  "hash": "8b40f6a1a1d7c46be0c9e5792e8a5de1f507c5f1cdcf868b29d2ec9f00cce6b7",
  "stats": {
    "shape": [
      106,
      106
    ],
    "size": 11236,
    "min": 0.0,
    "max": 15.392039088606708,
    "mean": 8.016578037262098,
    "std": 3.054644649889415
  }
}