{
  "f0_hash": "1a459ce97706a58112deb90d7d11d80e0987d07b0d39e8ddc63719dd73921586",
  "f1_hash": "84557224332c2491ac75ef168c3aafbb5e4e3dd423ed2f085ba283e988f12218",
  "f0_stats": {
    "shape": [
      5
    ],
    "size": 5,
    "min": 0.6174266371719798,
    "max": 170.99337987231712,
    "mean": 35.860094963950765,
    "std": 67.58242878080134
  },
  "f1_stats": {
    "shape": [
      15
    ],
    "size": 15,
    "min": 0.011666823447407992,
    "max": 556.9211581034322,
    "mean": 76.6066301818403,
    "std": 176.94610319261486
  }
}