MODEL,PRED_DOCKQ
4UUU_af2m,0.7069329
4UUU,0.018456541
