{
  "hash": "cfe4e4da3a19509a2c0a49e029150d6482ed1221505012c65f7c47ebc62e44e7",
  "stats": {
    "shape": [
      106,
      106
    ],
    "size": 11236,
    "min": 0.0,
    "max": 15.597615267135447,
    "mean": 7.966763592081336,
    "std": 3.034769745659752
  }
}