{
  "f0_hash": "a7acf4c826ee8abc6b8f013b4edc3987b739a7a2a548e02131b21a727adc359f",
  "f1_hash": "da82405a54237d5e61ee9f237b7e2f95db1dc4108136f17a9fa865180513036c",
  "f0_stats": {
    "shape": [
      5
    ],
    "size": 5,
    "min": 0.37891465923267925,
    "max": 118.28383968814988,
    "mean": 25.006629568008755,
    "std": 46.65094235945715
  },
  "f1_stats": {
    "shape": [
      15
    ],
    "size": 15,
    "min": 0.011430708149474889,
    "max": 276.40162579386646,
    "mean": 40.63011294112073,
    "std": 87.01343869617932
  }
}