{
  "f0_hash": "581c898928b4eaf93be3fb75dd94db347d8c8dbe78fd818996046de3f93aacd4",
  "f1_hash": "5b1762146214c68569f8386dba12a65e6c56c9b179293a6e4fa4c8b3b3787f74",
  "f0_stats": {
    "shape": [
      5
    ],
    "size": 5,
    "min": 0.5435746402264044,
    "max": 164.8762987665317,
    "mean": 34.480822826537015,
    "std": 65.2094530067271
  },
  "f1_stats": {
    "shape": [
      15
    ],
    "size": 15,
    "min": 0.010108834399715771,
    "max": 474.50754414166653,
    "mean": 65.5545945048124,
    "std": 150.66029010638928
  }
}