MODEL,PRED_DOCKQ
2OM2_af2m,0.86615616
2OM2,0.6954816
