{
  "f0_hash": "e8b4aeb95af32c82f12f841096be5fe0c3de7847ae92fd0820e912075a8346bd",
  "f1_hash": "4c4ee38df045698acff0079ce9f15e023be75ecaee976c9c24b3e76df45e814c",
  "f0_stats": {
    "shape": [
      5
    ],
    "size": 5,
    "min": 0.46348662837180804,
    "max": 144.90434340933257,
    "mean": 30.356912569554282,
    "std": 57.28341830815739
  },
  "f1_stats": {
    "shape": [
      15
    ],
    "size": 15,
    "min": 0.01126902190435608,
    "max": 336.70737068788713,
    "mean": 46.94855259064908,
    "std": 106.26309516034993
  }
}