{
  "count": 97,
  "ids_hash": "afb036419b22198cb44e04357fa7d15a1fd9dc576b4ab0c7a02e3747ad6ebba8",
  "coords_hash": "a265788f439e8be542b4d7d4946491cb5373900673aedf71409fc0ec6197278b",
  "coords_stats": {
    "shape": [
      97,
      3
    ],
    "size": 291,
    "min": -18.930999755859375,
    "max": 39.369998931884766,
    "mean": 10.351278365682491,
    "std": 17.617527988619518
  }
}