{
  "count": 77,
  "ids_hash": "f4deaa220ce6159b7c673fb1f48c920c66927299ee701d7f7ad9656d480485cf",
  "coords_hash": "fd6e83a596fa7d822154bda5e6620aeef649966b2cc93e8d53a8ea3b5a07a473",
  "coords_stats": {
    "shape": [
      77,
      3
    ],
    "size": 231,
    "min": 13.996999740600586,
    "max": 68.6500015258789,
    "mean": 37.54110398230615,
    "std": 18.85998980767606
  }
}