{
  "f0_hash": "6af1d6600001c35ba6541b915e9b5a3f04d0ff01ae08d47d04d4ff0ee21596fa",
  "f1_hash": "c452d37966a3159eafd8d5cf6690d5dbd675efc73ccdc66b9c87eaeb0fe3c89a",
  "f0_stats": {
    "shape": [
      5
    ],
    "size": 5,
    "min": 0.5058750415745763,
    "max": 170.67746890869773,
    "mean": 35.5523468112037,
    "std": 67.57145007890021
  },
  "f1_stats": {
    "shape": [
      15
    ],
    "size": 15,
    "min": 0.011881281002771082,
    "max": 489.4707339398571,
    "mean": 67.55662763634137,
    "std": 154.15567027150047
  }
}