{
  "f0_hash": "cf4441932a53098768ab33da3a0b06b5d2365b75dcaf352e39110b5004baeef5",
  "f1_hash": "6fa240006595ee22c686547a82e2e527458afdd03326ab3379f3dac77f490661",
  "f0_stats": {
    "shape": [
      5
    ],
    "size": 5,
    "min": 0.332843180844174,
    "max": 90.26419740380555,
    "mean": 19.266385017307275,
    "std": 35.50952058576654
  },
  "f1_stats": {
    "shape": [
      15
    ],
    "size": 15,
    "min": 0.010439709014102405,
    "max": 177.57024593786903,
    "mean": 25.965096090972363,
    "std": 57.07474660608733
  }
}