{
  "count": 105,
  "ids_hash": "b645a1d6b2c2b3388ee93e3e2dad45f20327360ec522157ea1528ce2844027b3",
  "coords_hash": "c0e490b684f5f0a4fa76edca02a60cc76e8c7955efd86dc8f729fb84538f8e6a",
  "coords_stats": {
    "shape": [
      105,
      3
    ],
    "size": 315,
    "min": -4.8520002365112305,
    "max": 89.52899932861328,
    "mean": 40.00653948193741,
    "std": 33.51821674013985
  }
}