{
  "f0_hash": "afa7384094371f4dd4908df03dbeb70b80bb889d811b7584754f4430de777b45",
  "f1_hash": "bcfa21c5715b08f71f9d042cc625715dfb89e741199a023eaac1f1606032a772",
  "f0_stats": {
    "shape": [
      5
    ],
    "size": 5,
    "min": 0.41401340302917283,
    "max": 142.38681652505971,
    "mean": 29.913383905721666,
    "std": 56.24956673468045
  },
  "f1_stats": {
    "shape": [
      15
    ],
    "size": 15,
    "min": 0.012830845321966322,
    "max": 360.8934462093016,
    "mean": 50.39996101649427,
    "std": 114.47418940978878
  }
}