{
  "count": 94,
  "ids_hash": "b56721716bf36dff0850bd0193fa463d077f4d93395bc860b2ad457d0902f596",
  "coords_hash": "f0ab86000aaa327c37e3b29b95518452ad5093912d4435be71e9d2c9a236f0a3",
  "coords_stats": {
    "shape": [
      94,
      3
    ],
    "size": 282,
    "min": 2.0320000648498535,
    "max": 48.89799880981445,
    "mean": 21.607131208933836,
    "std": 15.2080467427428
  }
}