{
  "f0_hash": "843cc046af9e4a81ab442ec9e172f11f39bd6dd1d097ca7a711202175e0e49c2",
  "f1_hash": "0311440aaaeb9e9058b7568a50d4d48028a02861bc0b8ffe3ce0db5756750b9b",
  "f0_stats": {
    "shape": [
      5
    ],
    "size": 5,
    "min": 0.43020575960771046,
    "max": 139.76087211831188,
    "mean": 29.338747288038782,
    "std": 55.22211626654417
  },
  "f1_stats": {
    "shape": [
      15
    ],
    "size": 15,
    "min": 0.010113808771397004,
    "max": 412.7751871992173,
    "mean": 58.10331073308462,
    "std": 131.4626900665235
  }
}