{
  "f0_hash": "049d4f36c6a604c086c799c382bacc1578ec13fae547f0806c7303ac177182ce",
  "f1_hash": "821a5464594ac2b7c70cc3904d38d686ac277c28850db9dea8fa3464b7421c0f",
  "f0_stats": {
    "shape": [
      5
    ],
    "size": 5,
    "min": 0.25642583974632716,
    "max": 154.93216167579126,
    "mean": 31.702655370770977,
    "std": 61.616751955870136
  },
  "f1_stats": {
    "shape": [
      15
    ],
    "size": 15,
    "min": 0.010064408490619403,
    "max": 247.77787977736773,
    "mean": 34.78017365917785,
    "std": 77.47520172819931
  }
}