MODEL,PRED_DOCKQ
4DAY_af2m,0.26245075
4DAY,0.028717078
