{
  "hash": "8894af0aa0ac8e23ec3c8c5f4a4c4783234f2829f1d387d486818504fe6b7581",
  "stats": {
    "shape": [
      42,
      42
    ],
    "size": 1764,
    "min": 0.0,
    "max": 14.899859499227745,
    "mean": 6.197809157369661,
    "std": 2.833750818209312
  }
}