{
  "f0_hash": "efcea605742f82c4e2fb19ad49f0778a715fd417076f7eabaf6be55d6ea2287d",
  "f1_hash": "d57f4170e692ff3963187a10affe15652b666c2fea42b361fddf7b7d1c8faca3",
  "f0_stats": {
    "shape": [
      5
    ],
    "size": 5,
    "min": 0.35374112612004693,
    "max": 154.949118347741,
    "mean": 32.22959551665777,
    "std": 61.36633963068714
  },
  "f1_stats": {
    "shape": [
      15
    ],
    "size": 15,
    "min": 0.010035190763549195,
    "max": 370.9015944336452,
    "mean": 51.48470179364493,
    "std": 116.1508430007465
  }
}