{
  "f0_hash": "10eeb2252891e91bee6707cf0ab37400b198d72b4f486e4266eb9ddd4c30a2c2",
  "f1_hash": "214df3edddddb46eaa81e4ecad190b93d09341940e7ded5425933a08a7438882",
  "f0_stats": {
    "shape": [
      5
    ],
    "size": 5,
    "min": 0.4235227119371669,
    "max": 150.27635559595456,
    "mean": 31.38340950701339,
    "std": 59.45472309568521
  },
  "f1_stats": {
    "shape": [
      15
    ],
    "size": 15,
    "min": 0.01154648808748071,
    "max": 406.3686676046694,
    "mean": 56.615804086545225,
    "std": 129.01351571202235
  }
}