MODEL,PRED_DOCKQ
1VH4,0.06386534
1VH4_af2m,0.021010883
