{
  "count": 98,
  "ids_hash": "7a5d27475bbaeb5117ea34c6ca787d9804d067b915dd26109988341cc49efe7f",
  "coords_hash": "8af1bf0da446cacd0e11f46d2d08be712b88cc2f4f74d3befa826a1220af0442",
  "coords_stats": {
    "shape": [
      98,
      3
    ],
    "size": 294,
    "min": -33.02199935913086,
    "max": 40.316001892089844,
    "mean": -1.214880998442773,
    "std": 25.22395207855755
  }
}