{
  "count": 65,
  "ids_hash": "3514abb9c4f33aa6cba4d8c14a1f0a849c7c01ecf82f0b059a5ad6cb95190d37",
  "coords_hash": "08fb865b3d5a838690c22a1003912545c9c8c53c82df84773670cead6312c94d",
  "coords_stats": {
    "shape": [
      65,
      3
    ],
    "size": 195,
    "min": 5.736000061035156,
    "max": 37.59299850463867,
    "mean": 23.697769221281394,
    "std": 9.518442944161919
  }
}