{
  "count": 93,
  "ids_hash": "2a88ec9e5db631788672f04df2a8294b3957e4134a37fe299949f8367067ba78",
  "coords_hash": "4cf24091c56408dcf5acf30f124f8bea15e5ae8256e4f48123b6bb7177aeade9",
  "coords_stats": {
    "shape": [
      93,
      3
    ],
    "size": 279,
    "min": -22.74799919128418,
    "max": 12.86299991607666,
    "mean": -6.530695324035956,
    "std": 10.037310593595027
  }
}