MODEL,PRED_DOCKQ
4N7J,0.90012723
4N7J_af2m,0.7492524
