{
  "hash": "b94e1a36e6e6233a38a122e5e9054b7d8ed84c3e5b8396dc1aefde950bb51571",
  "stats": {
    "shape": [
      113,
      113
    ],
    "size": 12769,
    "min": 0.0,
    "max": 15.531801450501694,
    "mean": 8.098385407746047,
    "std": 3.0443238904945624
  }
}