{
  "hash": "bc442d32d60c4baed117a0ab46f96ce33d4a96fe99887b2aab67b26a545fc100",
  "stats": {
    "shape": [
      109,
      109
    ],
    "size": 11881,
    "min": 0.0,
    "max": 15.849004672519674,
    "mean": 8.010732536985376,
    "std": 3.1014306511489944
  }
}