{
  "hash": "f263f3f2fe416d2760ae062f150559a582d95708208f54bbde7a1e144c9f7fba",
  "stats": {
    "shape": [
      57,
      57
    ],
    "size": 3249,
    "min": 0.0,
    "max": 15.29539392658697,
    "mean": 7.303617856014583,
    "std": 3.381853566636375
  }
}