{
  "hash": "0037f1bb5e466cfcee8f68e8434194d330d9f6a74b08f932684806042e7de782",
  "stats": {
    "shape": [
      173,
      173
    ],
    "size": 29929,
    "min": 0.0,
    "max": 15.532972331943936,
    "mean": 7.619839040859152,
    "std": 2.9255264498117173
  }
}