{
  "f0_hash": "21f60cc7ec8b0bd95aa640e5edbb67b6dcd1fb878c7f5ac0e067dc75f3e6d604",
  "f1_hash": "6aa93e4b520b73bd053299aa2b00144bc192be920ac4960b5151e3e357659e4e",
  "f0_stats": {
    "shape": [
      5
    ],
    "size": 5,
    "min": 0.5318783371777013,
    "max": 152.30820014365335,
    "mean": 31.878839383844877,
    "std": 60.22421443140673
  },
  "f1_stats": {
    "shape": [
      15
    ],
    "size": 15,
    "min": 0.010528027187747924,
    "max": 425.0099784447101,
    "mean": 58.97968992061393,
    "std": 134.6745969928259
  }
}