{
  "f0_hash": "33d3698e1d3fc473438435b503d1201e233437062fdb891a14dced9ec7e9fc85",
  "f1_hash": "9017485031ed08c92a7be11e02a78f861d4cbaf517c6e8188e0f391dada73539",
  "f0_stats": {
    "shape": [
      5
    ],
    "size": 5,
    "min": 0.4439188325035384,
    "max": 179.0644595865789,
    "mean": 37.19263771421477,
    "std": 70.94407764228303
  },
  "f1_stats": {
    "shape": [
      15
    ],
    "size": 15,
    "min": 0.010155167652280639,
    "max": 533.1527407358901,
    "mean": 74.20698665275147,
    "std": 168.60788195892914
  }
}