{
  "f0_hash": "c7270a653fbe6ff2482bfe90b908f96b7b423af193701dbca867511c0e8f3216",
  "f1_hash": "7d556288cb7195214452a41fbb3af000bc1780e656cbb9c734a4e50920ad0cdd",
  "f0_stats": {
    "shape": [
      5
    ],
    "size": 5,
    "min": 0.3971240618793612,
    "max": 103.96444239673356,
    "mean": 22.218673317726893,
    "std": 40.89057329679396
  },
  "f1_stats": {
    "shape": [
      15
    ],
    "size": 15,
    "min": 0.01142686624253031,
    "max": 198.06903304616418,
    "mean": 28.662842150241925,
    "std": 62.13127697961919
  }
}