{
  "f0_hash": "d28b343663f57213ad07b4c92710471683a4bcd0b32d1b25abc567ce0881532d",
  "f1_hash": "6a04d47e03e9a1eec244dc383bd1ff85416e59db906cd0d7ed62d355139e7812",
  "f0_stats": {
    "shape": [
      5
    ],
    "size": 5,
    "min": 0.569438687121956,
    "max": 128.99466395911062,
    "mean": 27.42637113055943,
    "std": 50.80481350114814
  },
  "f1_stats": {
    "shape": [
      15
    ],
    "size": 15,
    "min": 0.012239274209867812,
    "max": 339.11529390300166,
    "mean": 47.39775599948762,
    "std": 107.34692025221311
  }
}