{
  "hash": "71b042ffa22cb04f790656c8387c10a89af3799146ce1068de5a0408c575c86f",
  "stats": {
    "shape": [
      130,
      130
    ],
    "size": 16900,
    "min": 0.0,
    "max": 14.733747213175006,
    "mean": 6.7200598633193716,
    "std": 2.6991092795388236
  }
}