{
  "hash": "f050f371112af22ab1bec29fe6156be3101b07935d79f30d06253239f72b8d1e",
  "stats": {
    "shape": [
      62,
      62
    ],
    "size": 3844,
    "min": 0.0,
    "max": 14.065498599339326,
    "mean": 6.652159534513931,
    "std": 2.7528440673784393
  }
}