{
  "f0_hash": "839ad0725401851143d6fe2d347dfad628de0e02efa46e68d4f6aa9b8b5c211c",
  "f1_hash": "859c57ac673860108d8ee9cf1d5e3323162b93689557c59450df9c857ed7936d",
  "f0_stats": {
    "shape": [
      5
    ],
    "size": 5,
    "min": 0.4552605549976076,
    "max": 139.70828054998717,
    "mean": 29.285425790168222,
    "std": 55.22030843111498
  },
  "f1_stats": {
    "shape": [
      15
    ],
    "size": 15,
    "min": 0.01056879944655087,
    "max": 395.48779840419525,
    "mean": 56.292753445515565,
    "std": 126.48695573338088
  }
}