{
  "count": 94,
  "ids_hash": "7cf93f1b393c65cfbb8a1cc1c6508fc509b5e63aa78e63ef20382ee2d0b24463",
  "coords_hash": "1379215b4081698edbd4059e2b939f162bad542461a51af49363695c5b9ba2b4",
  "coords_stats": {
    "shape": [
      94,
      3
    ],
    "size": 282,
    "min": -27.31100082397461,
    "max": 6.464000225067139,
    "mean": -9.975102867614082,
    "std": 8.549644408374172
  }
}