{
  "hash": "e72f98c2010d6a341d0866473c29c7fe43aa0a142c7827144f66400d2bb4fd5c",
  "stats": {
    "shape": [
      110,
      110
    ],
    "size": 12100,
    "min": 0.0,
    "max": 15.796200859944515,
    "mean": 8.063635573245513,
    "std": 3.059592952481805
  }
}