{
  "f0_hash": "bb01dc395f71b6df1d3b23fccdcc3a178dd190c4ebffa7194410298d83843fb5",
  "f1_hash": "12c7bb13fd09a8e56e34a2a92edc53893f6a96bfb72b10936de1c310ab3bdf89",
  "f0_stats": {
    "shape": [
      5
    ],
    "size": 5,
    "min": 0.27204928829976205,
    "max": 203.12841986564564,
    "mean": 41.48504061245028,
    "std": 80.82497181906697
  },
  "f1_stats": {
    "shape": [
      15
    ],
    "size": 15,
    "min": 0.010293130582239352,
    "max": 409.0795256625478,
    "mean": 56.14268582150659,
    "std": 128.4885847230745
  }
}