MODEL,PRED_DOCKQ
2FJR,0.73079634
2FJR_af2m,0.4631495
