MODEL,PRED_DOCKQ
3MGG_af2m,0.8385443
3MGG,0.78055215
