{
  "count": 110,
  "ids_hash": "87f7a25e1eb0447add1ce908a166a341c86f287b0595db81441303e34cd3e153",
  "coords_hash": "2e168c3da251ae77288f9d6df70f6cef4021052e8b2f693ab60939358dcb6379",
  "coords_stats": {
    "shape": [
      110,
      3
    ],
    "size": 330,
    "min": -1.4119999408721924,
    "max": 58.85499954223633,
    "mean": 22.07423633235422,
    "std": 20.889086575281134
  }
}