MODEL,PRED_DOCKQ
5GL2_af2m,0.8880864
5GL2,0.8509278
