{
  "f0_hash": "27ef18faffab6d66cc26fd25e70f474fa8da2531ce8f51dfbecf57d52d6b9e79",
  "f1_hash": "3aa4d431743cf40591408870accc12963616faa73650f4cfa5beaba38f37e962",
  "f0_stats": {
    "shape": [
      5
    ],
    "size": 5,
    "min": 0.414448112380796,
    "max": 136.99825076607442,
    "mean": 28.73061717010277,
    "std": 54.14316078294761
  },
  "f1_stats": {
    "shape": [
      15
    ],
    "size": 15,
    "min": 0.010416283156604589,
    "max": 390.9313420131267,
    "mean": 54.268820408561915,
    "std": 125.11021078464432
  }
}