{
  "f0_hash": "3c2a41293b9c30c95ac64a6e297a3b74d0a0b0ca8d25f933b6d0c9e988998a76",
  "f1_hash": "616f0b2de9917aa666c735578b2452082a8674e44836d588b1aa33d52562af93",
  "f0_stats": {
    "shape": [
      5
    ],
    "size": 5,
    "min": 0.6585841234233903,
    "max": 97.39398438942236,
    "mean": 21.032383704028717,
    "std": 38.200743118726024
  },
  "f1_stats": {
    "shape": [
      15
    ],
    "size": 15,
    "min": 0.011223872736422003,
    "max": 284.67561935984213,
    "mean": 41.196648827989364,
    "std": 91.75219739356474
  }
}