{
  "count": 89,
  "ids_hash": "0949b5915b776f8569d80bc969f7fd9ccf97558e2f408d5466afcfb0a7dc0d6b",
  "coords_hash": "4e9acd73722f543446e9bfcc972636192542b62da7de6140445cb496a292bfc7",
  "coords_stats": {
    "shape": [
      89,
      3
    ],
    "size": 267,
    "min": 3.2019999027252197,
    "max": 52.04199981689453,
    "mean": 28.491198465618748,
    "std": 14.453990262394834
  }
}