{
  "hash": "c6a946feaa4857599b8121b0b1a580b10b286d22da4ec538a552ced3896594cc",
  "stats": {
    "shape": [
      109,
      109
    ],
    "size": 11881,
    "min": 0.0,
    "max": 15.579579054511745,
    "mean": 8.14595705493897,
    "std": 3.096989492190684
  }
}