{
  "hash": "5434adb104fb6d33f342178c12776627981a613d6c480f89dbef21e00158bb53",
  "stats": {
    "shape": [
      77,
      77
    ],
    "size": 5929,
    "min": 0.0,
    "max": 15.069792574742483,
    "mean": 7.5845169627687135,
    "std": 3.079858862564477
  }
}