{
  "f0_hash": "5e941facdb9e8f8e7905d5cbb6bb5fc169a602b0a54fb201b0eda28db4c24bcb",
  "f1_hash": "20e9aeb5c5aa16b28c1fbf345f510ecc7a8d320d27bdd1400c481f7d53b769a6",
  "f0_stats": {
    "shape": [
      5
    ],
    "size": 5,
    "min": 0.7131534568439136,
    "max": 142.89053035490042,
    "mean": 30.58327746041224,
    "std": 56.19155844345526
  },
  "f1_stats": {
    "shape": [
      15
    ],
    "size": 15,
    "min": 0.012291846960686081,
    "max": 406.0477689976901,
    "mean": 57.042724498198865,
    "std": 128.41325703617736
  }
}