{
  "count": 95,
  "ids_hash": "d6e8bcaf2414da05cde0db4b786a9c4856d82e95c59f18dde1de25b20521f395",
  "coords_hash": "67e775088d0c29c17a019855a56b074049b799123b85e0740b50840568ca6dca",
  "coords_stats": {
    "shape": [
      95,
      3
    ],
    "size": 285,
    "min": 22.1560001373291,
    "max": 40.04499816894531,
    "mean": 30.886403488694576,
    "std": 3.7883176907837357
  }
}