{
  "count": 114,
  "ids_hash": "d3de6a6853d442687470f2801f1d515d01e54943563bebe83ef17d7576cca0a8",
  "coords_hash": "f38fba6706471f9ec43be4e1b06197d8e26871409910255d034a66be259df842",
  "coords_stats": {
    "shape": [
      114,
      3
    ],
    "size": 342,
    "min": -10.449999809265137,
    "max": 36.40700149536133,
    "mean": 10.091698808050905,
    "std": 14.253709210822253
  }
}