{
  "count": 93,
  "ids_hash": "2743b1573f8875ca3961ed32f75b0a62f69ca9cc091160ebca1a13ae70698e13",
  "coords_hash": "c12b3b7f72fe215ae7148c49fcd054a593dc675bf700a335358267b3263e261b",
  "coords_stats": {
    "shape": [
      93,
      3
    ],
    "size": 279,
    "min": -33.459999084472656,
    "max": 88.10099792480469,
    "mean": 32.395551900282555,
    "std": 44.33924683368057
  }
}