{
  "f0_hash": "c32372efde9fc7f9e0f3f1c858e789907aade8e830fd1e938e6e509d6ed40078",
  "f1_hash": "1f3467c5c725dd883e5bf7f7799b9c7cb94a601d3be16ef41c216d24932944e6",
  "f0_stats": {
    "shape": [
      5
    ],
    "size": 5,
    "min": 0.5336782064617758,
    "max": 151.73846752851517,
    "mean": 31.820434010860094,
    "std": 59.97096290516128
  },
  "f1_stats": {
    "shape": [
      15
    ],
    "size": 15,
    "min": 0.010301047691917198,
    "max": 422.1834483309278,
    "mean": 58.671269134908506,
    "std": 133.91434486188723
  }
}