{
  "hash": "a295c75e5433c5e68fecb10cda704a178f5a816e7848b7200c7586a5258a4279",
  "stats": {
    "shape": [
      87,
      87
    ],
    "size": 7569,
    "min": 0.0,
    "max": 15.316021461304077,
    "mean": 7.64198699768743,
    "std": 2.9814576359340332
  }
}