MODEL,PRED_DOCKQ
2O70_af2m,0.93285197
2O70,0.87504953
