{
  "count": 183,
  "ids_hash": "8da950b8e1280ffbd75993a5c2c83a5181fcde8bf2e1945142252fc7356f1256",
  "coords_hash": "4550ed969e7cbab4c17bcc460013088f1664405b54cda543506e04fbef2de306",
  "coords_stats": {
    "shape": [
      183,
      3
    ],
    "size": 549,
    "min": -14.87600040435791,
    "max": 8.571999549865723,
    "mean": -3.914876133346004,
    "std": 5.4867955521235245
  }
}