{
  "count": 96,
  "ids_hash": "1202f1651e302de9ec65d9fa647bcc97c91c2c30643c4d6defbf223a94ee728d",
  "coords_hash": "c9c8b944d58a0e10510181f0eea43c654ab5abf483140fe78cfc9f02852ca1e3",
  "coords_stats": {
    "shape": [
      96,
      3
    ],
    "size": 288,
    "min": -0.6480000019073486,
    "max": 20.474000930786133,
    "mean": 8.85453473635587,
    "std": 4.843030263984111
  }
}