{
  "hash": "703b4fe2233ed522eeebc4d0b421a0ac4509722b20e68e58ac93f30b653450d7",
  "stats": {
    "shape": [
      77,
      77
    ],
    "size": 5929,
    "min": 0.0,
    "max": 15.453284695466941,
    "mean": 7.82137883171612,
    "std": 3.176575436250343
  }
}