MODEL,PRED_DOCKQ
5YPP_af2m,0.77627873
5YPP,0.6968838
