{
  "count": 106,
  "ids_hash": "c3924ecf5e7aedd4d2e16d3b86fadcf57f15c981aab7ab5599c8ef1ca39e4795",
  "coords_hash": "3cc885d1dcc3504dd132a0d00b9cdf0a97e24c156f3a306c3f62ed9bee53253c",
  "coords_stats": {
    "shape": [
      106,
      3
    ],
    "size": 318,
    "min": -25.090999603271484,
    "max": 34.60900115966797,
    "mean": -1.6201383752642937,
    "std": 21.291438872874565
  }
}