MODEL,PRED_DOCKQ
1O4T_af2m,0.8760715
1O4T,0.8617489
