{
  "count": 101,
  "ids_hash": "fbb6d91e7c78d381c6087eadf8ad05429e7f978cf6e4c96730da4a37a12c83d6",
  "coords_hash": "f8475f556f2c72a590b4b944888bb1e4af4d5e480d7d2111f860b600c279c863",
  "coords_stats": {
    "shape": [
      101,
      3
    ],
    "size": 303,
    "min": -52.37799835205078,
    "max": 82.64900207519531,
    "mean": 7.329425685869978,
    "std": 50.380727932338566
  }
}