{
  "hash": "022ceed14cd9c19821ac56f2f8ce780685421c1f086b8a55d26450f2c1ecad35",
  "stats": {
    "shape": [
      120,
      120
    ],
    "size": 14400,
    "min": 0.0,
    "max": 15.794415113454617,
    "mean": 8.063382454928755,
    "std": 3.057923720761382
  }
}