MODEL,PRED_DOCKQ
5A3V_af2m,0.10322214
5A3V,0.0013504582
