epoch,step,train_mse,val_loss,val_pearson_corr,val_spearman_corr
102,3501,,0.055853020399808884,0.7754183411598206,0.7031674981117249
102,3501,0.05018891766667366,,,
103,3502,,0.055853020399808884,0.7754183411598206,0.7031674981117249
