{
  "hash": "b446727310ff6ce503666ee566e0ea2d339023274b98d7b30bb6758dba8478af",
  "stats": {
    "shape": [
      94,
      94
    ],
    "size": 8836,
    "min": 0.0,
    "max": 15.509971719793528,
    "mean": 7.7133840271796155,
    "std": 2.9919055425247745
  }
}