{
  "count": 94,
  "ids_hash": "acfeb79656b428e4c94506af9a3a16f0a6bec6a653542559d29f5da0de6d8a63",
  "coords_hash": "3f0332dac9518520c00b564c37826698010250817e32354d6b65bc82e5fdc3ce",
  "coords_stats": {
    "shape": [
      94,
      3
    ],
    "size": 282,
    "min": 10.668999671936035,
    "max": 86.67400360107422,
    "mean": 41.649571019707,
    "std": 27.067859382341663
  }
}