{
  "count": 52,
  "ids_hash": "411bd29f36d88732f21bd54655ae0e35e76444dde0993fe392dcbb7c2b498400",
  "coords_hash": "344cdf10578c9fdb70301f120bc4f9cf3dc4edc236be26906f49a8d9406d8c65",
  "coords_stats": {
    "shape": [
      52,
      3
    ],
    "size": 156,
    "min": 13.770999908447266,
    "max": 114.43800354003906,
    "mean": 57.15666681680924,
    "std": 36.8329258625525
  }
}