MODEL,PRED_DOCKQ
5JA4_af2m,0.110738896
5JA4,0.012725656
