{
  "f0_hash": "687b8bf825e62e02cf218f370ee31398eaedd9e940df11990942d8c7b0ba7632",
  "f1_hash": "850dd8aea33e28d14142af6845db6f3395ac7364b8e3f7a980fb4264aa4e424a",
  "f0_stats": {
    "shape": [
      5
    ],
    "size": 5,
    "min": 0.28245119622612286,
    "max": 175.45474640680416,
    "mean": 36.190346500435886,
    "std": 69.64049989053942
  },
  "f1_stats": {
    "shape": [
      15
    ],
    "size": 15,
    "min": 0.010143175989974829,
    "max": 487.61122787066313,
    "mean": 67.63699908360236,
    "std": 154.5597609339677
  }
}