{
  "hash": "c7f1c37570e3e1b0e39c25cbcbcd2ebd3d3df997f3f27bf6c13755d42e29092b",
  "stats": {
    "shape": [
      104,
      104
    ],
    "size": 10816,
    "min": 0.0,
    "max": 15.425079925259823,
    "mean": 7.888908997921692,
    "std": 3.0411560340418213
  }
}