{
  "hash": "62aa54179d35b3edd6a48669a1c8677876f295ff34ddac13123a6fe94d79b642",
  "stats": {
    "shape": [
      97,
      97
    ],
    "size": 9409,
    "min": 0.0,
    "max": 15.270053545170875,
    "mean": 7.803867810671827,
    "std": 3.0327362045703485
  }
}