{
  "count": 84,
  "ids_hash": "313ddfa5a344dec4e66ed3f460fc492acc6f554f43a0904124026a4261e7f4e8",
  "coords_hash": "83419cf9dc639661e178f2c0270ffa4fdcd6478002b7d66d65a8f6b22c44bcb3",
  "coords_stats": {
    "shape": [
      84,
      3
    ],
    "size": 252,
    "min": 4.6479997634887695,
    "max": 43.654998779296875,
    "mean": 22.86433328144134,
    "std": 10.898314485508573
  }
}