{
  "hash": "99b7d4a430c7533c068e3152c279ca33dc5dd24041b9c41000388719c3d23d82",
  "stats": {
    "shape": [
      141,
      141
    ],
    "size": 19881,
    "min": 0.0,
    "max": 15.750180666734288,
    "mean": 8.010798886190972,
    "std": 3.051813465544882
  }
}