{
  "f0_hash": "ead5a010096d1daf92031a59d336d0d8ac3609eb3868d1a8a74fb6531f23f09f",
  "f1_hash": "4b7dc04ec5c9c76b9587ca1130b4a9ae77b4e306b34f4c587f6b29ae62bddb71",
  "f0_stats": {
    "shape": [
      5
    ],
    "size": 5,
    "min": 0.3918457590277542,
    "max": 169.25539835961123,
    "mean": 35.23575007254421,
    "std": 67.01945214425719
  },
  "f1_stats": {
    "shape": [
      15
    ],
    "size": 15,
    "min": 0.01121201824291207,
    "max": 455.44212823835426,
    "mean": 62.75848152686732,
    "std": 144.2910588481975
  }
}