MODEL,PRED_DOCKQ
4FTX_af2m,0.57053345
4FTX,0.0033974242
