{
  "hash": "59159cbc47b4d2a95d537627f16d8def3710d2e9d6189a7e123d0f49a4df8ed2",
  "stats": {
    "shape": [
      117,
      117
    ],
    "size": 13689,
    "min": 0.0,
    "max": 15.696733257823878,
    "mean": 7.779301783769793,
    "std": 2.9607362161504467
  }
}