{
  "count": 48,
  "ids_hash": "6d004174f57065f5b0b91b6681d5bc9965351d6717c62ba3e5c12c414663ce76",
  "coords_hash": "bfd76eef5bde404826de872fd2c9b11925def848ce5a33ad950e02a4bf102658",
  "coords_stats": {
    "shape": [
      48,
      3
    ],
    "size": 144,
    "min": -0.014999999664723873,
    "max": 87.98899841308594,
    "mean": 32.881020860028606,
    "std": 35.654721423136
  }
}