MODEL,PRED_DOCKQ
3T6G_af2m,0.8776476
3T6G,0.8639258
