{
  "count": 79,
  "ids_hash": "71efdc16465e642a34e5b09fa58df0013cd7643b5ea816263db33c32b227a329",
  "coords_hash": "3e72733619c0fb00f8ca7a1799cd49f7c1cd9c8c5c5fe325305f2e013477151b",
  "coords_stats": {
    "shape": [
      79,
      3
    ],
    "size": 237,
    "min": 2.937000036239624,
    "max": 80.39700317382812,
    "mean": 31.6961096821958,
    "std": 28.72613725593857
  }
}