{
  "count": 102,
  "ids_hash": "0b14a89524f3f01375c269797030c9325eddff7295187c097dfcda74d956c25c",
  "coords_hash": "9b9a54b2ee2573b06f4c1b2955b537536eb95a645f64f596b5da17d5ae47554f",
  "coords_stats": {
    "shape": [
      102,
      3
    ],
    "size": 306,
    "min": -23.486000061035156,
    "max": 17.70599937438965,
    "mean": -3.8279215701265272,
    "std": 11.728204953604417
  }
}