MODEL,PRED_DOCKQ
2BHV_af2m,0.2039469
2BHV,0.026965369
