MODEL,PRED_DOCKQ
6VBB,0.8286392
6VBB_af2m,0.74655396
