{
  "count": 109,
  "ids_hash": "732261fac3d42f1335228877a306c6e76c169634c2ba55daa8fb102ff9f40b9c",
  "coords_hash": "64fd847ca58dab55529f8c0c97c28183944ebfe200e72ffe2fa2dd1bdfddce09",
  "coords_stats": {
    "shape": [
      109,
      3
    ],
    "size": 327,
    "min": 2.759999990463257,
    "max": 89.89199829101562,
    "mean": 39.37544338272981,
    "std": 31.81331228263518
  }
}