{
  "hash": "d81c343a2cf10e6cc6ffa08ac76f557f827639676576d6e82669427e31c40a7d",
  "stats": {
    "shape": [
      115,
      115
    ],
    "size": 13225,
    "min": 0.0,
    "max": 15.43814806300119,
    "mean": 8.245996127209372,
    "std": 3.096570285225272
  }
}