{
  "f0_hash": "b59573d9462b3fee4375d241a0d03335a50cfc57797585b5fd516dcd1e28d1f3",
  "f1_hash": "a72f119a805c62bfbee47324d6f13ac4964ba4f8a6d8d916c274caae18bb3dfc",
  "f0_stats": {
    "shape": [
      5
    ],
    "size": 5,
    "min": 0.5202307861605434,
    "max": 146.10168903716328,
    "mean": 30.673557601540427,
    "std": 57.725282756749436
  },
  "f1_stats": {
    "shape": [
      15
    ],
    "size": 15,
    "min": 0.011507726541249319,
    "max": 373.294348646301,
    "mean": 53.11965357988652,
    "std": 117.17602790478573
  }
}