{
  "count": 92,
  "ids_hash": "762e3d40600ed61859c3c20635a016c6e99d757ae789dda5969b5c23f6ace4d9",
  "coords_hash": "7d59a5851985b3c3a857b77a8363961ad8290a0dc04c99284301afe7572dd713",
  "coords_stats": {
    "shape": [
      92,
      3
    ],
    "size": 276,
    "min": 10.71500015258789,
    "max": 67.48200225830078,
    "mean": 32.559902097867884,
    "std": 20.35237242093365
  }
}