MODEL,PRED_DOCKQ
2A6Q_af2m,0.85689527
2A6Q,0.8491391
