{
  "f0_hash": "a3ebae4da3da6695ecd3536a686e74eef296201f58f1a13aaba4156ff2032325",
  "f1_hash": "8fb4f0e4a3f325f8c9921cb736579f7ed2b4d737707ed82868b1d99d9aa7e53f",
  "f0_stats": {
    "shape": [
      5
    ],
    "size": 5,
    "min": 0.43888127130773297,
    "max": 148.6306278061606,
    "mean": 31.03476716175205,
    "std": 58.805457833778036
  },
  "f1_stats": {
    "shape": [
      15
    ],
    "size": 15,
    "min": 0.010285417315722967,
    "max": 386.55155255771047,
    "mean": 54.17167167428618,
    "std": 122.12042771613248
  }
}