{
  "count": 108,
  "ids_hash": "b915ba8801758983f96179227b6ec16c73979b39c2f3d7d2d0ea5d99191f8ec9",
  "coords_hash": "ff8f20acfbe3d676a17662d24868bd0d231604a7e7f3275256417cb0da84336b",
  "coords_stats": {
    "shape": [
      108,
      3
    ],
    "size": 324,
    "min": -16.051000595092773,
    "max": 24.360000610351562,
    "mean": 6.939145065384147,
    "std": 12.187590890157674
  }
}