{
  "f0_hash": "16e3d34bf3af28ecd4d743bbc48d693e26dd833375a1323c0abb98afed4e5bd4",
  "f1_hash": "629455a4134253358776da58bc62ce46f58e56c0b873a1b6d56b87346ea7f889",
  "f0_stats": {
    "shape": [
      5
    ],
    "size": 5,
    "min": 0.18434897959578225,
    "max": 66.90828896425258,
    "mean": 14.423820529403537,
    "std": 26.251570868541336
  },
  "f1_stats": {
    "shape": [
      15
    ],
    "size": 15,
    "min": 0.012450668618674499,
    "max": 131.02888691148593,
    "mean": 20.356969024618824,
    "std": 41.58294720996982
  }
}