{
  "f0_hash": "6ab9da5a4e45a7055f70c77bc1579c042182e874f708934cd88f43ea3c086043",
  "f1_hash": "81228be9cd54250d039fd8c73f214c7e6e3c9df5e5c86ebfd1d83d33f3cc7a7c",
  "f0_stats": {
    "shape": [
      5
    ],
    "size": 5,
    "min": 0.5397689974655029,
    "max": 171.33224124377915,
    "mean": 35.71419615491368,
    "std": 67.81816347602262
  },
  "f1_stats": {
    "shape": [
      15
    ],
    "size": 15,
    "min": 0.01118667201734791,
    "max": 547.4388211076573,
    "mean": 75.51160686116026,
    "std": 173.88270212166208
  }
}