{
  "hash": "de682c119b7e27ed3e70dd7f369dc40a8b09cda30edb9550bb16eb00283ecef1",
  "stats": {
    "shape": [
      70,
      70
    ],
    "size": 4900,
    "min": 0.0,
    "max": 15.086152313786068,
    "mean": 7.293552214810283,
    "std": 3.0140220600522962
  }
}