{
  "count": 98,
  "ids_hash": "10fcd99a0a1bb012f147e8a2273534dc9b30b1a82e18471df2c9ce22fa93f997",
  "coords_hash": "3f89e5be34e70630c407ce78122aeaa8a71c34541c422abe50a9cd6709246fad",
  "coords_stats": {
    "shape": [
      98,
      3
    ],
    "size": 294,
    "min": -37.555999755859375,
    "max": 55.2760009765625,
    "mean": -2.3385068348475864,
    "std": 36.351082928252076
  }
}