{
  "hash": "6960e933da66714f29b4d2de61e97577f4d15955bbc93db93923294de13ece52",
  "stats": {
    "shape": [
      84,
      84
    ],
    "size": 7056,
    "min": 0.0,
    "max": 15.604147219643423,
    "mean": 7.833059452356409,
    "std": 3.179575304866887
  }
}