MODEL,PRED_DOCKQ
3MCW_af2m,0.90850514
3MCW,0.8937001
