{
  "count": 92,
  "ids_hash": "4429872256fe9a178837d7febc2dbbf9099f1bf18d396d223ac8c2f311d22128",
  "coords_hash": "7d30b62c12741610d7ed118e445830036bdb58095b4bf513269a6e12bc327e87",
  "coords_stats": {
    "shape": [
      92,
      3
    ],
    "size": 276,
    "min": -5.754000186920166,
    "max": 112.9540023803711,
    "mean": 47.084293473889865,
    "std": 43.86146204036603
  }
}