{
  "count": 104,
  "ids_hash": "c5bf6d6db4ff8d96ae5cb1997a7cf4d0b6080317412a7e2e5bbc989da498c63e",
  "coords_hash": "410e4c624255746af2f50b44f1b4b7383339696bd34833d537db2aba21b0f42e",
  "coords_stats": {
    "shape": [
      104,
      3
    ],
    "size": 312,
    "min": -17.481000900268555,
    "max": 3.428999900817871,
    "mean": -6.482381418724962,
    "std": 4.372595740592934
  }
}