{
  "hash": "ff4705e5afa6f12c060e7a22988ac7e5ffa3e270aea2999e8278c17e1d9e42de",
  "stats": {
    "shape": [
      85,
      85
    ],
    "size": 7225,
    "min": 0.0,
    "max": 15.535631584110428,
    "mean": 7.3945760984416244,
    "std": 3.0263623339265333
  }
}