{
  "count": 63,
  "ids_hash": "1962a0a89be4f93f264851902fee4f4dcbe44e4a0dd257b8e1784e1433034b06",
  "coords_hash": "00b2708d63291d3361278224cdb0e254c38abba1db81914c8197206a767a086d",
  "coords_stats": {
    "shape": [
      63,
      3
    ],
    "size": 189,
    "min": -22.649999618530273,
    "max": 62.733001708984375,
    "mean": 10.969587225250152,
    "std": 30.86094535008093
  }
}