{
  "f0_hash": "0ddd4058ee3c18125ba3b3dd4b7ae13e24a617e68e5cf460784ea7ba53551977",
  "f1_hash": "66cebbbc03eb6ac9aa8aeb96c03cd47dcf7aebc4461c6355781d2780d3569765",
  "f0_stats": {
    "shape": [
      5
    ],
    "size": 5,
    "min": 0.4545127823273671,
    "max": 156.76746279926172,
    "mean": 32.75018361015121,
    "std": 62.01845821245993
  },
  "f1_stats": {
    "shape": [
      15
    ],
    "size": 15,
    "min": 0.010072809408238292,
    "max": 468.2026124352427,
    "mean": 64.8165849968537,
    "std": 149.16494875971608
  }
}