{
  "f0_hash": "9f525d399fea770b1aa6ec9061e416684c066bc77f511c68d3cb18d950d5601f",
  "f1_hash": "ecfa057b9406f6792903378b92923d49fc472c018f619781c28772eb2596faa6",
  "f0_stats": {
    "shape": [
      5
    ],
    "size": 5,
    "min": 0.35676783613835095,
    "max": 164.27262595863553,
    "mean": 34.248435085109904,
    "std": 65.02268567949268
  },
  "f1_stats": {
    "shape": [
      15
    ],
    "size": 15,
    "min": 0.010146540980885632,
    "max": 453.70719406811105,
    "mean": 62.64977730529454,
    "std": 142.82821395597912
  }
}