{
  "count": 85,
  "ids_hash": "a13ac1ad12d60007e5ca170492ec063026b9d08fe826081d7866012b49c85c7a",
  "coords_hash": "8b5608e20422e2928ca1b1d6bc4fca5b231c7812fc95007033e17d2917a8b1e0",
  "coords_stats": {
    "shape": [
      85,
      3
    ],
    "size": 255,
    "min": -20.999000549316406,
    "max": 52.57099914550781,
    "mean": 18.371792127571855,
    "std": 25.390968281233107
  }
}