MODEL,PRED_DOCKQ
1VG9_af2m,0.56295407
1VG9,0.011448736
