MODEL,PRED_DOCKQ
3EO6_af2m,0.7998654
3EO6,0.7824655
