{
  "hash": "7994df899e50107d6e8407e827e9f75201923f1cdd6108e56d4d86901f811c80",
  "stats": {
    "shape": [
      91,
      91
    ],
    "size": 8281,
    "min": 0.0,
    "max": 15.237660356045756,
    "mean": 7.608731231018026,
    "std": 3.0325941671298393
  }
}