{
  "count": 112,
  "ids_hash": "9cb7df1568ee5aedf10f25d234730a2d126e75de0386fddb96d2191c49e98e2e",
  "coords_hash": "d099e375518d9f4f7fd84407cbbd5dc82e43c9371881185f80114127224d8e88",
  "coords_stats": {
    "shape": [
      112,
      3
    ],
    "size": 336,
    "min": -12.597000122070312,
    "max": 45.18600082397461,
    "mean": 22.187711259261484,
    "std": 19.64799518462399
  }
}