{
  "f0_hash": "4df1feb23ccf2519e8ac79311e2cdfa8b2f2f70a74d12578931a47b2e207dad4",
  "f1_hash": "9976e6d8084c2588c44ee5b935812e29845c5f672bad6084c71c6cac7752bcb9",
  "f0_stats": {
    "shape": [
      5
    ],
    "size": 5,
    "min": 0.5002481624106273,
    "max": 142.97319458499692,
    "mean": 30.02437493742807,
    "std": 56.48555556504034
  },
  "f1_stats": {
    "shape": [
      15
    ],
    "size": 15,
    "min": 0.010961254855636371,
    "max": 354.133735583891,
    "mean": 49.26850559461329,
    "std": 111.64322463974327
  }
}