{
  "hash": "f8fde48ac1c3c849d596bf654a77fe4190e7ec87b322d0b056505c52cc4a7e06",
  "stats": {
    "shape": [
      46,
      46
    ],
    "size": 2116,
    "min": 0.0,
    "max": 13.701914569546252,
    "mean": 6.064395555516639,
    "std": 2.6812047523734357
  }
}