{
  "count": 106,
  "ids_hash": "f04bc6c24e309fd48e8093891a7267630dd8ea17645bc633c9fd79372727e428",
  "coords_hash": "dc8f6f718fb3e1049bab445cdb02a9a0dbd95a5ca4ab5548e0e3495a95345547",
  "coords_stats": {
    "shape": [
      106,
      3
    ],
    "size": 318,
    "min": -54.500999450683594,
    "max": 47.75899887084961,
    "mean": -1.5253774486364995,
    "std": 35.907600447012726
  }
}