{
  "hash": "f1179fcc4beddd36e576e32737e41b280c20424e50f53183086606a8246ff055",
  "stats": {
    "shape": [
      112,
      112
    ],
    "size": 12544,
    "min": 0.0,
    "max": 15.49217195471639,
    "mean": 7.980692063871121,
    "std": 3.022670104517711
  }
}