{
  "hash": "322186217216ada61b8eef90c8720d6d83a305170f92e09552caae023fdf5d5d",
  "stats": {
    "shape": [
      105,
      105
    ],
    "size": 11025,
    "min": 0.0,
    "max": 15.508835898240433,
    "mean": 7.999549890719733,
    "std": 3.0622674034872097
  }
}