{
  "f0_hash": "a39cfb6ad718225448d01d787911a46851ab09c9c241a34797767ddb7ec6763f",
  "f1_hash": "0ee57d03c8ef67782fdd4993858a50f31c5010fac0c96fdaff15b4061d21b138",
  "f0_stats": {
    "shape": [
      5
    ],
    "size": 5,
    "min": 0.6190133684258544,
    "max": 152.5433046169677,
    "mean": 31.930491762484497,
    "std": 60.31458825434978
  },
  "f1_stats": {
    "shape": [
      15
    ],
    "size": 15,
    "min": 0.014451033234952781,
    "max": 439.88771527720445,
    "mean": 61.22806710750321,
    "std": 138.3988914965994
  }
}