{
  "count": 109,
  "ids_hash": "b2b63c560f5d7799b1e6552ef3e2e40fed827a54bbe9be06c99c5e1887a1ea6c",
  "coords_hash": "2c7142fd74003bec60e5de4b303949de13d9c3f50f9258397e7f380195b85fa4",
  "coords_stats": {
    "shape": [
      109,
      3
    ],
    "size": 327,
    "min": -43.21699905395508,
    "max": 42.821998596191406,
    "mean": -9.08291123766418,
    "std": 31.998351568040544
  }
}