{
  "count": 95,
  "ids_hash": "2de62b32edb4d1ef6d4e2e0d799b32ada2c05412efc169d0642eff5fa9237944",
  "coords_hash": "cda91b821a1530c8a93e8eed422d5add4f598910845ed0e1bfe71b4b16bbd45c",
  "coords_stats": {
    "shape": [
      95,
      3
    ],
    "size": 285,
    "min": -18.604999542236328,
    "max": 17.87299919128418,
    "mean": -2.1724421153988756,
    "std": 10.262206406174597
  }
}