{
  "count": 48,
  "ids_hash": "90b951f0c9cdc83d365aac394ebca14e61440f2147a6bc6f601f358c0ad2f276",
  "coords_hash": "64e0f6ad2a94e2a789e048783c114ad0e05b3869dc117e208391c3d4d5322088",
  "coords_stats": {
    "shape": [
      48,
      3
    ],
    "size": 144,
    "min": -13.984000205993652,
    "max": 14.605999946594238,
    "mean": 0.1502986006024811,
    "std": 9.363727394365693
  }
}