{
  "f0_hash": "914719387d3a8780205e19ce18de4a1d4b63b6a468eae4feae9139660ef6bf85",
  "f1_hash": "816bc7b85d6eae676817e3dbf7ed9817e1b53f8a08b3b8cae751858d3145814c",
  "f0_stats": {
    "shape": [
      5
    ],
    "size": 5,
    "min": 0.27533549830552595,
    "max": 78.22818990131908,
    "mean": 16.796933200109716,
    "std": 30.726231012625313
  },
  "f1_stats": {
    "shape": [
      15
    ],
    "size": 15,
    "min": 0.010727536451636155,
    "max": 180.4090793467807,
    "mean": 25.988343381429534,
    "std": 58.40550875436746
  }
}