{
  "count": 117,
  "ids_hash": "44db53a93f02c076a8b1b376e135eb6b111bc1a57fa45c0b834abd1b24526aa2",
  "coords_hash": "71feba78e8eb81f04d52bd70c866f497aa983863fb2886f59eead91d9549e489",
  "coords_stats": {
    "shape": [
      117,
      3
    ],
    "size": 351,
    "min": -8.015999794006348,
    "max": 34.52000045776367,
    "mean": 16.710128222892003,
    "std": 13.06670694400353
  }
}