{
  "hash": "f10fa266ba7c4567c5daeb356a508881e54c8fc9cbf5850392a7f7cd380ba0cb",
  "stats": {
    "shape": [
      107,
      107
    ],
    "size": 11449,
    "min": 0.0,
    "max": 15.470155574119026,
    "mean": 8.04120067435784,
    "std": 3.061802384205718
  }
}