{
  "f0_hash": "16e0daad1367b5551ae8f81b8a942484450b138e5c83ffda029481a06bf19864",
  "f1_hash": "267f9c504d751d156e64d63dc389c0ab46d5e0a292cf084c776962d2bae4a2f0",
  "f0_stats": {
    "shape": [
      5
    ],
    "size": 5,
    "min": 0.4731078842495465,
    "max": 121.3066985752224,
    "mean": 25.743186081644883,
    "std": 47.79801967317823
  },
  "f1_stats": {
    "shape": [
      15
    ],
    "size": 15,
    "min": 0.010900983384530605,
    "max": 279.8440929777176,
    "mean": 39.26418754556408,
    "std": 87.81906294748003
  }
}