{
  "hash": "cef766aeac17cdbbf56006a0dff61b6cad3b19bc40f99c41791769a25eac306a",
  "stats": {
    "shape": [
      116,
      116
    ],
    "size": 13456,
    "min": 0.0,
    "max": 15.712092558426187,
    "mean": 8.211445908103508,
    "std": 3.123603886912076
  }
}