{
  "hash": "8ffc0f036cea8fde09e4a1d5b491482f0b357433879f88163b3091fd6445425d",
  "stats": {
    "shape": [
      103,
      103
    ],
    "size": 10609,
    "min": 0.0,
    "max": 15.09346071662775,
    "mean": 7.814558177079609,
    "std": 2.9782196844770907
  }
}