{
  "hash": "029ea74ec39586a9a54e397f45cc13f69681b70758d304c9f35efe12b8086b21",
  "stats": {
    "shape": [
      110,
      110
    ],
    "size": 12100,
    "min": 0.0,
    "max": 15.594583342565707,
    "mean": 8.006953792505122,
    "std": 3.032770452158137
  }
}