{
  "count": 112,
  "ids_hash": "45f6c847a36ddeea3c107a3ca93f93fb2d4a256347d2491cad28d68b8b069b26",
  "coords_hash": "55c4fe58d1de8e670121493bbfe2fa04100fbc21d39980a297251bbbd42cf0d3",
  "coords_stats": {
    "shape": [
      112,
      3
    ],
    "size": 336,
    "min": -9.746999740600586,
    "max": 34.69200134277344,
    "mean": 17.091282783918793,
    "std": 13.831365694088623
  }
}