{
  "count": 71,
  "ids_hash": "1e61ceec19ed0556c27cb48b6fb5c2983d0bfa83e23f6e593046669d5cbf9d5b",
  "coords_hash": "5a8e9e5e5ee466cec7bd38012438266e32dc1b007051d7496b2fac3cb4b93827",
  "coords_stats": {
    "shape": [
      71,
      3
    ],
    "size": 213,
    "min": -21.937999725341797,
    "max": 32.18199920654297,
    "mean": 8.411657261736517,
    "std": 16.992708110180434
  }
}