MODEL,PRED_DOCKQ
3KMH,0.87910926
3KMH_af2m,0.85030454
