MODEL,PRED_DOCKQ
2Z26_af2m,0.9339376
2Z26,0.9142242
