{
  "hash": "f828e56eb291c1e652ea92cecfe462549120985c842b3e1f3992db4892c80225",
  "stats": {
    "shape": [
      79,
      79
    ],
    "size": 6241,
    "min": 0.0,
    "max": 15.216688818407654,
    "mean": 7.064009690471829,
    "std": 2.9380493531878646
  }
}