{
  "hash": "eb34d7e798c20ebdc0ae50a228cff4ac70c7d0e77e5380845fcabbd497ca4d8b",
  "stats": {
    "shape": [
      88,
      88
    ],
    "size": 7744,
    "min": 0.0,
    "max": 15.86741965159069,
    "mean": 7.742533666008768,
    "std": 3.1203231860648715
  }
}