{
  "f0_hash": "700f6bf6b1ac9bb160415424bdb52ea5e324966a1e05d98e62c35ada6fbdbb24",
  "f1_hash": "86d93aecc3f9ba693ab74e7a7237a6f558132383b8cfe7605fc89426ab83e815",
  "f0_stats": {
    "shape": [
      5
    ],
    "size": 5,
    "min": 0.45862010894157507,
    "max": 129.8414558119503,
    "mean": 27.548059814658338,
    "std": 51.16733181056386
  },
  "f1_stats": {
    "shape": [
      15
    ],
    "size": 15,
    "min": 0.01190955109889158,
    "max": 288.6697399642994,
    "mean": 40.95843175256583,
    "std": 91.60935598775758
  }
}