{
  "count": 114,
  "ids_hash": "7b5452c040300baf7c9f7cf30d95d5e399455800a92a0f1b01444424be3009d7",
  "coords_hash": "d915d3b5258c3f79ab34d20db213708fe18a927271d7a5d449431bb98773dcf7",
  "coords_stats": {
    "shape": [
      114,
      3
    ],
    "size": 342,
    "min": 3.6449999809265137,
    "max": 88.17500305175781,
    "mean": 38.00034215018066,
    "std": 31.151173699771544
  }
}