{
  "f0_hash": "ed29ee521cf66dcb047c7c07f0472756762c5a90263aec12d99affcaf5aec2e2",
  "f1_hash": "a78d06befaf2ca0e5e9fb9ab77478c75207460e9694cb7bf67d96b6fc5f85683",
  "f0_stats": {
    "shape": [
      5
    ],
    "size": 5,
    "min": 0.34283536540719256,
    "max": 115.2965742093462,
    "mean": 24.34800661778946,
    "std": 45.48523741977515
  },
  "f1_stats": {
    "shape": [
      15
    ],
    "size": 15,
    "min": 0.012321776914240523,
    "max": 256.5078394667159,
    "mean": 36.700951349805074,
    "std": 80.57443879498075
  }
}