{
  "f0_hash": "8188dbf6b17b306e3d66820896aaff359f21f5d30257187dd4739cce50c14ef3",
  "f1_hash": "75820b3607a732a250a7e84157072ae096927b56cbe85b8bf20d647054ba3e1b",
  "f0_stats": {
    "shape": [
      5
    ],
    "size": 5,
    "min": 0.48704450889053746,
    "max": 129.69690955700312,
    "mean": 27.404513672454403,
    "std": 51.16014536107687
  },
  "f1_stats": {
    "shape": [
      15
    ],
    "size": 15,
    "min": 0.010877021731636738,
    "max": 394.64616887636794,
    "mean": 56.16925695719507,
    "std": 125.36497958111393
  }
}