{
  "count": 105,
  "ids_hash": "41cd10d6fad6faaea747dfd13dbd1cec16041df397202eab00b1a90fe0ef1321",
  "coords_hash": "8c094150f63dcf1603c32ea539c276df9d730c5dd25cf2f2dd74e96ae4a8cc14",
  "coords_stats": {
    "shape": [
      105,
      3
    ],
    "size": 315,
    "min": -4.935999870300293,
    "max": 95.88300323486328,
    "mean": 35.820571458292385,
    "std": 37.75783762668787
  }
}