{
  "count": 70,
  "ids_hash": "4a7052fc1d7d9f73c32c63b176ebf1e04ef3c5602c92c0881787944979fd197a",
  "coords_hash": "2c4e175cc3ce5e3eae724c9ee1090613104e6d01a4457aa5072b8bc955cbbc66",
  "coords_stats": {
    "shape": [
      70,
      3
    ],
    "size": 210,
    "min": -28.86199951171875,
    "max": 37.43000030517578,
    "mean": 9.21741900671096,
    "std": 22.419346840366288
  }
}