{
  "f0_hash": "2ca5c6cde4cdf09b4d005bb0981e47cf45192f6f4d6b4cf15544ae0a360a8f4b",
  "f1_hash": "443d85811f7d04b731e8ad36de073a0c9d9812ea67278b89227fe78b11afa7bd",
  "f0_stats": {
    "shape": [
      5
    ],
    "size": 5,
    "min": 0.6073273800405401,
    "max": 137.60730797095943,
    "mean": 28.91593247281338,
    "std": 54.354351926587995
  },
  "f1_stats": {
    "shape": [
      15
    ],
    "size": 15,
    "min": 0.010870584547457263,
    "max": 404.1067278633111,
    "mean": 56.68153152046251,
    "std": 128.5309576104988
  }
}