{
  "f0_hash": "78b8e9709ec22022bb9737695d380905381b6b0839d4f3792c541c8980922d6e",
  "f1_hash": "03e870c6a2134566fa1db06d0113b3b08c0beb1dddf4803458f1415c3ab03b3e",
  "f0_stats": {
    "shape": [
      5
    ],
    "size": 5,
    "min": 0.5356804547561052,
    "max": 164.0620178551247,
    "mean": 34.247007914368645,
    "std": 64.91682757365652
  },
  "f1_stats": {
    "shape": [
      15
    ],
    "size": 15,
    "min": 0.010989963155477511,
    "max": 492.1102560723067,
    "mean": 67.72773414503817,
    "std": 155.8986651626391
  }
}