{
  "f0_hash": "ecc81637e3339a596622231877300cd5dff4fef2f0edc7b7d0054444fe16a4ba",
  "f1_hash": "97a4ad34ca3e1c426503339dd63d107d5d23489e45beaaeb7b869436ed11f6d4",
  "f0_stats": {
    "shape": [
      5
    ],
    "size": 5,
    "min": 0.4093747822691352,
    "max": 170.5390010877717,
    "mean": 35.49262322473645,
    "std": 67.53236304032404
  },
  "f1_stats": {
    "shape": [
      15
    ],
    "size": 15,
    "min": 0.01032764783998985,
    "max": 470.6459153237028,
    "mean": 64.97462222272806,
    "std": 148.53856185453222
  }
}