{
  "count": 60,
  "ids_hash": "4cc82a15575f89fc277e8fbd381f38269fd502bfc988edd8dfc9e49a77d605fc",
  "coords_hash": "c608bef575082ae8e18458ebac9ac321a46fe0e6b5d84f35d33aaf8e82ceb11e",
  "coords_stats": {
    "shape": [
      60,
      3
    ],
    "size": 180,
    "min": 7.5929999351501465,
    "max": 43.667999267578125,
    "mean": 27.974105509122214,
    "std": 10.475348163502868
  }
}