{
  "hash": "fbb3fae717733a6ceedff592d8549b83053a7d3b1e7168fb4222e52e0a978ba3",
  "stats": {
    "shape": [
      53,
      53
    ],
    "size": 2809,
    "min": 0.0,
    "max": 14.998938759977094,
    "mean": 6.7858927087555,
    "std": 2.9252202400426195
  }
}