{
  "hash": "fa20e64bc901ecd6f8dc72ba489cc517943620a4914423488821810207ce7e76",
  "stats": {
    "shape": [
      106,
      106
    ],
    "size": 11236,
    "min": 0.0,
    "max": 15.820607996644439,
    "mean": 7.947936753035298,
    "std": 3.0503811357955817
  }
}