{
  "hash": "3b28dcbae68e2350fd5a0258ec15cc93e803f163acb180f22117f5cec9b1f81f",
  "stats": {
    "shape": [
      80,
      80
    ],
    "size": 6400,
    "min": 0.0,
    "max": 15.551211273002295,
    "mean": 7.642873068010004,
    "std": 3.1915190533754587
  }
}