{
  "hash": "d44035d279e7983489b44f339e95f5e2c3999785f26bb714ad297d98e093f32c",
  "stats": {
    "shape": [
      89,
      89
    ],
    "size": 7921,
    "min": 0.0,
    "max": 15.221685896320157,
    "mean": 7.555628599319541,
    "std": 3.0097622156941135
  }
}