{
  "f0_hash": "f0f5937a647d607b064e4f1fd5e953a93be83ae21cf3fe07e2b1df16af11b8a6",
  "f1_hash": "0e1553f3db4f2e263aa5d9013e9494e10490411ba31817cad8eed4eed705d069",
  "f0_stats": {
    "shape": [
      5
    ],
    "size": 5,
    "min": 0.6039900021360977,
    "max": 145.05841438267421,
    "mean": 30.81493008270498,
    "std": 57.14940332459715
  },
  "f1_stats": {
    "shape": [
      15
    ],
    "size": 15,
    "min": 0.010573293677472506,
    "max": 418.0132556455105,
    "mean": 58.3497045581794,
    "std": 132.89652615464206
  }
}