{
  "hash": "9b33a0e065d2f86511489d4b14a4b59d2c85fc291b9843b141d317a70efa6fca",
  "stats": {
    "shape": [
      85,
      85
    ],
    "size": 7225,
    "min": 0.0,
    "max": 14.924152126508764,
    "mean": 7.1863135720233196,
    "std": 2.914895736084448
  }
}