MODEL,PRED_DOCKQ
5GZ3_af2m,0.91095805
5GZ3,0.8836029
