{
  "hash": "111a32877ac61e3520753e39791823db8f62a45f7eeeeade22cea6d6ab1bace9",
  "stats": {
    "shape": [
      96,
      96
    ],
    "size": 9216,
    "min": 0.0,
    "max": 15.015156996659742,
    "mean": 7.551834067857685,
    "std": 2.908354925723792
  }
}