{
  "hash": "fdd8013d0f7f1c2c5a50eb3e570bf020cb56af3b3c06752f165acff89ee46368",
  "stats": {
    "shape": [
      105,
      105
    ],
    "size": 11025,
    "min": 0.0,
    "max": 15.288531870248049,
    "mean": 7.993887469328239,
    "std": 3.0495258519828146
  }
}