MODEL,dockq,capri
2bnq_6,0.002447721687282,incorrect
2bnq_7,0.0049678426721938,incorrect
2bnq_8,0.0047177967252582,incorrect
2bnq_9,0.0041052512229515,incorrect
2bnq_10,0.0059111968072421,incorrect
