{
  "hash": "7d56ae0acc2963fdcbb694d8f5403db268ac8ae4814f53ffec50c11e4c9a1526",
  "stats": {
    "shape": [
      111,
      111
    ],
    "size": 12321,
    "min": 0.0,
    "max": 15.879381034232184,
    "mean": 8.11375441027234,
    "std": 3.0982840984304634
  }
}