{
  "count": 114,
  "ids_hash": "d55ef7db3a008df9b6843201967b89a002033f8428bca4ced816101b20d90823",
  "coords_hash": "addc6e581e88e57ff07cb134c1016a56e2d683bd6aea7531bcac6e33eaee5508",
  "coords_stats": {
    "shape": [
      114,
      3
    ],
    "size": 342,
    "min": -43.077999114990234,
    "max": 34.55699920654297,
    "mean": -8.050616997724388,
    "std": 26.735837299800735
  }
}