{
  "f0_hash": "5f5e16a654de8f49bfce01a2f8fa16922d472ddc21f6f7540b2b3f6ff575505d",
  "f1_hash": "53bea68b73e96d9813ec1c99772184ecfeab8c35e64829c6c71874a2dd1ff54d",
  "f0_stats": {
    "shape": [
      5
    ],
    "size": 5,
    "min": 0.3212303608343836,
    "max": 76.21966193739385,
    "mean": 16.514350245043694,
    "std": 29.86874823329569
  },
  "f1_stats": {
    "shape": [
      15
    ],
    "size": 15,
    "min": 0.011230639043063206,
    "max": 116.84642312344099,
    "mean": 18.132689657707818,
    "std": 37.06215983338682
  }
}