{
  "count": 89,
  "ids_hash": "dfb8ac990211c89380f4d04a5185a09df6bfb92caa694e222ebe882d565bf32d",
  "coords_hash": "150c3276abcfbf79df1ba3142df44bd29070b0acd2af2a0c6775d03dedf9d3de",
  "coords_stats": {
    "shape": [
      89,
      3
    ],
    "size": 267,
    "min": -12.713000297546387,
    "max": 58.36199951171875,
    "mean": 14.557280887840037,
    "std": 26.31080261188278
  }
}