{
  "hash": "1be3ec17f7b3103c2a55a1eb3fb74645c5a53a49e6952abe42373baf9502775d",
  "stats": {
    "shape": [
      68,
      68
    ],
    "size": 4624,
    "min": 0.0,
    "max": 15.671157769252307,
    "mean": 7.052348191207581,
    "std": 2.9399125324692292
  }
}