{
  "f0_hash": "b85a46fce3fb732298e85d9ed82d5c405e7a5c904e9a9965ea9b80b8b7d94568",
  "f1_hash": "810ce90585d7bfa6d6890ac0f22fd027fe3ba74b4700cfaae9406729aebb49ad",
  "f0_stats": {
    "shape": [
      5
    ],
    "size": 5,
    "min": 0.34059964375441026,
    "max": 189.13654220180436,
    "mean": 39.13356296517513,
    "std": 75.00863383695457
  },
  "f1_stats": {
    "shape": [
      15
    ],
    "size": 15,
    "min": 0.010958666043391574,
    "max": 540.0107750451433,
    "mean": 73.9828112958535,
    "std": 171.48348467860134
  }
}