{
  "count": 97,
  "ids_hash": "a5cc215f429c1e8eac0b455bd143f2e03469fb4815a00c6f8effff87018e089a",
  "coords_hash": "e0dd6c4ecf316837bf6a2305baa124396d973055c0dff15661a43ed49a77a934",
  "coords_stats": {
    "shape": [
      97,
      3
    ],
    "size": 291,
    "min": -3.5369999408721924,
    "max": 41.04100036621094,
    "mean": 16.211140896574534,
    "std": 13.310018210504111
  }
}