{
  "hash": "09fd735557be856a76346e84f7e3ad62fc59266e97811ab978d7a047bdfd2b7a",
  "stats": {
    "shape": [
      103,
      103
    ],
    "size": 10609,
    "min": 0.0,
    "max": 15.44119993653059,
    "mean": 7.826691963997147,
    "std": 3.0680758137683752
  }
}