{
  "f0_hash": "9afc8ac5795be91225ea37dc0a987c482c21322d9d1d45f0bd6174b494eb56ba",
  "f1_hash": "5d0ca3cf4d59a84833b82f5be52f42afd971878b610880b357ef83c198b4b8c8",
  "f0_stats": {
    "shape": [
      5
    ],
    "size": 5,
    "min": 0.4356425149476918,
    "max": 159.53724394945056,
    "mean": 33.210658992179575,
    "std": 63.17043836512777
  },
  "f1_stats": {
    "shape": [
      15
    ],
    "size": 15,
    "min": 0.01021056505595297,
    "max": 419.4252096497533,
    "mean": 58.9518334256483,
    "std": 132.29787642929986
  }
}