{
  "count": 58,
  "ids_hash": "aeafcb5d9a3369f8b43766351bcba398f3566998d2073bafc75321e6dbe30d24",
  "coords_hash": "14aea61d8e8b336f580bf9da014a26f0b2439e149c62794f1dbff28317fe8a2e",
  "coords_stats": {
    "shape": [
      58,
      3
    ],
    "size": 174,
    "min": -24.47100067138672,
    "max": 19.81800079345703,
    "mean": -6.275775876538507,
    "std": 15.09445895060714
  }
}