MODEL,PRED_DOCKQ
2IAB_af2m,0.9322525
2IAB,0.90606606
