MODEL,PRED_DOCKQ
3CX8_af2m,0.8186279
3CX8,0.5589023
