{
  "count": 96,
  "ids_hash": "b7e4a324d6cb7c90986ad69df73acc5103d48738184d3b56cf377846942a641f",
  "coords_hash": "6b40f1917c4e0c311d3c034462bfd641b8300c0d028f5d667b3812ef64c7c010",
  "coords_stats": {
    "shape": [
      96,
      3
    ],
    "size": 288,
    "min": -19.413999557495117,
    "max": 27.02199935913086,
    "mean": 8.315916688905823,
    "std": 15.13258408268072
  }
}