{
  "f0_hash": "e24df9175c2534cace02becfed27716498ebb4970ca0732a4fdc7d0bd5af6119",
  "f1_hash": "075a25b4c5c7440b036380155b30a7978e4c897926f45721bb0c8fb2ddea9b25",
  "f0_stats": {
    "shape": [
      5
    ],
    "size": 5,
    "min": 0.6314708209660376,
    "max": 166.2947146008698,
    "mean": 34.804638602902436,
    "std": 65.75650604464023
  },
  "f1_stats": {
    "shape": [
      15
    ],
    "size": 15,
    "min": 0.010797881642362839,
    "max": 565.5094489066037,
    "mean": 78.33686761783416,
    "std": 179.60080010585364
  }
}