{
  "hash": "756cd8744155485e0bcf382434142dc3eeaddc91ba529a4e01c7d072108cd7f7",
  "stats": {
    "shape": [
      59,
      59
    ],
    "size": 3481,
    "min": 0.0,
    "max": 14.543406729278898,
    "mean": 6.406145811963707,
    "std": 2.641304840498316
  }
}