{
  "count": 221,
  "ids_hash": "14ba4b56aebb386739e4fca84314bac39d763c220131ab74fd27a69585f677a7",
  "coords_hash": "0423aacba6bb1ecd88081683e31eec0ef2f771d66d0516f668ae7cb91a3f4f73",
  "coords_stats": {
    "shape": [
      221,
      3
    ],
    "size": 663,
    "min": -21.77199935913086,
    "max": 18.600000381469727,
    "mean": 2.2839336413243956,
    "std": 12.304370450433982
  }
}