MODEL,PRED_DOCKQ
2V0P,0.029981991
2V0P_af2m,0.027060369
