{
  "count": 116,
  "ids_hash": "867b558e39b87f47492d4cb29db8a9ca2169ae4d94288c03dbc2c1b37fdc2098",
  "coords_hash": "8cc2e3ebbb1f7312da26fde21b44d5a0e9f362e2aa0ed0802f316f535e828d92",
  "coords_stats": {
    "shape": [
      116,
      3
    ],
    "size": 348,
    "min": 6.35699987411499,
    "max": 98.16000366210938,
    "mean": 42.350367843419654,
    "std": 34.805071072613416
  }
}