{
  "f0_hash": "073627fde50e0e3ec4b8d724f4999ce04ee0b7b361f2464701b3256e245bdd1c",
  "f1_hash": "ebc5276762715466e086e68851a396159a7a42f3e751cf255e48f2da08d9a3bd",
  "f0_stats": {
    "shape": [
      5
    ],
    "size": 5,
    "min": 0.5313041119384271,
    "max": 131.14396751685675,
    "mean": 27.705343453184668,
    "std": 51.733877772142634
  },
  "f1_stats": {
    "shape": [
      15
    ],
    "size": 15,
    "min": 0.011682675845436918,
    "max": 356.35116650518376,
    "mean": 50.802508357271186,
    "std": 113.8360234547408
  }
}