MODEL,PRED_DOCKQ
1M7W_af2m,0.7800845
1M7W,0.06764267
