{
  "count": 110,
  "ids_hash": "4734b598f2ed2dda5a002446fc8882e695531bcd7f13046f9452f9e037f69d0b",
  "coords_hash": "f513625ff8dd3edae3cd757721aa818f316d037b38dc736c95d290d38abae3a6",
  "coords_stats": {
    "shape": [
      110,
      3
    ],
    "size": 330,
    "min": -34.077999114990234,
    "max": 48.051998138427734,
    "mean": 2.7667696874983836,
    "std": 28.06672221392549
  }
}