{
  "hash": "ea5cdc7ecc6f9109f6e2132de686e57b86587020ef8a3a7d3b2dd158efdb4512",
  "stats": {
    "shape": [
      103,
      103
    ],
    "size": 10609,
    "min": 0.0,
    "max": 15.416063956046127,
    "mean": 7.945097699238852,
    "std": 3.075588507015467
  }
}