{
  "f0_hash": "6f9dbf5274f38a237bc3a11d3adfe9d60668ee906c077d875a5fd01763ac1692",
  "f1_hash": "1fcdc4ec698635e0c25fb2a625012b277b6eb52c6905db1626d582aa0ca88fcc",
  "f0_stats": {
    "shape": [
      5
    ],
    "size": 5,
    "min": 0.47850740781127926,
    "max": 131.6197056541266,
    "mean": 27.657999176281102,
    "std": 51.989865974336574
  },
  "f1_stats": {
    "shape": [
      15
    ],
    "size": 15,
    "min": 0.010315324526610326,
    "max": 302.725083901207,
    "mean": 42.82145729324265,
    "std": 95.48367961217991
  }
}