{
  "hash": "c88e11e6781f0dba22e1c58a7e85c1a013d92617e0cdcea3c61715e157f8da67",
  "stats": {
    "shape": [
      90,
      90
    ],
    "size": 8100,
    "min": 0.0,
    "max": 15.244127460938866,
    "mean": 7.532955436370871,
    "std": 3.0026489226547737
  }
}