{
  "count": 97,
  "ids_hash": "f1a176477fae1c21288d42941736983b5cdafb720b33fc2df402efdb66003db7",
  "coords_hash": "2891ddf076e8526619206069859e7af10588fcb3abf0bb9ebc580726bb2aff96",
  "coords_stats": {
    "shape": [
      97,
      3
    ],
    "size": 291,
    "min": 9.067000389099121,
    "max": 49.33700180053711,
    "mean": 25.50510656546891,
    "std": 12.640675731006352
  }
}