MODEL,PRED_DOCKQ
5X8S_af2m,0.13012463
5X8S,0.022274852
