{
  "hash": "39e438bab2a10e2a2931f4dfb4b781bdf05e4e486d153cdc2c016a72b40b7332",
  "stats": {
    "shape": [
      123,
      123
    ],
    "size": 15129,
    "min": 0.0,
    "max": 15.399864382347937,
    "mean": 7.891504500603548,
    "std": 3.0125241572466934
  }
}