{
  "f0_hash": "d679c99557e4cec081cb18f23a4e10193834ece9da4494fab7dc6a561da46115",
  "f1_hash": "330826479669dca7cae975e00dca82a7e7a798a9742a6b42d97c140400630bfc",
  "f0_stats": {
    "shape": [
      5
    ],
    "size": 5,
    "min": 0.8008241728723624,
    "max": 117.97721496197278,
    "mean": 25.136401700196785,
    "std": 46.43257294110548
  },
  "f1_stats": {
    "shape": [
      15
    ],
    "size": 15,
    "min": 0.010797881642362839,
    "max": 374.76841455763685,
    "mean": 53.17584583642065,
    "std": 119.05331086768088
  }
}