{
  "count": 214,
  "ids_hash": "d7138da0d2fab0e59264851c724f9f9bb3f95d7b054d4d34a37e2f1bad96756b",
  "coords_hash": "e191bd1263ac6cb211e2f0fa5d2efa437302a0c69c2607cf358472e2ae7f1d86",
  "coords_stats": {
    "shape": [
      214,
      3
    ],
    "size": 642,
    "min": -11.918000221252441,
    "max": 13.053999900817871,
    "mean": 1.519154195833699,
    "std": 5.585808706931114
  }
}