{
  "count": 113,
  "ids_hash": "e57f91cc409b0a83feaa028e444de2220153839a73f74e59f4f32aacf5feb463",
  "coords_hash": "72bf3f10dc7ff7797be1e27208052105dd08051749c4a0559bfff68ec6c0a7ac",
  "coords_stats": {
    "shape": [
      113,
      3
    ],
    "size": 339,
    "min": -21.39299964904785,
    "max": 47.119998931884766,
    "mean": 7.004640165683442,
    "std": 23.55402010207817
  }
}