{
  "f0_hash": "b3879c5d2094cbe37fa7fb37ef746a07e1a7a12b3705ff5ba95495cfe063db19",
  "f1_hash": "29976e6f264ad7fc30e94d9384a76c176f6b3746dc03145ae565ade4739bab7d",
  "f0_stats": {
    "shape": [
      5
    ],
    "size": 5,
    "min": 0.34922690533992057,
    "max": 80.29545915269388,
    "mean": 17.265201840637218,
    "std": 31.52619188344864
  },
  "f1_stats": {
    "shape": [
      15
    ],
    "size": 15,
    "min": 0.013118934671891402,
    "max": 166.2209795531473,
    "mean": 24.242626317602728,
    "std": 53.08528449333113
  }
}