{
  "hash": "4952e5eae4a800d9d21ef9fa4905f734b16060f8ff13197dab7d28ebdb47a12a",
  "stats": {
    "shape": [
      92,
      92
    ],
    "size": 8464,
    "min": 0.0,
    "max": 15.593484167885073,
    "mean": 7.469461325759424,
    "std": 2.895169414602371
  }
}