MODEL,PRED_DOCKQ
4ROC_af2m,0.78653055
4ROC,0.6886691
