MODEL,PRED_DOCKQ
4FZS,0.6902832
4FZS_af2m,0.53442806
