MODEL,PRED_DOCKQ
6H1W_af2m,0.7852825
6H1W,0.36131972
