{
  "f0_hash": "bff15629576a5f4794be6d4681bf52c1d4cdf1bda0350817d3d012fad3215e4c",
  "f1_hash": "493d48c69bed6ccaf27ed5f21d93d37e9ee22a754faca5b19c3c7d1267c0ca32",
  "f0_stats": {
    "shape": [
      5
    ],
    "size": 5,
    "min": 0.524986706420278,
    "max": 100.37385156355381,
    "mean": 21.534315756814358,
    "std": 39.43702031940295
  },
  "f1_stats": {
    "shape": [
      15
    ],
    "size": 15,
    "min": 0.010928194170261918,
    "max": 204.03420105568108,
    "mean": 29.368516828427463,
    "std": 64.01696534321147
  }
}