{
  "hash": "700dc5f0a47d4c52cb0db513c8449adf83d5827b23042244c269469515280b4e",
  "stats": {
    "shape": [
      120,
      120
    ],
    "size": 14400,
    "min": 0.0,
    "max": 15.617727122809082,
    "mean": 7.943759897772458,
    "std": 3.028334720528339
  }
}