{
  "f0_hash": "8f04cee1fbb28e0f3ad86115d3c7b38f1f4cd50f58806cdf7c33dd505cca41f6",
  "f1_hash": "3c0d0a5e02c874bc5d41ad3f09c39102f7b3cb491b8ca531599692dadd6ee5ef",
  "f0_stats": {
    "shape": [
      5
    ],
    "size": 5,
    "min": 0.4649268193532619,
    "max": 160.663224813161,
    "mean": 33.51621088275054,
    "std": 63.58238242837868
  },
  "f1_stats": {
    "shape": [
      15
    ],
    "size": 15,
    "min": 0.01096751287238984,
    "max": 481.91628146961796,
    "mean": 67.16160043228626,
    "std": 152.47088411036538
  }
}