{
  "f0_hash": "57c372d6b3511052883cf17781847440277c6ce2bd778f886122fb62b9a54197",
  "f1_hash": "4a686ca029428594cef8be5fed9bf94aa266504779359f1da3462ab295dc3d61",
  "f0_stats": {
    "shape": [
      5
    ],
    "size": 5,
    "min": 0.377408695742329,
    "max": 145.9904203777365,
    "mean": 30.605557347079177,
    "std": 57.70447627853342
  },
  "f1_stats": {
    "shape": [
      15
    ],
    "size": 15,
    "min": 0.010812879548228516,
    "max": 335.5989082668902,
    "mean": 47.04216821107674,
    "std": 106.10544140804512
  }
}