{
  "count": 169,
  "ids_hash": "867e56ea24a5aada0a9fe1ad30135a4697a98033f241002e8db146a4dfe481fa",
  "coords_hash": "c5a1f6f19d220b96b41be7d6e1b0320084baaf6fc361b6e0b6d1737947703f9b",
  "coords_stats": {
    "shape": [
      169,
      3
    ],
    "size": 507,
    "min": -42.50400161743164,
    "max": 15.543999671936035,
    "mean": -14.930751513094592,
    "std": 18.330900233737967
  }
}