{
  "hash": "775e41433e41b2e65d853e147cbd86feb3666f88fe565aa8fa503788631bbdb7",
  "stats": {
    "shape": [
      102,
      102
    ],
    "size": 10404,
    "min": 0.0,
    "max": 15.743404415808582,
    "mean": 8.102875910586027,
    "std": 3.113673890354301
  }
}