{
  "f0_hash": "18243c5f3bd6a5301fede62f155811881048711498b58c3502da2bd7150209ab",
  "f1_hash": "8bcbea8cfc7071e6b6fb456a24374d3227082e749b89cfb10b0651371cc9bb7c",
  "f0_stats": {
    "shape": [
      5
    ],
    "size": 5,
    "min": 0.22328661164048133,
    "max": 116.7358262181723,
    "mean": 24.454001073024806,
    "std": 46.147263253463706
  },
  "f1_stats": {
    "shape": [
      15
    ],
    "size": 15,
    "min": 0.01220777457564548,
    "max": 272.30770073836055,
    "mean": 38.77578215375593,
    "std": 85.94218425555165
  }
}