MODEL,PRED_DOCKQ
6FHG_af2m,0.25203198
6FHG,0.0009055626
