{
  "count": 105,
  "ids_hash": "51c5419cb592b7c8aa0cd4dbc6d691980556a5b17a489522b2504ba11d625d3c",
  "coords_hash": "0146658c05a175c73742f1241ae3b7a4f735d55044dc46bd96ffbed2746416da",
  "coords_stats": {
    "shape": [
      105,
      3
    ],
    "size": 315,
    "min": -9.84000015258789,
    "max": 48.51900100708008,
    "mean": 22.560866665260658,
    "std": 18.68808335030829
  }
}