{
  "f0_hash": "e695424ea0fb87dba8f2710dd7bee40db2491e0405102d345a1fff5009c152b1",
  "f1_hash": "0e5b4af4cf2b8d0aa6d556077fee360c4cf2571173cac3ee87e07cc067a76083",
  "f0_stats": {
    "shape": [
      5
    ],
    "size": 5,
    "min": 0.48708153009848215,
    "max": 167.8060968544502,
    "mean": 34.95899217753424,
    "std": 66.43226977095807
  },
  "f1_stats": {
    "shape": [
      15
    ],
    "size": 15,
    "min": 0.010625842983708278,
    "max": 484.9848184996311,
    "mean": 67.01505726016788,
    "std": 153.25641842010666
  }
}