{
  "count": 88,
  "ids_hash": "567570936bbd0ec3bb11fd8a896fd8b90ee66673186db8cd1222afa9b78fe417",
  "coords_hash": "cc6ae7dc4111b2ec8a7f4c60768419c62c1949727baf9eaef768675c5d662dba",
  "coords_stats": {
    "shape": [
      88,
      3
    ],
    "size": 264,
    "min": 6.3460001945495605,
    "max": 41.599998474121094,
    "mean": 24.77718564597043,
    "std": 10.310147866982357
  }
}