{
  "f0_hash": "c801de893c9669b6f58d987cd5682bc7f14d9190a3f1806c2faedfbdcac65e36",
  "f1_hash": "f011fc001ba9347c7f12fa2b8fbcfc33b128c2cde2da8bb8584327a44cf08d60",
  "f0_stats": {
    "shape": [
      5
    ],
    "size": 5,
    "min": 0.446713087214118,
    "max": 167.82631610825243,
    "mean": 34.90134184028959,
    "std": 66.47007824145277
  },
  "f1_stats": {
    "shape": [
      15
    ],
    "size": 15,
    "min": 0.01098807809612179,
    "max": 459.51774949373214,
    "mean": 64.15504710214176,
    "std": 145.28343702694
  }
}