{
  "f0_hash": "2129959aee861faa9fc944c698909e2f0a0801059ac283812da2b129d2cbfe70",
  "f1_hash": "7e3a0ba5a0e4ada85262a52335f88cf394d90d3959c36b0167c46c57f0614f83",
  "f0_stats": {
    "shape": [
      5
    ],
    "size": 5,
    "min": 0.46433092530516656,
    "max": 79.99918273322642,
    "mean": 17.38393179759037,
    "std": 31.325270410141915
  },
  "f1_stats": {
    "shape": [
      15
    ],
    "size": 15,
    "min": 0.011966373959252596,
    "max": 166.75610715329918,
    "mean": 25.064355745178126,
    "std": 52.73669724263588
  }
}