MODEL,PRED_DOCKQ
3L4B_af2m,0.43539974
3L4B,0.25827372
