MODEL,PRED_DOCKQ
5V6J,0.78402025
5V6J_af2m,0.19064622
