{
  "f0_hash": "59aca897d2e5c9ce488db3662f14347c2bd315aac38456d7be191e219ca5d9c4",
  "f1_hash": "19f22ae3c4c3d033f68336c2669f6debf276e630fd8e9015cca41b37ddc1ab17",
  "f0_stats": {
    "shape": [
      5
    ],
    "size": 5,
    "min": 0.3646106391039692,
    "max": 129.99883351911302,
    "mean": 27.313553113080893,
    "std": 51.35265522768189
  },
  "f1_stats": {
    "shape": [
      15
    ],
    "size": 15,
    "min": 0.01039958096128979,
    "max": 284.030728804311,
    "mean": 39.7512104731727,
    "std": 90.19478063138571
  }
}