{
  "f0_hash": "7e3d746efc909f890445149789fbb54196ccef872f17dca584448d953b087e63",
  "f1_hash": "b1d83b50b1e310ebb7fceef9fe832f9d73c519f582772dbccbcff6a3c8e7df20",
  "f0_stats": {
    "shape": [
      5
    ],
    "size": 5,
    "min": 0.5949357843816051,
    "max": 182.68251011882742,
    "mean": 37.9708137854718,
    "std": 72.36353381192643
  },
  "f1_stats": {
    "shape": [
      15
    ],
    "size": 15,
    "min": 0.010384886091979517,
    "max": 599.6439200038723,
    "mean": 82.17991892098065,
    "std": 190.1696869994704
  }
}