{
  "hash": "f024aad09d6450175592c0eee51dfbe41efa4f595560190757beb19ad2b9af25",
  "stats": {
    "shape": [
      91,
      91
    ],
    "size": 8281,
    "min": 0.0,
    "max": 15.509298304473399,
    "mean": 7.994961942319309,
    "std": 3.116306392064442
  }
}