{
  "f0_hash": "f59737d4d8277055ce62fced6f51b9de023cd54986ac0387a0f6493a964da16e",
  "f1_hash": "9b8f6a9d24f18cfef116b00bed3d6ed36e07dec28439b7529cd4358aacf02771",
  "f0_stats": {
    "shape": [
      5
    ],
    "size": 5,
    "min": 0.46173084691627475,
    "max": 170.4135714017353,
    "mean": 35.47265809638013,
    "std": 67.4794007770967
  },
  "f1_stats": {
    "shape": [
      15
    ],
    "size": 15,
    "min": 0.010957953201069515,
    "max": 562.5752140103402,
    "mean": 76.98225527944494,
    "std": 179.37665246430882
  }
}