{
  "hash": "f89e8cfbcc67db10e451ea796f0edb4d643911440e0a5ff10667d5420fb99407",
  "stats": {
    "shape": [
      122,
      122
    ],
    "size": 14884,
    "min": 0.0,
    "max": 15.483243466305096,
    "mean": 7.902459513166931,
    "std": 2.9738555101280926
  }
}