MODEL,PRED_DOCKQ
2RJZ_af2m,0.41284636
2RJZ,0.10267203
