{
  "f0_hash": "8e0706c36b92c57181f059d4d32a6047fd8727561677cf7bef62fa05a95ec6ab",
  "f1_hash": "ae66fe37bd11da709a91753ed3e79a18c1885c7365278b450d43bd16f6e9e8f0",
  "f0_stats": {
    "shape": [
      5
    ],
    "size": 5,
    "min": 0.5529379967658828,
    "max": 70.92690098452591,
    "mean": 15.693100006451862,
    "std": 27.64518660544329
  },
  "f1_stats": {
    "shape": [
      15
    ],
    "size": 15,
    "min": 0.016886983383174847,
    "max": 105.53116100703969,
    "mean": 16.422275772421084,
    "std": 33.20686762217256
  }
}