MODEL,PRED_DOCKQ
1J30,0.84646213
1J30_af2m,0.76342666
