MODEL,PRED_DOCKQ
3HMX,0.74449635
3HMX_af2m,0.6633794
