{
  "count": 71,
  "ids_hash": "3b15b2beab03350f7e06ae2f0cf1de9bf2da61b497583b4cb975c69ea1611a1b",
  "coords_hash": "0ff7008c277aaef4b07030810c842e06a2951b39963d8a8305e326288d53b8a8",
  "coords_stats": {
    "shape": [
      71,
      3
    ],
    "size": 213,
    "min": -27.565000534057617,
    "max": 45.347999572753906,
    "mean": 9.375051606988682,
    "std": 24.25012864217654
  }
}