{
  "f0_hash": "279598599c91752d5b91995f76931ef44855e320b46570d3a9482eef40f56010",
  "f1_hash": "9d4ba41357a9c6d2edc60f2b75b5abc88d0637599165005c2401f6a035ebac46",
  "f0_stats": {
    "shape": [
      5
    ],
    "size": 5,
    "min": 0.433678553228348,
    "max": 143.88141317458073,
    "mean": 30.185521348507812,
    "std": 56.85949490676878
  },
  "f1_stats": {
    "shape": [
      15
    ],
    "size": 15,
    "min": 0.01185197834426166,
    "max": 427.9193317826833,
    "mean": 59.12754377340073,
    "std": 136.75110807673659
  }
}