{
  "hash": "fdb2d62a000dc638a9af3d9e7703a689a964c78621c1cb4f1c472db5e42013ee",
  "stats": {
    "shape": [
      97,
      97
    ],
    "size": 9409,
    "min": 0.0,
    "max": 15.620712536835812,
    "mean": 7.879096865153492,
    "std": 3.1170514112934327
  }
}