{
  "f0_hash": "0c54cffa3997816f856f51bcbe1f7cfa166671d61f027dcdf3eef02cd58a92b9",
  "f1_hash": "4d0c20b0412f80aefe61e17bc31a0d5a97cae65fc48ce25c9893669d51640612",
  "f0_stats": {
    "shape": [
      5
    ],
    "size": 5,
    "min": 0.5835949239298274,
    "max": 168.27690082802306,
    "mean": 35.137426232252764,
    "std": 66.5797713631854
  },
  "f1_stats": {
    "shape": [
      15
    ],
    "size": 15,
    "min": 0.010919203944750322,
    "max": 565.2958169903984,
    "mean": 77.64047880863974,
    "std": 180.0050466209791
  }
}