{
  "count": 81,
  "ids_hash": "5848969768e589e2d853a600d16ea0a6c028ae22545d87854289fba8e7fd703c",
  "coords_hash": "1cb0cea3f1999f8ef67ea2f2cbdc621a46e40ecef6df4919839e5ffb563ea2aa",
  "coords_stats": {
    "shape": [
      81,
      3
    ],
    "size": 243,
    "min": -20.12299919128418,
    "max": 76.39399719238281,
    "mean": 24.365596576973243,
    "std": 34.27045075666697
  }
}