{
  "f0_hash": "81912b7ee038a09b99963473ecc52d81f47f33f935418f42d2ed597cac08b2ac",
  "f1_hash": "d1c6c4eadc0d85949c8ca9780589ae14bd11d829389b1029fa86cebc1b1c2052",
  "f0_stats": {
    "shape": [
      5
    ],
    "size": 5,
    "min": 0.38258591345471377,
    "max": 161.60795886230338,
    "mean": 33.67500530548915,
    "std": 63.975507605528755
  },
  "f1_stats": {
    "shape": [
      15
    ],
    "size": 15,
    "min": 0.010523119672271264,
    "max": 503.7817362070196,
    "mean": 69.48647109791594,
    "std": 159.85510417713175
  }
}