{
  "hash": "4a0a10afdc0b9d8453fda8c7f238a7c6b5ab01aede33576110cc971d254cf4e4",
  "stats": {
    "shape": [
      93,
      93
    ],
    "size": 8649,
    "min": 0.0,
    "max": 14.940157720185328,
    "mean": 7.629383227418047,
    "std": 2.9725920475434244
  }
}