{
  "f0_hash": "093eeaab92b392d9666094063ae73ae743512823542eab3dbbf15246d048ed8d",
  "f1_hash": "dd389537098c15974b3948baa5a19d794be01861feda4b429b41df9b8c1f8792",
  "f0_stats": {
    "shape": [
      5
    ],
    "size": 5,
    "min": 0.6497514566831611,
    "max": 116.71810304629153,
    "mean": 24.88788596130012,
    "std": 45.94114147508659
  },
  "f1_stats": {
    "shape": [
      15
    ],
    "size": 15,
    "min": 0.010359560718495864,
    "max": 257.2595452940499,
    "mean": 36.55113831665027,
    "std": 81.44729594984686
  }
}