MODEL,PRED_DOCKQ
3G67,0.74646544
3G67_af2m,0.70385164
