{
  "hash": "75552d098c1f150d33059c502f4d7994757ccb80eee7a89844c2799f27faaa5c",
  "stats": {
    "shape": [
      107,
      107
    ],
    "size": 11449,
    "min": 0.0,
    "max": 15.506745297000759,
    "mean": 7.895732025280009,
    "std": 3.097964310418066
  }
}