{
  "count": 88,
  "ids_hash": "1d50c931fb864b2002932b7527f3ce6472369652b5e81a699f1df499a317e6a0",
  "coords_hash": "d20875a9ed7385cdb2be1905f7c18465e6f18d54249ce93c447e2867d057ca9b",
  "coords_stats": {
    "shape": [
      88,
      3
    ],
    "size": 264,
    "min": -1.871000051498413,
    "max": 96.13400268554688,
    "mean": 36.48465535913905,
    "std": 37.53831943100805
  }
}