{
  "count": 79,
  "ids_hash": "29d7f72428cc4bcad09dc001de0e8e9dfff6c16bf751202e03bcd3157270e422",
  "coords_hash": "be5d2a513b009e3b0de45a0b47bf0cd67209cb0fb035e170a3dcfeb4aa32582e",
  "coords_stats": {
    "shape": [
      79,
      3
    ],
    "size": 237,
    "min": -16.856000900268555,
    "max": 53.91699981689453,
    "mean": 18.443248910742973,
    "std": 23.43545615240411
  }
}