{
  "count": 97,
  "ids_hash": "5e1e7cfd655cb094e127da84155da1c8e06b01ef0882e3c20c67a852d51a8910",
  "coords_hash": "d0a2a728db5a79a1790d11a09a1e2c21495491d759c78269f315289daa5dfc36",
  "coords_stats": {
    "shape": [
      97,
      3
    ],
    "size": 291,
    "min": -30.743999481201172,
    "max": 76.4219970703125,
    "mean": 19.38111687361989,
    "std": 39.15136939210087
  }
}