{
  "hash": "b9e8ee7d9ff602adfc3954ab52b2f98997309fc422e41b1966b3b0e687e9361f",
  "stats": {
    "shape": [
      99,
      99
    ],
    "size": 9801,
    "min": 0.0,
    "max": 15.67526785665657,
    "mean": 7.892442066351122,
    "std": 3.1077909191519097
  }
}