MODEL,PRED_DOCKQ
4E84_af2m,0.80977625
4E84,0.7833662
