{
  "f0_hash": "b20844238e5f7ad63958c6338b5f4c2f2bf79976b47ef36b79621bdb3f96c18c",
  "f1_hash": "6a376ad6984c308902720ebcd9fd4fcb5ba8e64144dcbc766a33a46d54b2cad3",
  "f0_stats": {
    "shape": [
      5
    ],
    "size": 5,
    "min": 0.5883600190386633,
    "max": 156.3122245271498,
    "mean": 32.82779473888701,
    "std": 61.75599895397231
  },
  "f1_stats": {
    "shape": [
      15
    ],
    "size": 15,
    "min": 0.01059756452784022,
    "max": 439.10846583673055,
    "mean": 61.02024646609024,
    "std": 138.8485055052585
  }
}