MODEL,PRED_DOCKQ
2HYX_af2m,0.047787495
2HYX,0.04567558
