MODEL,PRED_DOCKQ
3S8I,0.8777967
3S8I_af2m,0.86321354
