{
  "hash": "523601d6a2ddfb63b246a784963a1544972bc3bab2cc80c0fdfa27a0830c5f88",
  "stats": {
    "shape": [
      63,
      63
    ],
    "size": 3969,
    "min": 0.0,
    "max": 15.437068828875402,
    "mean": 7.293257770263355,
    "std": 3.1604895976031915
  }
}