{
  "hash": "bb2dd57c5db2c1ac1828c9667aa8525a53df06241bc5ab6fb5d59ab3feec2284",
  "stats": {
    "shape": [
      108,
      108
    ],
    "size": 11664,
    "min": 0.0,
    "max": 15.69878341287078,
    "mean": 7.93068266727646,
    "std": 3.0313841668255517
  }
}