MODEL,PRED_DOCKQ
5AQC_af2m,0.84998643
5AQC,0.7732445
