{
  "hash": "8bac1b6dfcab0fd97dc2c0047c3e321905caedca15f43abb19567c2db68718a7",
  "stats": {
    "shape": [
      84,
      84
    ],
    "size": 7056,
    "min": 0.0,
    "max": 15.282777588936623,
    "mean": 7.139616638623495,
    "std": 2.9047972902292916
  }
}