{
  "f0_hash": "f9826eff274e102681350523c73ac6cf7e1e34eebcb0b198df042471e246dec8",
  "f1_hash": "1ef457de08a0368fad77fd5744eefe2e992b5fe1780ea61ace744510a1daf2b6",
  "f0_stats": {
    "shape": [
      5
    ],
    "size": 5,
    "min": 0.39430795386214373,
    "max": 139.411122776871,
    "mean": 29.263016335872965,
    "std": 55.08553246439135
  },
  "f1_stats": {
    "shape": [
      15
    ],
    "size": 15,
    "min": 0.011006325745042567,
    "max": 338.11294330871186,
    "mean": 47.79227825781702,
    "std": 105.96544801734129
  }
}