{
  "count": 76,
  "ids_hash": "edd9d2353ef75685d23604b6b48f1a7e11e6221dd5e789b62bdbe33a3231678d",
  "coords_hash": "71ec6033d863bb47b42665c2ca2553513ec4e67be1a9723c466d3ba4b80ca964",
  "coords_stats": {
    "shape": [
      76,
      3
    ],
    "size": 228,
    "min": -24.04199981689453,
    "max": 15.003000259399414,
    "mean": -3.7058201556976296,
    "std": 11.733802959921093
  }
}