{
  "count": 93,
  "ids_hash": "54565a53b9569f7d36d97bef94711f0b276d904dbb49c97eeac1b509a02d4007",
  "coords_hash": "37aca9d4c88a1ba1c2ad14d2c3546c5673d7d485d5b0a024a585eda19374d32e",
  "coords_stats": {
    "shape": [
      93,
      3
    ],
    "size": 279,
    "min": -0.5820000171661377,
    "max": 34.62300109863281,
    "mean": 16.467835084672043,
    "std": 9.540535912175915
  }
}