MODEL,PRED_DOCKQ
1NF3,0.741371
1NF3_af2m,0.55328876
