{
  "hash": "936019b78158ae4d0e4b31dc9838b71159d3d5b842ce1b3621dc00bec356134a",
  "stats": {
    "shape": [
      110,
      110
    ],
    "size": 12100,
    "min": 0.0,
    "max": 15.857348308698068,
    "mean": 8.054129431040177,
    "std": 3.0660831457248383
  }
}