MODEL,PRED_DOCKQ
3EXA,0.05127474
3EXA_af2m,0.038232055
