{
  "hash": "4fd0869b4dd3af18a6c3af802044dad42fe61a4dc6316208a557e834198b3d3d",
  "stats": {
    "shape": [
      99,
      99
    ],
    "size": 9801,
    "min": 0.0,
    "max": 15.47467469290045,
    "mean": 7.972885420501075,
    "std": 3.0754866766545566
  }
}