MODEL,PRED_DOCKQ
1D8H_af2m,0.83933014
1D8H,0.77902555
