{
  "hash": "88578a69f24e3f231128594b6282b16128f419b22509c08779459dab4bd6cfa1",
  "stats": {
    "shape": [
      80,
      80
    ],
    "size": 6400,
    "min": 0.0,
    "max": 14.935828813807072,
    "mean": 7.211828888249486,
    "std": 2.912623486544434
  }
}