{
  "count": 107,
  "ids_hash": "0eae09e22ec4cfc9d3e63552d3bd102b367d6e7308ad12a7ad942ec896fc6555",
  "coords_hash": "0548f0b5d8769ed6c3e32eb87fdf8825ece1e225235c38d5f9c7aae0e6660029",
  "coords_stats": {
    "shape": [
      107,
      3
    ],
    "size": 321,
    "min": -17.50200080871582,
    "max": 33.1870002746582,
    "mean": 13.81392838279035,
    "std": 18.036289446688798
  }
}