{
  "f0_hash": "427544d870fff10f04ee5a8e4b53562395c44e9a64f4bf4637ca4f9dd8dd2171",
  "f1_hash": "866ddd9adbfddfa911f14dab12c60ada6d72497a71d7fcd1a614be77888df62d",
  "f0_stats": {
    "shape": [
      5
    ],
    "size": 5,
    "min": 0.673801106402296,
    "max": 103.00774568412966,
    "mean": 22.108182549004752,
    "std": 40.4652811748885
  },
  "f1_stats": {
    "shape": [
      15
    ],
    "size": 15,
    "min": 0.011349506269600074,
    "max": 260.3864803442617,
    "mean": 37.52227661681018,
    "std": 81.83246493307395
  }
}