{
  "count": 59,
  "ids_hash": "434f010f852dd43fa55d38d27ed6d13f5f5dc9591316c297f8c0c159a8565476",
  "coords_hash": "1ac5fd206b528931e01f66ec7b1dbdacf09f9d1e3bd7d9476bb9b8adee2cb8cb",
  "coords_stats": {
    "shape": [
      59,
      3
    ],
    "size": 177,
    "min": 5.276000022888184,
    "max": 38.369998931884766,
    "mean": 23.25301132902587,
    "std": 9.481333370892386
  }
}