{
  "f0_hash": "a6ef64f49210441c9d4ef36a64744f262abc6a6428ee2a1ea72ebeb6c426383e",
  "f1_hash": "a81fc3c76b160445f1336630bd959748a315f33bf6b88e58f7b0ece11598b419",
  "f0_stats": {
    "shape": [
      5
    ],
    "size": 5,
    "min": 0.42158483469333025,
    "max": 122.15059160073707,
    "mean": 25.74718201710262,
    "std": 48.21188774804978
  },
  "f1_stats": {
    "shape": [
      15
    ],
    "size": 15,
    "min": 0.010799388121581988,
    "max": 306.69236187368534,
    "mean": 43.631645087005836,
    "std": 97.15844922472942
  }
}