{
  "count": 107,
  "ids_hash": "475a02c855780e28d1f08505887978fb316e3f1b6969fcdb7d40835e9ada3924",
  "coords_hash": "2ed9b45f2fca8e80ebe6f552fe9ac20063615bbb658e6bd12fe852fcfe68cec6",
  "coords_stats": {
    "shape": [
      107,
      3
    ],
    "size": 321,
    "min": -16.961000442504883,
    "max": 12.843999862670898,
    "mean": -0.4641495354798538,
    "std": 7.88186483452708
  }
}