{
  "f0_hash": "6f5c79e21cda10b3a22a56af797081988a89c8d0cfa2b4909c3ef25442cb7538",
  "f1_hash": "263884afb29b2014f164fd1df24301c7e000560586a1300d5ba96d7067c714a4",
  "f0_stats": {
    "shape": [
      5
    ],
    "size": 5,
    "min": 0.5343590940829045,
    "max": 168.32877015591188,
    "mean": 35.08276993277172,
    "std": 66.63157492794339
  },
  "f1_stats": {
    "shape": [
      15
    ],
    "size": 15,
    "min": 0.010274987027809601,
    "max": 468.4801202822522,
    "mean": 64.55397166491608,
    "std": 148.1963117074292
  }
}