{
  "f0_hash": "c1414c0be42a58ddec8533fa4787b479e6b6963658743025b1219adcb9aab025",
  "f1_hash": "d72a86ebacf852c904b2f58a5987117b82cb6fc41f23c5f45d684a243eda3710",
  "f0_stats": {
    "shape": [
      5
    ],
    "size": 5,
    "min": 0.4429776237262051,
    "max": 135.10348232540997,
    "mean": 28.43349993174354,
    "std": 53.34723823039096
  },
  "f1_stats": {
    "shape": [
      15
    ],
    "size": 15,
    "min": 0.011096032734528194,
    "max": 362.3158731565435,
    "mean": 50.28033169929824,
    "std": 114.84502727688009
  }
}