{
  "f0_hash": "8247763d02e9a4ce5644a2d2e99121854fba9bdcedacdb60cd1e40fa72497162",
  "f1_hash": "319d6381a8607e9e07bddecd772a85d5d6148e3a9dc8f6576016e475ca671c7d",
  "f0_stats": {
    "shape": [
      5
    ],
    "size": 5,
    "min": 0.3254898659261662,
    "max": 165.13522933259344,
    "mean": 34.383945040671406,
    "std": 65.3854167068267
  },
  "f1_stats": {
    "shape": [
      15
    ],
    "size": 15,
    "min": 0.010396585187685048,
    "max": 506.1871823700545,
    "mean": 69.53775137943325,
    "std": 160.91881255336406
  }
}