{
  "f0_hash": "5ee7e2ac0004930e0531361a77cf0c6c87bda71785103bb8ab45459fb4d98221",
  "f1_hash": "189dd9d66d632382f635c2a030bdb8e9b2d660d20b21dcd0bf53a5fb7c3d28c6",
  "f0_stats": {
    "shape": [
      5
    ],
    "size": 5,
    "min": 0.6322696186286644,
    "max": 81.4600037608004,
    "mean": 17.71691448989749,
    "std": 31.887562639382313
  },
  "f1_stats": {
    "shape": [
      15
    ],
    "size": 15,
    "min": 0.01189826046072806,
    "max": 172.76314369856362,
    "mean": 25.476031666950906,
    "std": 54.44078891255158
  }
}