{
  "f0_hash": "3d6e3550cb651a59d51d432611661dbf39b14d2b4b41ae6e37445787f9a53002",
  "f1_hash": "d16950d478f9b5c955de7fed45ae2be50b8022ab2f1910cf19d5fbe7f349a701",
  "f0_stats": {
    "shape": [
      5
    ],
    "size": 5,
    "min": 0.4673554044284676,
    "max": 162.00050478448335,
    "mean": 33.82295114211914,
    "std": 64.0988709061322
  },
  "f1_stats": {
    "shape": [
      15
    ],
    "size": 15,
    "min": 0.01102374118207905,
    "max": 441.55960525974507,
    "mean": 61.76320576290007,
    "std": 140.01188210821695
  }
}