MODEL,PRED_DOCKQ
5BP3_af2m,0.72456264
5BP3,0.18349415
