{
  "hash": "03a83afd00596dc1ead1784e6722399ef29703c44969250298b97bf3cfd92d66",
  "stats": {
    "shape": [
      77,
      77
    ],
    "size": 5929,
    "min": 0.0,
    "max": 15.461068350879009,
    "mean": 7.511980676984394,
    "std": 3.132592670248047
  }
}