MODEL,PRED_DOCKQ
3MMH_af2m,0.7931455
3MMH,0.71791756
