{
  "hash": "e656660e05cd56eb2a1508f2ec25fa30fca76de7d245cbca4e536bf3d201bff9",
  "stats": {
    "shape": [
      112,
      112
    ],
    "size": 12544,
    "min": 0.0,
    "max": 15.636026822440678,
    "mean": 7.846996160376513,
    "std": 3.003167729211332
  }
}