MODEL,PRED_DOCKQ
4HRV_af2m,0.502242
4HRV,0.0006460056
