{
  "hash": "908f95546677fb5df021073fe84905ef5fbdb65712015db20f343d2740a5c3e0",
  "stats": {
    "shape": [
      104,
      104
    ],
    "size": 10816,
    "min": 0.0,
    "max": 15.184686934566779,
    "mean": 7.8902201519194755,
    "std": 3.0564275354697363
  }
}