{
  "hash": "c57452cdef2dfa48aab4e4a60a3e5cebc2d17855da9c47368b9c60603bcca748",
  "stats": {
    "shape": [
      55,
      55
    ],
    "size": 3025,
    "min": 0.0,
    "max": 15.191457422022356,
    "mean": 6.668274229161647,
    "std": 2.989695916836961
  }
}