{
  "hash": "f1c5cd6a05091b5599654066f3b99e5422b242ca190c2bc463c9b3a15dfea34e",
  "stats": {
    "shape": [
      106,
      106
    ],
    "size": 11236,
    "min": 0.0,
    "max": 14.979725911761141,
    "mean": 7.578536164563961,
    "std": 2.919584030171741
  }
}