{
  "count": 199,
  "ids_hash": "ee6ccb24f950fe1298ff313dc5dd9de69d82f4784b62dd845d661787bc0389d8",
  "coords_hash": "930ebed8981636187be675658ba50182f26e71991f6e3425096ad8a8f39648d4",
  "coords_stats": {
    "shape": [
      199,
      3
    ],
    "size": 597,
    "min": -6.264999866485596,
    "max": 34.44200134277344,
    "mean": 10.933487446995068,
    "std": 11.820565123268205
  }
}