{
  "hash": "677c0ef27ac93a589c7d717ccfe618db599415d1aea7756030d6a8e19e3ae827",
  "stats": {
    "shape": [
      65,
      65
    ],
    "size": 4225,
    "min": 0.0,
    "max": 15.033143012904148,
    "mean": 7.150398184803678,
    "std": 3.0994894862648206
  }
}