{
  "f0_hash": "d0859eda08c04527a8d349ef35c6f5890dae5cfbf595bd62d7b297b8ac057702",
  "f1_hash": "a19153520a33d4134eeb52001c067d696dbb34d4c941787261efddb0a53746db",
  "f0_stats": {
    "shape": [
      5
    ],
    "size": 5,
    "min": 0.6485094426282196,
    "max": 136.25502710995647,
    "mean": 28.73399244930527,
    "std": 53.771555937248266
  },
  "f1_stats": {
    "shape": [
      15
    ],
    "size": 15,
    "min": 0.010133204947422314,
    "max": 380.15759994833525,
    "mean": 53.39016769119815,
    "std": 120.97811902582225
  }
}