{
  "f0_hash": "ce9dd6edab7c073d609fd3f8518586295d627cd761e892990019811d366f76e6",
  "f1_hash": "ada81187a3aaf34e3bfffe37ce4bfc8b5e3838c79e7715b3e483185a0cd9d92d",
  "f0_stats": {
    "shape": [
      5
    ],
    "size": 5,
    "min": 0.5949031715695764,
    "max": 182.68342539735065,
    "mean": 37.97101212712057,
    "std": 72.36389015251416
  },
  "f1_stats": {
    "shape": [
      15
    ],
    "size": 15,
    "min": 0.010419754573074869,
    "max": 599.6094289979465,
    "mean": 82.17489741039672,
    "std": 190.15951987213433
  }
}