{
  "hash": "439b1fea38a0fc586a59b73cb822edeed6b4445e057610e5d5f37a1546057c00",
  "stats": {
    "shape": [
      30,
      30
    ],
    "size": 900,
    "min": 0.0,
    "max": 14.291868370651645,
    "mean": 6.086913354280988,
    "std": 2.954045605732124
  }
}