{
  "f0_hash": "2349ba09912328a817aad1ca89b2298c223ce64e48815b3ae9f2f8ffb900ae72",
  "f1_hash": "b0f26919086b57429851e5e7b1074d994000663e48c2ae675f45a4c0e28f8786",
  "f0_stats": {
    "shape": [
      5
    ],
    "size": 5,
    "min": 0.4457655596124681,
    "max": 122.58544865318902,
    "mean": 25.825323435299616,
    "std": 48.389437863993194
  },
  "f1_stats": {
    "shape": [
      15
    ],
    "size": 15,
    "min": 0.010421316853943097,
    "max": 303.805439316423,
    "mean": 42.996335165142334,
    "std": 96.42878074694727
  }
}