{
  "hash": "308078faf45e3209dbcea805624c6c67f8135cff63c8538455cb92f9c3260b1f",
  "stats": {
    "shape": [
      68,
      68
    ],
    "size": 4624,
    "min": 0.0,
    "max": 15.64896164671392,
    "mean": 7.24583259220887,
    "std": 3.1267105493779743
  }
}