MODEL,PRED_DOCKQ
4PXJ_af2m,0.8374843
4PXJ,0.27158797
