{
  "count": 60,
  "ids_hash": "e5309d3a764b7200858802e07f6e801f3037edd90c9520f1d55b3c608ed4e3dd",
  "coords_hash": "cbf5dbe031c379734aa1d95be5397fcf371a5e4663ca0cb66d950f643607487a",
  "coords_stats": {
    "shape": [
      60,
      3
    ],
    "size": 180,
    "min": -8.526000022888184,
    "max": 83.40899658203125,
    "mean": 30.96775551111851,
    "std": 33.4445499172289
  }
}