{
  "hash": "646f16fcb2310827f8c246e63df1c834c6a61721ba7cf48cb53780f49b6ed3b3",
  "stats": {
    "shape": [
      74,
      74
    ],
    "size": 5476,
    "min": 0.0,
    "max": 15.580105587751664,
    "mean": 7.430196253902867,
    "std": 3.274174655365516
  }
}