{
  "f0_hash": "20637e15dc8f334e70e0566480220de3a64af566932c2d4fa6faff0b5f6963a3",
  "f1_hash": "d4ebabfa61b3acc29d348d2c25ecd0b8df996561195dae2702c550cb51c19cca",
  "f0_stats": {
    "shape": [
      5
    ],
    "size": 5,
    "min": 0.5124299792685966,
    "max": 115.2586424949372,
    "mean": 24.415437538235388,
    "std": 45.43246010172091
  },
  "f1_stats": {
    "shape": [
      15
    ],
    "size": 15,
    "min": 0.010551154353199088,
    "max": 277.4077848824755,
    "mean": 39.003390246576664,
    "std": 87.86477900056948
  }
}