{
  "f0_hash": "0a6e360e978322e671ab85836e1b01335ee940fd092e343765f1301d9541a943",
  "f1_hash": "1eb4fd9399c94e4f6203b4df5fa2ce9e9ead6b2a1fd474a854f2ab5a3b5d86e2",
  "f0_stats": {
    "shape": [
      5
    ],
    "size": 5,
    "min": 0.5842454401918298,
    "max": 121.95492199971332,
    "mean": 25.781411118179726,
    "std": 48.10097656082745
  },
  "f1_stats": {
    "shape": [
      15
    ],
    "size": 15,
    "min": 0.01040714078299132,
    "max": 374.2877366152702,
    "mean": 52.65119562779558,
    "std": 120.26354501600404
  }
}