{
  "hash": "c96dc7fccb44777a84f3b93b3eacc594da43c8723f1d397f7cbd4905dace7f38",
  "stats": {
    "shape": [
      106,
      106
    ],
    "size": 11236,
    "min": 0.0,
    "max": 15.750902312778532,
    "mean": 7.808148548521422,
    "std": 3.087040410513771
  }
}