{
  "count": 119,
  "ids_hash": "821407d417e1c80454eeea48144e9c1185321d25bdc85e9a833feb42f60a0f32",
  "coords_hash": "625d6964a0b0b0c175b0ebd1c02f6ba2a82ec16a9d60eb7ff75f4a74b766913c",
  "coords_stats": {
    "shape": [
      119,
      3
    ],
    "size": 357,
    "min": -3.193000078201294,
    "max": 54.23099899291992,
    "mean": 21.700243674510833,
    "std": 18.582545897242632
  }
}