{
  "count": 38,
  "ids_hash": "51b1482d9bbf49500e47798deaff650f5fb24bfc90b35dff8ba6c02e33ff6c66",
  "coords_hash": "e1c1908ad6a6e6949bbd1753592a4c8ec47d3274ceec42d98d8e4668a54990ad",
  "coords_stats": {
    "shape": [
      38,
      3
    ],
    "size": 114,
    "min": -37.48400115966797,
    "max": 39.064998626708984,
    "mean": -1.6902544284076022,
    "std": 27.956085427876346
  }
}