{
  "count": 90,
  "ids_hash": "2fbb100adb64a0b00018109c3c4fd4c91dbd325a6bcb82204054ccd413070176",
  "coords_hash": "c0d8ce47392de66d3de3b955737e8de6bffc04689ee9fe41e81391f455b24777",
  "coords_stats": {
    "shape": [
      90,
      3
    ],
    "size": 270,
    "min": -28.60300064086914,
    "max": 21.582000732421875,
    "mean": -3.0522370375071963,
    "std": 15.30626125084378
  }
}