MODEL,PRED_DOCKQ
2QWV_af2m,0.68949986
2QWV,0.42422485
