{
  "hash": "5058587c3d34863c0b4c485e239c4510433ceed3ec9cd517f629d229c261ecc8",
  "stats": {
    "shape": [
      108,
      108
    ],
    "size": 11664,
    "min": 0.0,
    "max": 15.39513014610696,
    "mean": 7.970445201400154,
    "std": 3.0855597717424863
  }
}