MODEL,PRED_DOCKQ
1T70_af2m,0.91292644
1T70,0.8375538
