{
  "hash": "196a28b93e3b61fdd97cd8f87398ecadb30ab563f3c6536fb4a6644188e1ae54",
  "stats": {
    "shape": [
      110,
      110
    ],
    "size": 12100,
    "min": 0.0,
    "max": 15.728327750123187,
    "mean": 8.071525647190759,
    "std": 3.060790199317018
  }
}