MODEL,PRED_DOCKQ
3M1C_af2m,0.75740784
3M1C,0.63482046
