{
  "count": 117,
  "ids_hash": "7b102b46b257a0f51236ce92eb001ce8b0d5808a8b6741d65db0b8e1aed21c02",
  "coords_hash": "c2726ebfba2743bc34ee6b336d65c64657ca6ae2eb44beb6912083ce909de101",
  "coords_stats": {
    "shape": [
      117,
      3
    ],
    "size": 351,
    "min": 13.633000373840332,
    "max": 85.68299865722656,
    "mean": 42.24255835976017,
    "std": 25.6881449348531
  }
}