MODEL,PRED_DOCKQ
2NZ7,0.8441315
2NZ7_af2m,0.83565706
