MODEL,PRED_DOCKQ
2V2G_af2m,0.9004261
2V2G,0.88505614
