MODEL,PRED_DOCKQ
3BF4_af2m,0.7190285
3BF4,0.4445864
