{
  "f0_hash": "3f9eeb97fab24107015437ffcbb79136f8f7bad3614fc224857805d22e2e5cd8",
  "f1_hash": "ba2d607750b6d63b50a8be2ce4a7d5cb55dfae477c07e8d21b92a418eae5de41",
  "f0_stats": {
    "shape": [
      5
    ],
    "size": 5,
    "min": 0.44453441277766553,
    "max": 181.18962090462662,
    "mean": 37.62070475088946,
    "std": 71.79285374308566
  },
  "f1_stats": {
    "shape": [
      15
    ],
    "size": 15,
    "min": 0.011401838715191737,
    "max": 480.6157917641882,
    "mean": 66.42432620535583,
    "std": 151.32350237188882
  }
}