MODEL,PRED_DOCKQ
5UCS_af2m,0.89985204
5UCS,0.8661505
