MODEL,PRED_DOCKQ
5B7G,0.9268704
5B7G_af2m,0.9019128
