{
  "hash": "60b94d715ebce060c77402b564d9be68847b4c049aacfbdce1659f970c06555f",
  "stats": {
    "shape": [
      99,
      99
    ],
    "size": 9801,
    "min": 0.0,
    "max": 15.388872548204754,
    "mean": 8.035302125049519,
    "std": 3.135103046948893
  }
}