{
  "hash": "f6b48efb49b99bb8bca217a2b3ba6193012026834ac18a3b2dd584dd2f37e45f",
  "stats": {
    "shape": [
      117,
      117
    ],
    "size": 13689,
    "min": 0.0,
    "max": 15.49217195471639,
    "mean": 8.035667352590938,
    "std": 3.0266315125299195
  }
}