MODEL,PRED_DOCKQ
3FKR_af2m,0.7855592
3FKR,0.73683894
