{
  "count": 66,
  "ids_hash": "eb3a05789750f2491b25d34c10c761677ce84ecd8728503bf03c5d14fb5438e9",
  "coords_hash": "6e5bd3d36478c84b011f81b2141103099221c0b6287e722dfa1d4895c4dc8e7c",
  "coords_stats": {
    "shape": [
      66,
      3
    ],
    "size": 198,
    "min": -12.128999710083008,
    "max": 10.62600040435791,
    "mean": 1.0833030433365793,
    "std": 4.966801464868354
  }
}