{
  "count": 187,
  "ids_hash": "642f7b876286e25f4357fc6871a14832e1d13a3ff2b087c84b552d31ed7c1baf",
  "coords_hash": "69b8ede2ddc62941a11af1bb511fc61e932649fdc5aa4ba37c535308a5fcfe7e",
  "coords_stats": {
    "shape": [
      187,
      3
    ],
    "size": 561,
    "min": -24.25,
    "max": 14.07699966430664,
    "mean": -2.951862747903827,
    "std": 10.930479298533765
  }
}