{
  "count": 222,
  "ids_hash": "533a9ab6fbc9901b95a985ca2a53a6c9000138e9ce1161582f151393d726bc17",
  "coords_hash": "6e0878094466ed0d43f12d68b4c56f0b42b8cfdb85984bc1d588fc167f14f814",
  "coords_stats": {
    "shape": [
      222,
      3
    ],
    "size": 666,
    "min": -15.109000205993652,
    "max": 19.490999221801758,
    "mean": 3.9619654727646627,
    "std": 9.111893137696544
  }
}