{
  "f0_hash": "fe75f3def14328265ff0235fef518a1fd47c44d86ca72c108f4421fa8cf723d7",
  "f1_hash": "c1fdc90fc96701a64293271ad76faf3f686c21ed552830d6d8698689fb0265f4",
  "f0_stats": {
    "shape": [
      5
    ],
    "size": 5,
    "min": 0.4291036357142383,
    "max": 146.8140250884594,
    "mean": 30.699973506538704,
    "std": 58.065758292109685
  },
  "f1_stats": {
    "shape": [
      15
    ],
    "size": 15,
    "min": 0.010172316618398902,
    "max": 440.28809995184105,
    "mean": 61.52403097706749,
    "std": 140.7701540170813
  }
}