MODEL,PRED_DOCKQ
4OAG_af2m,0.16079849
4OAG,0.026100066
