MODEL,PRED_DOCKQ
1T5B_af2m,0.85920787
1T5B,0.75951463
