{
  "count": 96,
  "ids_hash": "b8ffc6ed77cb867264b8c6388e499eb72d99bc5fd48ebf559cbfd69387f51879",
  "coords_hash": "374bd65ba4d331673e4ca33b33e5416b8871e4ef5ee3be7ac18289d74bf6a42e",
  "coords_stats": {
    "shape": [
      96,
      3
    ],
    "size": 288,
    "min": -33.38199996948242,
    "max": 16.982999801635742,
    "mean": -6.0199652660845056,
    "std": 14.882905426310826
  }
}