{
  "count": 97,
  "ids_hash": "8f83c97bd11b428ef7630976f2cc1e5740a7c04a59736af365ddfe4173ddd0e2",
  "coords_hash": "66e43b445e257e99336ab150c39b1e4f29372cb52be61993435fbd81a9962894",
  "coords_stats": {
    "shape": [
      97,
      3
    ],
    "size": 291,
    "min": -19.749000549316406,
    "max": 7.309999942779541,
    "mean": -4.847780054531147,
    "std": 6.670221148699268
  }
}