{
  "count": 77,
  "ids_hash": "7152ee2d537bdd6f93a2538b19055abba3fd37de9ef4a42187da4f19bea0c749",
  "coords_hash": "18990f74be5231cb8ff7253155883b222ff1d44cebed6c72f3cfe711198e733c",
  "coords_stats": {
    "shape": [
      77,
      3
    ],
    "size": 231,
    "min": 11.569000244140625,
    "max": 35.145999908447266,
    "mean": 22.177987032638484,
    "std": 5.883936731171217
  }
}