{
  "f0_hash": "567c84855f428f87a2bcfca29ec5aa1801a6719ac79ac324eb47a4448ab7e6af",
  "f1_hash": "d353f2a19b0cce335f7791c1932b0c53f19a4d1369b6bae3693e79b13367a69b",
  "f0_stats": {
    "shape": [
      5
    ],
    "size": 5,
    "min": 0.2892963530956434,
    "max": 147.5807302773482,
    "mean": 30.692768950989564,
    "std": 58.450131245500465
  },
  "f1_stats": {
    "shape": [
      15
    ],
    "size": 15,
    "min": 0.010529564660269664,
    "max": 303.8580372757928,
    "mean": 43.19683804920258,
    "std": 94.20182432688614
  }
}