{
  "f0_hash": "e4537c97749aa9c3cc9f0a52b78aaa55abd0bbfcfe4d6cbc28350efdf96ac156",
  "f1_hash": "3eceb80b3ddea849ff4292f673b6d47be1ed7accfcfa32770dd60b566b8ae6f9",
  "f0_stats": {
    "shape": [
      5
    ],
    "size": 5,
    "min": 0.43560833892633594,
    "max": 101.94109917083208,
    "mean": 21.838942041805126,
    "std": 40.06964555403386
  },
  "f1_stats": {
    "shape": [
      15
    ],
    "size": 15,
    "min": 0.0171037290843028,
    "max": 237.0611358343127,
    "mean": 33.97212740287006,
    "std": 74.92467259630402
  }
}