{
  "hash": "9c3014fbd851fed07d22811eda00753d0a4b2338777e3c56456638f608fa91ae",
  "stats": {
    "shape": [
      121,
      121
    ],
    "size": 14641,
    "min": 0.0,
    "max": 15.754744215876647,
    "mean": 7.97320884718403,
    "std": 3.0592945612222024
  }
}