{
  "hash": "7315802ceea451148959647cf29894ec4b71d672e9ff928b25678528bc66a838",
  "stats": {
    "shape": [
      95,
      95
    ],
    "size": 9025,
    "min": 0.0,
    "max": 15.860390787246281,
    "mean": 7.800251558628531,
    "std": 3.114985749652718
  }
}