{
  "hash": "07d261a8172d0fc16c81727b9343810da530c525cd74b64d6cfeed942bd719ac",
  "stats": {
    "shape": [
      117,
      117
    ],
    "size": 13689,
    "min": 0.0,
    "max": 15.461740368346037,
    "mean": 8.18602274329324,
    "std": 3.072790793543037
  }
}