{
  "f0_hash": "cf9ac11c4677b05651bb2447eef8188ec9045b4e2261b3e779e03c4fdf588a49",
  "f1_hash": "e5afe686d4fd1d89b2136fe7edb9cb95562301713c84472cec3a847675bbac3c",
  "f0_stats": {
    "shape": [
      5
    ],
    "size": 5,
    "min": 0.42224738492157127,
    "max": 120.63525379957365,
    "mean": 25.493253052275445,
    "std": 47.58277425920445
  },
  "f1_stats": {
    "shape": [
      15
    ],
    "size": 15,
    "min": 0.01055057228076528,
    "max": 341.66137069922564,
    "mean": 48.04995353524838,
    "std": 109.13090811736399
  }
}