{
  "hash": "7c66b843d9397963fc74e915dc325b86f6a3deba5fdd7c94f6be9a825bfa933f",
  "stats": {
    "shape": [
      84,
      84
    ],
    "size": 7056,
    "min": 0.0,
    "max": 15.554871991855737,
    "mean": 7.559565397056906,
    "std": 3.0907883914142844
  }
}