{
  "count": 86,
  "ids_hash": "ad4150d54f6c48fc0575f98607b1bc3607b069eb6f54d08e01b8849840fc3f2c",
  "coords_hash": "5542096651d0eab98951ad779661c5457179da34799aa52e8626273fb611da5a",
  "coords_stats": {
    "shape": [
      86,
      3
    ],
    "size": 258,
    "min": 1.5069999694824219,
    "max": 59.91299819946289,
    "mean": 25.395209319369737,
    "std": 21.35627869433476
  }
}