{
  "hash": "57633e27fc09c01d10bec307cb39b2342ae8b0b92d04b430f933587e93e7df11",
  "stats": {
    "shape": [
      109,
      109
    ],
    "size": 11881,
    "min": 0.0,
    "max": 15.4110895427059,
    "mean": 7.885072564896595,
    "std": 3.010822689246271
  }
}