MODEL,PRED_DOCKQ
3I3N_af2m,0.7602496
3I3N,0.72163963
