{
  "hash": "55913690f601afef4819b8fbeccc3d021fee121090e34e376abb2e4ae05d8a8d",
  "stats": {
    "shape": [
      112,
      112
    ],
    "size": 12544,
    "min": 0.0,
    "max": 15.420435369714184,
    "mean": 7.935507450756139,
    "std": 3.038190712749768
  }
}