{
  "count": 54,
  "ids_hash": "5439e6c5e44a9fb90817e6e76d1250fc728816a3d1eba4ee3c6fdd67473b4f2c",
  "coords_hash": "429c289eb2c04c25e5d43b9da9240243e6f8b51bde6489460e19e7ffbfa0649d",
  "coords_stats": {
    "shape": [
      54,
      3
    ],
    "size": 162,
    "min": -22.413000106811523,
    "max": 77.94100189208984,
    "mean": 24.232160438725977,
    "std": 36.76567829283553
  }
}