{
  "hash": "b8469a1d8fdab25a9cd8ed22660b92eba1141a2cab0a9ec0f41ae38dafa97985",
  "stats": {
    "shape": [
      124,
      124
    ],
    "size": 15376,
    "min": 0.0,
    "max": 15.51327083038118,
    "mean": 8.204263258752949,
    "std": 3.1175911481307463
  }
}