MODEL,PRED_DOCKQ
3BKW_af2m,0.89029646
3BKW,0.8477485
