{
  "hash": "6f980ada938bb975ba5eae44d80a4c03f79ec3b9113b487f066e6b7eacfa1111",
  "stats": {
    "shape": [
      92,
      92
    ],
    "size": 8464,
    "min": 0.0,
    "max": 15.781430977751612,
    "mean": 7.652566497498186,
    "std": 3.0435039234716346
  }
}