{
  "f0_hash": "38327efd0fb4397c7d7597b6570360cc07d7e0ecc914c9474c6f026d45773031",
  "f1_hash": "4d5fe937ecf7504063df7b9ba5808c387190aa1b63fc835cfe243be2c6d8d623",
  "f0_stats": {
    "shape": [
      5
    ],
    "size": 5,
    "min": 0.5699883937990238,
    "max": 99.37584204121659,
    "mean": 21.34361719753419,
    "std": 39.03260968907799
  },
  "f1_stats": {
    "shape": [
      15
    ],
    "size": 15,
    "min": 0.01042515781598663,
    "max": 240.16852235776486,
    "mean": 34.50913288779471,
    "std": 76.67092830244947
  }
}