{
  "hash": "379a4a7e5111a52bfd49d87c7a70f6f781e6e5d1b49cc070016b9c5fa68f46c6",
  "stats": {
    "shape": [
      115,
      115
    ],
    "size": 13225,
    "min": 0.0,
    "max": 15.79623970817611,
    "mean": 7.972401980395222,
    "std": 3.0297613574747104
  }
}