{
  "count": 76,
  "ids_hash": "e9f290b8ce34d9ebe415c5f9080913e8d63af1200b4c19076cbea565def15709",
  "coords_hash": "075a2bb786d10214e2e2b1dc0fcbc9b9e11199aaa2d90fc86cd6b3ad79fd0596",
  "coords_stats": {
    "shape": [
      76,
      3
    ],
    "size": 228,
    "min": 4.789999961853027,
    "max": 46.10900115966797,
    "mean": 23.591179684588784,
    "std": 12.98208831892761
  }
}