{
  "count": 113,
  "ids_hash": "25a10a8c3b41e91fe99119f4d83cdef33727775892957edfc54716082df67a52",
  "coords_hash": "83d5156fcb985e30feb41ab309b57040d5811f8c07aaedd14f7a266b98b23536",
  "coords_stats": {
    "shape": [
      113,
      3
    ],
    "size": 339,
    "min": 10.758999824523926,
    "max": 46.67399978637695,
    "mean": 26.91947192639376,
    "std": 9.887021536461305
  }
}