{
  "hash": "447bc0ebdae171b1592c06e5d83d5939360f4e979ba4b9c0b19c5d66e14bb86f",
  "stats": {
    "shape": [
      52,
      52
    ],
    "size": 2704,
    "min": 0.0,
    "max": 14.068399624870942,
    "mean": 6.369894872266054,
    "std": 2.668932663899473
  }
}