{
  "hash": "8003a9ba8fec2069291735d84e1bb3e8eab59e89e420432b2ccfb959d98629e5",
  "stats": {
    "shape": [
      97,
      97
    ],
    "size": 9409,
    "min": 0.0,
    "max": 15.637218855094037,
    "mean": 7.815186773355658,
    "std": 3.1251293945659477
  }
}