{
  "count": 117,
  "ids_hash": "552e78cd9e122a265f5920977346ee4596eeb68f24e2dd633454ceb7278b1169",
  "coords_hash": "8577001d6e50d6a3be60e3a2e0f0e55a2981704c2ac9d5b47b384ecbadfd17c9",
  "coords_stats": {
    "shape": [
      117,
      3
    ],
    "size": 351,
    "min": 4.723999977111816,
    "max": 95.04100036621094,
    "mean": 40.89777213963348,
    "std": 33.29813868849828
  }
}