{
  "count": 74,
  "ids_hash": "d5d1d1f7beaf3cd1c2578691b74b2afbf0d2229ffba45cbc3efb7ef12bb57a8c",
  "coords_hash": "264f2a63834af048c73deac0ee32cdcac64abd435a0c7521772909464c87a3ea",
  "coords_stats": {
    "shape": [
      74,
      3
    ],
    "size": 222,
    "min": -8.463000297546387,
    "max": 41.4109992980957,
    "mean": 15.197090134628722,
    "std": 14.8381249576252
  }
}