{
  "hash": "3fee4e4f93012b2256da5122619abfd14eca641c09c2f53d33599e9f7fcbf246",
  "stats": {
    "shape": [
      108,
      108
    ],
    "size": 11664,
    "min": 0.0,
    "max": 15.724837185037629,
    "mean": 7.690925573184535,
    "std": 2.9533957388618832
  }
}