MODEL,PRED_DOCKQ
3ILW_af2m,0.9021372
3ILW,0.85272074
