{
  "f0_hash": "693284d3ee3bd85c0fe2f329c381bd58b0c0b252f43a77152a116536c6b54e13",
  "f1_hash": "c5a8ee60f3c57aaf1b6b1c5f931e9a38ee1c3f3ef2c4f8eae0b188acafe561c2",
  "f0_stats": {
    "shape": [
      5
    ],
    "size": 5,
    "min": 0.31667689221759765,
    "max": 119.87535873137006,
    "mean": 25.248875766100376,
    "std": 47.32358426074345
  },
  "f1_stats": {
    "shape": [
      15
    ],
    "size": 15,
    "min": 0.010155167652280639,
    "max": 256.26883663515065,
    "mean": 35.85434266652773,
    "std": 80.76444793372097
  }
}