{
  "count": 118,
  "ids_hash": "8ca5b6989c4f4faf79bc15f01e272a5b59c22216c8c1b20b2419b749806c390e",
  "coords_hash": "8224dbf241a3a544e793f54bdf7856215d1db5ca70efc00482e5452f3fd1eb8b",
  "coords_stats": {
    "shape": [
      118,
      3
    ],
    "size": 354,
    "min": -23.542999267578125,
    "max": 13.62399959564209,
    "mean": -4.441056493838123,
    "std": 9.71980910736976
  }
}