{
  "count": 61,
  "ids_hash": "114b9a95adad35075615f854a14e3206a6e34603141db050907aa141ddd99309",
  "coords_hash": "a7ccb2565697a43edd8bd1716aebbc6131cac7f312de7dbf50dbea117ec8d2fa",
  "coords_stats": {
    "shape": [
      61,
      3
    ],
    "size": 183,
    "min": -14.08899974822998,
    "max": 15.41100025177002,
    "mean": -0.5998524667623916,
    "std": 7.510694936484523
  }
}