{
  "hash": "107772aeca583700208e52db201f20d59515f119e3d940e0c6155cbb958f0a9e",
  "stats": {
    "shape": [
      117,
      117
    ],
    "size": 13689,
    "min": 0.0,
    "max": 15.4824435711715,
    "mean": 8.2234522754822,
    "std": 3.082402929530863
  }
}