MODEL,PRED_DOCKQ
1E6E,0.5266949
1E6E_af2m,0.48981616
