{
  "hash": "be9cb02e2e4215352d2552f3f573937b8dedd1e1c13f0ed932b3ea849280276d",
  "stats": {
    "shape": [
      96,
      96
    ],
    "size": 9216,
    "min": 0.0,
    "max": 15.826802619599496,
    "mean": 7.446280901913472,
    "std": 2.9836494000041007
  }
}