{
  "f0_hash": "19e7d93ea5b885e89a5b44648367461af00d7200a93c518e3fed968bac1fd7bb",
  "f1_hash": "4555edab7ddadd8eaa5ad02b6b4325ce7a0583c5365213aa8fe755f9fcad77f3",
  "f0_stats": {
    "shape": [
      5
    ],
    "size": 5,
    "min": 0.3012968607547476,
    "max": 100.32236887704381,
    "mean": 21.249776294384944,
    "std": 39.545564502793866
  },
  "f1_stats": {
    "shape": [
      15
    ],
    "size": 15,
    "min": 0.01246250730121723,
    "max": 221.4721893739386,
    "mean": 31.718809449599284,
    "std": 69.65371746399818
  }
}