{
  "count": 111,
  "ids_hash": "78be0e1f22cf5d3d7db7409f71d6d1864b42108aefb44b6827999bce803ff683",
  "coords_hash": "de93ba905a1c93e5116c1bbac5dc5fc6110436edd88d8af3d717662daa14439f",
  "coords_stats": {
    "shape": [
      111,
      3
    ],
    "size": 333,
    "min": -5.4120001792907715,
    "max": 88.99700164794922,
    "mean": 29.415753795242345,
    "std": 37.39603970917918
  }
}