{
  "hash": "02f80172e16976e8b64e43e7043b353dfb28cf04730401570144c4c7f23c8109",
  "stats": {
    "shape": [
      84,
      84
    ],
    "size": 7056,
    "min": 0.0,
    "max": 15.531120058381086,
    "mean": 7.5838123985275825,
    "std": 3.0378521009899724
  }
}