MODEL,PRED_DOCKQ
3KH1_af2m,0.81633186
3KH1,0.81180537
