{
  "count": 121,
  "ids_hash": "ee6f86790dcdc38976ea89996cf81639127a2e46cf8fc0e4469b294b84883c8d",
  "coords_hash": "b822825b55b1bc31e92af9d56895352a30d558b74dec7cad9400b35c652f6945",
  "coords_stats": {
    "shape": [
      121,
      3
    ],
    "size": 363,
    "min": -18.517000198364258,
    "max": 30.424999237060547,
    "mean": 8.824674939321092,
    "std": 14.96199759817084
  }
}