{
  "hash": "1b4b121f0bd2ad6a07173c23cc10e9f1760804f567418d5f4629f6483c308806",
  "stats": {
    "shape": [
      55,
      55
    ],
    "size": 3025,
    "min": 0.0,
    "max": 15.096424743373035,
    "mean": 6.523107955573605,
    "std": 2.804534533225144
  }
}