{
  "f0_hash": "089634d449bc93bd80b00124f348d94631edf739c22d913111450251ddd5fdc5",
  "f1_hash": "3f3cefe5470c34324ece2333049542c174e53c816473dbbf037c08d83fa75895",
  "f0_stats": {
    "shape": [
      5
    ],
    "size": 5,
    "min": 0.6317503261947826,
    "max": 149.85102120904259,
    "mean": 31.526282960960295,
    "std": 59.17570181099274
  },
  "f1_stats": {
    "shape": [
      15
    ],
    "size": 15,
    "min": 0.010082453914765033,
    "max": 445.2264275133976,
    "mean": 61.74923667762452,
    "std": 142.04475943892473
  }
}