MODEL,PRED_DOCKQ
4H7N_af2m,0.8297563
4H7N,0.76680005
