{
  "hash": "47cb03fb1304106d1e2cb15f6361c4543c95abb49a2d5b4460c60dbeef068a4b",
  "stats": {
    "shape": [
      109,
      109
    ],
    "size": 11881,
    "min": 0.0,
    "max": 15.394265977174472,
    "mean": 8.06740828688306,
    "std": 3.0662207061121802
  }
}