MODEL,PRED_DOCKQ
2ZF5_af2m,0.8582116
2ZF5,0.8149312
