{
  "hash": "69f5abbe86e66b5350c38141554601af6bfd57ea2832fb074ab944b0b041eae4",
  "stats": {
    "shape": [
      106,
      106
    ],
    "size": 11236,
    "min": 0.0,
    "max": 15.54956323910307,
    "mean": 7.884226006948237,
    "std": 3.070224347918171
  }
}