MODEL,PRED_DOCKQ
1NRJ_af2m,0.9166408
1NRJ,0.83023435
