MODEL,PRED_DOCKQ
1GOI_af2m,0.102292165
1GOI,0.029091869
