{
  "f0_hash": "1bcfa4e8538caa4b570654debcde039d3b299678594a4bf25bc2e48bfac365cb",
  "f1_hash": "1485cc024d9ff64538d977d9413365539dfa2d75fdbbd7e2dc5b79b5c9b0a75a",
  "f0_stats": {
    "shape": [
      5
    ],
    "size": 5,
    "min": 0.48567170013896255,
    "max": 144.32482057898568,
    "mean": 30.259872881821384,
    "std": 57.042869701036906
  },
  "f1_stats": {
    "shape": [
      15
    ],
    "size": 15,
    "min": 0.01204945816479075,
    "max": 381.69690896995183,
    "mean": 52.95918747086281,
    "std": 121.473761746602
  }
}