{
  "f0_hash": "edc2ae8ac577f28afa8c515e999b2a96c160f4b8d0db8d9e3d39720e4a2af575",
  "f1_hash": "87dd0a2fea37f644505cbb47e34fcf0966f18a70ebe3ec8a5f11d6412b74045a",
  "f0_stats": {
    "shape": [
      5
    ],
    "size": 5,
    "min": 0.5747147500001967,
    "max": 169.8504112262628,
    "mean": 35.440817084712336,
    "std": 67.21419465375347
  },
  "f1_stats": {
    "shape": [
      15
    ],
    "size": 15,
    "min": 0.010088076603575802,
    "max": 508.55527983953317,
    "mean": 70.03676477083339,
    "std": 162.15335932247655
  }
}