{
  "f0_hash": "d2485e3439adc1c12b8804450078a0a5e8615a400ba46874610c705ab937ab13",
  "f1_hash": "5679e235186c8f30332b1c4f6bca53f875cce5d9e616b942dc43919f47fe6b73",
  "f0_stats": {
    "shape": [
      5
    ],
    "size": 5,
    "min": 0.47081341037354496,
    "max": 74.26792969031648,
    "mean": 16.227710723748746,
    "std": 29.038888618945148
  },
  "f1_stats": {
    "shape": [
      15
    ],
    "size": 15,
    "min": 0.01248542629954219,
    "max": 181.1286825679085,
    "mean": 27.635079130276598,
    "std": 57.43586960456239
  }
}