{
  "f0_hash": "abea5a3afb37e1361201b7ae7c3f16ff09cb09566fec71e11f184d84f2d03aae",
  "f1_hash": "356976522e1581d28a1fe3443768d118858dbb3eedda2ce20106af9e3136edfa",
  "f0_stats": {
    "shape": [
      5
    ],
    "size": 5,
    "min": 0.4266169387786013,
    "max": 82.3888094496023,
    "mean": 17.860596169334762,
    "std": 32.28269213842254
  },
  "f1_stats": {
    "shape": [
      15
    ],
    "size": 15,
    "min": 0.010100965987613009,
    "max": 148.1129930582909,
    "mean": 22.078569946492742,
    "std": 46.45445189056875
  }
}