{
  "f0_hash": "ed2b8441215fd3d7a5adade3c99c4629869ab7c3b8a01a47a2e28a0086c8e5f7",
  "f1_hash": "545e7df5befbccb2cf3ba95ec7bfbb8da482eeea71f1935e72350e24bbfef6eb",
  "f0_stats": {
    "shape": [
      5
    ],
    "size": 5,
    "min": 0.5016913789668882,
    "max": 164.53647180150944,
    "mean": 34.2882515330814,
    "std": 65.13239016910732
  },
  "f1_stats": {
    "shape": [
      15
    ],
    "size": 15,
    "min": 0.010924821531313356,
    "max": 481.036803154523,
    "mean": 66.74851633556821,
    "std": 151.9275124180289
  }
}