{
  "hash": "8be80e44c7b2e664e4476645259bb4dbd53e909488f5e9f8909a873949757a3f",
  "stats": {
    "shape": [
      49,
      49
    ],
    "size": 2401,
    "min": 0.0,
    "max": 15.063674732379983,
    "mean": 6.154303286516359,
    "std": 2.736988684647736
  }
}