{
  "hash": "d69e2c0cc2b2a299786519a240d9ad8f458bc9ed5ddbefa94ff4d916635adc24",
  "stats": {
    "shape": [
      64,
      64
    ],
    "size": 4096,
    "min": 0.0,
    "max": 15.111389675202027,
    "mean": 6.879144943702714,
    "std": 2.8755622804042646
  }
}