{
  "hash": "2474a5116f057a7003f12e3570ebee7e72c9e81d61de5ccb55c9f1a017627875",
  "stats": {
    "shape": [
      278,
      278
    ],
    "size": 77284,
    "min": 0.0,
    "max": 15.789841360262244,
    "mean": 8.23045121878425,
    "std": 3.097854848775655
  }
}