{
  "hash": "17dc73222e10479f75a6b1954ca0555ebad353567cc540b1d1aeade0730fd41b",
  "stats": {
    "shape": [
      102,
      102
    ],
    "size": 10404,
    "min": 0.0,
    "max": 15.33473754061407,
    "mean": 7.873984118577543,
    "std": 3.027478295261956
  }
}