{
  "count": 96,
  "ids_hash": "3a7e5a71ab4978cba81ec9827d7b6de1135d38457fa243ca172aba1bf94769a0",
  "coords_hash": "a320ec82a7bf2d413a5608bb127dbe1210f3d75b1cde12d019dc25640dc3d798",
  "coords_stats": {
    "shape": [
      96,
      3
    ],
    "size": 288,
    "min": -2.2699999809265137,
    "max": 98.35900115966797,
    "mean": 42.65859391152238,
    "std": 36.45800293302574
  }
}