{
  "f0_hash": "e921c969467e648e0e487476af16847b79e3b7e74abbd8fb136cb2935353dcdd",
  "f1_hash": "ff922836cbd71a0e042cee4435b0744fda1130e915f59829a7942549df5f093d",
  "f0_stats": {
    "shape": [
      5
    ],
    "size": 5,
    "min": 0.3044511612097836,
    "max": 162.22676495350697,
    "mean": 33.77027902100913,
    "std": 64.23787406790251
  },
  "f1_stats": {
    "shape": [
      15
    ],
    "size": 15,
    "min": 0.010170349046703109,
    "max": 415.32014331369777,
    "mean": 57.71579233400116,
    "std": 131.88724705538166
  }
}