MODEL,PRED_DOCKQ
3AY3_af2m,0.8762985
3AY3,0.8453715
