{
  "f0_hash": "b0347222a7aab85d060ffa01a5cdfb4cf8f42fc52b2ddfb14cba050b9bd8b366",
  "f1_hash": "9f976edef006edee7e6433c7902c375066e573c0679dc18f785d263982c5a377",
  "f0_stats": {
    "shape": [
      5
    ],
    "size": 5,
    "min": 0.5519057605203598,
    "max": 175.19745014225524,
    "mean": 36.511917540254565,
    "std": 69.35245220799116
  },
  "f1_stats": {
    "shape": [
      15
    ],
    "size": 15,
    "min": 0.011704807494449021,
    "max": 566.9176367552088,
    "mean": 77.92736794963191,
    "std": 181.03605039896618
  }
}