{
  "f0_hash": "321dd842fa9b6d38231d859a268202e2bc071b2bf1c56f1a9957495f64896402",
  "f1_hash": "f94106e3b17ae3d8a1c1a2c79da74ef9b406f257008f60fad836a59ce3c45383",
  "f0_stats": {
    "shape": [
      5
    ],
    "size": 5,
    "min": 0.4889697865127349,
    "max": 173.8320587316617,
    "mean": 36.198290919777534,
    "std": 68.82895545630831
  },
  "f1_stats": {
    "shape": [
      15
    ],
    "size": 15,
    "min": 0.010307913592606521,
    "max": 555.1560124549255,
    "mean": 76.36610369541081,
    "std": 176.6730351187089
  }
}