{
  "f0_hash": "923492fd15802836bca62c374a9a24a552684cbb43909d43626f94614630b5ce",
  "f1_hash": "174fce760ed516241275e94bd308ad0e96bffe7642d79f3a7fe79f828d0d21d4",
  "f0_stats": {
    "shape": [
      5
    ],
    "size": 5,
    "min": 0.5607073852947458,
    "max": 128.15734143576208,
    "mean": 27.21525763492963,
    "std": 50.490284688771126
  },
  "f1_stats": {
    "shape": [
      15
    ],
    "size": 15,
    "min": 0.0107676908043981,
    "max": 388.04863491821004,
    "mean": 54.46784355669948,
    "std": 123.8662195247233
  }
}