{
  "hash": "9d5b7db2e2c90a78b83987a79f4a2e7f9b1ce9d300318e5b40205a757c8c499f",
  "stats": {
    "shape": [
      110,
      110
    ],
    "size": 12100,
    "min": 0.0,
    "max": 15.680415933669824,
    "mean": 7.838355281847324,
    "std": 2.9773202339886407
  }
}