{
  "count": 51,
  "ids_hash": "449af20f1d4a3b45b9b98fcca0e3b67704a7eb1a6c035e32041e27d78c348c2c",
  "coords_hash": "f22d6198bbb7f67ab0d28a9c2b60a7e77fb6040495ffe12a71d30ccbfc7b7289",
  "coords_stats": {
    "shape": [
      51,
      3
    ],
    "size": 153,
    "min": -3.813999891281128,
    "max": 83.50800323486328,
    "mean": 30.984993405061854,
    "std": 33.1562372754483
  }
}