{
  "hash": "e14a003ffaa8c53ed075a342e62f63f1b06269554b5b6ecdfe79813a0721a92a",
  "stats": {
    "shape": [
      119,
      119
    ],
    "size": 14161,
    "min": 0.0,
    "max": 15.817405664119477,
    "mean": 7.844829964465253,
    "std": 2.9669831139909744
  }
}