MODEL,PRED_DOCKQ
6BXZ_af2m,0.13771132
6BXZ,0.013391986
