{
  "hash": "fce4c6219c541a59f1cfd15f6c449ee8e1d6361101a2aebc641dd3b40588e304",
  "stats": {
    "shape": [
      97,
      97
    ],
    "size": 9409,
    "min": 0.0,
    "max": 15.633797649332164,
    "mean": 7.6823905807413775,
    "std": 2.989010321623994
  }
}