{
  "hash": "2b5e0c6038dcd0b37e5190cb7b5cced05b4a702ce5395f2481c6024ffdadc2bb",
  "stats": {
    "shape": [
      112,
      112
    ],
    "size": 12544,
    "min": 0.0,
    "max": 15.434245235666376,
    "mean": 8.122466759149551,
    "std": 3.1169696764244095
  }
}