{
  "count": 96,
  "ids_hash": "99bd76dd54f92a9983f5fd6058b3807e64cc2f67d770b0f928d20aa9cd7cc7fd",
  "coords_hash": "3e5037e3455f769c8a11dbe000da32e72c5809d32b4256e89d09ba3ddbb4f2e0",
  "coords_stats": {
    "shape": [
      96,
      3
    ],
    "size": 288,
    "min": -2.2699999809265137,
    "max": 98.35900115966797,
    "mean": 42.65859391152238,
    "std": 36.45800293302574
  }
}