{
  "hash": "90cd366b3f2ea482c5046f84b5e7b23857d184b35a2b35bc8367e80db9047bc2",
  "stats": {
    "shape": [
      92,
      92
    ],
    "size": 8464,
    "min": 0.0,
    "max": 15.520264871203455,
    "mean": 7.824707672787449,
    "std": 3.120482673868187
  }
}