{
  "count": 64,
  "ids_hash": "53cfb033ee7904caf0fb2371926b303f83d55d978cbc8a490089ac30a550a26a",
  "coords_hash": "9358e5b2301649e6a5ad63aa2a7a2f67c15e6c0a72002417033e42a090e9b111",
  "coords_stats": {
    "shape": [
      64,
      3
    ],
    "size": 192,
    "min": -6.065000057220459,
    "max": 91.10600280761719,
    "mean": 33.030775997559736,
    "std": 37.219305556435934
  }
}