{
  "hash": "3e39d2424bd95c18a6fe6db518827ecafa20852e218599043cd19722516f26fa",
  "stats": {
    "shape": [
      104,
      104
    ],
    "size": 10816,
    "min": 0.0,
    "max": 15.644139070745233,
    "mean": 7.677485865338443,
    "std": 2.9548700094336486
  }
}