{
  "hash": "11af9676c77fe91d2167ccb00103e54fee285311255bfc5768a87ac975a3fa93",
  "stats": {
    "shape": [
      94,
      94
    ],
    "size": 8836,
    "min": 0.0,
    "max": 15.301160366848725,
    "mean": 7.769354721971303,
    "std": 3.071203734858246
  }
}