{
  "count": 56,
  "ids_hash": "044d8f180638c2c865360420bc098b9ff440c688ee83a17c4fa6e808cbe3264b",
  "coords_hash": "8dbb780e88a729a9c4aad0d5fecd1d95a1cd0333c072178ce7fcdf3327e5d6e6",
  "coords_stats": {
    "shape": [
      56,
      3
    ],
    "size": 168,
    "min": 21.858999252319336,
    "max": 97.4800033569336,
    "mean": 52.08066673505874,
    "std": 27.773618685400702
  }
}