{
  "count": 61,
  "ids_hash": "7411d94c0e08e5940cf120cb6c258840ef889621fe6ea65a58e1acae100f6365",
  "coords_hash": "e52bf7b51f4e255abf17607200160d1c5a88ecc054f3eaa16010d62b4cc11d4c",
  "coords_stats": {
    "shape": [
      61,
      3
    ],
    "size": 183,
    "min": -61.37900161743164,
    "max": 85.06500244140625,
    "mean": 9.255147626491192,
    "std": 53.822845941559414
  }
}