{
  "hash": "1082b513c4b8cc4c2665f2c257ae5c9cde87fa44eb9c0f69f31dc57ddcbf6223",
  "stats": {
    "shape": [
      77,
      77
    ],
    "size": 5929,
    "min": 0.0,
    "max": 15.069792574742483,
    "mean": 7.584516962768715,
    "std": 3.079858862564477
  }
}