{
  "f0_hash": "fe3317c1daddaffa0eaafc512bfa86aa793adad7b7e523cf0f88bdf91c42e8fd",
  "f1_hash": "0eceb0f9b091181b0f92649e385fc4b6e5fc678d3f618322411ee82b4e0f0007",
  "f0_stats": {
    "shape": [
      5
    ],
    "size": 5,
    "min": 0.5152892994326806,
    "max": 147.53034424108688,
    "mean": 30.93082351011053,
    "std": 58.31052626571332
  },
  "f1_stats": {
    "shape": [
      15
    ],
    "size": 15,
    "min": 0.01007682070598026,
    "max": 495.79681292812626,
    "mean": 68.28821169194349,
    "std": 158.9072010820774
  }
}