{
  "count": 94,
  "ids_hash": "9abed46756fa1182d67f495847feca689a871077c02228f1a085dc3761924f2c",
  "coords_hash": "519b8ead6dc93efd102950a4c31e89fd0d7cd249256acbd1d791aecd57ebb8ce",
  "coords_stats": {
    "shape": [
      94,
      3
    ],
    "size": 282,
    "min": -8.85099983215332,
    "max": 29.985000610351562,
    "mean": 10.14400711655947,
    "std": 10.762322633869585
  }
}