{
  "count": 113,
  "ids_hash": "5cac05ba4df41e04cf14e0bfcc540acb24855559a394e6e3e2f2ac18ca19ba08",
  "coords_hash": "4ce999b06df2ca4e930b9a73a1be081aa6e47fa73e7e0036bf024c609c5e5ee9",
  "coords_stats": {
    "shape": [
      113,
      3
    ],
    "size": 339,
    "min": -64.4229965209961,
    "max": 28.957000732421875,
    "mean": -7.982684353459901,
    "std": 35.40438959153078
  }
}