{
  "hash": "22acf4b59de934655fe1bb9364dd00569dcc5ee63f06d3a68621e509a214819b",
  "stats": {
    "shape": [
      77,
      77
    ],
    "size": 5929,
    "min": 0.0,
    "max": 15.069792574742483,
    "mean": 7.584516962768713,
    "std": 3.079858862564477
  }
}