{
  "f0_hash": "d40e3598bd9d250c0b3bc5667d702859d91ba1af670404b0905a11da07202296",
  "f1_hash": "3d3edac6f44dfe0332a3bd6ddb706e3e55ead04bca4552ae876089b3a384eada",
  "f0_stats": {
    "shape": [
      5
    ],
    "size": 5,
    "min": 0.35034492455475297,
    "max": 133.71837717131172,
    "mean": 27.973479115030962,
    "std": 52.88078386276886
  },
  "f1_stats": {
    "shape": [
      15
    ],
    "size": 15,
    "min": 0.01014977337632672,
    "max": 324.443849041625,
    "mean": 45.42524995462671,
    "std": 102.34471905122673
  }
}