{
  "hash": "fda9d21b3c0dce826a3c6ff8f3d7f31ca0d64e58c59f7f26771f6cded75fdf74",
  "stats": {
    "shape": [
      103,
      103
    ],
    "size": 10609,
    "min": 0.0,
    "max": 15.519044996966137,
    "mean": 7.854334945817549,
    "std": 2.9955556881482983
  }
}