{
  "count": 104,
  "ids_hash": "286310ff83c22b000f530da4f29f8ef58351e7e7977b6234cb27c71cc22bf4bb",
  "coords_hash": "7ed9ab96595397dc03661ed360cfd4a313ab1ea8e84fccd45e714993df153252",
  "coords_stats": {
    "shape": [
      104,
      3
    ],
    "size": 312,
    "min": -11.543999671936035,
    "max": 36.81999969482422,
    "mean": 10.74117950293928,
    "std": 14.533351412139949
  }
}