{
  "hash": "ef33bf6f7b34a4c14c2807bf666bb6e4f4d18eb3a587c027a95abf1561c19ac8",
  "stats": {
    "shape": [
      89,
      89
    ],
    "size": 7921,
    "min": 0.0,
    "max": 15.13137575470174,
    "mean": 7.561281795194574,
    "std": 3.021877374072597
  }
}