{
  "hash": "629d40ec311d959140100f9d5549eca7867322bb06da8ba72342b8bdcc9c770c",
  "stats": {
    "shape": [
      44,
      44
    ],
    "size": 1936,
    "min": 0.0,
    "max": 14.724495800761652,
    "mean": 6.637373890771224,
    "std": 2.952417291110943
  }
}