{
  "hash": "b41a276a4f5329390ed518ed9441c7d2d87e11a8d9afbe9103bfd549c73ecaec",
  "stats": {
    "shape": [
      65,
      65
    ],
    "size": 4225,
    "min": 0.0,
    "max": 15.178501639526882,
    "mean": 6.92407449068938,
    "std": 2.9515885764663135
  }
}