{
  "count": 62,
  "ids_hash": "b0dbe564d8c2f686c49c5a6b9034b3c35b06cb494da5af52f42b3ca33ae177d5",
  "coords_hash": "7456d2baab288517b077dd3a72b4aae37adbaef7b608ea62cd353d2a3833d043",
  "coords_stats": {
    "shape": [
      62,
      3
    ],
    "size": 186,
    "min": 4.745999813079834,
    "max": 85.43000030517578,
    "mean": 42.81322058554618,
    "std": 28.11605304062841
  }
}