{
  "hash": "cc53d1cb0f9c35d5b8ee15cefba8e59d1829bd8c6762e5a754bda3b1c4ebde27",
  "stats": {
    "shape": [
      126,
      126
    ],
    "size": 15876,
    "min": 0.0,
    "max": 15.606863528761465,
    "mean": 8.25743609927451,
    "std": 3.102894046170425
  }
}