{
  "f0_hash": "d1f4a1841d3a35e833b7e57a137bbd7f90e9e7b21822085b2de5c8cff7c6f777",
  "f1_hash": "9133fef18abe03a10efdb2e3da83ba32c0f17748a9e88a2c3a3aa5109a11a166",
  "f0_stats": {
    "shape": [
      5
    ],
    "size": 5,
    "min": 0.545757795657387,
    "max": 113.15577791888579,
    "mean": 24.01428296894225,
    "std": 44.58190388208057
  },
  "f1_stats": {
    "shape": [
      15
    ],
    "size": 15,
    "min": 0.010794648455769718,
    "max": 230.10501396888066,
    "mean": 32.79390592227896,
    "std": 71.85828104800277
  }
}