MODEL,PRED_DOCKQ
4GF3_af2m,0.732531
4GF3,0.0094545055
