{
  "f0_hash": "7e423c104b97bdc2d54311f206b7707ee852eb33152d95ae809b38218f8033cf",
  "f1_hash": "2ad6f1e9285016e86540dddb2dbc706824fb8948c0c9bad7e9bee3f437126858",
  "f0_stats": {
    "shape": [
      5
    ],
    "size": 5,
    "min": 0.5802399762511429,
    "max": 175.49329533190146,
    "mean": 36.55443787933666,
    "std": 69.4781878883394
  },
  "f1_stats": {
    "shape": [
      15
    ],
    "size": 15,
    "min": 0.010017983103380868,
    "max": 567.246299300751,
    "mean": 77.82495470130837,
    "std": 180.3735490364325
  }
}