{
  "f0_hash": "e1729aeb229ab14e0ff8903cdb81a5a1e94e0ae0ba4af9b607f0f3802166f856",
  "f1_hash": "c5458d4ca938d2430ebdb1e1c05ee2fdbd1fc36ae81453df2729ef975b5aa076",
  "f0_stats": {
    "shape": [
      5
    ],
    "size": 5,
    "min": 0.22220209047516595,
    "max": 131.13884288044895,
    "mean": 27.3623474415947,
    "std": 51.894604776668984
  },
  "f1_stats": {
    "shape": [
      15
    ],
    "size": 15,
    "min": 0.011500754454679019,
    "max": 305.284373212979,
    "mean": 43.24364883963252,
    "std": 96.70852493251135
  }
}