MODEL,PRED_DOCKQ
4O6M,0.83718294
4O6M_af2m,0.7997232
