{
  "hash": "5f5969df3cfeedaa85c5a4608a17ea281dd417e37002fa5e806558d43ab9a1ff",
  "stats": {
    "shape": [
      104,
      104
    ],
    "size": 10816,
    "min": 0.0,
    "max": 15.744445872275936,
    "mean": 7.962653149020314,
    "std": 3.0120221918051673
  }
}