{
  "count": 82,
  "ids_hash": "42a656a225f620023148d7f4e983c59ea69b97832ba83e4f3dc9d046d34f4e0f",
  "coords_hash": "c1a466c6dd6327d70b03149bb5a22d21cb8d6e5dc14dd927c476675fe3c92145",
  "coords_stats": {
    "shape": [
      82,
      3
    ],
    "size": 246,
    "min": 7.28000020980835,
    "max": 36.183998107910156,
    "mean": 20.168760169812334,
    "std": 7.382963115912357
  }
}