{
  "count": 126,
  "ids_hash": "d0d22c12c096591a5f52fde0463bc6146f54f9098fd0c5a021f84fe3e399a04d",
  "coords_hash": "a77d95947b6eaf607ab56c3799f017da629748d7c642c9862e4bfaaad7b1b211",
  "coords_stats": {
    "shape": [
      126,
      3
    ],
    "size": 378,
    "min": -17.108999252319336,
    "max": 20.9060001373291,
    "mean": 3.862769856970146,
    "std": 11.100031733813733
  }
}