{
  "count": 88,
  "ids_hash": "4ffba6447d783523866535faee0ba38b830918dc2224446862b01b2401210817",
  "coords_hash": "f81450ae0b591bf32d84e4ab5e7d50625522023dfbeca53aff104601a78af54b",
  "coords_stats": {
    "shape": [
      88,
      3
    ],
    "size": 264,
    "min": -41.28499984741211,
    "max": 42.87300109863281,
    "mean": -9.248420440789426,
    "std": 32.60903841091825
  }
}