{
  "f0_hash": "1e3f4f2de16b838a62a2f0d9f29cfe97525b4f1fb4ec89df7e82f6a73ea89b53",
  "f1_hash": "8959cf277feb4e86eb52982095cf531bc9c1fd58c126739d2d6ce531b6196484",
  "f0_stats": {
    "shape": [
      5
    ],
    "size": 5,
    "min": 0.493895683880993,
    "max": 128.65353188596916,
    "mean": 27.10283157829022,
    "std": 50.78560869815306
  },
  "f1_stats": {
    "shape": [
      15
    ],
    "size": 15,
    "min": 0.011021505243492768,
    "max": 373.36711543643594,
    "mean": 53.06275431825267,
    "std": 119.56811550862406
  }
}