{
  "hash": "8da222fa939d3007cb4429ef9d5d21dfed1bad9bc5da9ee065c7bf0c5e7c8b85",
  "stats": {
    "shape": [
      99,
      99
    ],
    "size": 9801,
    "min": 0.0,
    "max": 15.473640311559395,
    "mean": 7.97292261078685,
    "std": 3.075495827574276
  }
}