{
  "count": 86,
  "ids_hash": "8374ef70054584e64faaded197e72ba6d58cd775fca9f2eee794f6ea8137a4a1",
  "coords_hash": "6b28c55fed208803219f65a5b8fd6f2a5782c573bce646d2de117606cfb26fa7",
  "coords_stats": {
    "shape": [
      86,
      3
    ],
    "size": 258,
    "min": -36.069000244140625,
    "max": 51.4370002746582,
    "mean": 2.0337054341338403,
    "std": 31.15373166557341
  }
}