{
  "f0_hash": "81189eb8a6d3c18962a54dcc245b44d1ea6c552e0d65f2b3fbb97359b4e70776",
  "f1_hash": "77cf7567676bcd74548a550ade64f9766478086f09adbc416517c08dc618625e",
  "f0_stats": {
    "shape": [
      5
    ],
    "size": 5,
    "min": 0.3022468653045075,
    "max": 166.7227143714888,
    "mean": 34.54728766035681,
    "std": 66.09346507276514
  },
  "f1_stats": {
    "shape": [
      15
    ],
    "size": 15,
    "min": 0.012709889998188117,
    "max": 451.61003603451076,
    "mean": 62.27077610927194,
    "std": 142.9127646859819
  }
}