MODEL,PRED_DOCKQ
2CSU_af2m,0.63989824
2CSU,0.54969317
