{
  "count": 113,
  "ids_hash": "4c1436ead91fa2f37a9fff891498d3becac3240a539a4d52d8040d2c996836db",
  "coords_hash": "2e4dc4765b7fe8b09c0213e77dd10d332feb6a1db15142987104bb8aadae5a4b",
  "coords_stats": {
    "shape": [
      113,
      3
    ],
    "size": 339,
    "min": -10.451000213623047,
    "max": 92.68900299072266,
    "mean": 32.13778173352061,
    "std": 38.438032907290484
  }
}