MODEL,PRED_DOCKQ
1FJH_af2m,0.93093956
1FJH,0.8794218
