{
  "hash": "7c04aaf255ac207471620675b98c0ae88d05aa8a7d9f18c57de5770bb168ebce",
  "stats": {
    "shape": [
      68,
      68
    ],
    "size": 4624,
    "min": 0.0,
    "max": 14.954882293560189,
    "mean": 6.791298053381974,
    "std": 2.9257605385751075
  }
}