MODEL,PRED_DOCKQ
3HR0,0.69865173
3HR0_af2m,0.5911579
