{
  "count": 77,
  "ids_hash": "379de7a121b715e418fad9a5617f9f2c29babd2ec8f589dfc203f7f0b30f4cf5",
  "coords_hash": "ad7160cadce8fdd81da01207f5d263cb8db557a208208812a5e92a5e772aa144",
  "coords_stats": {
    "shape": [
      77,
      3
    ],
    "size": 231,
    "min": 5.736000061035156,
    "max": 36.84000015258789,
    "mean": 24.434493475662165,
    "std": 8.557132509230067
  }
}