{
  "hash": "e3a072858a635e4ed5b72ae54ba446b440953ce861bc2679996e03e4551a6085",
  "stats": {
    "shape": [
      98,
      98
    ],
    "size": 9604,
    "min": 0.0,
    "max": 15.47159791723998,
    "mean": 7.774494554240329,
    "std": 3.0356765782613597
  }
}