{
  "hash": "aafc4911d1ecfcc0aa9cfb00747bc177f453fef7122fd0bc2daaffc699f6121c",
  "stats": {
    "shape": [
      96,
      96
    ],
    "size": 9216,
    "min": 0.0,
    "max": 15.16664123198278,
    "mean": 7.68006368381714,
    "std": 2.958395595113243
  }
}