{
  "count": 107,
  "ids_hash": "a59918a34d5b25ce67736846b8ef6e730d5a8b5122e47a1e7e37865d9fd43147",
  "coords_hash": "7e270133286964204c7df83e85cbb144d630182815354920645f275c57b30b5b",
  "coords_stats": {
    "shape": [
      107,
      3
    ],
    "size": 321,
    "min": -1.9859999418258667,
    "max": 54.03900146484375,
    "mean": 20.192563845546818,
    "std": 18.858205876545583
  }
}