{
  "f0_hash": "d68dbff50eb8d338c153ab5ef05930b8e006c6420bc302e26bbd2894bc42f4bb",
  "f1_hash": "1f6b9e68ec77439aaba60e509a60db40a4cd8a133a68c80554bed27ec3ea0987",
  "f0_stats": {
    "shape": [
      5
    ],
    "size": 5,
    "min": 0.5755840512459166,
    "max": 175.3064453631482,
    "mean": 36.50983901864906,
    "std": 69.40686435326508
  },
  "f1_stats": {
    "shape": [
      15
    ],
    "size": 15,
    "min": 0.0111121574389621,
    "max": 542.455164540205,
    "mean": 74.37224820242253,
    "std": 172.05968484992397
  }
}