{
  "f0_hash": "a78cb6bd5e83059324229c37181372809ff587478db72709c6a2cf9fe00037e6",
  "f1_hash": "657a9b7396fbf70c9d623ce0d507c0d615d16da0ab8ec3b05fc5ce1a6f4860ec",
  "f0_stats": {
    "shape": [
      5
    ],
    "size": 5,
    "min": 0.4910836985247705,
    "max": 126.75567596712357,
    "mean": 26.760898909097783,
    "std": 50.009974411163135
  },
  "f1_stats": {
    "shape": [
      15
    ],
    "size": 15,
    "min": 0.010187896518617734,
    "max": 379.59488882304225,
    "mean": 53.78583893347221,
    "std": 121.71500778052464
  }
}