{
  "f0_hash": "78dd820f15fcbb76dc0cdfb7bdc962f6de67c7850a7c4d9a7c75ddee08557b6d",
  "f1_hash": "bf07c0d4712ae20855e7cfa8d6d2bf43f772093a5220d71c60fc870e519bf73b",
  "f0_stats": {
    "shape": [
      5
    ],
    "size": 5,
    "min": 0.48358715132041435,
    "max": 186.92350213517759,
    "mean": 38.775608384097794,
    "std": 74.0815082219023
  },
  "f1_stats": {
    "shape": [
      15
    ],
    "size": 15,
    "min": 0.010432962944153523,
    "max": 560.8389826553698,
    "mean": 76.81417575597264,
    "std": 176.72816712324055
  }
}