{
  "hash": "403de57cca354f8d88d3b71640bbd79d9acb4b93b5bc9ff0d70053eaf223a0e3",
  "stats": {
    "shape": [
      114,
      114
    ],
    "size": 12996,
    "min": 0.0,
    "max": 15.666919065374403,
    "mean": 8.004359356910973,
    "std": 3.063209572234016
  }
}