{
  "f0_hash": "c43a66ff4bb844256c5a9e873b557be0b78fd8bd85fb8443d7ae1275d7b4e68c",
  "f1_hash": "dfb0087c33d7446ffced03ef523de029b6cc1f4e768a065d47b5588c7db0c3bd",
  "f0_stats": {
    "shape": [
      5
    ],
    "size": 5,
    "min": 0.39589882445711033,
    "max": 127.03521546440278,
    "mean": 26.734254566692975,
    "std": 50.1608616285815
  },
  "f1_stats": {
    "shape": [
      15
    ],
    "size": 15,
    "min": 0.011955293904872377,
    "max": 366.4382755800014,
    "mean": 52.35639329805767,
    "std": 117.83622762908054
  }
}