{
  "hash": "f84821ccd51fcc79c611c2b1c9b02e6254bb61bfecb8a83acf1a6e0683d6a585",
  "stats": {
    "shape": [
      75,
      75
    ],
    "size": 5625,
    "min": 0.0,
    "max": 14.999410613437414,
    "mean": 7.202833834584655,
    "std": 2.9006029575629486
  }
}