MODEL,PRED_DOCKQ
2R4I,0.8729789
2R4I_af2m,0.6756463
