MODEL,PRED_DOCKQ
3URR_af2m,0.90344596
3URR,0.6952808
