MODEL,PRED_DOCKQ
6AS3_af2m,0.9137919
6AS3,0.6195881
