{
  "hash": "d02a3de6832fa7f9abb8785144a2b802fed34f6ca16c0cca138b7a424984c6f6",
  "stats": {
    "shape": [
      98,
      98
    ],
    "size": 9604,
    "min": 0.0,
    "max": 15.138032696339376,
    "mean": 7.626733854249388,
    "std": 3.018442661265237
  }
}