{
  "hash": "4538fdaab231de583ada0659e03db77be98e46b58e5badc31b027393d441e93d",
  "stats": {
    "shape": [
      103,
      103
    ],
    "size": 10609,
    "min": 0.0,
    "max": 15.105147942494545,
    "mean": 8.011260560330657,
    "std": 3.038929001346066
  }
}