{
  "hash": "144e146711017c95c9772f8b44d8d4719d147bbe062f37783d81f0d3d501be10",
  "stats": {
    "shape": [
      91,
      91
    ],
    "size": 8281,
    "min": 0.0,
    "max": 15.727144160334948,
    "mean": 8.01612469136717,
    "std": 3.2459499028995635
  }
}