{
  "hash": "12473b4f18a607a931660fa76965205041d469dbab448fab9d38678a98337c79",
  "stats": {
    "shape": [
      72,
      72
    ],
    "size": 5184,
    "min": 0.0,
    "max": 15.20695660818624,
    "mean": 6.970653593452771,
    "std": 2.8998841283781407
  }
}