{
  "hash": "030a97b55d200887d0cfd0c9e2a0c6103ce35840d43754095f2d43ae538eb503",
  "stats": {
    "shape": [
      94,
      94
    ],
    "size": 8836,
    "min": 0.0,
    "max": 15.166172711266945,
    "mean": 7.669220197413229,
    "std": 3.0135639966552272
  }
}