{
  "f0_hash": "62c2d5cbee19b4669f598bfbd4e2ffa83a1533be72350d97b1b41e84b7c5f43f",
  "f1_hash": "0c5f2408e1814db15da3926c1660c917210f24df4bcae325231900842dce4bc1",
  "f0_stats": {
    "shape": [
      5
    ],
    "size": 5,
    "min": 0.5647035320921574,
    "max": 146.62604189875685,
    "mean": 30.874299743943663,
    "std": 57.890489583502294
  },
  "f1_stats": {
    "shape": [
      15
    ],
    "size": 15,
    "min": 0.011121671848668857,
    "max": 404.5049799876209,
    "mean": 56.43576319241492,
    "std": 127.10816571300319
  }
}