{
  "count": 106,
  "ids_hash": "0d926a1bbef9e977458f8ab9d739726082a0404e36b711f46edd245024e3e166",
  "coords_hash": "17d61fad9aa7c94eee6e4a7e848f567a9c5154bb0ec48f04ebba053c42655a2c",
  "coords_stats": {
    "shape": [
      106,
      3
    ],
    "size": 318,
    "min": -20.94099998474121,
    "max": 47.02000045776367,
    "mean": 10.039069177477428,
    "std": 22.111854746587255
  }
}