MODEL,PRED_DOCKQ
6U0I,0.8329403
6U0I_af2m,0.7927668
