MODEL,PRED_DOCKQ
4DNX_af2m,0.8458867
4DNX,0.0029205866
