MODEL,PRED_DOCKQ
4D9I_af2m,0.9378609
4D9I,0.87651676
