{
  "hash": "db6f044e84718ca8c31166e2949453c67529eb4a5c725f9b8caef6c4fb3cd22c",
  "stats": {
    "shape": [
      107,
      107
    ],
    "size": 11449,
    "min": 0.0,
    "max": 15.742076660952861,
    "mean": 8.011237160592811,
    "std": 3.0596877055346607
  }
}