{
  "count": 156,
  "ids_hash": "cf3956915c6a039042c41c6db02b87f61985a0fef5bec7611beb793945f906cb",
  "coords_hash": "f19e526a013df74a355d7688ed094033200fc838b9cbfdacb9c0fd3f0b38cc28",
  "coords_stats": {
    "shape": [
      156,
      3
    ],
    "size": 468,
    "min": -25.816999435424805,
    "max": 31.305999755859375,
    "mean": -0.11102992417211206,
    "std": 18.268336673990824
  }
}