MODEL,PRED_DOCKQ
2Q8O_af2m,0.80125403
2Q8O,0.68873173
