{
  "count": 82,
  "ids_hash": "08c4eb818dfd1a173f6dd33bc249de94566ac6f660a80f6aa62f80a695421b6c",
  "coords_hash": "fb1d73ec393a249223520e5a95e9313f6bc9dea566dfc70a91820638fd7d3f59",
  "coords_stats": {
    "shape": [
      82,
      3
    ],
    "size": 246,
    "min": 5.14300012588501,
    "max": 49.090999603271484,
    "mean": 23.16985760084013,
    "std": 14.494284721558232
  }
}