{
  "hash": "cf345b2766a3b532688ad281011a562f5f848bdf2f1cb4da241881cbb575b20b",
  "stats": {
    "shape": [
      63,
      63
    ],
    "size": 3969,
    "min": 0.0,
    "max": 15.70308957881196,
    "mean": 6.8846642381116485,
    "std": 2.877319562247798
  }
}