{
  "f0_hash": "1ad29dfdc8f702dd31daeaf60773f0017cc4025c264e68e45ee865943e434e96",
  "f1_hash": "37a55a138a2c9e0f057b5757fdd73d30e428f891cacf44e8a655071f6c834e09",
  "f0_stats": {
    "shape": [
      5
    ],
    "size": 5,
    "min": 0.45974470452213284,
    "max": 146.3848513084807,
    "mean": 30.80726009882281,
    "std": 57.80443687766622
  },
  "f1_stats": {
    "shape": [
      15
    ],
    "size": 15,
    "min": 0.011429637508962642,
    "max": 429.8061573986672,
    "mean": 60.37882439731129,
    "std": 136.6590784260918
  }
}