{
  "hash": "f3e16c9b7204b8c46e057b22baa496581196637ad8ff1cac919f52da1ab224d3",
  "stats": {
    "shape": [
      114,
      114
    ],
    "size": 12996,
    "min": 0.0,
    "max": 15.772360592435543,
    "mean": 8.042769248178711,
    "std": 3.079126330432508
  }
}