{
  "hash": "c2b9c36574d5e0239d3e66f4e23a0deb8874df0bf6c4d70c2ba77eda9afe4692",
  "stats": {
    "shape": [
      96,
      96
    ],
    "size": 9216,
    "min": 0.0,
    "max": 15.015350328819478,
    "mean": 7.551871895677792,
    "std": 2.9083760022057605
  }
}