{
  "hash": "482b03aaf8b09b8653ebe63541f4a899f5319c2d0a9cfdcb0c138399d81ed63d",
  "stats": {
    "shape": [
      118,
      118
    ],
    "size": 13924,
    "min": 0.0,
    "max": 15.66875206590288,
    "mean": 8.021629546428766,
    "std": 3.028248605951899
  }
}