{
  "hash": "ea0acdfa0f21381e360cb8abefad452b2740ee9bc582db322bc5c80c25b0d083",
  "stats": {
    "shape": [
      96,
      96
    ],
    "size": 9216,
    "min": 0.0,
    "max": 15.341999233329506,
    "mean": 7.975812301948102,
    "std": 3.102518695881453
  }
}