MODEL,PRED_DOCKQ
6IS9,0.72525525
6IS9_af2m,0.0349806
