{
  "f0_hash": "755ea94afe59f9d108b72acbd5986350592ce1d8b4ded168cc82c7d102a4f49e",
  "f1_hash": "0c5a4ae55046d848f66cfd9eadf6e3276f427bf70bde8288d2cfabec5cab88c3",
  "f0_stats": {
    "shape": [
      5
    ],
    "size": 5,
    "min": 0.6037939309401668,
    "max": 135.7056477104392,
    "mean": 28.670391183070603,
    "std": 53.53171725243751
  },
  "f1_stats": {
    "shape": [
      15
    ],
    "size": 15,
    "min": 0.011095705694851521,
    "max": 411.075531986916,
    "mean": 57.61823358516077,
    "std": 131.05200775805756
  }
}