{
  "f0_hash": "464319a27e01abf0366d2e7102d2d391e9f538e18f430a8aa8182010c349886e",
  "f1_hash": "21b0d24b25cc20b4e27881b04b6597e6cfdbf546fc0388e5e85debeb06d6f3ca",
  "f0_stats": {
    "shape": [
      5
    ],
    "size": 5,
    "min": 0.5757714671655855,
    "max": 175.85281008759912,
    "mean": 36.61827686458175,
    "std": 69.62575128585704
  },
  "f1_stats": {
    "shape": [
      15
    ],
    "size": 15,
    "min": 0.010039876968732209,
    "max": 501.45125934433935,
    "mean": 69.24698153220844,
    "std": 159.48013164344175
  }
}