{
  "hash": "92ff4cc216e1e4c584acd3fab920be241bbeed89d75e38a86d6cf1d5c15f4b76",
  "stats": {
    "shape": [
      62,
      62
    ],
    "size": 3844,
    "min": 0.0,
    "max": 15.824220615066316,
    "mean": 7.586083065422494,
    "std": 3.3353042489136047
  }
}