MODEL,PRED_DOCKQ
4D9B_af2m,0.8911674
4D9B,0.88140196
