{
  "hash": "674d441fd4a4f97745b50b6e18d8e354cc63eab6c913914a55838293a902f2f8",
  "stats": {
    "shape": [
      109,
      109
    ],
    "size": 11881,
    "min": 0.0,
    "max": 15.740896618770634,
    "mean": 7.870274421202631,
    "std": 3.0041562411967315
  }
}