{
  "f0_hash": "eb63d4d832b3b77a2739b96ba0216ad4321ea3f007b8fab351cc0a02bbcd33ef",
  "f1_hash": "f062480eee492e9ae40e8189537e87321aaf378cb13d9dbbe18dbd24a9d45d62",
  "f0_stats": {
    "shape": [
      5
    ],
    "size": 5,
    "min": 0.579058522590265,
    "max": 150.42217740001325,
    "mean": 31.560492012428803,
    "std": 59.441894789595274
  },
  "f1_stats": {
    "shape": [
      15
    ],
    "size": 15,
    "min": 0.011228738022761142,
    "max": 473.94406470048324,
    "mean": 65.46269870195917,
    "std": 151.56162797588505
  }
}