{
  "f0_hash": "79f481f1f12fa338fe18dafb69010afa09ab8f4dabb100ff3ecf3a603088e0b7",
  "f1_hash": "dbbb0ec79246769b74e5e0248f167c5c8248f5953a7b0f0c0ed174147876ce41",
  "f0_stats": {
    "shape": [
      5
    ],
    "size": 5,
    "min": 0.3032918026117156,
    "max": 136.99846902188446,
    "mean": 28.61678468648936,
    "std": 54.19824078713286
  },
  "f1_stats": {
    "shape": [
      15
    ],
    "size": 15,
    "min": 0.010351239978449112,
    "max": 425.8887235758764,
    "mean": 58.96487459346939,
    "std": 136.2009846706331
  }
}