MODEL,PRED_DOCKQ
1ZH8_af2m,0.8442884
1ZH8,0.75369376
