{
  "f0_hash": "055cc3ef4899cbc14c808e7cbda005f0d8baf9f4d084a4bc5394d422f6fb64ab",
  "f1_hash": "d3161fcd8f11613c4448cecf55e6ca064d69ee229474f20f3ecad6cc2e7f46ac",
  "f0_stats": {
    "shape": [
      5
    ],
    "size": 5,
    "min": 0.5402526968069615,
    "max": 159.02727149722043,
    "mean": 33.249658952512235,
    "std": 62.898644237113444
  },
  "f1_stats": {
    "shape": [
      15
    ],
    "size": 15,
    "min": 0.010305653387492786,
    "max": 523.5820194219671,
    "mean": 72.12929498677606,
    "std": 167.53148286039368
  }
}