{
  "f0_hash": "f9d9bac7d796650a432d0214bb55113c2a4d4fc17305d1ea079c4d9d39871b67",
  "f1_hash": "b8a21e74923dd07e1f6f1390de763dafba96dc6a5379468a570864af1574b097",
  "f0_stats": {
    "shape": [
      5
    ],
    "size": 5,
    "min": 0.40456969141303,
    "max": 178.53594367748445,
    "mean": 37.07690999273877,
    "std": 70.73779177723151
  },
  "f1_stats": {
    "shape": [
      15
    ],
    "size": 15,
    "min": 0.010182362030628944,
    "max": 545.7239457293668,
    "mean": 74.91632755223512,
    "std": 173.27032719296037
  }
}