{
  "hash": "70dad714efd81cb7bc8707b189e993f2e08b9825a34540fe518f5983f9aa6012",
  "stats": {
    "shape": [
      69,
      69
    ],
    "size": 4761,
    "min": 0.0,
    "max": 15.21271179057609,
    "mean": 6.834342231479563,
    "std": 2.8103847317420376
  }
}