MODEL,PRED_DOCKQ
2X7X_af2m,0.89293575
2X7X,0.87055284
