{
  "count": 119,
  "ids_hash": "363e3d43c3e8864441d57ee8221bc2621c4f851c5d261d7aea21a7bef4d94c50",
  "coords_hash": "90fdab4a2957c8cb6cf79e5ff66297d939afc797b05b896d46f240c092968eda",
  "coords_stats": {
    "shape": [
      119,
      3
    ],
    "size": 357,
    "min": 4.614999771118164,
    "max": 37.029998779296875,
    "mean": 22.976694690747088,
    "std": 8.489253857449249
  }
}