{
  "count": 54,
  "ids_hash": "461ff4d45ae140ef8a62369186dd850b75125005ff808acbf3738b66f34bc608",
  "coords_hash": "2f88dfa0108b0e5236919535df45dde4d3ec9c5649aca9cf685676df58d3b95e",
  "coords_stats": {
    "shape": [
      54,
      3
    ],
    "size": 162,
    "min": 12.579000473022461,
    "max": 60.29100036621094,
    "mean": 34.83145690258638,
    "std": 13.684770367173803
  }
}