MODEL,PRED_DOCKQ
1VB5_af2m,0.9001969
1VB5,0.87319607
