{
  "f0_hash": "f4a974c8214a04aeb4bd290ce08130aba4771c51aa57b09d9c5b1a0b647ce41e",
  "f1_hash": "98d2f7eddc85b329cee06799ff549c065e6ba2dfbc19e3a84de656e6bdc17ffd",
  "f0_stats": {
    "shape": [
      5
    ],
    "size": 5,
    "min": 0.4330493657584996,
    "max": 155.86451497047813,
    "mean": 32.62090558886463,
    "std": 61.633619777496556
  },
  "f1_stats": {
    "shape": [
      15
    ],
    "size": 15,
    "min": 0.010229149647003943,
    "max": 397.5913366056534,
    "mean": 55.540974239486665,
    "std": 124.99396148110789
  }
}