{
  "count": 91,
  "ids_hash": "917190583c7112aa7823215bfd3f81af8b3fb889a4d13e9235fac0e38dea2bf9",
  "coords_hash": "a016ac17fe4bfd93298342b5aef971a0974697213d2bf82c8338d6d0a30874f1",
  "coords_stats": {
    "shape": [
      91,
      3
    ],
    "size": 273,
    "min": -30.743999481201172,
    "max": 73.76300048828125,
    "mean": 19.06005127526028,
    "std": 37.78084274887213
  }
}