MODEL,PRED_DOCKQ
6GXS_af2m,0.8855025
6GXS,0.80438554
