{
  "hash": "e6301eb1a541b72f1bb60b7783183bd6617137d1f59ad89dcb30027460e8a55a",
  "stats": {
    "shape": [
      89,
      89
    ],
    "size": 7921,
    "min": 0.0,
    "max": 15.540323509135758,
    "mean": 7.789550111400784,
    "std": 3.1377074772409337
  }
}