MODEL,PRED_DOCKQ
6G6U_af2m,0.2850617
6G6U,0.14206044
