{
  "hash": "f6c40c50b9cb2eeef39fc171813af7e1ffd65170d043d7c052a7c55d78c2e708",
  "stats": {
    "shape": [
      110,
      110
    ],
    "size": 12100,
    "min": 0.0,
    "max": 15.610554952251597,
    "mean": 7.816427302239243,
    "std": 2.9978213750411045
  }
}