{
  "f0_hash": "965020af1c5f6959554f1e76934e95f921b76c1b79fb50cc96382ccddfbd4500",
  "f1_hash": "75e208ee0c143d673bb310fb6c656871841888c3cb3ad0c5b2d84ccbf6b17ed2",
  "f0_stats": {
    "shape": [
      5
    ],
    "size": 5,
    "min": 0.5277003632470946,
    "max": 171.91853740765015,
    "mean": 35.81139367823398,
    "std": 68.06263059882359
  },
  "f1_stats": {
    "shape": [
      15
    ],
    "size": 15,
    "min": 0.010628114425472734,
    "max": 479.45442525769715,
    "mean": 66.18796034472852,
    "std": 151.67614141247574
  }
}