MODEL,PRED_DOCKQ
2DXQ_af2m,0.86493176
2DXQ,0.78952104
