MODEL,PRED_DOCKQ
1BOU_af2m,0.91682756
1BOU,0.8603638
