{
  "count": 71,
  "ids_hash": "0557bb5ab1ebc949dd8fc91dbfc9727ea4f9a46034b9b7f52d3f03e3c8c332d0",
  "coords_hash": "8972a2b1b931a870642a28362c70ff1c2d07d4d08e1712b7c54f4cc1008d2d4b",
  "coords_stats": {
    "shape": [
      71,
      3
    ],
    "size": 213,
    "min": -16.856000900268555,
    "max": 52.57099914550781,
    "mean": 17.99692951569535,
    "std": 23.34949401223966
  }
}