{
  "count": 162,
  "ids_hash": "dfd03c52024b6a99ff4b1b0480e9f7ea2ff68500694a084472fd35f212d4da48",
  "coords_hash": "1bfaca51f1c6d2c7186ec35403f995aeee64721a2e4efaf63ea397bbd28139da",
  "coords_stats": {
    "shape": [
      162,
      3
    ],
    "size": 486,
    "min": -38.48899841308594,
    "max": -4.607999801635742,
    "mean": -24.344386806213315,
    "std": 9.73734486151296
  }
}