{
  "count": 100,
  "ids_hash": "9223b8abb21c2d7537b859f35dda11695e4d31e741f382b75c4b8ef36ee4f864",
  "coords_hash": "703dc93d199a836b6569116c4ffd33cd51e1fdea7b53ab4954eb76cc6b18c597",
  "coords_stats": {
    "shape": [
      100,
      3
    ],
    "size": 300,
    "min": -32.97200012207031,
    "max": 42.448001861572266,
    "mean": 8.441916666030885,
    "std": 25.27727728379173
  }
}