{
  "f0_hash": "d403ee56202cbd2f0e2151e642f154eb69d0126abfd1bda4620321f3f84fc441",
  "f1_hash": "88dbde2d72c83562c3c883529ee6f3d899bac6600c2754c5f1e300f82e2be14d",
  "f0_stats": {
    "shape": [
      5
    ],
    "size": 5,
    "min": 0.42121809064561216,
    "max": 164.35106614551162,
    "mean": 34.17849252634461,
    "std": 65.09347414872074
  },
  "f1_stats": {
    "shape": [
      15
    ],
    "size": 15,
    "min": 0.010108834399715771,
    "max": 470.90852491721415,
    "mean": 64.84306069452401,
    "std": 149.57961656015078
  }
}