MODEL,PRED_DOCKQ
3FIE_af2m,0.8721467
3FIE,0.0013081116
