{
  "count": 87,
  "ids_hash": "4f31d542a5128ff64c2825bf88188678daa9fac39db1bc1b2f491c630021f84c",
  "coords_hash": "a6ede79fe65c6ca48d1e755a43f092349358bd09f6fb782e156d230d9d20c895",
  "coords_stats": {
    "shape": [
      87,
      3
    ],
    "size": 261,
    "min": -30.865999221801758,
    "max": 23.941999435424805,
    "mean": -4.299210776257333,
    "std": 17.152331882807932
  }
}