{
  "count": 83,
  "ids_hash": "79ab414cd951ea107571961e010000268bea9785916da500d656f4ec0568dda3",
  "coords_hash": "b801f0dab265bb810ccdb08bfe153e5c64655741776c38ad33dcd7e9712bd689",
  "coords_stats": {
    "shape": [
      83,
      3
    ],
    "size": 249,
    "min": -35.20500183105469,
    "max": 81.03399658203125,
    "mean": 24.765441764310662,
    "std": 41.84464002268692
  }
}