{
  "hash": "b0558728c2ed7aa478aaae482c5f344d3d1b8e893a85c3eade7466c82a27d908",
  "stats": {
    "shape": [
      71,
      71
    ],
    "size": 5041,
    "min": 0.0,
    "max": 15.68750844738498,
    "mean": 7.208456944175637,
    "std": 2.9377307207635703
  }
}