{
  "hash": "647dd105c3dbe45a53d78a04cc30164c4f54d71d4fabfa276ab61a18bbb48fd6",
  "stats": {
    "shape": [
      77,
      77
    ],
    "size": 5929,
    "min": 0.0,
    "max": 15.372014043616971,
    "mean": 7.4637452584083706,
    "std": 3.0319552531564407
  }
}