{
  "hash": "0e0601c6aa5c36d2a6803636903fbbed211d98839a9efdb414479dd65ce6d82a",
  "stats": {
    "shape": [
      74,
      74
    ],
    "size": 5476,
    "min": 0.0,
    "max": 14.94446116203547,
    "mean": 6.9870976564936305,
    "std": 2.8996468598746388
  }
}