{
  "hash": "d9566d213c3fc4b899be784b0506862ba5424a1a94bbbbd0d7078653d3d4ee42",
  "stats": {
    "shape": [
      108,
      108
    ],
    "size": 11664,
    "min": 0.0,
    "max": 15.620334952532623,
    "mean": 7.995987210560906,
    "std": 3.0797130086233473
  }
}