{
  "hash": "9e7a4cbf830fb3940845bba5ed38e39dd94884e3c52710e162bbac35b1433f28",
  "stats": {
    "shape": [
      103,
      103
    ],
    "size": 10609,
    "min": 0.0,
    "max": 15.51867432533163,
    "mean": 7.854269809830861,
    "std": 2.9955536594980177
  }
}