{
  "count": 61,
  "ids_hash": "0e0d2258d95e5881bb9deba5adb1fe1b7c8dd46d855ac363201e44ca08af8bb8",
  "coords_hash": "b4e4c1b2dbe1fd22ea0e4a582c22e9738faad5a82634a2075280d98d8983ca94",
  "coords_stats": {
    "shape": [
      61,
      3
    ],
    "size": 183,
    "min": -2.7139999866485596,
    "max": 25.572999954223633,
    "mean": 10.311699421597961,
    "std": 6.932774121131205
  }
}