MODEL,PRED_DOCKQ
4YK8_af2m,0.8511264
4YK8,0.8511221
