{
  "hash": "3559de8febd4fbf1a54aceb3f312782bf34a8d37e40fce6a8209689c0ff1510c",
  "stats": {
    "shape": [
      103,
      103
    ],
    "size": 10609,
    "min": 0.0,
    "max": 15.263765088355926,
    "mean": 7.758139300202851,
    "std": 3.0057966232392612
  }
}