MODEL,PRED_DOCKQ
4HPM_af2m,0.90933084
4HPM,0.72132325
