{
  "hash": "d42cdeb66f9a0c719dd9284aeda3c7454575a508648d68c319904b44cd2fd278",
  "stats": {
    "shape": [
      60,
      60
    ],
    "size": 3600,
    "min": 0.0,
    "max": 15.415891763457132,
    "mean": 7.5487191716236035,
    "std": 3.3056868789626432
  }
}