{
  "f0_hash": "e41fbca5c5ff0f6b4d84bb5341e5ce01f3ddc2af7ff20ea7950f6b6bb07b653b",
  "f1_hash": "66cd5d2e4aef35fae4507c81148e5eaf9490e156f3fa43e832548f8871f1d229",
  "f0_stats": {
    "shape": [
      5
    ],
    "size": 5,
    "min": 0.5269624719456706,
    "max": 95.00644980703971,
    "mean": 20.42558483106949,
    "std": 37.306047090402295
  },
  "f1_stats": {
    "shape": [
      15
    ],
    "size": 15,
    "min": 0.014691725486272844,
    "max": 203.71874263153694,
    "mean": 30.44527681257541,
    "std": 63.76960215200019
  }
}