{
  "hash": "751a77013b24ba9c4208d0974c15d0ab829ebdaa7c51c2323fac433b0600c451",
  "stats": {
    "shape": [
      128,
      128
    ],
    "size": 16384,
    "min": 0.0,
    "max": 15.70131101217283,
    "mean": 8.195219227420218,
    "std": 3.1008668648734177
  }
}