MODEL,PRED_DOCKQ
3C8V_af2m,0.7841311
3C8V,0.008810605
