{
  "f0_hash": "d09819bdc4e381e667f9473d75789672ca9fce08d7a28d918a6427ba26b31662",
  "f1_hash": "30b27543abbf2469c8b12b72137ab98b22cdba1edd3788022837e2f2d2e1896f",
  "f0_stats": {
    "shape": [
      5
    ],
    "size": 5,
    "min": 0.4723104795433406,
    "max": 172.1003021999676,
    "mean": 35.78365931854491,
    "std": 68.16609512019738
  },
  "f1_stats": {
    "shape": [
      15
    ],
    "size": 15,
    "min": 0.01058423727656077,
    "max": 583.659331119811,
    "mean": 79.93212357319875,
    "std": 187.29165126161283
  }
}