{
  "hash": "95924c9b11a67f6f7cff17e016061ed0cd6c64a9ebc28c6da9133eb08f3ed88c",
  "stats": {
    "shape": [
      104,
      104
    ],
    "size": 10816,
    "min": 0.0,
    "max": 15.649266384454537,
    "mean": 8.096326263732937,
    "std": 3.1563234475942474
  }
}