{
  "f0_hash": "e7c539c9df1d06dc0440ed85cacba7899f2c6c0dd890880f1a692bf631ee645d",
  "f1_hash": "09fb6524c2ec4c60db1e6bdacaaa43ea80c9e3053ff9841347469bb38e26e644",
  "f0_stats": {
    "shape": [
      5
    ],
    "size": 5,
    "min": 0.4393110344295744,
    "max": 157.6853509686363,
    "mean": 32.844533440802394,
    "std": 62.42784367589878
  },
  "f1_stats": {
    "shape": [
      15
    ],
    "size": 15,
    "min": 0.010275193955215478,
    "max": 485.10481066734707,
    "mean": 67.44225496132492,
    "std": 154.31532980442248
  }
}