{
  "f0_hash": "3897935810b8d3ec9870f990b727056541d74dcfc8250c98e4c5f396034c527a",
  "f1_hash": "1dc31730335d1367ba039cfd58a17f6d33bd9b097135978afd488e8586a9a8fa",
  "f0_stats": {
    "shape": [
      5
    ],
    "size": 5,
    "min": 0.41792798475260035,
    "max": 158.2550426125474,
    "mean": 32.99483388684005,
    "std": 62.63857776693982
  },
  "f1_stats": {
    "shape": [
      15
    ],
    "size": 15,
    "min": 0.010326950546699187,
    "max": 523.0778151375807,
    "mean": 72.13932651610004,
    "std": 167.25922876617358
  }
}