{
  "count": 39,
  "ids_hash": "68585cf3d9c379c1623142dc32fa8d24ab1486c3d25682c00d3b7705c320b572",
  "coords_hash": "0a92f6256f6b195ceae77ed4762c58c1133620bf3abb44167aba81edb2c2b75f",
  "coords_stats": {
    "shape": [
      39,
      3
    ],
    "size": 117,
    "min": -39.895999908447266,
    "max": 29.077999114990234,
    "mean": -1.3292562675017576,
    "std": 24.830041255975594
  }
}