{
  "count": 95,
  "ids_hash": "a3b58bece258e1e24f762278307773e207c25230dbf37a71504753881956ae54",
  "coords_hash": "bebd64cfa8a367846a505f96b33109948736383c5d09e5f23dd0668620e525ea",
  "coords_stats": {
    "shape": [
      95,
      3
    ],
    "size": 285,
    "min": -53.12699890136719,
    "max": 52.42100143432617,
    "mean": -0.40804560421394154,
    "std": 37.385574043349955
  }
}