{
  "count": 91,
  "ids_hash": "fde04903ff071d796878fb4632b52cd4a9e680d44c29154093ac74e4c488b5cc",
  "coords_hash": "c55fdfc96377c98b0e0814d33d6a829e9a297beaeb0c4fa00daa258973cf6d1e",
  "coords_stats": {
    "shape": [
      91,
      3
    ],
    "size": 273,
    "min": -0.1420000046491623,
    "max": 37.53200149536133,
    "mean": 19.086351660745486,
    "std": 10.067779558595955
  }
}