{
  "f0_hash": "d84090cc922ca4647ab0544b5ddeb3144aadea85dadec2d10e46fac714d7cc97",
  "f1_hash": "d8408f6fde53cdd9397ee4a4051de29d9cc014e25da66c246440db6e32ad4272",
  "f0_stats": {
    "shape": [
      5
    ],
    "size": 5,
    "min": 0.5852210512708907,
    "max": 121.57380269794248,
    "mean": 25.796242506324955,
    "std": 47.90247639945638
  },
  "f1_stats": {
    "shape": [
      15
    ],
    "size": 15,
    "min": 0.01016216970967232,
    "max": 333.4985141867112,
    "mean": 47.10829176174317,
    "std": 106.07337442124117
  }
}