{
  "count": 109,
  "ids_hash": "7df7e215ffd5bd9c57770cbcbd246272ae1e70c76266c84abfb38ebcb49caf68",
  "coords_hash": "2c7b781b5041768bd4cff9f799ad579a06edb680c2b7faa0b91b3d8d95ff878e",
  "coords_stats": {
    "shape": [
      109,
      3
    ],
    "size": 327,
    "min": 6.418000221252441,
    "max": 97.33399963378906,
    "mean": 42.045581091434585,
    "std": 34.93823304927108
  }
}