MODEL,PRED_DOCKQ
4YII_af2m,0.85564226
4YII,0.75884914
