MODEL,PRED_DOCKQ
1R0M,0.9128975
1R0M_af2m,0.8569332
