{
  "count": 83,
  "ids_hash": "0d73e00d4ca748deba6cdd7ccb593bbbcc46988d3e7d507d19ec15876f895046",
  "coords_hash": "136505858320edee5679ac2400692134ead12ae510b4755e09a9d4d3689458b6",
  "coords_stats": {
    "shape": [
      83,
      3
    ],
    "size": 249,
    "min": -10.269000053405762,
    "max": 56.79199981689453,
    "mean": 13.556546189758672,
    "std": 25.684351850674236
  }
}