{
  "f0_hash": "f7e5d6823e14b962291980a3d21a7deeef1d235f39c2a6e1cc4ba0f6183ef5f3",
  "f1_hash": "496dfd54959d8b81102da162aff86cc868ca7f113dcadaef188279c76bcf03b0",
  "f0_stats": {
    "shape": [
      5
    ],
    "size": 5,
    "min": 0.2693833586218991,
    "max": 88.78930395273169,
    "mean": 18.911708203055152,
    "std": 34.948267508555624
  },
  "f1_stats": {
    "shape": [
      15
    ],
    "size": 15,
    "min": 0.014282291924423207,
    "max": 148.27772193748999,
    "mean": 22.14247555253058,
    "std": 46.55797287510163
  }
}