{
  "hash": "543595628bf9d7a4b219ef4b9ecfac12d51d1e8ee3f2cde0fab5221d4bf357a8",
  "stats": {
    "shape": [
      83,
      83
    ],
    "size": 6889,
    "min": 0.0,
    "max": 15.363151834907773,
    "mean": 7.463054680419314,
    "std": 3.005225111610823
  }
}