{
  "hash": "621e375f34c13735e0f633c0a7977885db5c0ddadad659c563bdafe2ffd83aea",
  "stats": {
    "shape": [
      111,
      111
    ],
    "size": 12321,
    "min": 0.0,
    "max": 15.677866067710196,
    "mean": 8.055895300184732,
    "std": 3.0608248394301176
  }
}