{
  "f0_hash": "abeeef68c33f95d68f774eeb4bd8fe1625e696424d1387cb94a3426fda861f74",
  "f1_hash": "7de6e3131e181bead46f557d8f1b4c8864778a4a76dff30e4a78355d0459f978",
  "f0_stats": {
    "shape": [
      5
    ],
    "size": 5,
    "min": 0.3842793229525035,
    "max": 131.61634895777078,
    "mean": 27.620583315848307,
    "std": 52.00686088470361
  },
  "f1_stats": {
    "shape": [
      15
    ],
    "size": 15,
    "min": 0.014519884029020602,
    "max": 269.6457444947997,
    "mean": 38.19927634972487,
    "std": 83.85423222966658
  }
}