{
  "count": 75,
  "ids_hash": "38258c26c52f1a679af6596c2243cf3e511e9e6852e6872dab5c5931002e3f81",
  "coords_hash": "b8bede5d72e6fdca60cfffe51c86d73e31dd144b2a5c1d6dda275c5448f5e43c",
  "coords_stats": {
    "shape": [
      75,
      3
    ],
    "size": 225,
    "min": -14.034000396728516,
    "max": 28.650999069213867,
    "mean": 12.289022207260132,
    "std": 13.726975685801946
  }
}