{
  "f0_hash": "ebea396116404985cb0b3b604c4cf96dbefc9841a4dece9b0229c6b1774665e2",
  "f1_hash": "447859045030e0f73926872dd5f2b4b9d9178ed9dde9c3e53d40ee2df7fb9909",
  "f0_stats": {
    "shape": [
      5
    ],
    "size": 5,
    "min": 0.4676382783336293,
    "max": 162.31800430085266,
    "mean": 33.84458128182144,
    "std": 64.24549040670958
  },
  "f1_stats": {
    "shape": [
      15
    ],
    "size": 15,
    "min": 0.010339560899036204,
    "max": 477.04638581928583,
    "mean": 66.28115176806986,
    "std": 151.84711236783684
  }
}