{
  "count": 105,
  "ids_hash": "a591ae8d750f99b3317d72747782fa32a0b48af1c28bde9de2f24b7114df4b47",
  "coords_hash": "c4079395855e19397bc747c192d03ccdc841b5d2abd50b07ed3b0cf766ee80d8",
  "coords_stats": {
    "shape": [
      105,
      3
    ],
    "size": 315,
    "min": -4.638000011444092,
    "max": 71.7490005493164,
    "mean": 33.68547934596501,
    "std": 24.945649033710048
  }
}