{
  "count": 109,
  "ids_hash": "c505cdce60b49a75299d4745fed0af4b741dbe58e5e460557e18fbff5c1fe685",
  "coords_hash": "9ba8101f105971d684a28f2c6976fbdb2e7fdf79c7525c6b080e73e0d441f6f9",
  "coords_stats": {
    "shape": [
      109,
      3
    ],
    "size": 327,
    "min": -30.358999252319336,
    "max": 27.365999221801758,
    "mean": 4.420055071512858,
    "std": 19.841960826955034
  }
}