{
  "f0_hash": "d6cd2565f35569d2c7faafefacf756770c5d7bb8e59e42680c737623c06fc413",
  "f1_hash": "82420f8b3a30fa33f96994ed85f0c7f29cc2afca47440b287b2b954d44e7d6fc",
  "f0_stats": {
    "shape": [
      5
    ],
    "size": 5,
    "min": 0.4141710030244525,
    "max": 103.83091706472443,
    "mean": 22.095530906268102,
    "std": 40.880065488142634
  },
  "f1_stats": {
    "shape": [
      15
    ],
    "size": 15,
    "min": 0.011218364439067763,
    "max": 241.1604295907617,
    "mean": 34.05153157211954,
    "std": 75.91808782334262
  }
}