{
  "hash": "cd50f260f05c28788ccf8f2c3154bc97475b1fd8275a0dcb0554924201457500",
  "stats": {
    "shape": [
      84,
      84
    ],
    "size": 7056,
    "min": 0.0,
    "max": 15.207938659745237,
    "mean": 7.3305502879148206,
    "std": 2.962479180827923
  }
}