{
  "count": 97,
  "ids_hash": "00fe1e5d277b4535d45ba87c7fd33e79b0204abb73725ae2c913009740bbd331",
  "coords_hash": "3530dfae4d1cc32cf86fa9b2562de0f7a24aef59b16d0e1cae91fac5d33dacc0",
  "coords_stats": {
    "shape": [
      97,
      3
    ],
    "size": 291,
    "min": -50.55099868774414,
    "max": 9.414999961853027,
    "mean": -17.033096226885966,
    "std": 19.834874389363268
  }
}