{
  "hash": "7ee5186be16cdb22c8d8e4b4347a890c288faaec91ccf16ee40f1135ab2f9e6c",
  "stats": {
    "shape": [
      88,
      88
    ],
    "size": 7744,
    "min": 0.0,
    "max": 15.650137463096515,
    "mean": 7.717798442995337,
    "std": 3.111484116377281
  }
}