MODEL,PRED_DOCKQ
3IHQ_af2m,0.87122613
3IHQ,0.82938033
