MODEL,PRED_DOCKQ
6RK0_af2m,0.8607121
6RK0,0.84251386
