{
  "count": 104,
  "ids_hash": "ceac50bcd94f716e9834a11e64468b3ea9c942984013cb2dff3d2756c9e59188",
  "coords_hash": "945f2f5f06681e3413c867348d3d4888c7f3931d6a42d95b17d619239a56b857",
  "coords_stats": {
    "shape": [
      104,
      3
    ],
    "size": 312,
    "min": -44.75400161743164,
    "max": 12.579000473022461,
    "mean": -17.449439138747177,
    "std": 18.53715880652096
  }
}