{
  "f0_hash": "6827087fb3115c4b09efbd358a6fdc846a6664517f2226a249bb51033f484719",
  "f1_hash": "1538a28e215b219cabe9ac70de03bb0d04fbf0c8eda179b1a50540668003320c",
  "f0_stats": {
    "shape": [
      5
    ],
    "size": 5,
    "min": 0.384372346551729,
    "max": 99.59738525444891,
    "mean": 21.257335807349996,
    "std": 39.184310871022475
  },
  "f1_stats": {
    "shape": [
      15
    ],
    "size": 15,
    "min": 0.010775738724944084,
    "max": 174.9678604785011,
    "mean": 26.346653031675753,
    "std": 54.68179951489331
  }
}