{
  "f0_hash": "fc1ef77e896682d65d2c008f2d5b25619af69aac081a48ce9ff9a3f64b9ac588",
  "f1_hash": "b436b6a99b427c92ce38637549e3358579f31b4b01204d5ed0fc2b2b891c91ec",
  "f0_stats": {
    "shape": [
      5
    ],
    "size": 5,
    "min": 0.5025108760801092,
    "max": 137.58128067308283,
    "mean": 28.889434557000623,
    "std": 54.35546631561192
  },
  "f1_stats": {
    "shape": [
      15
    ],
    "size": 15,
    "min": 0.010430453887335212,
    "max": 350.76070530803673,
    "mean": 49.67544934911164,
    "std": 110.21793350132614
  }
}