{
  "f0_hash": "21e032891401e24a2fc1d8306adf41327004e2c13419df9a7c96234dbaddf9bb",
  "f1_hash": "3a160386649023431b3d2d67abd7a81f71c2e4e9d9b7a4bf7bcff6c02f91551e",
  "f0_stats": {
    "shape": [
      5
    ],
    "size": 5,
    "min": 0.384105868855547,
    "max": 110.96822404153238,
    "mean": 23.446149560286596,
    "std": 43.77011939253816
  },
  "f1_stats": {
    "shape": [
      15
    ],
    "size": 15,
    "min": 0.010529564660269664,
    "max": 222.42956069340295,
    "mean": 31.99392864417764,
    "std": 69.40066359554457
  }
}