{
  "count": 119,
  "ids_hash": "788444c8d116c7386b0561895e934a9833492f3fe48ac67f7411d87a3600efca",
  "coords_hash": "432fdca7c045c7ea9c795dfdb778544d2d3c63b4288551109ce93433af88a399",
  "coords_stats": {
    "shape": [
      119,
      3
    ],
    "size": 357,
    "min": -15.317000389099121,
    "max": 12.902000427246094,
    "mean": 1.107406154723645,
    "std": 7.267504570958351
  }
}