{
  "hash": "7df0093ec2f19966c5d96522149d199a81351cf041f1496a18f6c35b023f9f2c",
  "stats": {
    "shape": [
      86,
      86
    ],
    "size": 7396,
    "min": 0.0,
    "max": 15.349326196308665,
    "mean": 7.701938242878063,
    "std": 3.1090995639620784
  }
}