{
  "count": 99,
  "ids_hash": "354463f014c8315c02273b35d4fb1075a0d78ba898e4af9bb2256e834dcd6565",
  "coords_hash": "133ea59428fc96997c98bf799ead49f6fd4d7b99084044fc0d76a1ae067aec12",
  "coords_stats": {
    "shape": [
      99,
      3
    ],
    "size": 297,
    "min": -30.85300064086914,
    "max": 26.388999938964844,
    "mean": -3.073319835694952,
    "std": 18.218163533903972
  }
}