MODEL,PRED_DOCKQ
3G16,0.8493908
3G16_af2m,0.8194456
