MODEL,PRED_DOCKQ
1T11,0.1478467
1T11_af2m,0.0073821777
