{
  "f0_hash": "163dff605c2cc729b9abeafd1d18b8d099053a83e47f048dbf18cfe77a2fc8b5",
  "f1_hash": "6a9f23c771248ed4d374fc62d63dd47b333a9d818ada18aff835d65fee48a6be",
  "f0_stats": {
    "shape": [
      5
    ],
    "size": 5,
    "min": 0.43534725824800896,
    "max": 194.38229994644917,
    "mean": 40.16708616086869,
    "std": 77.11304988007709
  },
  "f1_stats": {
    "shape": [
      15
    ],
    "size": 15,
    "min": 0.011860915706955133,
    "max": 584.854839422118,
    "mean": 80.05410177489442,
    "std": 185.75919199259195
  }
}