MODEL,PRED_DOCKQ
5XK2,0.051608358
5XK2_af2m,0.027106332
