{
  "f0_hash": "a1313393eb464047f00b7a5633789d7f5b62021beb442575c006f76f1923ee59",
  "f1_hash": "4f13cf5ed5e9822e9afa7f300cc90b77a3ef66816a4ce236896e334fab507c69",
  "f0_stats": {
    "shape": [
      5
    ],
    "size": 5,
    "min": 0.4704611492248766,
    "max": 168.92831408582035,
    "mean": 35.17021471563031,
    "std": 66.88738840064515
  },
  "f1_stats": {
    "shape": [
      15
    ],
    "size": 15,
    "min": 0.010000866072328307,
    "max": 562.4998386938871,
    "mean": 77.56684659134406,
    "std": 178.4251507953419
  }
}