MODEL,PRED_DOCKQ
2OD6_af2m,0.6307026
2OD6,0.3971429
