{
  "count": 85,
  "ids_hash": "7a4cf68dcc44e1037c25dffdf92ea04286990b52ab3b3bc078f465d376d7626e",
  "coords_hash": "b03dcc1e40d5a6b4d1f388d57efb02cca6761d07e405997d97bb09b3d76e6041",
  "coords_stats": {
    "shape": [
      85,
      3
    ],
    "size": 255,
    "min": -11.876999855041504,
    "max": 38.11000061035156,
    "mean": 17.15343140340319,
    "std": 16.31625822106737
  }
}