{
  "count": 124,
  "ids_hash": "06ff1664ad6716d8de10e7730da2fd475236fa721410e804960020785071a3b7",
  "coords_hash": "7407a78c58f92b75ab12b1e72bcceb172d50a7b7e76fd809bc828d9924b2e160",
  "coords_stats": {
    "shape": [
      124,
      3
    ],
    "size": 372,
    "min": -6.769000053405762,
    "max": 98.99600219726562,
    "mean": 37.408774147045506,
    "std": 40.430008552022024
  }
}