MODEL,PRED_DOCKQ
3BRE,0.0839713
3BRE_af2m,0.05665932
