{
  "hash": "49ed0670c93bfdafc69eba3615b320c0cd9755fba093366c52b81dff05f6763c",
  "stats": {
    "shape": [
      116,
      116
    ],
    "size": 13456,
    "min": 0.0,
    "max": 15.375454366882416,
    "mean": 8.103101285057752,
    "std": 3.066909876794588
  }
}