{
  "f0_hash": "957150483a82ab3f59ac9fee30d5f23019ec722cbbac549b0ae7bab847e35860",
  "f1_hash": "5828f2ad05f685050947f7c8a8416bc357af4f321c428a05d1c5179695a83246",
  "f0_stats": {
    "shape": [
      5
    ],
    "size": 5,
    "min": 0.6328153046942212,
    "max": 135.28946365140752,
    "mean": 28.570107524588245,
    "std": 53.37226258950811
  },
  "f1_stats": {
    "shape": [
      15
    ],
    "size": 15,
    "min": 0.010949556517289238,
    "max": 432.3915742904937,
    "mean": 61.07827621994169,
    "std": 138.60266172136596
  }
}