{
  "count": 112,
  "ids_hash": "1ed5e32340c0793803f70e78324c73109d0f3d5083440b851433d8141af957c7",
  "coords_hash": "aa010c016c69f2122122b4f966eda755de5894f3c4ad4a822eab087229673bb2",
  "coords_stats": {
    "shape": [
      112,
      3
    ],
    "size": 336,
    "min": -4.091000080108643,
    "max": 43.62900161743164,
    "mean": 22.906907727054897,
    "std": 14.643658167125622
  }
}