{
  "f0_hash": "f0414a221ced7e44e22204b8a70f592ab0cf5cfd4054d882d6ae96b416d0a980",
  "f1_hash": "e63a57f86c9e758cde59226b3810d009baf9b65e3cefe74852c5116b49fc286e",
  "f0_stats": {
    "shape": [
      5
    ],
    "size": 5,
    "min": 0.3636912629114462,
    "max": 130.6266690961691,
    "mean": 27.431839182020497,
    "std": 51.60721309317825
  },
  "f1_stats": {
    "shape": [
      15
    ],
    "size": 15,
    "min": 0.010676360287813491,
    "max": 263.4525762284939,
    "mean": 37.4056140193021,
    "std": 83.07745621666082
  }
}