MODEL,PRED_DOCKQ
2GRU_af2m,0.83798426
2GRU,0.7347938
