{
  "f0_hash": "bfbd435acd2d593c0229b3c22e024e6bc4dae370e864735f165a15ccf3fb4176",
  "f1_hash": "7c29a5e50086491303556b0a8e60b069a48ea9c9b368b50be882ddb6515b7a9c",
  "f0_stats": {
    "shape": [
      5
    ],
    "size": 5,
    "min": 0.2523576751027308,
    "max": 140.83611488573058,
    "mean": 29.33716317225654,
    "std": 55.755964210648905
  },
  "f1_stats": {
    "shape": [
      15
    ],
    "size": 15,
    "min": 0.010195426853629286,
    "max": 371.7333338892318,
    "mean": 52.5216574125979,
    "std": 118.01614029102136
  }
}