MODEL,PRED_DOCKQ
1DML_af2m,0.90529984
1DML,0.8232366
