MODEL,PRED_DOCKQ
2X5H,0.79850507
2X5H_af2m,0.7241823
