MODEL,PRED_DOCKQ
5LXE_af2m,0.9309879
5LXE,0.87465376
