{
  "hash": "7c2ed92f4d0d98b76294867aace19f4bbf1dff636e357babd8cd15bf24c0ec82",
  "stats": {
    "shape": [
      80,
      80
    ],
    "size": 6400,
    "min": 0.0,
    "max": 15.948807605591137,
    "mean": 7.598951847305334,
    "std": 3.0870102336391825
  }
}