{
  "f0_hash": "ff0c1a4794093cf6b9d69cdf5919e85ab031a1a4f21f0a304efe7d657cd9299b",
  "f1_hash": "90e7d6fad6717917e83b8148cb3de5dcb3d39949c98652f89877cafe3f0f95de",
  "f0_stats": {
    "shape": [
      5
    ],
    "size": 5,
    "min": 0.44418391800268336,
    "max": 141.82770688310583,
    "mean": 29.78525361237315,
    "std": 56.0330089941127
  },
  "f1_stats": {
    "shape": [
      15
    ],
    "size": 15,
    "min": 0.01292043655021402,
    "max": 356.89729604693224,
    "mean": 49.92171180374064,
    "std": 112.83245487778129
  }
}