{
  "count": 92,
  "ids_hash": "e2b930087e39be916d08b22769b14f0c9c9b4731656d9f2d8d1f5169942a20c6",
  "coords_hash": "283f2bb57da37bd77d7dc29b6dfd72093f5820055b5d9000baa7e497aac1ae20",
  "coords_stats": {
    "shape": [
      92,
      3
    ],
    "size": 276,
    "min": 3.2019999027252197,
    "max": 52.04199981689453,
    "mean": 28.480115905188132,
    "std": 14.350096085865733
  }
}