{
  "hash": "720bc3a9e74b23c7ae2eb891bb2fa58d00bdd0c6d35e6eb2429ffb14194ec1cb",
  "stats": {
    "shape": [
      74,
      74
    ],
    "size": 5476,
    "min": 0.0,
    "max": 14.864975917195311,
    "mean": 7.0440422696058125,
    "std": 2.902637430676619
  }
}