{
  "hash": "bab16b47143e450b23c34f51387cdc026d8235138fb089455f0149f8e79d400e",
  "stats": {
    "shape": [
      66,
      66
    ],
    "size": 4356,
    "min": 0.0,
    "max": 15.574805151741497,
    "mean": 7.002040134937271,
    "std": 3.000100248409913
  }
}