MODEL,PRED_DOCKQ
2ZW5_af2m,0.8700177
2ZW5,0.70061564
