{
  "hash": "9035f0d35d33c5e78ff667764e7f3f1120ae947d517a98b6b9f5b79936f66fd2",
  "stats": {
    "shape": [
      90,
      90
    ],
    "size": 8100,
    "min": 0.0,
    "max": 15.728692019410946,
    "mean": 8.097585845297726,
    "std": 3.1823134135271
  }
}