MODEL,PRED_DOCKQ
1GZ0,0.7549134
1GZ0_af2m,0.56205904
