{
  "hash": "2fd09e43e1187bbb7ae79cdaf3532718dc5f2a4c0b7fac310b73b06459840623",
  "stats": {
    "shape": [
      46,
      46
    ],
    "size": 2116,
    "min": 0.0,
    "max": 13.19932807607115,
    "mean": 6.10960298329207,
    "std": 2.664729950447509
  }
}