{
  "hash": "5c1a5558e23fa867b98e5b954d4798a05f676c43ef9baced64ed8ea3ad2e5531",
  "stats": {
    "shape": [
      83,
      83
    ],
    "size": 6889,
    "min": 0.0,
    "max": 14.790821209075116,
    "mean": 7.128139180340232,
    "std": 2.8520248653276865
  }
}