{
  "f0_hash": "b5247f30e4dbdc7af19f63f472cf63212eddd8362d01edb321e1770b2fe0a792",
  "f1_hash": "5484d66a46c9e62c3a18fa7ac215ff4735ee8254472560fe39140a27f8f2866b",
  "f0_stats": {
    "shape": [
      5
    ],
    "size": 5,
    "min": 0.5149025061870255,
    "max": 181.5339469542114,
    "mean": 37.71019219587116,
    "std": 71.91961986223382
  },
  "f1_stats": {
    "shape": [
      15
    ],
    "size": 15,
    "min": 0.010265783167927367,
    "max": 589.7475449253523,
    "mean": 80.86612762431209,
    "std": 187.05743076121166
  }
}