{
  "f0_hash": "b0ae084dcd816b3c615768b87fa69e4c1475d36f69e9ed68330285baf22be11a",
  "f1_hash": "a0b4ecbcd60ee2b046d656eb1c8dfefcf4f4e1e7cd8e4466ea84586164794ed9",
  "f0_stats": {
    "shape": [
      5
    ],
    "size": 5,
    "min": 0.4552187916901861,
    "max": 132.04042257852075,
    "mean": 27.734213471843116,
    "std": 52.16193772410344
  },
  "f1_stats": {
    "shape": [
      15
    ],
    "size": 15,
    "min": 0.010219212900539176,
    "max": 345.5020435170915,
    "mean": 48.47644908427852,
    "std": 110.83325298770073
  }
}