{
  "f0_hash": "56a6bf68da659984a623d86c08241cc139d2c1e8889d2e528fee3be5f20afb49",
  "f1_hash": "5e536edc27a58868973e76d81d0931d98a0c7f103f1ab299479a3ef7b2b7f412",
  "f0_stats": {
    "shape": [
      5
    ],
    "size": 5,
    "min": 0.5357254028461902,
    "max": 164.06674802805804,
    "mean": 34.247979313564215,
    "std": 64.91870617300746
  },
  "f1_stats": {
    "shape": [
      15
    ],
    "size": 15,
    "min": 0.011080327885160557,
    "max": 492.1105631363179,
    "mean": 67.7278473150243,
    "std": 155.8982720511117
  }
}