{
  "f0_hash": "70121c53b3cf0a22c6c15fb9b4505a7ea93cbd9c042c03e7f98239eb8dd48869",
  "f1_hash": "7e0aa222fb488477b129185597cc8aeb60821dc6be14f3848e61cb5a6013d205",
  "f0_stats": {
    "shape": [
      5
    ],
    "size": 5,
    "min": 0.30900855673817246,
    "max": 273.92752921428166,
    "mean": 55.897690189647314,
    "std": 109.02116439790417
  },
  "f1_stats": {
    "shape": [
      15
    ],
    "size": 15,
    "min": 0.010054890768462776,
    "max": 625.2929347562642,
    "mean": 84.82529738469091,
    "std": 196.602540220739
  }
}