{
  "count": 209,
  "ids_hash": "007db1fe641ace2846dd8fbc23b848397538f14e68374577e315a4eff1c5bee5",
  "coords_hash": "1c511419328d667e11352218bc1d36e814da0dff87c52a1a6efcf7fa9878491c",
  "coords_stats": {
    "shape": [
      209,
      3
    ],
    "size": 627,
    "min": -20.667999267578125,
    "max": 17.57900047302246,
    "mean": 0.08324400510823138,
    "std": 10.505869912228311
  }
}