{
  "f0_hash": "9b07a757a1cf4a0c87dc90df0275fa979bee80f3d9b7a7100850829fbe36b1e7",
  "f1_hash": "fef794f843049d55ab76fcb71bf2f7049eefb407408476d7d9eefd1bd611caa0",
  "f0_stats": {
    "shape": [
      5
    ],
    "size": 5,
    "min": 0.7200781208966299,
    "max": 178.51347246274332,
    "mean": 37.19193561310627,
    "std": 70.6699542774448
  },
  "f1_stats": {
    "shape": [
      15
    ],
    "size": 15,
    "min": 0.010651346605669687,
    "max": 633.8649813119919,
    "mean": 86.89594805706568,
    "std": 202.90722871373097
  }
}