{
  "hash": "fb2e7cd9fc3c0c0002b39ac12209ed41a566ef40d1b92143e6e3b4602fc4b55f",
  "stats": {
    "shape": [
      56,
      56
    ],
    "size": 3136,
    "min": 0.0,
    "max": 14.223014039764537,
    "mean": 6.828457052520518,
    "std": 2.9404116281266526
  }
}