MODEL,PRED_DOCKQ
2NQD_af2m,0.88511777
2NQD,0.87052935
