{
  "f0_hash": "8929bf4da21163dd48c24acf8a7f44946f7b908fc4bb1b1567d4225fbd398520",
  "f1_hash": "0f9fd2aae5dbf94e3f35c21245acb59900aee34d15075b33a1dca6e6e2fc4c9c",
  "f0_stats": {
    "shape": [
      5
    ],
    "size": 5,
    "min": 0.23600643300442298,
    "max": 116.11093163961625,
    "mean": 24.29297191642853,
    "std": 45.91667452112429
  },
  "f1_stats": {
    "shape": [
      15
    ],
    "size": 15,
    "min": 0.010654830324321907,
    "max": 275.477854493374,
    "mean": 39.57001224495392,
    "std": 88.02090310237939
  }
}