{
  "count": 102,
  "ids_hash": "eda3ccdb3c0c19b130ba969f705e2075495ec3c657e23c86b1e1856f79758291",
  "coords_hash": "8e4487cf1a48f72956450261dbfd7c1225a5aee26710d7843134053b530e1003",
  "coords_stats": {
    "shape": [
      102,
      3
    ],
    "size": 306,
    "min": -1.4989999532699585,
    "max": 81.11199951171875,
    "mean": 35.262539171887674,
    "std": 29.08610972236992
  }
}