MODEL,PRED_DOCKQ
4EO3_af2m,0.89800745
4EO3,0.8919925
