{
  "hash": "2ec52386724f30f3115738b2f37b646d49e15bcaf5b98c13abc7a5d5f5ef1b4f",
  "stats": {
    "shape": [
      84,
      84
    ],
    "size": 7056,
    "min": 0.0,
    "max": 15.83073542597152,
    "mean": 7.793417291339299,
    "std": 3.149553302093653
  }
}