{
  "count": 78,
  "ids_hash": "55dddec7ab6b23a4e6646bea54152a2c18e61f9b22ae683ca727e9a85f0ca32f",
  "coords_hash": "932a198fd02e5bd92e057c44c7be4b058d8a5a85f040c69cdae9602a45f7c22d",
  "coords_stats": {
    "shape": [
      78,
      3
    ],
    "size": 234,
    "min": -8.14799976348877,
    "max": 50.939998626708984,
    "mean": 27.160000009919937,
    "std": 20.465649071973665
  }
}