{
  "hash": "858d83f2253b765ec38ee19b93b8b5083951022b70ea1d9ba1032d43df21ca40",
  "stats": {
    "shape": [
      115,
      115
    ],
    "size": 13225,
    "min": 0.0,
    "max": 15.49137457537014,
    "mean": 7.913366856376347,
    "std": 2.983165006076475
  }
}