MODEL,PRED_DOCKQ
6BK4,0.80979013
6BK4_af2m,0.79551494
