MODEL,PRED_DOCKQ
3IX7_af2m,0.88556236
3IX7,0.802955
