{
  "hash": "32302524d401a6f4a90b6f56cab4aca4ef201c5caf3a62952fc2bb2bdc707311",
  "stats": {
    "shape": [
      85,
      85
    ],
    "size": 7225,
    "min": 0.0,
    "max": 15.637986175272452,
    "mean": 7.946013849500537,
    "std": 3.1739703409289604
  }
}