{
  "f0_hash": "a5265678f89d4cbd1d4d6140d3dbd77bd8b561b2a10a12a796e229398d5b0ff4",
  "f1_hash": "a90907533241f2b89a79958fafb21f57e3c1712ba9f7f57ebfe0e78184f2bcbb",
  "f0_stats": {
    "shape": [
      5
    ],
    "size": 5,
    "min": 0.2880052686810303,
    "max": 147.87523603697332,
    "mean": 30.74310533513426,
    "std": 58.572202260512775
  },
  "f1_stats": {
    "shape": [
      15
    ],
    "size": 15,
    "min": 0.011517205261370789,
    "max": 306.06135591332674,
    "mean": 43.178457677773295,
    "std": 95.78652832976711
  }
}