{
  "hash": "ed82d878b02dca0e6f5987963c24938e4d9c186c5123a4736ab85026ef3c671a",
  "stats": {
    "shape": [
      87,
      87
    ],
    "size": 7569,
    "min": 0.0,
    "max": 15.44812945267265,
    "mean": 7.530475675323675,
    "std": 3.0702249464817304
  }
}