{
  "hash": "0ee5af9065f254a3ee41d1a9382e69b7374d0c46191706b2f11fd340fa500fbb",
  "stats": {
    "shape": [
      84,
      84
    ],
    "size": 7056,
    "min": 0.0,
    "max": 15.380776858197066,
    "mean": 7.44869409340153,
    "std": 2.969124517448166
  }
}