MODEL,PRED_DOCKQ
1R5I_af2m,0.05312174
1R5I,0.025247412
