{
  "hash": "80bf7dee9c88082b71c35a51add022216f0d0403dca4a8baeabc5f736c04cbc2",
  "stats": {
    "shape": [
      99,
      99
    ],
    "size": 9801,
    "min": 0.0,
    "max": 15.575910678831534,
    "mean": 7.677172645641553,
    "std": 2.9990325873084553
  }
}