{
  "count": 106,
  "ids_hash": "d2aa494a8322ed78d40495eb98f31b29134e09f9db3877916cca1a097bb86151",
  "coords_hash": "eae48f605850ff1dc7edbdd23d1adfda0eda11dc23dcc1debc9e0af0717b8a0b",
  "coords_stats": {
    "shape": [
      106,
      3
    ],
    "size": 318,
    "min": 10.26200008392334,
    "max": 59.50600051879883,
    "mean": 32.45204084324387,
    "std": 15.416144799722714
  }
}