{
  "hash": "d64a79f6392ebeb2d00bc8c0387b6af4009485a9b7706f68a15aa92cd9d62c3a",
  "stats": {
    "shape": [
      106,
      106
    ],
    "size": 11236,
    "min": 0.0,
    "max": 15.463762093985684,
    "mean": 7.903879834317638,
    "std": 3.0320794592500326
  }
}