{
  "hash": "5139562c1bfb0a8373ed5f31f3e756b99b418f68d61293faae6fd127fb6699fd",
  "stats": {
    "shape": [
      92,
      92
    ],
    "size": 8464,
    "min": 0.0,
    "max": 15.358687176036822,
    "mean": 7.74268872737288,
    "std": 3.026295406832376
  }
}