{
  "f0_hash": "77353d7dbf672da93658b7267b78596b06e3be4d03624d3128b09101972ec6bd",
  "f1_hash": "65a1793f152d78663815a84e2534c09c8b37a43e40148a8ba5aab536cbcf5d26",
  "f0_stats": {
    "shape": [
      5
    ],
    "size": 5,
    "min": 0.5757794688606833,
    "max": 150.4125863206686,
    "mean": 31.622875366546076,
    "std": 59.40870648595365
  },
  "f1_stats": {
    "shape": [
      15
    ],
    "size": 15,
    "min": 0.010173304012123907,
    "max": 433.21512114877385,
    "mean": 60.97305889903885,
    "std": 136.41044084521658
  }
}