MODEL,PRED_DOCKQ
4CNG_af2m,0.90042007
4CNG,0.84472984
