MODEL,PRED_DOCKQ
3IDF,0.86424536
3IDF_af2m,0.49237484
