{
  "f0_hash": "7dbbeb1813d4e2d054cd2e3a6da208ac3c6f135ce6ffcf09f310b7d048583763",
  "f1_hash": "85a0e8636d03fd97d8f30c3a8d778757c65adcb14ee2decf7b305e818ecc0b5f",
  "f0_stats": {
    "shape": [
      5
    ],
    "size": 5,
    "min": 0.4929729922453783,
    "max": 174.0552754766139,
    "mean": 36.20261065266734,
    "std": 68.93452193362111
  },
  "f1_stats": {
    "shape": [
      15
    ],
    "size": 15,
    "min": 0.010926253375088457,
    "max": 536.479657059258,
    "mean": 73.91876967536132,
    "std": 170.16842120202142
  }
}