MODEL,PRED_DOCKQ
1TO9_af2m,0.8356023
1TO9,0.004254306
