MODEL,PRED_DOCKQ
4HEX_af2m,0.13786918
4HEX,0.045531794
