{
  "hash": "916a2cc07ea7692fc1bb3bb5fef07e5a01d13c215247457b7e98731f1f4e0cf4",
  "stats": {
    "shape": [
      172,
      172
    ],
    "size": 29584,
    "min": 0.0,
    "max": 15.74588537327735,
    "mean": 7.842182613107848,
    "std": 3.0645122918140126
  }
}