MODEL,PRED_DOCKQ
3TJ8_af2m,0.9125317
3TJ8,0.8426712
