{
  "f0_hash": "cfbd72951f27ea18c9d3723f168bde3e28bb1c4a3e6643ad63eee30be9d9721b",
  "f1_hash": "08383d246f4784369835aed34be0ad053fbccdc3984c1e7eee50d1099e6bd8aa",
  "f0_stats": {
    "shape": [
      5
    ],
    "size": 5,
    "min": 0.5170248784518737,
    "max": 141.88703809483138,
    "mean": 29.788213820104055,
    "std": 56.05983412319485
  },
  "f1_stats": {
    "shape": [
      15
    ],
    "size": 15,
    "min": 0.010438967219677409,
    "max": 354.2371506847635,
    "mean": 49.911922345979995,
    "std": 112.57491457010062
  }
}