{
  "count": 97,
  "ids_hash": "068f3307657699da63fa8a55e1f66153c5d79276618fd92be2a32552cde458f5",
  "coords_hash": "771badd41b78d13420eff3778ac9a6b5d258c7c07e2596180bc8cb190798ec93",
  "coords_stats": {
    "shape": [
      97,
      3
    ],
    "size": 291,
    "min": 5.736000061035156,
    "max": 41.150001525878906,
    "mean": 25.17582475688449,
    "std": 10.03889169766185
  }
}