{
  "hash": "f6c3e37442cc217c4c7b16b0cdda95c06e66ea73c7b9a1f08953cd4a5fe580d2",
  "stats": {
    "shape": [
      84,
      84
    ],
    "size": 7056,
    "min": 0.0,
    "max": 15.591885839436191,
    "mean": 7.714282787252306,
    "std": 3.1192311536400448
  }
}