MODEL,PRED_DOCKQ
4L57_af2m,0.8605532
4L57,0.83227324
