{
  "count": 120,
  "ids_hash": "23084540108ed4edc5af4c0a35279ecb251dfc52443a3ddbcaf5f2d4c9b99c9a",
  "coords_hash": "fcd5ce8fd24ffbbedf2d9a3f5a650f89ff8df0298ec4df56e485fc5654ce1b34",
  "coords_stats": {
    "shape": [
      120,
      3
    ],
    "size": 360,
    "min": -41.72200012207031,
    "max": 35.66999816894531,
    "mean": 1.3906056185563405,
    "std": 26.70290932538848
  }
}