{
  "f0_hash": "66657493a0aaa9d35b436ab41db09507d82fbaa32db6a68510b5c4aabb8d56b6",
  "f1_hash": "6c48eca67ffcd9a693bbe5da0ee53c2f606d2a015c9e1244875a310d4cf46888",
  "f0_stats": {
    "shape": [
      5
    ],
    "size": 5,
    "min": 0.4542318283147612,
    "max": 159.6796549317784,
    "mean": 33.14189907215639,
    "std": 63.27869924662358
  },
  "f1_stats": {
    "shape": [
      15
    ],
    "size": 15,
    "min": 0.010321366929285869,
    "max": 500.6128100608066,
    "mean": 69.37196111074739,
    "std": 160.75595503720623
  }
}