{
  "hash": "def52ba3e9ac8ad151ca4c5eb36684b70d9e6b6d43b30720cc889e7dab1fbb2c",
  "stats": {
    "shape": [
      108,
      108
    ],
    "size": 11664,
    "min": 0.0,
    "max": 15.230075259143884,
    "mean": 7.804106285050478,
    "std": 2.9679558474842502
  }
}