{
  "count": 83,
  "ids_hash": "39107fd6ccaea8da1a5cb7cca339a048c5d8ad1385cbe91fdfccafb19ee972ff",
  "coords_hash": "28c875188f43883ffcccd1ccbb327031a00dd1f830b158d15d15358bf087b274",
  "coords_stats": {
    "shape": [
      83,
      3
    ],
    "size": 249,
    "min": 0.9860000014305115,
    "max": 43.637001037597656,
    "mean": 25.474646512523712,
    "std": 13.978507113683833
  }
}