{
  "count": 89,
  "ids_hash": "060347f65844a8d40eb788800a007821f328669956a1231c083ada3169341475",
  "coords_hash": "5405c3d93340c3de462411d64aebe8741b66d7791e6953e3aad16bafce35ae02",
  "coords_stats": {
    "shape": [
      89,
      3
    ],
    "size": 267,
    "min": -23.78700065612793,
    "max": 37.29100036621094,
    "mean": 0.9159400686342618,
    "std": 21.329351102645262
  }
}