{
  "hash": "0a4ef4d116b548fd6d22c8462d0efbc6cd30f500fca035ee9e6bee62ce4068f8",
  "stats": {
    "shape": [
      123,
      123
    ],
    "size": 15129,
    "min": 0.0,
    "max": 15.850199016241094,
    "mean": 7.96842067051644,
    "std": 3.028696293611332
  }
}