{
  "f0_hash": "791c26df138c0ce4676a1a67ea575d8f1b28ecb87bd14754d8a62516750050d7",
  "f1_hash": "658454b47fcc988ed4f1639f1df84aedc309ca103fbf9caea928cffdf99c23b4",
  "f0_stats": {
    "shape": [
      5
    ],
    "size": 5,
    "min": 0.564517046425936,
    "max": 147.90820686840377,
    "mean": 30.964354746792146,
    "std": 58.48004261754392
  },
  "f1_stats": {
    "shape": [
      15
    ],
    "size": 15,
    "min": 0.011410179524714348,
    "max": 354.86042526466787,
    "mean": 49.44780493301828,
    "std": 112.05407360010794
  }
}