MODEL,PRED_DOCKQ
2DX0_af2m,0.23399055
2DX0,0.15657091
