{
  "hash": "439fb50d27a891494f87b23d6c6d3438c5adbffa767386c7b4cda4726374ca61",
  "stats": {
    "shape": [
      77,
      77
    ],
    "size": 5929,
    "min": 0.0,
    "max": 15.506618642888052,
    "mean": 7.539621570765906,
    "std": 3.0775948826575625
  }
}