MODEL,PRED_DOCKQ
3HYB,0.71404576
3HYB_af2m,0.6498769
