{
  "f0_hash": "2e52f0f793f894d5d84b349f5f828b53d56120a8ab2ea0ee37c6ece3f7bf3ca4",
  "f1_hash": "87664f02be89ee45592621440756cd4e5698af164a45028a52c254d75deffcc4",
  "f0_stats": {
    "shape": [
      5
    ],
    "size": 5,
    "min": 0.47762684379657505,
    "max": 97.40772899757403,
    "mean": 20.827388213584243,
    "std": 38.3030603551351
  },
  "f1_stats": {
    "shape": [
      15
    ],
    "size": 15,
    "min": 0.011346826205079985,
    "max": 186.88049619906062,
    "mean": 27.330499124033064,
    "std": 58.58253852567886
  }
}