{
  "f0_hash": "f44dc47fb624333eddd66c8eb4d00d7a26aa3aec4feb8f29d692cb9533d6d745",
  "f1_hash": "efef961b47401679f7d9170b88f12770ab47a7ca775df6a832a9f6a2f17366ac",
  "f0_stats": {
    "shape": [
      5
    ],
    "size": 5,
    "min": 0.32910000099138853,
    "max": 132.13607247367858,
    "mean": 27.634531878495523,
    "std": 52.25774156389126
  },
  "f1_stats": {
    "shape": [
      15
    ],
    "size": 15,
    "min": 0.01089962502162356,
    "max": 346.9959218739397,
    "mean": 48.17029616426433,
    "std": 110.08627999643561
  }
}