{
  "count": 114,
  "ids_hash": "870a343e05c0d299772d8b1c9bfb65cbde862cdb0bf79f705fd67df9a1d318b6",
  "coords_hash": "a0645cfb4bc3c95b23b4b01af3b7b723e7d0eb6f844004a2382c59fc969009d6",
  "coords_stats": {
    "shape": [
      114,
      3
    ],
    "size": 342,
    "min": 3.812999963760376,
    "max": 86.9520034790039,
    "mean": 40.49489480779882,
    "std": 29.498860099685118
  }
}