MODEL,PRED_DOCKQ
4PER_af2m,0.68405443
4PER,0.1118876
