{
  "count": 122,
  "ids_hash": "338a2dbc0c464920f5a4857a35c4d0af74777b646c2414e543eb66ef4db5ab69",
  "coords_hash": "85378f812908d0044a25f1dc14dd06278b0cd913958cac8c165a47c318630d16",
  "coords_stats": {
    "shape": [
      122,
      3
    ],
    "size": 366,
    "min": -16.051000595092773,
    "max": 31.790000915527344,
    "mean": 9.836289644241333,
    "std": 14.48535481753661
  }
}