{
  "count": 109,
  "ids_hash": "93bc403fc3f3b5ef22550c41c16f1a36566eac2359f9814f876eaa6a8580f99f",
  "coords_hash": "b202e18026929400b6649afbccb78414d95fa99e7a8cab5be0170bcac185c446",
  "coords_stats": {
    "shape": [
      109,
      3
    ],
    "size": 327,
    "min": 16.735000610351562,
    "max": 93.56600189208984,
    "mean": 49.01775846568816,
    "std": 26.884219371850712
  }
}