{
  "hash": "9f199b0f11b3ddb67174dba7c4ec1ec7e6e6c1785593442f17401d066f48772b",
  "stats": {
    "shape": [
      102,
      102
    ],
    "size": 10404,
    "min": 0.0,
    "max": 15.742746455702646,
    "mean": 8.160460462657744,
    "std": 3.1581265331558135
  }
}