MODEL,PRED_DOCKQ
4NOC_af2m,0.85239637
4NOC,0.05649213
