{
  "count": 107,
  "ids_hash": "d9a442169ba7545a35279583097e63e9eaaa2de98e4b8f7639b0c094530d1f55",
  "coords_hash": "2bb431aebd0d7fd0dfbe80f6ee87a9927c7929e50187eaaa806902f173756317",
  "coords_stats": {
    "shape": [
      107,
      3
    ],
    "size": 321,
    "min": -15.277999877929688,
    "max": 51.150001525878906,
    "mean": 9.47208723026644,
    "std": 24.57749312039927
  }
}