{
  "count": 111,
  "ids_hash": "c7cc32bbb56c48eb6965c7f5a7b8955ee064e820b0bf17cc26bb4689bbc4100d",
  "coords_hash": "64ec84b80e1f0ea6d9725a735979182e1baf9ec4a034aa2571fa579bac1edc3c",
  "coords_stats": {
    "shape": [
      111,
      3
    ],
    "size": 333,
    "min": -11.229000091552734,
    "max": 22.990999221801758,
    "mean": 8.4580991134137,
    "std": 9.526075430747955
  }
}