{
  "count": 117,
  "ids_hash": "ef803c0792e5a138467392cdef984a6cbfe07ec4bebb6a42d5938f355bb038c2",
  "coords_hash": "9c40171157588f59b3d8ca4e9b9a7b2c94871272c52e65296e68856e3c4ae2a8",
  "coords_stats": {
    "shape": [
      117,
      3
    ],
    "size": 351,
    "min": -0.875,
    "max": 76.61599731445312,
    "mean": 30.276492885374957,
    "std": 27.78077052830273
  }
}