{
  "count": 222,
  "ids_hash": "67758b2371ff555a25354428b6c9a395a890c8889f38f11f6a81c224d773c192",
  "coords_hash": "4af58aa9acdd4111a09a5f7b8e38eb9f9bc3331532b680d4c1be889f1688cb9b",
  "coords_stats": {
    "shape": [
      222,
      3
    ],
    "size": 666,
    "min": -39.04899978637695,
    "max": 37.23500061035156,
    "mean": 4.198088565746227,
    "std": 26.536637306505327
  }
}