{
  "count": 116,
  "ids_hash": "c6b0795898badcb6b19de7650266a076d4204a7b78750826a61cee55308d643b",
  "coords_hash": "ee590f0aded961c1b2a30c8c0889ced4b1e22e46352d61f9781ade5a29e92ac6",
  "coords_stats": {
    "shape": [
      116,
      3
    ],
    "size": 348,
    "min": -9.307999610900879,
    "max": 89.03399658203125,
    "mean": 35.3634740076638,
    "std": 35.07363881312899
  }
}