{
  "hash": "c49c5742f360e8729ddcafa8bd283a9eab8fdd3e7ee1959497a6ab4eca329b5f",
  "stats": {
    "shape": [
      122,
      122
    ],
    "size": 14884,
    "min": 0.0,
    "max": 15.681914097066675,
    "mean": 7.759561995671413,
    "std": 2.9707941671372526
  }
}