{
  "f0_hash": "3c37831c4cd4d9e59bd4a6549972b8924ac79709cbe2e52d368ea7c1f32f1d0f",
  "f1_hash": "242b0b86a1b8e58b9e5f628c8daa61ec26169005e32e6d849efb8edbe808650d",
  "f0_stats": {
    "shape": [
      5
    ],
    "size": 5,
    "min": 0.40222994207967966,
    "max": 181.31143824473068,
    "mean": 37.62539950567644,
    "std": 71.85099027409571
  },
  "f1_stats": {
    "shape": [
      15
    ],
    "size": 15,
    "min": 0.011067660279764802,
    "max": 517.1613731997272,
    "mean": 70.92780009579266,
    "std": 163.22129756084126
  }
}