{
  "hash": "d2260ecaf9b0d4b9eed340f1820fc40f616c7b09ed737b2ff2aad79ecffdb578",
  "stats": {
    "shape": [
      87,
      87
    ],
    "size": 7569,
    "min": 0.0,
    "max": 14.913154271270091,
    "mean": 7.641435342405928,
    "std": 3.1339484073056596
  }
}