{
  "count": 113,
  "ids_hash": "1b9628599d5eed5863687507e0619a6011a4cf57ad944b88810c040576b4633d",
  "coords_hash": "8bc1b1d6837c368056d857ae6f4732d8c51ece921722a0c91afb908ac04a3ddd",
  "coords_stats": {
    "shape": [
      113,
      3
    ],
    "size": 339,
    "min": 0.8349999785423279,
    "max": 35.92399978637695,
    "mean": 21.869899767514177,
    "std": 10.298487987364947
  }
}