{
  "hash": "8a76490a4f8de67bb77846956372acc99ae1a6398db17af03ee0023984fcf0d1",
  "stats": {
    "shape": [
      261,
      261
    ],
    "size": 68121,
    "min": 0.0,
    "max": 15.683117638757608,
    "mean": 7.981469660594511,
    "std": 3.022250276587687
  }
}