{
  "f0_hash": "328fd5a8a4522732e861566dc4752fa6dae69554b471c622cc03f011f1fd9fb6",
  "f1_hash": "f6ef441c623fdb2a35bbbe9b15330a29e851959b27a96b028850203ff9250ad1",
  "f0_stats": {
    "shape": [
      5
    ],
    "size": 5,
    "min": 0.5039219302979457,
    "max": 140.1742669778301,
    "mean": 29.469140166814334,
    "std": 55.364152346533885
  },
  "f1_stats": {
    "shape": [
      15
    ],
    "size": 15,
    "min": 0.011752702475243959,
    "max": 380.4291392175325,
    "mean": 53.546306173684385,
    "std": 119.35230091511819
  }
}