{
  "f0_hash": "7bdaf4e674782684ab7818cdc31d6049af83645e76af3423f65c96ca04e8c053",
  "f1_hash": "4e4ee1a004361bc83fe7d77d88c89cbf02bb3237d149fd0b985ce3b0fa22a2d6",
  "f0_stats": {
    "shape": [
      5
    ],
    "size": 5,
    "min": 0.5621615750447625,
    "max": 168.437014913077,
    "mean": 35.1441605305311,
    "std": 66.65563842401833
  },
  "f1_stats": {
    "shape": [
      15
    ],
    "size": 15,
    "min": 0.010418021382283094,
    "max": 501.3958550650469,
    "mean": 68.91766038035904,
    "std": 158.23946074582432
  }
}