{
  "f0_hash": "5dfe3ad87b982e712bf451c7771f8d42d7f828d71f86376cc101eb0439ff7f73",
  "f1_hash": "e1324f2880efa665acca5a351362939befd609e6d783060528f3488b3c3853ca",
  "f0_stats": {
    "shape": [
      5
    ],
    "size": 5,
    "min": 0.37917233019850766,
    "max": 140.45583390036884,
    "mean": 29.42524014487288,
    "std": 55.524857695610436
  },
  "f1_stats": {
    "shape": [
      15
    ],
    "size": 15,
    "min": 0.012041127827878029,
    "max": 365.53717764717913,
    "mean": 51.66207084897032,
    "std": 115.51099689549994
  }
}