{
  "hash": "aa2ab3d9e1cc2c23df994e2d1d227f2e2eb09835b5cdfca284892fec3dc96344",
  "stats": {
    "shape": [
      102,
      102
    ],
    "size": 10404,
    "min": 0.0,
    "max": 15.549605870422118,
    "mean": 7.984490792171283,
    "std": 3.0649174765721643
  }
}