{
  "hash": "db1c2e2bc586635e7a0f017f65b0d17df36e9f3d5b8a94730f6228f3399456cf",
  "stats": {
    "shape": [
      78,
      78
    ],
    "size": 6084,
    "min": 0.0,
    "max": 15.56440235043279,
    "mean": 7.538939430373972,
    "std": 3.2186008174196217
  }
}