{
  "hash": "7db6276ba7905ed1702c66e966405bb56be4c04a5426de2a1b9ac110a785db20",
  "stats": {
    "shape": [
      81,
      81
    ],
    "size": 6561,
    "min": 0.0,
    "max": 14.981044909412068,
    "mean": 6.974572021977527,
    "std": 2.825152329398045
  }
}