{
  "hash": "98d626046fb06b15a02614c4cbf41a107f3e03cbf015cdf7df0a5b0aa93558cc",
  "stats": {
    "shape": [
      65,
      65
    ],
    "size": 4225,
    "min": 0.0,
    "max": 15.903299477456073,
    "mean": 6.859079472303037,
    "std": 2.9636178565619185
  }
}