{
  "f0_hash": "de9e6833c1b7bf9b557ab2169b4f725a831cb1cfa22d0be3826d5d3b03e8ab73",
  "f1_hash": "917d7c18979b7358591b25d24f152bd93f89fc3ad370d016d24a53f30f36f75a",
  "f0_stats": {
    "shape": [
      5
    ],
    "size": 5,
    "min": 0.48882395126742584,
    "max": 82.10197629196759,
    "mean": 17.811093319847437,
    "std": 32.163275606581415
  },
  "f1_stats": {
    "shape": [
      15
    ],
    "size": 15,
    "min": 0.01021056505595297,
    "max": 182.50584164601594,
    "mean": 27.66420217177155,
    "std": 56.70713284302871
  }
}