{
  "count": 100,
  "ids_hash": "e23a0a034072dfbb98a765e72d46df1d65791169a14c97aa1f379e2c87a14bec",
  "coords_hash": "7a03e0936961a9994c3762beaff4b953d80fd41a9a41e1b04f13518fb95878f0",
  "coords_stats": {
    "shape": [
      100,
      3
    ],
    "size": 300,
    "min": -19.444000244140625,
    "max": 13.347999572753906,
    "mean": -0.7468900206933419,
    "std": 8.761193600343567
  }
}