{
  "hash": "d23b5e747a99684fcddbb49341363213421e0503e11ee4bb81f71083b578aa07",
  "stats": {
    "shape": [
      96,
      96
    ],
    "size": 9216,
    "min": 0.0,
    "max": 15.31724515728013,
    "mean": 7.981002416449958,
    "std": 3.1261075337619015
  }
}