MODEL,PRED_DOCKQ
4EW5_af2m,0.90277004
4EW5,0.8063947
