{
  "f0_hash": "4c0f27dacd88a6f825f170bc3c2fc67d1806e0cd7032e46e733ae4520d7ab115",
  "f1_hash": "27fca8e343a8ad04887285efd2a6e065617eb6ad6d7d7cb68d8faee4cfcac33c",
  "f0_stats": {
    "shape": [
      5
    ],
    "size": 5,
    "min": 0.3989461439153888,
    "max": 138.7154861558954,
    "mean": 29.076779245638743,
    "std": 54.82908148785083
  },
  "f1_stats": {
    "shape": [
      15
    ],
    "size": 15,
    "min": 0.011500754454660367,
    "max": 328.3566864967639,
    "mean": 46.200189174636186,
    "std": 104.54901544389372
  }
}