{
  "hash": "a7a2dbc4bb0c9da70935d715f03aebd3dbbab4e79170654fdc96e26de3c7e0ae",
  "stats": {
    "shape": [
      78,
      78
    ],
    "size": 6084,
    "min": 0.0,
    "max": 15.61561260846325,
    "mean": 7.589419390139676,
    "std": 3.113449329053688
  }
}