{
  "f0_hash": "45b1f5ea2503eeeaf5cac2abe8939344b0fc684a6ba13abc490ef7d82b6a584c",
  "f1_hash": "3b615af9758a9345334665ed41fb1831a8dbca8aafc29e5da20875770d2741df",
  "f0_stats": {
    "shape": [
      5
    ],
    "size": 5,
    "min": 0.5495887882008123,
    "max": 115.75918452865272,
    "mean": 24.55168681310396,
    "std": 45.618725635782184
  },
  "f1_stats": {
    "shape": [
      15
    ],
    "size": 15,
    "min": 0.011125827600215743,
    "max": 284.39355120091875,
    "mean": 40.832711389674195,
    "std": 91.06209777249306
  }
}