{
  "count": 96,
  "ids_hash": "61981e7581df17532d3984b8b55c199438456b179d8c7bd2f4efb4ea11423826",
  "coords_hash": "0937d3fd9010136418b6c754da5e10ce39599e99b659efeba21ef941c1add559",
  "coords_stats": {
    "shape": [
      96,
      3
    ],
    "size": 288,
    "min": 3.2019999027252197,
    "max": 52.04199981689453,
    "mean": 28.5145068772965,
    "std": 14.216657532442678
  }
}