MODEL,PRED_DOCKQ
4CN0,0.8560398
4CN0_af2m,0.8067907
