{
  "hash": "3570f8df0c80afab9193f0ca0a546bdeb3f59101d2bd1655c2cad43fcc3476e3",
  "stats": {
    "shape": [
      106,
      106
    ],
    "size": 11236,
    "min": 0.0,
    "max": 15.629463105292114,
    "mean": 8.096487887201365,
    "std": 3.108581850578992
  }
}