{
  "f0_hash": "e0728bfef11eacb8955aab2ce0cb95a6d2681ee4a36d6a515c45c695ae0eb3cd",
  "f1_hash": "509351d886a737ccdab4eb7db55b9c47f81131b499e5237658cbd936e288a54e",
  "f0_stats": {
    "shape": [
      5
    ],
    "size": 5,
    "min": 0.4717142863655795,
    "max": 180.75850477215837,
    "mean": 37.54958009758623,
    "std": 71.61409652737254
  },
  "f1_stats": {
    "shape": [
      15
    ],
    "size": 15,
    "min": 0.01070355894614261,
    "max": 514.931683091173,
    "mean": 72.01175038640352,
    "std": 162.78102716420162
  }
}