{
  "hash": "425dc55289aa70ff0c0104bd316c1e091ac59ffd90bcd2ac50cba61d2797aaaa",
  "stats": {
    "shape": [
      84,
      84
    ],
    "size": 7056,
    "min": 0.0,
    "max": 15.380776858197066,
    "mean": 7.44869409340153,
    "std": 2.969124517448166
  }
}