MODEL,PRED_DOCKQ
5HHJ,0.0030263527
5HHJ_af2m,0.0011677842
