MODEL,PRED_DOCKQ
4P5W,0.89786875
4P5W_af2m,0.86631215
