{
  "hash": "dfa7e41a1f95ef58b741be6506cf224eb32b742bc0de3a6f7ccacdd1a9d46278",
  "stats": {
    "shape": [
      81,
      81
    ],
    "size": 6561,
    "min": 0.0,
    "max": 15.328963782671801,
    "mean": 7.120395068467486,
    "std": 2.8608625023878926
  }
}