MODEL,PRED_DOCKQ
2GD5_af2m,0.099472836
2GD5,0.013623699
