{
  "hash": "b6a17952fb64114c69c1788387dbd163817893f89a3db8eef85112395ca6ac5e",
  "stats": {
    "shape": [
      96,
      96
    ],
    "size": 9216,
    "min": 0.0,
    "max": 15.107505957229177,
    "mean": 7.7809789956915285,
    "std": 3.0072672593285006
  }
}