{
  "hash": "2e221af87064203e1d666c2d2fabc6af3bc87948038b1d228391697158faa515",
  "stats": {
    "shape": [
      67,
      67
    ],
    "size": 4489,
    "min": 0.0,
    "max": 14.903278380604002,
    "mean": 6.817997777146174,
    "std": 2.839376858263782
  }
}