MODEL,PRED_DOCKQ
1GL4_af2m,0.922018
1GL4,0.0054522734
