MODEL,PRED_DOCKQ
2FT0_af2m,0.84249043
2FT0,0.8396581
