{
  "f0_hash": "f1b070a5ead26f5e2895af9a096d1b1809bee8412e42fd24ef760cc5779811fd",
  "f1_hash": "1f8d2643a12d6a43c867e295884ed00285e9e8379a5d14514543ee15ab355c57",
  "f0_stats": {
    "shape": [
      5
    ],
    "size": 5,
    "min": 0.36964256755918395,
    "max": 108.29320929704033,
    "mean": 22.903006652364706,
    "std": 42.70452048102866
  },
  "f1_stats": {
    "shape": [
      15
    ],
    "size": 15,
    "min": 0.011077364767491549,
    "max": 241.56831065238038,
    "mean": 34.20157737283607,
    "std": 76.82695136412752
  }
}