MODEL,PRED_DOCKQ
1TC1,0.9104759
1TC1_af2m,0.82839453
