{
  "hash": "4d5000a3edf7a4cce1d59daab8527b079eb4b81e6504b82ac95807b85fa4b977",
  "stats": {
    "shape": [
      63,
      63
    ],
    "size": 3969,
    "min": 0.0,
    "max": 14.120498924604695,
    "mean": 7.137376163149381,
    "std": 2.885307249368337
  }
}