{
  "hash": "e68702fbb4f46d1e261fe78566c5e9e6fdd4d73076f9fb20c0ae5ecb8876b701",
  "stats": {
    "shape": [
      72,
      72
    ],
    "size": 5184,
    "min": 0.0,
    "max": 15.113634498328011,
    "mean": 6.903404810912528,
    "std": 2.9005954917647974
  }
}