{
  "hash": "df46c39a801207775542a4885cff8abd2f81d21dc19efa90ac46175abea810d7",
  "stats": {
    "shape": [
      99,
      99
    ],
    "size": 9801,
    "min": 0.0,
    "max": 15.444862996254999,
    "mean": 7.959132737431326,
    "std": 3.0637249504182362
  }
}