{
  "f0_hash": "e6a3fe8a12125877c580c37a520c0b4d3599ad68ae4992e6370e1a33abdb89ea",
  "f1_hash": "326bd1dcfed0ad29fe4af6d83b4fe8c1d0302d54846fe7852536a8f8c8f57f09",
  "f0_stats": {
    "shape": [
      5
    ],
    "size": 5,
    "min": 0.4287415113249458,
    "max": 103.99334785638437,
    "mean": 22.193489790342944,
    "std": 40.91538439311906
  },
  "f1_stats": {
    "shape": [
      15
    ],
    "size": 15,
    "min": 0.01088222134081862,
    "max": 213.3598246318725,
    "mean": 30.836963856959684,
    "std": 66.82841715136344
  }
}