MODEL,PRED_DOCKQ
5F2H_af2m,0.5855581
5F2H,0.084647745
