MODEL,PRED_DOCKQ
5VJI_af2m,0.1377469
5VJI,0.10416697
