{
  "f0_hash": "bb9adfd1788369beef676d3eebedf9ffcac207b7755e5a9dadd08ed7b4bb96c8",
  "f1_hash": "f8944e15dc16fbda5e4556d1b2f8ba868ad3d96c601cf4fc048a85e430372025",
  "f0_stats": {
    "shape": [
      5
    ],
    "size": 5,
    "min": 0.4370385665122281,
    "max": 176.26422746472093,
    "mean": 36.649764362886124,
    "std": 69.81587391062988
  },
  "f1_stats": {
    "shape": [
      15
    ],
    "size": 15,
    "min": 0.011672311774573174,
    "max": 564.3301493238152,
    "mean": 77.4681021535143,
    "std": 180.0162074296334
  }
}