{
  "count": 111,
  "ids_hash": "666f013648e1973f4d24f002e30438f3202b4fa572eb86dd6d4df243218ab350",
  "coords_hash": "53c4abea3fa063701052db14c69049f4d287c958a625f1471c4a39d2a9a64500",
  "coords_stats": {
    "shape": [
      111,
      3
    ],
    "size": 333,
    "min": -14.152999877929688,
    "max": 40.60200119018555,
    "mean": 11.287174136073023,
    "std": 16.631786528939003
  }
}