MODEL,PRED_DOCKQ
3RDZ_af2m,0.87526447
3RDZ,0.012609914
