{
  "f0_hash": "02485bf171dfea19c08f35d3a85e4a6a1f1eefd3597d9332186f4c26e500dbb4",
  "f1_hash": "8ded6d28009d6580a6b3b046e41b82b9e49a871f21c26d0348861d95bf84ca1c",
  "f0_stats": {
    "shape": [
      5
    ],
    "size": 5,
    "min": 0.5058295872555388,
    "max": 170.67776079559323,
    "mean": 35.55238579982852,
    "std": 67.57156851841994
  },
  "f1_stats": {
    "shape": [
      15
    ],
    "size": 15,
    "min": 0.011720630030330526,
    "max": 489.47025735225196,
    "mean": 67.55652688252059,
    "std": 154.15582549940805
  }
}