{
  "hash": "d2a47282a71ac1bb4cbe197453fec83f81d6c0c626e8612b29d4804bd942a055",
  "stats": {
    "shape": [
      111,
      111
    ],
    "size": 12321,
    "min": 0.0,
    "max": 15.52098317710359,
    "mean": 8.046241248857157,
    "std": 3.049382612004501
  }
}