{
  "hash": "9f2ee1f9fe9a24566e92fae0cb28a7374d2e6c1026f7e11e3b4efb3d45206deb",
  "stats": {
    "shape": [
      90,
      90
    ],
    "size": 8100,
    "min": 0.0,
    "max": 15.121602389666807,
    "mean": 7.450268460135096,
    "std": 2.9129989585972966
  }
}