{
  "count": 95,
  "ids_hash": "588aa09decf8721480df69f5fbd5ee086d1fef820645022de16495b97779034d",
  "coords_hash": "9cf2d2a120b288b9a83a01c9c7c9a25b29287793843d3f76c49e8c30bcbf9a89",
  "coords_stats": {
    "shape": [
      95,
      3
    ],
    "size": 285,
    "min": 12.446000099182129,
    "max": 49.95399856567383,
    "mean": 28.473414073074075,
    "std": 10.829357821063574
  }
}