{
  "f0_hash": "49b1ee7cfa5b8fa3040a6c761e1bac0b7cf2504d22866110742c2053dbdfa079",
  "f1_hash": "ca29773a94a603a2fa61bfea8ea8a2462d02c8207a8dccf42aefc80057f2cb17",
  "f0_stats": {
    "shape": [
      5
    ],
    "size": 5,
    "min": 0.5469396295432692,
    "max": 147.36919426784166,
    "mean": 31.06222986938375,
    "std": 58.16996513906469
  },
  "f1_stats": {
    "shape": [
      15
    ],
    "size": 15,
    "min": 0.01137286096230028,
    "max": 463.35869133619906,
    "mean": 64.79149984875575,
    "std": 147.87754187504524
  }
}