MODEL,PRED_DOCKQ
4WSI_af2m,0.8647054
4WSI,0.84297323
