MODEL,PRED_DOCKQ
4KPO_af2m,0.93113154
4KPO,0.90849054
