{
  "f0_hash": "5ad16a8080c40ef9180f9f09d8812fdab7e86cafa3fdd1952c697bf8b01da133",
  "f1_hash": "91ee99043ca4d298a3b17f1a370687a68d136b71a986d442e81901476f1f111e",
  "f0_stats": {
    "shape": [
      5
    ],
    "size": 5,
    "min": 0.375800681551912,
    "max": 146.36469976955357,
    "mean": 30.54186542809503,
    "std": 57.91974531048494
  },
  "f1_stats": {
    "shape": [
      15
    ],
    "size": 15,
    "min": 0.011092732645605174,
    "max": 421.10028056196023,
    "mean": 58.496711944575345,
    "std": 133.43225924626375
  }
}