{
  "count": 59,
  "ids_hash": "f762b0399b0ed0bafae0a570e4a033b90852f224d51f1d0896f7fc60f5244a95",
  "coords_hash": "34d39844168c94ed4c97dbc40e36c1cc64ddeaf32e17d6d2fffbfd57a4506455",
  "coords_stats": {
    "shape": [
      59,
      3
    ],
    "size": 177,
    "min": -0.656000018119812,
    "max": 116.08599853515625,
    "mean": 54.62410750463184,
    "std": 43.434375165741216
  }
}