MODEL,PRED_DOCKQ
5FI3_af2m,0.9146603
5FI3,0.8145304
