MODEL,PRED_DOCKQ
6EP3_af2m,0.72022873
6EP3,0.7093626
