MODEL,PRED_DOCKQ
5H78,0.805187
5H78_af2m,0.7820563
