{
  "f0_hash": "78c76842909e72e6a00338c21cea91c283ea2ca65c325f131aaea95db7d5c42b",
  "f1_hash": "2cc557c72c1f0986bf43eb0d3aee9508f57b40f3ba0ee747d389c335b36c3d6a",
  "f0_stats": {
    "shape": [
      5
    ],
    "size": 5,
    "min": 0.6618992448954724,
    "max": 116.30792350118915,
    "mean": 24.83582278038926,
    "std": 45.75293819627832
  },
  "f1_stats": {
    "shape": [
      15
    ],
    "size": 15,
    "min": 0.010029792840509977,
    "max": 348.70753647093727,
    "mean": 49.66549137879296,
    "std": 111.60784141092162
  }
}