{
  "count": 96,
  "ids_hash": "c2bed9ac8e2036838cafd5b70462f5454a7f5e6ea60e31e9aefbb5eb8bb2d457",
  "coords_hash": "13444d9f0c6a4f70096673651837804a4d4a40dae4a17da736d5785bf722b0ed",
  "coords_stats": {
    "shape": [
      96,
      3
    ],
    "size": 288,
    "min": -38.4630012512207,
    "max": 35.13199996948242,
    "mean": -1.5283158831686403,
    "std": 24.665214025769885
  }
}