{
  "hash": "465c33bdd5a0cc9de2ae4cee832315b93dc3674b97b024a205db7481bacc97b9",
  "stats": {
    "shape": [
      84,
      84
    ],
    "size": 7056,
    "min": 0.0,
    "max": 15.201585348471935,
    "mean": 7.684584188919739,
    "std": 3.163578502708922
  }
}