{
  "count": 112,
  "ids_hash": "dd80b8ca84013fe4f3ea6964afb6a67e333f0f6e975f9ff5a216f35afa2d22d8",
  "coords_hash": "5c78b2ac913eb00fb44b520649f5ad2daa1a97456654aaa08fb8ac1bd55ac337",
  "coords_stats": {
    "shape": [
      112,
      3
    ],
    "size": 336,
    "min": -65.31500244140625,
    "max": 79.40699768066406,
    "mean": 4.709934499624762,
    "std": 53.40226253576188
  }
}