{
  "f0_hash": "9cad67dfd7cedcbe86537e9eb2bd10555481e37cd3c55e2f0fd56e95c3d81a70",
  "f1_hash": "4a65bc7fdc6793aa8e847afecec1376e1f241b6992c7e8718035c9580e3d4dfa",
  "f0_stats": {
    "shape": [
      5
    ],
    "size": 5,
    "min": 0.48272437311434624,
    "max": 142.71365146734777,
    "mean": 29.89485629895581,
    "std": 56.41822944450428
  },
  "f1_stats": {
    "shape": [
      15
    ],
    "size": 15,
    "min": 0.01182943915457102,
    "max": 415.1033077711004,
    "mean": 58.53444146212955,
    "std": 132.64195476471642
  }
}