{
  "count": 92,
  "ids_hash": "b287abd7bbafa33a932030313f7b8b1d4c8605f3545d9bade8ea725ea4df4d7a",
  "coords_hash": "570b33e4ee867d1adc24e067f89db5e319c2d86e99b3bdb8fe1e36ff37936b52",
  "coords_stats": {
    "shape": [
      92,
      3
    ],
    "size": 276,
    "min": 5.453999996185303,
    "max": 31.43199920654297,
    "mean": 18.70910873102105,
    "std": 5.923686086449324
  }
}