{
  "f0_hash": "c3d3416cf383041070bd7aae9746e4af3207cbf1059f2d14d68ff66a500bd59a",
  "f1_hash": "907e4766f06026cbce24686724889e3d3d364f1358634a663f73bb12a5f84e0d",
  "f0_stats": {
    "shape": [
      5
    ],
    "size": 5,
    "min": 0.5601886097186279,
    "max": 141.40101448024788,
    "mean": 29.72022709416738,
    "std": 55.850981957307766
  },
  "f1_stats": {
    "shape": [
      15
    ],
    "size": 15,
    "min": 0.01025796691849834,
    "max": 365.39977065085253,
    "mean": 51.32869059293251,
    "std": 115.07943737477196
  }
}