{
  "hash": "f247e278c86a3600ec0720da16910fb8969c094c84acac5f1bf2a3539e7d248f",
  "stats": {
    "shape": [
      108,
      108
    ],
    "size": 11664,
    "min": 0.0,
    "max": 15.493822386698291,
    "mean": 7.7976072419956095,
    "std": 2.990861039899901
  }
}