{
  "hash": "56282deef522dc8c23346d8374001bdbdaa4a2b855950583929abefbd72ca8ef",
  "stats": {
    "shape": [
      112,
      112
    ],
    "size": 12544,
    "min": 0.0,
    "max": 15.742829701509324,
    "mean": 8.1251234788375,
    "std": 3.1995206337480386
  }
}