{
  "hash": "caf349e83f565a58a7f5a28dcb35db55c85f9687f187c6b998182868102fa04a",
  "stats": {
    "shape": [
      80,
      80
    ],
    "size": 6400,
    "min": 0.0,
    "max": 15.331085923909667,
    "mean": 7.014877377100615,
    "std": 2.88925937160775
  }
}