MODEL,PRED_DOCKQ
4LD3_af2m,0.606475
4LD3,0.43486196
