{
  "count": 80,
  "ids_hash": "6935cfbaef088f6b4531fc99766140f031b36a33c1e33dd016cf567184dda167",
  "coords_hash": "22f45716e0444fa25ce9ca58ef9be1c2d776d18a043a44e339af2513fad3dd97",
  "coords_stats": {
    "shape": [
      80,
      3
    ],
    "size": 240,
    "min": -14.237000465393066,
    "max": 15.055000305175781,
    "mean": -1.8979250039750089,
    "std": 8.026036898896404
  }
}