{
  "f0_hash": "9fece8496a1f9387b929f207a69372836002e7253fa9a98659f1ae9397caf7ed",
  "f1_hash": "675ba3213739c76d3ade7d7837271c6df2a7aae98ae01d860fd1c369126fccd3",
  "f0_stats": {
    "shape": [
      5
    ],
    "size": 5,
    "min": 0.3499692510281728,
    "max": 167.54277645031064,
    "mean": 34.83337994643044,
    "std": 66.36309998289464
  },
  "f1_stats": {
    "shape": [
      15
    ],
    "size": 15,
    "min": 0.013133375478641796,
    "max": 447.31914094471,
    "mean": 62.079023745667676,
    "std": 140.86902801008182
  }
}