{
  "f0_hash": "a5d3ee876c707ff1420f75d4ef96a66d1fa9d52f0872fe0de81bc4904f04ab43",
  "f1_hash": "797f2ba3202a868b6d1358528c62fdd9fd7aa4bc7ca567c43fed64221e329f33",
  "f0_stats": {
    "shape": [
      5
    ],
    "size": 5,
    "min": 0.3449727347422275,
    "max": 169.6428030940807,
    "mean": 35.250366434235104,
    "std": 67.2043279375175
  },
  "f1_stats": {
    "shape": [
      15
    ],
    "size": 15,
    "min": 0.010037036487927864,
    "max": 561.2569795195444,
    "mean": 77.80727579844682,
    "std": 179.73152805503017
  }
}