{
  "f0_hash": "a6452d51b396097b3f9e1b0c2d1f25074679c6bdb9f3d88c6126b9e8f6298dc2",
  "f1_hash": "64f20cfbf16cfa1674812cb8eda09264060bbbb4a7cbb5feab995350901d8434",
  "f0_stats": {
    "shape": [
      5
    ],
    "size": 5,
    "min": 0.6079409694600625,
    "max": 178.4343308369064,
    "mean": 37.134345876747766,
    "std": 70.65803853677514
  },
  "f1_stats": {
    "shape": [
      15
    ],
    "size": 15,
    "min": 0.011826717673199205,
    "max": 578.0364092824934,
    "mean": 79.13187955639341,
    "std": 183.97038706425647
  }
}