{
  "hash": "3dd587e997d871aebceb9242d1607996b0e09002e36952ee6f102eba27f8ca4e",
  "stats": {
    "shape": [
      83,
      83
    ],
    "size": 6889,
    "min": 0.0,
    "max": 15.391297997692993,
    "mean": 7.4697255737350865,
    "std": 3.0317100302844184
  }
}