{
  "hash": "1ef088b2c9d53cd28bde7f0f382349681867c4e5f2849878bcb09826cc1dd663",
  "stats": {
    "shape": [
      105,
      105
    ],
    "size": 11025,
    "min": 0.0,
    "max": 15.564429431531934,
    "mean": 7.956496993209279,
    "std": 3.029808536760087
  }
}