{
  "f0_hash": "dbcbc2e288ea34d138fd6c57814dd2285c320336951bbc78b04714e8351df229",
  "f1_hash": "17879ac6835226fe925e6db87894c270a4192a85a71b73322a17479125cbf6d7",
  "f0_stats": {
    "shape": [
      5
    ],
    "size": 5,
    "min": 0.5376247641209915,
    "max": 121.49878225814652,
    "mean": 25.826472302655237,
    "std": 47.85358812227754
  },
  "f1_stats": {
    "shape": [
      15
    ],
    "size": 15,
    "min": 0.010076820705986478,
    "max": 325.7912968680543,
    "mean": 45.59930329960246,
    "std": 104.46843759717406
  }
}