{
  "hash": "6410847c247f94bc997b97f407f1ee91a8033c8bb0f4deead974797eb521d256",
  "stats": {
    "shape": [
      80,
      80
    ],
    "size": 6400,
    "min": 0.0,
    "max": 15.523325124664318,
    "mean": 7.579580486282944,
    "std": 3.0085450775144014
  }
}