{
  "hash": "c9c9049b25b64137a5371fd82159f605e32b4d1061e324281593ba4b12ca93ae",
  "stats": {
    "shape": [
      95,
      95
    ],
    "size": 9025,
    "min": 0.0,
    "max": 15.584949344110983,
    "mean": 8.176734266886907,
    "std": 3.2126351700396936
  }
}