MODEL,PRED_DOCKQ
4PRS_af2m,0.85522425
4PRS,0.000740759
