{
  "hash": "7e3e3f105af9a7b41a39df0899206d4e86256e34ae91737a1e476bb432733829",
  "stats": {
    "shape": [
      102,
      102
    ],
    "size": 10404,
    "min": 0.0,
    "max": 15.462248019474773,
    "mean": 7.6857618379262576,
    "std": 2.990481294070256
  }
}