{
  "f0_hash": "8aeeb7a03097a45a88405e0e48500f83f088d30bf38cecf8af4452151e53effa",
  "f1_hash": "9093bd67bef8d01575e100978ce5865c95b0c17b331b0a28837ca45a10964fac",
  "f0_stats": {
    "shape": [
      5
    ],
    "size": 5,
    "min": 0.4715224173550505,
    "max": 99.55415110514699,
    "mean": 21.215288390595227,
    "std": 39.182943183130085
  },
  "f1_stats": {
    "shape": [
      15
    ],
    "size": 15,
    "min": 0.010104199390706725,
    "max": 230.77706946467356,
    "mean": 32.592639479696956,
    "std": 73.2101889103191
  }
}