{
  "count": 83,
  "ids_hash": "7e3f8cb4f82700a211338a937793f735dfa633c3f90a30889ea0cf54a3b2885e",
  "coords_hash": "c7c589d9f7eeec8885b8b6208727c133a94c7fa891d8e08a3a14835ac3f40600",
  "coords_stats": {
    "shape": [
      83,
      3
    ],
    "size": 249,
    "min": -16.95599937438965,
    "max": 16.908000946044922,
    "mean": 3.557024080590551,
    "std": 9.855812203012974
  }
}