{
  "count": 92,
  "ids_hash": "f5c3b36244b8cb00a9fcb7b6e3e682aee3f89b85ea2d75dcbd6da7762a0c35f5",
  "coords_hash": "a2b1bf7bf1c4b92615ef8eaa637b4af69408d513f9e8cd1f34a81b9dc1dbd9a6",
  "coords_stats": {
    "shape": [
      92,
      3
    ],
    "size": 276,
    "min": -12.626999855041504,
    "max": 52.388999938964844,
    "mean": 12.916181158777192,
    "std": 23.40047713017385
  }
}