{
  "f0_hash": "d0946319f7002c494b6a2b65e4c90c6ededceaab106fb5b11d4487bea6f3049d",
  "f1_hash": "97137c823242aabf28d7ed16241408eaf08f8b38b3b784a8192958b4fbe8b448",
  "f0_stats": {
    "shape": [
      5
    ],
    "size": 5,
    "min": 0.4146199312846324,
    "max": 164.35211295102982,
    "mean": 34.21217647760526,
    "std": 65.0781108000932
  },
  "f1_stats": {
    "shape": [
      15
    ],
    "size": 15,
    "min": 0.010969494600548302,
    "max": 455.63135887936454,
    "mean": 62.95958034124801,
    "std": 144.062473403242
  }
}