{
  "f0_hash": "fe57c911fa0fa94b3bea43e720706709ab46e4d5168012e4fe4e724e1ad5d737",
  "f1_hash": "bd3fa47091d397b9c9989a0d28da52dabd8f55728f9e7665b3e44da3a7d9ae54",
  "f0_stats": {
    "shape": [
      5
    ],
    "size": 5,
    "min": 0.505115703844464,
    "max": 159.8448973104242,
    "mean": 33.39496232117795,
    "std": 63.23626762815308
  },
  "f1_stats": {
    "shape": [
      15
    ],
    "size": 15,
    "min": 0.012645612060444122,
    "max": 465.36273104118294,
    "mean": 65.23160960380773,
    "std": 148.32950915595455
  }
}