{
  "count": 112,
  "ids_hash": "a73a4bd07261fbda7104f1b3bbaf0c3306216e5041862fb9eb55d359b5aca385",
  "coords_hash": "b9d39d31eb3002815178014498357b95110ee65835a4826ba17c49a7a8256ee4",
  "coords_stats": {
    "shape": [
      112,
      3
    ],
    "size": 336,
    "min": -6.035999774932861,
    "max": 88.6760025024414,
    "mean": 37.023333209710906,
    "std": 33.74623022974962
  }
}