{
  "f0_hash": "e29e6f5633daf11fb599a02f670f2ca5572bb51b494cd2a8ae3438cbf48f8d27",
  "f1_hash": "f0fd52de05c62c8ddde20ca9aed0bd7346f94571d0e4315807d7f8e81141ee64",
  "f0_stats": {
    "shape": [
      5
    ],
    "size": 5,
    "min": 0.6237462072569998,
    "max": 130.6040440016727,
    "mean": 27.568179894206498,
    "std": 51.52835746621727
  },
  "f1_stats": {
    "shape": [
      15
    ],
    "size": 15,
    "min": 0.010678080841106663,
    "max": 330.6390377756882,
    "mean": 47.39075414546433,
    "std": 104.60732820058459
  }
}