{
  "hash": "4ed18658ca1fab70a3e75053a2c9b51360b91e14f9f66268686ca7e0637d508f",
  "stats": {
    "shape": [
      96,
      96
    ],
    "size": 9216,
    "min": 0.0,
    "max": 15.714661772619891,
    "mean": 7.9003262951779085,
    "std": 3.059761523376712
  }
}