MODEL,PRED_DOCKQ
4L0N,0.8218034
4L0N_af2m,0.7828521
