{
  "f0_hash": "0a8e54c46aa454c70ba18769fe781f42ec3cb1358bc04e8fb1d8cbe36ef850fb",
  "f1_hash": "4f4f8283cec6fe8ce4c332750f8d354d2dbfa7deeb0fa3d6b6273ff2dbf9eef8",
  "f0_stats": {
    "shape": [
      5
    ],
    "size": 5,
    "min": 0.4932077882625336,
    "max": 114.12892049986537,
    "mean": 24.412965889413737,
    "std": 44.88052843758374
  },
  "f1_stats": {
    "shape": [
      15
    ],
    "size": 15,
    "min": 0.010803671602283238,
    "max": 250.51402588051656,
    "mean": 35.60555573331596,
    "std": 79.59063924894946
  }
}