MODEL,PRED_DOCKQ
1T82,0.708718
1T82_af2m,0.51369494
