{
  "hash": "1486994c0d32dfede5c47e9a6aa89583f7aa5b9f79a6935f739e83e2c0e1541a",
  "stats": {
    "shape": [
      99,
      99
    ],
    "size": 9801,
    "min": 0.0,
    "max": 15.077951021708287,
    "mean": 7.783090460884926,
    "std": 2.9959338877770687
  }
}