{
  "count": 115,
  "ids_hash": "ae7fda0fd033fc4499bb23f82a613397cac5a1c10f373b5d1bc38382240f3c43",
  "coords_hash": "4382056131ce3c550b07a1e4e6c3702cc9602f1cee7eee700c3685b542b291d1",
  "coords_stats": {
    "shape": [
      115,
      3
    ],
    "size": 345,
    "min": -11.211999893188477,
    "max": 85.66699981689453,
    "mean": 34.064066548505124,
    "std": 34.04300573283123
  }
}