{
  "count": 78,
  "ids_hash": "0f13a41cbcf5966a4104de7985ccef40a7eb5bb2f7b21482cd8c4c287ee0fb9d",
  "coords_hash": "2595e63a526efc27632c415b9cc7a29d784e7b991b3f6385be9bcf3a69573993",
  "coords_stats": {
    "shape": [
      78,
      3
    ],
    "size": 234,
    "min": 5.671000003814697,
    "max": 56.83599853515625,
    "mean": 30.765076828818035,
    "std": 15.344243980015047
  }
}