{
  "f0_hash": "bca7bf17d830c12303fde7b5d5a684883e63fbb82db8b1d246e11c6b324eb5e2",
  "f1_hash": "3407e688e140128e28f457306db68b452125b52dca4142b975825fc2e7633119",
  "f0_stats": {
    "shape": [
      5
    ],
    "size": 5,
    "min": 0.6583574062413188,
    "max": 132.1055545049224,
    "mean": 28.01034205153048,
    "std": 52.06394818640342
  },
  "f1_stats": {
    "shape": [
      15
    ],
    "size": 15,
    "min": 0.01124622362491845,
    "max": 366.0296283571259,
    "mean": 51.83790742713222,
    "std": 116.81208707642335
  }
}