{
  "f0_hash": "10bfd1622cf477aad75225c07cf7afff27922ab3cc8466594ca9094de564fc00",
  "f1_hash": "f7ebb7dd9a3606508a6478b6782405ab7d0e4f0725b32b771aae2b2e4e66b479",
  "f0_stats": {
    "shape": [
      5
    ],
    "size": 5,
    "min": 0.6849244864607514,
    "max": 131.60298928193333,
    "mean": 27.804365900303765,
    "std": 51.9103220357511
  },
  "f1_stats": {
    "shape": [
      15
    ],
    "size": 15,
    "min": 0.011091307649444104,
    "max": 364.3861781000797,
    "mean": 52.518495123432125,
    "std": 115.4124829948114
  }
}