{
  "f0_hash": "4fa0d51a12ceb9a7eacc1ed8fe8db686abdd335cb3c7db90cd232b89cce7e5a8",
  "f1_hash": "8130b2c273e59163b888337723737265ab5d8cc58fd472bec7b487f5bb3966eb",
  "f0_stats": {
    "shape": [
      5
    ],
    "size": 5,
    "min": 0.4747730903695233,
    "max": 169.10681515929005,
    "mean": 35.30264361299254,
    "std": 66.91419957507176
  },
  "f1_stats": {
    "shape": [
      15
    ],
    "size": 15,
    "min": 0.010922390493719902,
    "max": 417.9898350702459,
    "mean": 57.95340848665007,
    "std": 131.1638500907489
  }
}