{
  "f0_hash": "14181c11b80e462e9ecbc5145d163a00cb9e005cc805c555e1fde113cc69d733",
  "f1_hash": "6e7b65ee5b0752e7470a89cef7600a9f31468a03fc0f885d4cd9b07335ef7a07",
  "f0_stats": {
    "shape": [
      5
    ],
    "size": 5,
    "min": 0.510559212006844,
    "max": 159.94699712985363,
    "mean": 33.38911389285311,
    "std": 63.28779535256689
  },
  "f1_stats": {
    "shape": [
      15
    ],
    "size": 15,
    "min": 0.01059994254496388,
    "max": 460.80072262903485,
    "mean": 63.75381625073663,
    "std": 146.3926778688274
  }
}