{
  "count": 179,
  "ids_hash": "71f5e14636ccb73ca20008f4428af51ddcf0d536ae829519e6e553124e260a74",
  "coords_hash": "a2cc8289a868045338fdc51098286fe6d7f64077d2ccc6d2fa0de3380ceb2dba",
  "coords_stats": {
    "shape": [
      179,
      3
    ],
    "size": 537,
    "min": -15.890999794006348,
    "max": 5.7170000076293945,
    "mean": -4.826519552916566,
    "std": 4.540873107271649
  }
}