{
  "count": 91,
  "ids_hash": "b7923d3f070e90dc7d6e0fea718cc59d47db7337c5e91428eaa95542751e27ce",
  "coords_hash": "fc72d3b7505d8a42a7f72011948453857d61d203c0f81272e3fdef20414cca53",
  "coords_stats": {
    "shape": [
      91,
      3
    ],
    "size": 273,
    "min": -27.86199951171875,
    "max": 17.53700065612793,
    "mean": -2.977556769596242,
    "std": 13.765388800515984
  }
}