{
  "count": 48,
  "ids_hash": "821203e58b88f3bcae68a6abe5db27c6f3185243b0aa9ba2a36a62f3a0be04c6",
  "coords_hash": "a2192e678f54adb93d359a9d0aacd7732a8eef15877b165f2247542f3df1ea2e",
  "coords_stats": {
    "shape": [
      48,
      3
    ],
    "size": 144,
    "min": -0.6959999799728394,
    "max": 27.871000289916992,
    "mean": 11.112243065507048,
    "std": 8.003149267556356
  }
}