{
  "hash": "15ffeb8d28e509b89bdbea961ad166f7c38d78ca6813b77096a6a7e33bb37232",
  "stats": {
    "shape": [
      64,
      64
    ],
    "size": 4096,
    "min": 0.0,
    "max": 14.72600689339984,
    "mean": 6.689364277570354,
    "std": 2.7795317772551513
  }
}