{
  "count": 106,
  "ids_hash": "afb0037f2a3aa553dac389c52ce8cbe2f785ebed721241ac073d48276013aa73",
  "coords_hash": "685c4316b1afc7540a26f7b82ca2ef7662f093efaf50e450d7668945804d7b97",
  "coords_stats": {
    "shape": [
      106,
      3
    ],
    "size": 318,
    "min": -26.909000396728516,
    "max": 45.861000061035156,
    "mean": 10.439213799230707,
    "std": 24.1610126736579
  }
}