{
  "hash": "10dea801bf77876dce682d11e11d75b32c16c98d20a146db0f43cbd9629f8070",
  "stats": {
    "shape": [
      117,
      117
    ],
    "size": 13689,
    "min": 0.0,
    "max": 15.531181754688737,
    "mean": 7.80940914616399,
    "std": 3.017246263884511
  }
}