{
  "hash": "e734ea8a0c7eaead8f2a940e54f98555903538f48a8810b44f8198885b21e20d",
  "stats": {
    "shape": [
      98,
      98
    ],
    "size": 9604,
    "min": 0.0,
    "max": 15.736919619566262,
    "mean": 8.05800506823937,
    "std": 3.1615719201029333
  }
}