{
  "count": 76,
  "ids_hash": "70d5feb749b69a16ce8f22f8783dd694db9ce3f230b65c9818a5abe6575851a8",
  "coords_hash": "b4af28f4ebef16605e93c2b46197bd5ebd24cd27fbc7d41678ab63383919a5f1",
  "coords_stats": {
    "shape": [
      76,
      3
    ],
    "size": 228,
    "min": 66.85900115966797,
    "max": 107.4280014038086,
    "mean": 87.63426315575315,
    "std": 12.565908035208102
  }
}