{
  "count": 105,
  "ids_hash": "434d6ab670c32802ac03f136fe8b9f72d0f4bf1cbca17f24b6f2bdadfe319688",
  "coords_hash": "92bfc282bd95592efd1ec83947aaa772fb8281b2d6f980a55db334ea34c81173",
  "coords_stats": {
    "shape": [
      105,
      3
    ],
    "size": 315,
    "min": 22.70400047302246,
    "max": 49.23400115966797,
    "mean": 35.288041426643495,
    "std": 6.106058629485794
  }
}