{
  "count": 91,
  "ids_hash": "5cbf359fe081f6f0a8ec2f08fe7ccf34aa10ffb338c9231926e53c09d16013a1",
  "coords_hash": "707809e0effafd10fc80c5007ff5249eec920c47c916cbecc2fc028873a91af6",
  "coords_stats": {
    "shape": [
      91,
      3
    ],
    "size": 273,
    "min": -16.54199981689453,
    "max": 33.92300033569336,
    "mean": 8.527860772164859,
    "std": 15.243555685812362
  }
}