MODEL,PRED_DOCKQ
2AN1_af2m,0.8572302
2AN1,0.85241634
