{
  "hash": "124d70b2978cdbf6b7c3547b69facfada787be929a385c4ba92264ce2500cfea",
  "stats": {
    "shape": [
      111,
      111
    ],
    "size": 12321,
    "min": 0.0,
    "max": 15.410260435443723,
    "mean": 7.965669457480422,
    "std": 3.0284467927413976
  }
}