{
  "hash": "402d0c8afa84b4c6d4b1f1f5fe26db4a7a53e138102112f99a184326f920cee5",
  "stats": {
    "shape": [
      108,
      108
    ],
    "size": 11664,
    "min": 0.0,
    "max": 15.530995796622616,
    "mean": 7.768031435566655,
    "std": 2.9865380133840884
  }
}