MODEL,PRED_DOCKQ
1OOE_af2m,0.9428203
1OOE,0.91809595
