{
  "hash": "dd2c7aa2cd1d21c8aa48a601edf784370d972cd91b411670a2643e1904e53a28",
  "stats": {
    "shape": [
      83,
      83
    ],
    "size": 6889,
    "min": 0.0,
    "max": 14.389641918390707,
    "mean": 7.319098731535144,
    "std": 2.9027990255827754
  }
}