MODEL,PRED_DOCKQ
3OU6_af2m,0.35119593
3OU6,0.0012711636
