{
  "count": 74,
  "ids_hash": "64c1d7d2e32539ae0af430920300a269205af2611397017486fa091678f5178e",
  "coords_hash": "e2f67b516de2ba08a4688b2172ace68b443cce7d9bf299e8bd01f352458e171c",
  "coords_stats": {
    "shape": [
      74,
      3
    ],
    "size": 222,
    "min": -42.861000061035156,
    "max": 21.097999572753906,
    "mean": -9.817536034025588,
    "std": 20.713555818951246
  }
}