{
  "count": 114,
  "ids_hash": "e869a8638733f1981f11705a7622644c69cb78d04741cff0975c4661f73d2245",
  "coords_hash": "2f60e14f593aa627346a2eb93b958f0d047ef8b237864b5848534a6e45a99e3b",
  "coords_stats": {
    "shape": [
      114,
      3
    ],
    "size": 342,
    "min": 12.114999771118164,
    "max": 105.5270004272461,
    "mean": 52.6763800654495,
    "std": 33.26399384533206
  }
}