{
  "count": 109,
  "ids_hash": "9d54fb5e4763c696c410f7da703a242fdbafc32886d6001b17f3fd14d34bddbe",
  "coords_hash": "cab89e91b203c869d1b7513159275541bf0c4fd2c256d3539b076476a07a6a83",
  "coords_stats": {
    "shape": [
      109,
      3
    ],
    "size": 327,
    "min": -1.2580000162124634,
    "max": 99.88200378417969,
    "mean": 39.238308918220916,
    "std": 38.16994909660164
  }
}