{
  "hash": "39516b72b13c21e064553b2ab8916bf5cb70870aa8dd35fcb35725c9132e06f9",
  "stats": {
    "shape": [
      111,
      111
    ],
    "size": 12321,
    "min": 0.0,
    "max": 15.620894319257859,
    "mean": 7.9974486872594674,
    "std": 3.028632817595865
  }
}