{
  "f0_hash": "75d990be68fdb2c691d2184336681925a7eba634eda33597ebdc950c8ade64cc",
  "f1_hash": "1d19da925fb4535a2ccd6ebf1bc04f203de44c0a879e77347352efbe65ce074f",
  "f0_stats": {
    "shape": [
      5
    ],
    "size": 5,
    "min": 0.45529880731477756,
    "max": 149.2443603712227,
    "mean": 31.261486558607167,
    "std": 59.00277627048299
  },
  "f1_stats": {
    "shape": [
      15
    ],
    "size": 15,
    "min": 0.013182190226339152,
    "max": 453.88290595830716,
    "mean": 63.31947980407618,
    "std": 144.26750567803222
  }
}