{
  "f0_hash": "7f91584a028f6ae55801a81bec03a6f6802416676c5ae2d04241d5e5beb3e631",
  "f1_hash": "f9bad30f24c3a9ffb4cc4e029fc07180c215497a8f0d0b392043cfa001931aee",
  "f0_stats": {
    "shape": [
      5
    ],
    "size": 5,
    "min": 0.35119411455300686,
    "max": 157.36701556758516,
    "mean": 32.862409478688235,
    "std": 62.263289041466095
  },
  "f1_stats": {
    "shape": [
      15
    ],
    "size": 15,
    "min": 0.01017231661839002,
    "max": 465.6303954371429,
    "mean": 64.71828504046944,
    "std": 147.36600862100707
  }
}