{
  "count": 66,
  "ids_hash": "b4a2a4307f93d0dc6bf48d84f8c326b48112c388313fab985efdeb67e85ac663",
  "coords_hash": "e4dd8ed07862a9f1a7cd7e1727e6427c5fb67b8f2c4bbc889e8995ee6360a079",
  "coords_stats": {
    "shape": [
      66,
      3
    ],
    "size": 198,
    "min": -5.698999881744385,
    "max": 56.78200149536133,
    "mean": 22.752040392855616,
    "std": 19.74755519720006
  }
}