{
  "count": 100,
  "ids_hash": "4165965e1c23275b29902277d093d27a8b95a7b2edb2577a41bb65cdd3f5c9ba",
  "coords_hash": "a09eec373e63b458511911c7feed2a40beae077ed62b1e930044c578e291dfa8",
  "coords_stats": {
    "shape": [
      100,
      3
    ],
    "size": 300,
    "min": 11.032999992370605,
    "max": 53.31100082397461,
    "mean": 29.30563999811808,
    "std": 12.901954968267495
  }
}