MODEL,PRED_DOCKQ
5XSW_af2m,0.08243677
5XSW,0.029000051
