{
  "hash": "50ef5e6d80bd3b732445c051fe0c101c1ee0237b8f656a85b73ddc490a84aa77",
  "stats": {
    "shape": [
      98,
      98
    ],
    "size": 9604,
    "min": 0.0,
    "max": 15.789013842873437,
    "mean": 8.209979607869785,
    "std": 3.2596089570946565
  }
}