MODEL,PRED_DOCKQ
4JHR_af2m,0.5671653
4JHR,0.022140888
