MODEL,PRED_DOCKQ
3DI4_af2m,0.8766036
3DI4,0.8598136
