MODEL,PRED_DOCKQ
2D7V_af2m,0.85337234
2D7V,0.8241729
