{
  "hash": "5f824d918d87c021a252aca6eb63d3671f825c6c456cb67147a58f8434c5d4e9",
  "stats": {
    "shape": [
      91,
      91
    ],
    "size": 8281,
    "min": 0.0,
    "max": 15.779594707868911,
    "mean": 7.89016667772213,
    "std": 3.127824846541671
  }
}