{
  "hash": "c1f08c1c0bdf1c771f7ca145ea9fb06506435fd560666b8e95e356cc605c8cd0",
  "stats": {
    "shape": [
      98,
      98
    ],
    "size": 9604,
    "min": 0.0,
    "max": 15.468157690090916,
    "mean": 7.605998017926445,
    "std": 3.0175897639585005
  }
}