MODEL,PRED_DOCKQ
1LQV_af2m,0.035781763
1LQV,0.016264416
