{
  "hash": "b452bb0e34ca66ed0c921d78a731afea3dfa50287f487ba42e43f8401deada2d",
  "stats": {
    "shape": [
      61,
      61
    ],
    "size": 3721,
    "min": 0.0,
    "max": 13.871365941338137,
    "mean": 6.458097813142625,
    "std": 2.6514502293677626
  }
}