{
  "hash": "4408313b3a7445e2fb9acef017f957515260a953d2403b822dd0f2566036acbd",
  "stats": {
    "shape": [
      101,
      101
    ],
    "size": 10201,
    "min": 0.0,
    "max": 15.717690834014471,
    "mean": 8.162215996954936,
    "std": 3.1626641555882617
  }
}