{
  "count": 85,
  "ids_hash": "344dffb1c430124a19de7c7bc6d10ebd90437d13c60ad7dfa3b2e892cb871069",
  "coords_hash": "8be88dd53b8df2511a9fb6d9544438317ca787385685b53c9b776838b4454ff6",
  "coords_stats": {
    "shape": [
      85,
      3
    ],
    "size": 255,
    "min": -26.284000396728516,
    "max": 79.16799926757812,
    "mean": 22.996972544053023,
    "std": 38.44954892629986
  }
}