{
  "hash": "1505f405f8574a0cf1266933267ceddc00a196e814d27f7d7e97cd23093bd327",
  "stats": {
    "shape": [
      112,
      112
    ],
    "size": 12544,
    "min": 0.0,
    "max": 15.352546237317252,
    "mean": 7.7163127187245735,
    "std": 2.975703473392906
  }
}