MODEL,PRED_DOCKQ
1U7Z,0.6401488
1U7Z_af2m,0.3407978
