MODEL,PRED_DOCKQ
4KYI_af2m,0.6032521
4KYI,0.05999207
