{
  "count": 87,
  "ids_hash": "ad843a2e42c8b34603680e7470d2be00745b6d8cc8790f183fc872a6d0d2eab7",
  "coords_hash": "305ce59555814c440c3d0e06baf6800f3529a1e80ae53e377122be6eccdfe26d",
  "coords_stats": {
    "shape": [
      87,
      3
    ],
    "size": 261,
    "min": -21.297000885009766,
    "max": 25.56100082397461,
    "mean": 7.149976987948363,
    "std": 15.363488763961703
  }
}