{
  "hash": "ab77bbd6d9950ba9232f90213d9633031455e41378646509f974a7131116837e",
  "stats": {
    "shape": [
      82,
      82
    ],
    "size": 6724,
    "min": 0.0,
    "max": 15.517229196768776,
    "mean": 7.692163532250009,
    "std": 3.167042894879683
  }
}