{
  "hash": "58d0cb9b72e2824282f63a0e4ecc145e80e35d8b97c412ce5f37eb0b7bf96c3f",
  "stats": {
    "shape": [
      45,
      45
    ],
    "size": 2025,
    "min": 0.0,
    "max": 12.725221436305175,
    "mean": 5.792824170763808,
    "std": 2.460872159508463
  }
}