{
  "count": 112,
  "ids_hash": "eac448369f41e1b1d571194e7f7de124a37003034b3d11067e76c49f5a4b6e0a",
  "coords_hash": "135871926ceff549feeaa3de621b224aab9e2782162149fd8025f82424ef0825",
  "coords_stats": {
    "shape": [
      112,
      3
    ],
    "size": 336,
    "min": 7.452000141143799,
    "max": 42.297000885009766,
    "mean": 26.013529767592747,
    "std": 8.921294454322918
  }
}