{
  "f0_hash": "9a93556f11704d0ad8fb60ab3b5c46e9db62cd3313647e3200d00238da434564",
  "f1_hash": "f8bb70b125116fbdff7ee1cfae74e7ba8f0520401be9262ea1390b5b46de4c02",
  "f0_stats": {
    "shape": [
      5
    ],
    "size": 5,
    "min": 0.5888024424311313,
    "max": 171.3702862212633,
    "mean": 35.751560498538886,
    "std": 67.81887738818955
  },
  "f1_stats": {
    "shape": [
      15
    ],
    "size": 15,
    "min": 0.01012510450925097,
    "max": 514.8388795988269,
    "mean": 70.96132706767396,
    "std": 163.54455765990795
  }
}