{
  "count": 93,
  "ids_hash": "77986251a40a72b082c7c3a92139e06b43654406aa8135119f7e820621d28469",
  "coords_hash": "9777a0a0b53a02de43795326ca89576df29fa9f3f75ac3523405d4c63d852f71",
  "coords_stats": {
    "shape": [
      93,
      3
    ],
    "size": 279,
    "min": -17.45199966430664,
    "max": 44.9640007019043,
    "mean": 10.785458811295076,
    "std": 20.68771014728554
  }
}