{
  "count": 100,
  "ids_hash": "444f0ac7ce1bdd609d69f7ff4eb72572d35ddaf5ec926ff623f2fe16d81283b1",
  "coords_hash": "a35ccaadcbd23d940592673ad063fce9d24255959cb5bab366a4d94d02d656aa",
  "coords_stats": {
    "shape": [
      100,
      3
    ],
    "size": 300,
    "min": -1.6610000133514404,
    "max": 81.51200103759766,
    "mean": 32.16348333703975,
    "std": 31.007261667796346
  }
}