{
  "hash": "632c1c7f0cfa8bb854cdaaaeac9f78469c0631bbd7962bea5ffbec0843c37c04",
  "stats": {
    "shape": [
      116,
      116
    ],
    "size": 13456,
    "min": 0.0,
    "max": 15.54702765258515,
    "mean": 7.862993537243104,
    "std": 3.014732659377044
  }
}