{
  "count": 74,
  "ids_hash": "b505f1fb519dafaf14d3d75a9c2b239c7fdc2b6bc094a14a6b6f782144d8fff7",
  "coords_hash": "48ce9cf87f0391e57095d1d97c23c4188c4c0a090dc839227995f4492921edf8",
  "coords_stats": {
    "shape": [
      74,
      3
    ],
    "size": 222,
    "min": -8.967000007629395,
    "max": 80.69100189208984,
    "mean": 34.171765792879974,
    "std": 32.45628864293341
  }
}