{
  "f0_hash": "87a1edd7493b5da24c634e9ff275fa66383764d7d729654ba1414a9cbc655a99",
  "f1_hash": "b35d0347ee5a91099335249b089fca323ddc0316a5a01f73b6a89fc30808a4a8",
  "f0_stats": {
    "shape": [
      5
    ],
    "size": 5,
    "min": 0.55405329433922,
    "max": 143.31011002179014,
    "mean": 30.166744038993283,
    "std": 56.584636894104214
  },
  "f1_stats": {
    "shape": [
      15
    ],
    "size": 15,
    "min": 0.010093336061746783,
    "max": 368.8087227285544,
    "mean": 52.328181063785216,
    "std": 115.97473681574766
  }
}