MODEL,PRED_DOCKQ
2WP8_af2m,0.85084933
2WP8,3.1887583e-05
