{
  "hash": "370f5af4031d1bf3b12af2fa4f13949d9e5da61c07b912038c4a3b858b95a58c",
  "stats": {
    "shape": [
      66,
      66
    ],
    "size": 4356,
    "min": 0.0,
    "max": 15.0864952247036,
    "mean": 7.167950243313058,
    "std": 2.9345472667556343
  }
}