{
  "hash": "9149eac5ee3092ee7c0a3e1c0380b2dc662be541e6ec7e8727965130ed111515",
  "stats": {
    "shape": [
      75,
      75
    ],
    "size": 5625,
    "min": 0.0,
    "max": 14.990747087895215,
    "mean": 7.079893034124401,
    "std": 2.8839933009022207
  }
}