{
  "hash": "654c542815265c0061ff63c24f8bfc2fc05949e3d0a7d4abf71e3ff37a5ccd3b",
  "stats": {
    "shape": [
      98,
      98
    ],
    "size": 9604,
    "min": 0.0,
    "max": 15.841329709206924,
    "mean": 7.771269693390394,
    "std": 3.0291124956349376
  }
}