{
  "hash": "6f3a2b587e57c84bfbb2c24a9c60165532f81f3550c25c15629e0dd548aeaeef",
  "stats": {
    "shape": [
      110,
      110
    ],
    "size": 12100,
    "min": 0.0,
    "max": 15.622398827583018,
    "mean": 7.924952112635394,
    "std": 3.0165528654769465
  }
}