{
  "f0_hash": "b129d07056ba7b9194eb056ce317ca99443ddd74dd9858f609acd822ecf10931",
  "f1_hash": "061863f578f2b592d416d1a16ea824c92beaa31da7cfcffe43cf45ab976e3e6c",
  "f0_stats": {
    "shape": [
      5
    ],
    "size": 5,
    "min": 0.35060203433444537,
    "max": 110.3825253445473,
    "mean": 23.435485722999548,
    "std": 43.488161251439536
  },
  "f1_stats": {
    "shape": [
      15
    ],
    "size": 15,
    "min": 0.010068981611500716,
    "max": 237.29749760890851,
    "mean": 33.85510215242299,
    "std": 75.93760638349688
  }
}