{
  "f0_hash": "1a09eae901ae3fd15dec1839f9c5c8299d1c052f43c74f49ebde00d75ca02569",
  "f1_hash": "3b5ce5eeb29b70a2d20ed91c1e0aa3961e3c9ca1fa0344126cdebb8e7e9af215",
  "f0_stats": {
    "shape": [
      5
    ],
    "size": 5,
    "min": 0.6046140084747486,
    "max": 89.10634915240789,
    "mean": 19.43882162549114,
    "std": 34.86211032265205
  },
  "f1_stats": {
    "shape": [
      15
    ],
    "size": 15,
    "min": 0.01104021860347526,
    "max": 218.6966170029726,
    "mean": 31.56976350206027,
    "std": 69.58716847100557
  }
}