{
  "hash": "dd4f0d80349f7f766350b11200d0483e685b6f07e04a1bea7e84e79698aae064",
  "stats": {
    "shape": [
      91,
      91
    ],
    "size": 8281,
    "min": 0.0,
    "max": 15.53211740069245,
    "mean": 7.74207238767178,
    "std": 3.087578998883797
  }
}