{
  "hash": "801cdccf4b31582d05b60ecd6c95fc221a551d5c02e9a2e335c873e39af71032",
  "stats": {
    "shape": [
      65,
      65
    ],
    "size": 4225,
    "min": 0.0,
    "max": 15.06833266947818,
    "mean": 7.380375842183323,
    "std": 3.3336240124592447
  }
}