MODEL,PRED_DOCKQ
4ZHY_af2m,0.7933182
4ZHY,0.54876876
