{
  "f0_hash": "5727d54c15177b25ed2baad3602cc04fa7cf4b256bab9a757ec9ffb827ded67c",
  "f1_hash": "4e4bbf06ad2fc8808b6348e988219dcbf4db1e3fd9a633abbc1ad264441cfbe3",
  "f0_stats": {
    "shape": [
      5
    ],
    "size": 5,
    "min": 0.7299396179082329,
    "max": 165.09456700591525,
    "mean": 34.52682258979026,
    "std": 65.29250879264697
  },
  "f1_stats": {
    "shape": [
      15
    ],
    "size": 15,
    "min": 0.011860915706955133,
    "max": 651.5042636172063,
    "mean": 90.15802561684464,
    "std": 208.77089291951054
  }
}