{
  "count": 114,
  "ids_hash": "2e3fbb79f4c8ee852c66907a75dd381d87b73d52dafddf989ed136663982b941",
  "coords_hash": "acc23ff9b26dbe6bc93ab5ec5611d8ab9aad83a7f88e16857e6072411f7edb6c",
  "coords_stats": {
    "shape": [
      114,
      3
    ],
    "size": 342,
    "min": -3.869999885559082,
    "max": 55.571998596191406,
    "mean": 19.13195027427323,
    "std": 21.03031737746931
  }
}