{
  "hash": "d5af4a15476473f4aa3badcb285b565764be66e6069bca9e2b60a7a1497670c5",
  "stats": {
    "shape": [
      88,
      88
    ],
    "size": 7744,
    "min": 0.0,
    "max": 15.294189422687039,
    "mean": 7.432411364567042,
    "std": 2.993708499401644
  }
}