{
  "count": 97,
  "ids_hash": "4d1e3536029b5df935924c150bf49473560da8a8667b1afc7a10960a176ecddb",
  "coords_hash": "2ccfedd311535523e5ef9e1e9009822f610b9ed62a0e7f3edde53113b3524c8c",
  "coords_stats": {
    "shape": [
      97,
      3
    ],
    "size": 291,
    "min": -10.70199966430664,
    "max": 43.858001708984375,
    "mean": 12.848030956161185,
    "std": 18.1546200923596
  }
}