{
  "hash": "c74d1044f5c1d85afb7531b5dc4fb1907a6aadaf9d8250e9e17b747511580bb4",
  "stats": {
    "shape": [
      65,
      65
    ],
    "size": 4225,
    "min": 0.0,
    "max": 15.351043235893643,
    "mean": 6.82041745689991,
    "std": 2.910513921514631
  }
}