{
  "count": 105,
  "ids_hash": "dbc0c0e0b489b847a32ecafbcaeeb5c34738d12d210804c0cc9d4c67a47221e5",
  "coords_hash": "770b94eb0bb4a5f3d2a30f4210ba743fbece78782b8830e26778e02b8cdc7af3",
  "coords_stats": {
    "shape": [
      105,
      3
    ],
    "size": 315,
    "min": -19.45599937438965,
    "max": 45.95800018310547,
    "mean": 14.109726983024961,
    "std": 20.989177327157616
  }
}