{
  "hash": "8f448b451194c3fb3601d93e81e8a90a831cc30262ef9a8944c89a95287abe22",
  "stats": {
    "shape": [
      110,
      110
    ],
    "size": 12100,
    "min": 0.0,
    "max": 15.660665123338125,
    "mean": 8.171019124125596,
    "std": 3.1558634034722526
  }
}