{
  "count": 79,
  "ids_hash": "c3e689296d0905120615fbf9f815193fe27b413c0f09d7b90792aba250c0dc31",
  "coords_hash": "84688aad651a0a1ec0fd42b49beb1ab927f93373ec960e9fd8aa9de39779b4fc",
  "coords_stats": {
    "shape": [
      79,
      3
    ],
    "size": 237,
    "min": -15.739999771118164,
    "max": 20.114999771118164,
    "mean": 5.385451469743302,
    "std": 11.406499791346038
  }
}