{
  "hash": "ffa9a206fd8c6450948607774981c6c62513770f0e5d111d1be25e3759fcfccf",
  "stats": {
    "shape": [
      87,
      87
    ],
    "size": 7569,
    "min": 0.0,
    "max": 15.090149251716234,
    "mean": 7.486667852673158,
    "std": 2.9811846528001302
  }
}