MODEL,PRED_DOCKQ
1K2E_af2m,0.8368937
1K2E,0.7219113
