{
  "f0_hash": "ed2b8441215fd3d7a5adade3c99c4629869ab7c3b8a01a47a2e28a0086c8e5f7",
  "f1_hash": "a0ee1b7170a67873dddaeb04f9ed74cb44e009fd3446c5f41429360c5318dc8f",
  "f0_stats": {
    "shape": [
      5
    ],
    "size": 5,
    "min": 0.5016913789668882,
    "max": 164.53647180150944,
    "mean": 34.2882515330814,
    "std": 65.13239016910732
  },
  "f1_stats": {
    "shape": [
      15
    ],
    "size": 15,
    "min": 0.010924821531322237,
    "max": 481.0368031545229,
    "mean": 66.74851633556821,
    "std": 151.92751241802887
  }
}