{
  "hash": "38b537a975011ca6b3bd4c8081165fb5c38840264c4fcae155dead33b18da25d",
  "stats": {
    "shape": [
      80,
      80
    ],
    "size": 6400,
    "min": 0.0,
    "max": 15.523361612870312,
    "mean": 7.579587758783162,
    "std": 3.008544343413546
  }
}