{
  "count": 102,
  "ids_hash": "063c0e0de96dfa7eda7fdccdde380b23cf6a0a36deddb81addea8c9b056f8167",
  "coords_hash": "cd0c9ae3e6e3b66886a6142bb75f5a23987ca472819901e428b66847540e9814",
  "coords_stats": {
    "shape": [
      102,
      3
    ],
    "size": 306,
    "min": -24.43199920654297,
    "max": 77.88999938964844,
    "mean": 28.029460763619618,
    "std": 36.16343919644561
  }
}