{
  "count": 99,
  "ids_hash": "1128eb33c7350258764ce7706d40c6f343d81c583ccc8760857b1be8a0c24c5c",
  "coords_hash": "dae3400e915a7a5ddca757c6bffe2ece6327454a0223bd41d060ca9fb8f893b2",
  "coords_stats": {
    "shape": [
      99,
      3
    ],
    "size": 297,
    "min": -8.770000457763672,
    "max": 42.83599853515625,
    "mean": 19.303865330688883,
    "std": 16.228742775250392
  }
}