{
  "count": 109,
  "ids_hash": "2c71aade65d1ede6996f09c581bd79840d2c38506d6891521d5f39ecf21e9beb",
  "coords_hash": "086658a8867bfc29764e9da31dc13102fe964f9f35e332ba2468aefb53e995df",
  "coords_stats": {
    "shape": [
      109,
      3
    ],
    "size": 327,
    "min": 1.149999976158142,
    "max": 67.24199676513672,
    "mean": 26.24961471302429,
    "std": 24.241131363448496
  }
}