{
  "f0_hash": "f285bc8bcce43316316bf7b2f92faf0bb66f189b3f6a4db759ac7ae871825c6d",
  "f1_hash": "bf873396951fbeec19bec2b18d0df40a5816a9834915b7f9bd3f9ff4e59fc0b8",
  "f0_stats": {
    "shape": [
      5
    ],
    "size": 5,
    "min": 0.5298933784453722,
    "max": 167.0744809019211,
    "mean": 34.84078114702008,
    "std": 66.12586067112075
  },
  "f1_stats": {
    "shape": [
      15
    ],
    "size": 15,
    "min": 0.011009820485231359,
    "max": 464.27049767549505,
    "mean": 64.16241098960808,
    "std": 146.68088764517475
  }
}