{
  "f0_hash": "5a4542a8c6b090934595e2820e8d2da3c8cb15581df3919894c0ff5cbc534918",
  "f1_hash": "a9fdbc2a60930965f265f88bf3394b0793401af29b07567a75afb65a521e54d0",
  "f0_stats": {
    "shape": [
      5
    ],
    "size": 5,
    "min": 0.42963922878578276,
    "max": 175.2697580872568,
    "mean": 36.49853134185539,
    "std": 69.39621387817084
  },
  "f1_stats": {
    "shape": [
      15
    ],
    "size": 15,
    "min": 0.011454885614655907,
    "max": 504.5071453054238,
    "mean": 70.20936297071755,
    "std": 159.3680479713659
  }
}