{
  "count": 110,
  "ids_hash": "ba551b18ab98209a6a112a9ad2767c5f73e4c5d1614ccb2376a244eb2f383522",
  "coords_hash": "238b3a773573688d387c10429c5c96cdca30f53dc9a125bf5b494c40bfdf7599",
  "coords_stats": {
    "shape": [
      110,
      3
    ],
    "size": 330,
    "min": -13.305999755859375,
    "max": 56.72700119018555,
    "mean": 12.745575805002767,
    "std": 26.45791077112764
  }
}