{
  "count": 92,
  "ids_hash": "9ddaddec9c060dd82d113116744a1cb911d269f64d0688526283bc7b452b9994",
  "coords_hash": "996f93a1b806e005109ce62f1afd8bfcd3dad63a2111ee3df63feee2439ea129",
  "coords_stats": {
    "shape": [
      92,
      3
    ],
    "size": 276,
    "min": 13.199000358581543,
    "max": 49.566001892089844,
    "mean": 30.069173902705096,
    "std": 9.663221367171708
  }
}