{
  "count": 103,
  "ids_hash": "04443a5e1d34b1646f15a49fd51cff235df0f9c4034448e9725fd95dbe699bb5",
  "coords_hash": "9fd73a5ef354d8826175d8c3b7abbf584cc00bb9bb756c903536f2b55b18863a",
  "coords_stats": {
    "shape": [
      103,
      3
    ],
    "size": 309,
    "min": -22.615999221801758,
    "max": 60.37900161743164,
    "mean": 16.76631708206868,
    "std": 28.450590903144125
  }
}