{
  "f0_hash": "2fa7f70c6a7ffd92e4b34cbd08823a61d05e17b42959b54d1204d123d31a32eb",
  "f1_hash": "7b955740aa2b670664433bcdb8bfffc1325950787b98f8c8af0aa8d48ed1687c",
  "f0_stats": {
    "shape": [
      5
    ],
    "size": 5,
    "min": 0.46473802756081406,
    "max": 176.60670578406393,
    "mean": 36.75358737286503,
    "std": 69.93677674943768
  },
  "f1_stats": {
    "shape": [
      15
    ],
    "size": 15,
    "min": 0.010076820705986478,
    "max": 519.62958484089,
    "mean": 71.3885577272783,
    "std": 164.29332857883432
  }
}