{
  "hash": "c6bdc7c808a44dcfa28b988556bba768a6af7e94f7c5ea4ea16cf27466376b90",
  "stats": {
    "shape": [
      108,
      108
    ],
    "size": 11664,
    "min": 0.0,
    "max": 15.689688021292355,
    "mean": 8.255144528656272,
    "std": 3.157221255001932
  }
}