{
  "count": 93,
  "ids_hash": "7fde2422109e1b0c033547cac13944cf14eebb54feabe1aaf33ed9a924c8061a",
  "coords_hash": "ad3c17b2696d86b25898d5f000a2841c3ed521bc185e44d787bdb985db3f3126",
  "coords_stats": {
    "shape": [
      93,
      3
    ],
    "size": 279,
    "min": -18.66900062561035,
    "max": 6.479000091552734,
    "mean": -6.293039418610086,
    "std": 5.628863280852816
  }
}