{
  "f0_hash": "e36845fa19310cbcc83f1f7b4b7a0c82d2e3fcfadcad8864096776465b7f364e",
  "f1_hash": "0da01ee7c52b65e4b875f39db938e9adf1f373275a51de6e7d55a199c72765ca",
  "f0_stats": {
    "shape": [
      5
    ],
    "size": 5,
    "min": 0.10755519829521742,
    "max": 82.7563429938506,
    "mean": 17.417250903213027,
    "std": 32.67361233814761
  },
  "f1_stats": {
    "shape": [
      15
    ],
    "size": 15,
    "min": 0.01142686624253253,
    "max": 149.9754598469846,
    "mean": 21.92348061188308,
    "std": 47.177448587958104
  }
}