{
  "count": 88,
  "ids_hash": "8e19feca6b06700f1a45413e5387b6d66b01f79bd63dd45f1fe7df7cd0005cfc",
  "coords_hash": "a8e8ec4b7a24d7456562fb8b702f89cd74f5e50071a13361760c9a6351b79a92",
  "coords_stats": {
    "shape": [
      88,
      3
    ],
    "size": 264,
    "min": -19.576000213623047,
    "max": 19.565000534057617,
    "mean": 4.125340911475095,
    "std": 12.821117511955556
  }
}