MODEL,PRED_DOCKQ
6R45_af2m,0.87738585
6R45,0.058307644
