MODEL,PRED_DOCKQ
5CHX_af2m,0.5698008
5CHX,0.18921353
