{
  "f0_hash": "cc1c9dcbc73e4b85ed63082f46d7b418d32706b9fa9edee45a7d3597b8bc27ed",
  "f1_hash": "2450f9792080c114bc6f743ba7a667ca59eff6fb3098921f2470503993228c17",
  "f0_stats": {
    "shape": [
      5
    ],
    "size": 5,
    "min": 0.5192015540963554,
    "max": 151.86892695030187,
    "mean": 31.805295721346518,
    "std": 60.04190300696041
  },
  "f1_stats": {
    "shape": [
      15
    ],
    "size": 15,
    "min": 0.010462883088711905,
    "max": 475.0660356430531,
    "mean": 65.69856291971787,
    "std": 151.61110635118078
  }
}