{
  "hash": "a6d4e3a3fd497a2a06b295364787bc35622567f5ee8c7d41fbb48b876dd21d9f",
  "stats": {
    "shape": [
      115,
      115
    ],
    "size": 13225,
    "min": 0.0,
    "max": 15.690036948332711,
    "mean": 7.8445527184574155,
    "std": 2.9637271643811656
  }
}