{
  "count": 118,
  "ids_hash": "5341b39771579e4c7ec249678e71ebd43a584e9744b05d21b6fb2777914814c1",
  "coords_hash": "7281cd20dd0ca5ebfe50eb5ec41b66a8e542885d9030ce602eb2428163996451",
  "coords_stats": {
    "shape": [
      118,
      3
    ],
    "size": 354,
    "min": -26.549999237060547,
    "max": 27.466999053955078,
    "mean": 6.86816384159239,
    "std": 19.0712577530253
  }
}