{
  "f0_hash": "cefad0e172398928521c95cbd701cb1c5dab517de454da215fa4c4b0db9d673e",
  "f1_hash": "e072d865de3cc5fb30adb7da9962778a36c591d8692aaccd7ca6762cf3bfc058",
  "f0_stats": {
    "shape": [
      5
    ],
    "size": 5,
    "min": 0.5280162732733349,
    "max": 137.59004044980412,
    "mean": 28.962769270929595,
    "std": 54.3253860378095
  },
  "f1_stats": {
    "shape": [
      15
    ],
    "size": 15,
    "min": 0.010652710040411684,
    "max": 375.86241934060473,
    "mean": 52.91852186918824,
    "std": 119.59831728010639
  }
}