{
  "f0_hash": "083f1cb71b257a0398088a1e1b52ab58be55118ac354cd96b5260723bcc5bdb3",
  "f1_hash": "b66b09bb187b451d7f1f91ce02ba58def335b92f4d1cd1a9a6e43b35bdb8e16a",
  "f0_stats": {
    "shape": [
      5
    ],
    "size": 5,
    "min": 0.6106622728727094,
    "max": 150.82637031660448,
    "mean": 31.728614370963378,
    "std": 59.562850131537665
  },
  "f1_stats": {
    "shape": [
      15
    ],
    "size": 15,
    "min": 0.010025008736906926,
    "max": 454.59357882611795,
    "mean": 63.18035552880214,
    "std": 144.24972899737975
  }
}