{
  "count": 112,
  "ids_hash": "e5e8d1c581fcdaa0a69ca9fc1e21bf4f556488972fe6d89be2d8d5c6d56dc537",
  "coords_hash": "f5d81015ec80aec7ae17cac16be036e0ef61635e545d60b14dad4add3e7bccce",
  "coords_stats": {
    "shape": [
      112,
      3
    ],
    "size": 336,
    "min": -20.493999481201172,
    "max": 21.638999938964844,
    "mean": -0.27379763815995484,
    "std": 12.648018697775303
  }
}