{
  "count": 114,
  "ids_hash": "062b2b84a4e8cbb0e1758603d3a1d578af536bd7f5c4ec6063d7bae39a1704ca",
  "coords_hash": "40b5cc2a8bd271fd6b30f7806cbb26c0e1822b24e7f50b8e6d2de0782b250330",
  "coords_stats": {
    "shape": [
      114,
      3
    ],
    "size": 342,
    "min": 12.756999969482422,
    "max": 60.43600082397461,
    "mean": 33.18434798090082,
    "std": 14.18509824160286
  }
}