{
  "hash": "fe45a9b46763e7a137a930ff0e0dbfecd2125079a13a390cb3d7a5be331ccae9",
  "stats": {
    "shape": [
      108,
      108
    ],
    "size": 11664,
    "min": 0.0,
    "max": 15.377566294742733,
    "mean": 7.959223427504503,
    "std": 3.034033325508452
  }
}