{
  "f0_hash": "d280acc7af87daa91b782c43f3f8a9a2082586b7d2790eb0f10c35045ef33b5d",
  "f1_hash": "6f98591bc61bf2f5a127b13ac4971e44239e9b96c82a94044093e066d6aff7be",
  "f0_stats": {
    "shape": [
      5
    ],
    "size": 5,
    "min": 0.7029107695339823,
    "max": 122.17149698138141,
    "mean": 26.047111782497232,
    "std": 48.079754796067725
  },
  "f1_stats": {
    "shape": [
      15
    ],
    "size": 15,
    "min": 0.010666845707688388,
    "max": 313.1063168934035,
    "mean": 45.5574457611918,
    "std": 99.45311732899505
  }
}