{
  "f0_hash": "bf241951b02a7356dfb725f416c2560f4abe56e1a36988bb14a3270587fda94b",
  "f1_hash": "935df00ddcb7d25596ce67e5ee90b635fdcc1ff5bf2d3a1a6b6ea95da7c1b3b1",
  "f0_stats": {
    "shape": [
      5
    ],
    "size": 5,
    "min": 0.49678737518868943,
    "max": 169.78045827411353,
    "mean": 35.491005243499075,
    "std": 67.16182579429815
  },
  "f1_stats": {
    "shape": [
      15
    ],
    "size": 15,
    "min": 0.010061389191053038,
    "max": 528.2358109575353,
    "mean": 73.20755630320248,
    "std": 168.25047616331995
  }
}