{
  "count": 122,
  "ids_hash": "65bf2da5de2435d951e3da167eb6fbc897fb1aaf7bd24aa9892038dd16e726fb",
  "coords_hash": "12cd7222ee8e020f156b42749c5d42228dc2103e66a79dbfb8125f5ff61582f9",
  "coords_stats": {
    "shape": [
      122,
      3
    ],
    "size": 366,
    "min": -8.045999526977539,
    "max": 34.52000045776367,
    "mean": 16.665879805669025,
    "std": 13.193538801439978
  }
}