{
  "f0_hash": "001cf33d8e4ef8627c7570aa771eb866ac2175f44ff578ec2ca37a303229bf86",
  "f1_hash": "1ba6e692a3ea5e35ae5ca7dc8898e17d088c8635ed76e4f27b3ee37b48d30b98",
  "f0_stats": {
    "shape": [
      5
    ],
    "size": 5,
    "min": 0.47442186880393444,
    "max": 127.74846416324257,
    "mean": 26.938782383141376,
    "std": 50.41625560372079
  },
  "f1_stats": {
    "shape": [
      15
    ],
    "size": 15,
    "min": 0.010405662569287877,
    "max": 337.3062764900481,
    "mean": 48.86048029263624,
    "std": 107.1299938239265
  }
}