MODEL,PRED_DOCKQ
3C24_af2m,0.7772771
3C24,0.72173154
