MODEL,PRED_DOCKQ
4L08,0.9117618
4L08_af2m,0.8847184
