{
  "f0_hash": "a4775864015d89d7e7dca0355a41880c2b2e6cb474197b45558d1148a403126d",
  "f1_hash": "74925b9c4d876b8dc592ac0251b90b311433568c4661e3c3812a24d663e7537b",
  "f0_stats": {
    "shape": [
      5
    ],
    "size": 5,
    "min": 0.5457018580507145,
    "max": 164.96402099831795,
    "mean": 34.497852419517976,
    "std": 65.24454897257525
  },
  "f1_stats": {
    "shape": [
      15
    ],
    "size": 15,
    "min": 0.010724348941083761,
    "max": 460.8816525367927,
    "mean": 65.15373375979536,
    "std": 145.4860061626659
  }
}