MODEL,PRED_DOCKQ
4NWO_af2m,0.85888803
4NWO,0.77487236
