{
  "count": 95,
  "ids_hash": "207ce1628a932f2f4383b16aa8c315cc3ba5f61a02485a8e7be7114b3c103b13",
  "coords_hash": "12cae265bb958a37d212ed2cd586375f46ecf8e82c724de4e0870c2b67585b4f",
  "coords_stats": {
    "shape": [
      95,
      3
    ],
    "size": 285,
    "min": -16.68600082397461,
    "max": 46.80500030517578,
    "mean": 9.657140426203739,
    "std": 22.256952965305572
  }
}