{
  "count": 122,
  "ids_hash": "d129853ebd0b86ada54e18e975d08d825bddbcc36754129083ac7f6c3cad908a",
  "coords_hash": "70af5145c635f525f3ff772791829304ab3f0a501288f53e8214f043fd14c27c",
  "coords_stats": {
    "shape": [
      122,
      3
    ],
    "size": 366,
    "min": -41.17300033569336,
    "max": 21.045000076293945,
    "mean": -3.239647548706805,
    "std": 21.543748329614946
  }
}