{
  "count": 82,
  "ids_hash": "4d48aa2227844fe7f3614f6a47f65be6355d21aa1143cdde86b63b7a6645b141",
  "coords_hash": "124a0830cb206cbb025f81a33d866d0747688ecbfceea24664e38f28e36c563c",
  "coords_stats": {
    "shape": [
      82,
      3
    ],
    "size": 246,
    "min": -85.88500213623047,
    "max": 69.6510009765625,
    "mean": -15.252536758174742,
    "std": 59.53036153000921
  }
}