{
  "f0_hash": "e7b6ce23d06f08cae295b3e7bbea3d1cfbfc535bcc2b417e3e17897228aef57c",
  "f1_hash": "a8c502d0c4a94e1bdfbbba0a964038d08fb72ec1cfa6bae19f699cb13abc741c",
  "f0_stats": {
    "shape": [
      5
    ],
    "size": 5,
    "min": 0.4810675031009984,
    "max": 163.24433496007737,
    "mean": 33.9138943606737,
    "std": 64.6763143635804
  },
  "f1_stats": {
    "shape": [
      15
    ],
    "size": 15,
    "min": 0.010328888516128565,
    "max": 490.5931113118387,
    "mean": 68.20518466822196,
    "std": 155.02965073556248
  }
}