{
  "f0_hash": "d3530f84257d37d727cb79d1da4fcdb00b661a7d57a6c2f89767e9091dad7cf8",
  "f1_hash": "62f2b36ca524972be133bd71557ca10e39b9000810660b7c0ffcb63ac0940cf1",
  "f0_stats": {
    "shape": [
      5
    ],
    "size": 5,
    "min": 0.6004377287356093,
    "max": 112.66668637667163,
    "mean": 24.043670996920362,
    "std": 44.327907422437946
  },
  "f1_stats": {
    "shape": [
      15
    ],
    "size": 15,
    "min": 0.010416928735994091,
    "max": 283.9495867596656,
    "mean": 40.36253076038883,
    "std": 90.17181308926077
  }
}