{
  "hash": "85970fa14a26ae360f18a3baf2ceb6d28c9fff2e981c9bef3f31b5d9e1e1377b",
  "stats": {
    "shape": [
      90,
      90
    ],
    "size": 8100,
    "min": 0.0,
    "max": 14.563421170342025,
    "mean": 7.12962820024525,
    "std": 2.9422743221778083
  }
}