{
  "f0_hash": "33480fc25dabe53ce86da93a2483ee1fce8375a94399c2f443aaedbe952838cb",
  "f1_hash": "aad14c706e145ebe8915c8db035bbabdb48a4dffaf721558b068f85440644017",
  "f0_stats": {
    "shape": [
      5
    ],
    "size": 5,
    "min": 0.41246509510749757,
    "max": 139.93402145553358,
    "mean": 29.23050996098298,
    "std": 55.35840336866065
  },
  "f1_stats": {
    "shape": [
      15
    ],
    "size": 15,
    "min": 0.010966364553567587,
    "max": 427.91877132931654,
    "mean": 59.79723036721157,
    "std": 136.70208608999306
  }
}