{
  "f0_hash": "9be24587939d791dfb5f89e605b2fe4ee88b472e9fbca059a4fec5818fe8f64c",
  "f1_hash": "bd31ac2342054822cebef3fceb4181f865837263b5eefcdd5bdb085284bf0de9",
  "f0_stats": {
    "shape": [
      5
    ],
    "size": 5,
    "min": 0.339500425893439,
    "max": 122.36827524563799,
    "mean": 25.675421444371523,
    "std": 48.353834789902564
  },
  "f1_stats": {
    "shape": [
      15
    ],
    "size": 15,
    "min": 0.01380756986942,
    "max": 279.4585478748917,
    "mean": 38.94138200234995,
    "std": 88.05675306855164
  }
}