{
  "hash": "4ba05634a5e67e628e8e1eec14dbe65f00d973cbd9121fbea734e81695193306",
  "stats": {
    "shape": [
      61,
      61
    ],
    "size": 3721,
    "min": 0.0,
    "max": 14.9333447646087,
    "mean": 6.765914199279293,
    "std": 2.889000164204943
  }
}