{
  "hash": "599598f5c05245d58617da4a1c3fd6adebb12db92abed96414e3e6505869a365",
  "stats": {
    "shape": [
      68,
      68
    ],
    "size": 4624,
    "min": 0.0,
    "max": 14.665380215624873,
    "mean": 6.781984459242733,
    "std": 2.9429265765016055
  }
}