MODEL,PRED_DOCKQ
1OQE_af2m,0.86147183
1OQE,0.42926335
