MODEL,PRED_DOCKQ
2PIG_af2m,0.049348895
2PIG,0.009947406
