{
  "hash": "915958505301d278659917ec3569817e497d6cdbc3436a37883dc5c157d90205",
  "stats": {
    "shape": [
      114,
      114
    ],
    "size": 12996,
    "min": 0.0,
    "max": 15.616360596605922,
    "mean": 7.97487611743487,
    "std": 3.1106558072735
  }
}