{
  "f0_hash": "455d9bc266c87d9a00848dd07f75e51ccf35704a7f81eed8ea253e197f3d3b41",
  "f1_hash": "52c6919ec491bfe6fd32ccf87f9f6ff25c3dae7e1cd7b8487ef2b455aaa2cfff",
  "f0_stats": {
    "shape": [
      5
    ],
    "size": 5,
    "min": 0.6694450716558986,
    "max": 132.49234612791201,
    "mean": 28.27936376797935,
    "std": 52.132880131600906
  },
  "f1_stats": {
    "shape": [
      15
    ],
    "size": 15,
    "min": 0.01018575902606944,
    "max": 373.19346053758125,
    "mean": 52.89860013349649,
    "std": 118.10516917529486
  }
}