{
  "f0_hash": "8e10cdc8020feec13032741ec5de6073627ad3a203e66d085ca775a819e0bf59",
  "f1_hash": "fedc0b734b7cfb73f59e67cb09e5bb96227d8744b93b928f144ede6aeac9d5ba",
  "f0_stats": {
    "shape": [
      5
    ],
    "size": 5,
    "min": 0.41514463814792774,
    "max": 144.58401534367263,
    "mean": 30.268092576354142,
    "std": 57.16762111995914
  },
  "f1_stats": {
    "shape": [
      15
    ],
    "size": 15,
    "min": 0.011999278478087572,
    "max": 387.8750594682743,
    "mean": 53.929473849612,
    "std": 123.51868543786107
  }
}