{
  "f0_hash": "dfa883ea2ee3b22597af2a5947d93cd24299feaa3c27dd2f3aaa9c3fa5b49b75",
  "f1_hash": "dc8d85252713058705bde64813a4a01a58531085638881176d5a8c2fc6c4498c",
  "f0_stats": {
    "shape": [
      5
    ],
    "size": 5,
    "min": 0.3809876918844932,
    "max": 150.16120638644665,
    "mean": 31.274840913631284,
    "std": 59.44995094642111
  },
  "f1_stats": {
    "shape": [
      15
    ],
    "size": 15,
    "min": 0.011217004123536434,
    "max": 391.71109786197354,
    "mean": 54.74414331454588,
    "std": 123.3990619934583
  }
}