{
  "count": 71,
  "ids_hash": "bd230f258e5e6d6edac6d54b1e744da9b840ecf249e6b8c3cf17b2671b5371bd",
  "coords_hash": "9d816c94473c9c559469ddd339b62bdc147273e6b62dd56c7e1e207c4443106c",
  "coords_stats": {
    "shape": [
      71,
      3
    ],
    "size": 213,
    "min": 13.609000205993652,
    "max": 37.88999938964844,
    "mean": 26.621521116982045,
    "std": 5.656321536680033
  }
}