{
  "f0_hash": "c240267e5f0ccf1beb87030e64e3c417bba48dc5c6cbb33a522a55f97eccc29a",
  "f1_hash": "4f58adc3b15a3c69032fd8fd55ade21caed1ac24e9af111c28359fa5335566d2",
  "f0_stats": {
    "shape": [
      5
    ],
    "size": 5,
    "min": 0.5518379211466942,
    "max": 155.04192791767377,
    "mean": 32.54834928060202,
    "std": 61.26013949932504
  },
  "f1_stats": {
    "shape": [
      15
    ],
    "size": 15,
    "min": 0.013105164089552979,
    "max": 529.6736849790091,
    "mean": 73.8251323351521,
    "std": 168.9387016538126
  }
}