MODEL,PRED_DOCKQ
3CZ8_af2m,0.07855679
3CZ8,0.029229365
