{
  "f0_hash": "2b1ded41341770c8d2901a05199a121115110f9c6fa18e457865f3c98f67b1f9",
  "f1_hash": "db03ff6c3eae08bdc41c8d65648c1fbd84778b7d04fc6df1bb91506b11670eec",
  "f0_stats": {
    "shape": [
      5
    ],
    "size": 5,
    "min": 0.39446326898111383,
    "max": 119.69353045862212,
    "mean": 25.261205473139334,
    "std": 47.22737639635274
  },
  "f1_stats": {
    "shape": [
      15
    ],
    "size": 15,
    "min": 0.01205927212789959,
    "max": 299.21955818475817,
    "mean": 41.65125966310761,
    "std": 95.74751570871597
  }
}