{
  "hash": "83261f56211d3ebc934f8aa8200bf6f04679ed5c1e977c1c3e49597c9dc09825",
  "stats": {
    "shape": [
      65,
      65
    ],
    "size": 4225,
    "min": 0.0,
    "max": 15.484804517234009,
    "mean": 7.0794921491384,
    "std": 2.9848634824915345
  }
}