MODEL,PRED_DOCKQ
4C0S_af2m,0.07051595
4C0S,0.0033188565
