{
  "count": 180,
  "ids_hash": "cd1ea96b65c3c299b3f4d4c7cf1611b535aea171aa0544f0a2f7bf536d1f3475",
  "coords_hash": "c67db7e1c831539cb15abf09467258f19af0b59271577bfbf6456d398025a2a9",
  "coords_stats": {
    "shape": [
      180,
      3
    ],
    "size": 540,
    "min": -0.625,
    "max": 29.98699951171875,
    "mean": 16.264309275853964,
    "std": 7.599820764894952
  }
}