{
  "hash": "cea6f3e32744f01bf612883f6faee009fa2619f375cfb0fb1fcfede172433bbe",
  "stats": {
    "shape": [
      91,
      91
    ],
    "size": 8281,
    "min": 0.0,
    "max": 15.731422452668134,
    "mean": 7.636608741463949,
    "std": 3.13621042367417
  }
}