{
  "count": 62,
  "ids_hash": "7dfb9379aec82a9b488a5d494a3aa15695959fa8b3da7ad8d1d817a2d5e1964d",
  "coords_hash": "5e38f471f38437db6f711f082f2f58ed3c34c448baa88875340498357d265bc8",
  "coords_stats": {
    "shape": [
      62,
      3
    ],
    "size": 186,
    "min": -26.600000381469727,
    "max": 33.268001556396484,
    "mean": 2.789284987515339,
    "std": 19.811537027560618
  }
}