{
  "count": 112,
  "ids_hash": "dbcd4ff4a78be49e7bdeeec972d5936f599768714d39fbbbea80c301b8aa0300",
  "coords_hash": "ca6a336bead44f88975b0d86d1371eca299ca4360fcf038012f9888a3ce78034",
  "coords_stats": {
    "shape": [
      112,
      3
    ],
    "size": 336,
    "min": -20.493999481201172,
    "max": 21.638999938964844,
    "mean": -0.27379763815995484,
    "std": 12.648018697775303
  }
}