{
  "count": 75,
  "ids_hash": "a0312c3bef5bbb9a4f9eda1588492e18df283afec5c68c8c6baa6962a7467f84",
  "coords_hash": "cd88b20404c6471950415d0f13cd21607d954468463ecf3d6b78409a4c4782d3",
  "coords_stats": {
    "shape": [
      75,
      3
    ],
    "size": 225,
    "min": -25.163999557495117,
    "max": 37.59000015258789,
    "mean": 5.221284435184465,
    "std": 21.38294612799009
  }
}