{
  "count": 112,
  "ids_hash": "21d60b8fd76d9864c791e1b8b26a4577b29acf39965e7378e08379ef1f53930f",
  "coords_hash": "d6f9ccdac14bca559280769d3e71118fcfbfac02139b5da22a4537def86448e2",
  "coords_stats": {
    "shape": [
      112,
      3
    ],
    "size": 336,
    "min": 0.07800000160932541,
    "max": 88.26799774169922,
    "mean": 38.67708333260158,
    "std": 30.811755020805528
  }
}