{
  "hash": "6800cc6937cae4b88e2f1ff9767791432338363532a2c72a66e55da881305934",
  "stats": {
    "shape": [
      112,
      112
    ],
    "size": 12544,
    "min": 0.0,
    "max": 15.317205806122956,
    "mean": 7.954339814801717,
    "std": 3.0197369104998146
  }
}