{
  "f0_hash": "98fdaea9dcf8a3bd2911c2eb789d4ad73f323277eaa772521a013e36206595fc",
  "f1_hash": "aad77502715117e6c36e4b6638be8d571e39b0be0c5cb6416cb82c129b133ebb",
  "f0_stats": {
    "shape": [
      5
    ],
    "size": 5,
    "min": 0.48640809645897526,
    "max": 170.46001334453828,
    "mean": 35.48730978520501,
    "std": 67.49505493395426
  },
  "f1_stats": {
    "shape": [
      15
    ],
    "size": 15,
    "min": 0.010108834399715771,
    "max": 502.94093752205464,
    "mean": 69.513027937899,
    "std": 159.38453429973038
  }
}