{
  "count": 118,
  "ids_hash": "fa6f1fa13a7639c67371da8980ee0ef6b20690f4e84424567d2fab85202b2c75",
  "coords_hash": "f16c060ff1aa9ebfe31511d4f9fafcfde7980bc850312e0eda6da78e77009269",
  "coords_stats": {
    "shape": [
      118,
      3
    ],
    "size": 354,
    "min": -26.549999237060547,
    "max": 27.466999053955078,
    "mean": 6.86816384159239,
    "std": 19.0712577530253
  }
}