{
  "hash": "00bbeaa31140b91136a8e31ef87697be7124e1b183d900bb5fb4f382f71e09e9",
  "stats": {
    "shape": [
      59,
      59
    ],
    "size": 3481,
    "min": 0.0,
    "max": 14.805593902655202,
    "mean": 6.926261274754381,
    "std": 2.973096401327175
  }
}