{
  "f0_hash": "bafe78c91f0cc058fde5e94166bb21b0ec969f60f693eaf040247ef6a429bdd5",
  "f1_hash": "7fc30bbe82af9f9d7a9e0c7d657d62e97891b3f686af7967139c4176aa346beb",
  "f0_stats": {
    "shape": [
      5
    ],
    "size": 5,
    "min": 0.5611023216812246,
    "max": 160.75676721489336,
    "mean": 33.59663248647211,
    "std": 63.58964049221033
  },
  "f1_stats": {
    "shape": [
      15
    ],
    "size": 15,
    "min": 0.010883386746948887,
    "max": 467.55230321543684,
    "mean": 64.49301065153435,
    "std": 149.16041689887453
  }
}