MODEL,PRED_DOCKQ
2VLQ_af2m,0.8073299
2VLQ,0.05870776
