MODEL,PRED_DOCKQ
3H8L_af2m,0.006475685
3H8L,0.003485643
