MODEL,PRED_DOCKQ
1XX6_af2m,0.6706357
1XX6,0.014497781
