{
  "hash": "3851c8dbfa7df896f0e7f90320708499f56cb76b493e64bc950d1bcd0b432515",
  "stats": {
    "shape": [
      112,
      112
    ],
    "size": 12544,
    "min": 0.0,
    "max": 15.834513809372995,
    "mean": 8.07565117127305,
    "std": 3.106288863802025
  }
}