{
  "f0_hash": "db783ca0370897180286b284101906cce63a8272c7a82f0e6feb172a2d006d1d",
  "f1_hash": "b148df561d9c3b03ff807697b3461881a46fc6a06fb3e1c676b197bc78d87753",
  "f0_stats": {
    "shape": [
      5
    ],
    "size": 5,
    "min": 0.5254977871656121,
    "max": 173.61705535550098,
    "mean": 36.14936875053389,
    "std": 68.74210485851442
  },
  "f1_stats": {
    "shape": [
      15
    ],
    "size": 15,
    "min": 0.01154648808748071,
    "max": 550.7745348992012,
    "mean": 76.06222892957359,
    "std": 173.55253076294233
  }
}