MODEL,PRED_DOCKQ
6C6N_af2m,0.682829
6C6N,0.15561482
