{
  "hash": "0b903f9dd9f169580bebad66a478ad25682aee95fdad7fa32ca0ec8734bba070",
  "stats": {
    "shape": [
      107,
      107
    ],
    "size": 11449,
    "min": 0.0,
    "max": 15.338277809509416,
    "mean": 8.10716428283973,
    "std": 3.115882489106537
  }
}