{
  "f0_hash": "7068ebe8539f341b7ef1fedd16a1d659784371e8c86560c37c082b06b786cb5b",
  "f1_hash": "5635c510feb3896d3264960a65c36032f34caea0f85af37ae4bba194437858e3",
  "f0_stats": {
    "shape": [
      5
    ],
    "size": 5,
    "min": 0.5602654247097957,
    "max": 155.69975224181542,
    "mean": 32.58457899502588,
    "std": 61.5674791819319
  },
  "f1_stats": {
    "shape": [
      15
    ],
    "size": 15,
    "min": 0.010883386746948887,
    "max": 429.61818211443114,
    "mean": 59.31464231683643,
    "std": 136.45354514087805
  }
}