{
  "hash": "0c1ada970eb45569a3580420d42081219f6ba746929c93cc8d96f6d462b74d9d",
  "stats": {
    "shape": [
      81,
      81
    ],
    "size": 6561,
    "min": 0.0,
    "max": 14.954536683167676,
    "mean": 7.042377500975526,
    "std": 2.8779498174688163
  }
}