{
  "hash": "7e454a1b902c925b00ffe25fb8938a01ae9bf06bd544ec204a19ef8d54a31cb2",
  "stats": {
    "shape": [
      111,
      111
    ],
    "size": 12321,
    "min": 0.0,
    "max": 15.410260435443723,
    "mean": 7.965669457480422,
    "std": 3.0284467927413976
  }
}