{
  "hash": "0c3054d93709301f35c85bf6aeec65f035d52dc3d1f949c9d966fd2aec5ecc68",
  "stats": {
    "shape": [
      97,
      97
    ],
    "size": 9409,
    "min": 0.0,
    "max": 15.583455301221099,
    "mean": 7.9703316613794595,
    "std": 3.2105744210991602
  }
}