{
  "hash": "5e028df1dc6d95e90817cab9fe34a1bbb973c50a5fd93b3c5510f7859a19119d",
  "stats": {
    "shape": [
      83,
      83
    ],
    "size": 6889,
    "min": 0.0,
    "max": 15.477820306210354,
    "mean": 7.446148406488533,
    "std": 3.0531100154712405
  }
}