MODEL,PRED_DOCKQ
5KH0_af2m,0.75795394
5KH0,0.46156916
