MODEL,PRED_DOCKQ
2WFH_af2m,0.86865085
2WFH,0.019644786
