{
  "hash": "d761159520ceeaca220f7c31d5b9d3ebe7aa6d8f905bc01fef2b468e42f60c33",
  "stats": {
    "shape": [
      77,
      77
    ],
    "size": 5929,
    "min": 0.0,
    "max": 15.593189408857464,
    "mean": 7.455653709433158,
    "std": 3.063314532357809
  }
}