{
  "hash": "5ea526353507a678d3df821fb58a35d27bffe322450610e8b30ba2d3f25b10e7",
  "stats": {
    "shape": [
      63,
      63
    ],
    "size": 3969,
    "min": 0.0,
    "max": 15.142264258736658,
    "mean": 6.765352308066939,
    "std": 2.9973776655489957
  }
}