MODEL,PRED_DOCKQ
3FBI,0.84341204
3FBI_af2m,0.6375265
