{
  "hash": "adc36c104e8e2c1cba004469d63932a3cae6c5c027944f790692b4baa171694a",
  "stats": {
    "shape": [
      96,
      96
    ],
    "size": 9216,
    "min": 0.0,
    "max": 15.238777796009506,
    "mean": 7.771919410531859,
    "std": 3.041246294664766
  }
}