{
  "f0_hash": "a66f76dc19c4f6d4bd12356f113574d63264a4663631d20cd2969969368992f7",
  "f1_hash": "4343d38180283e32cde35d8b56fba6989ac1bbf090e20001300413440485e39c",
  "f0_stats": {
    "shape": [
      5
    ],
    "size": 5,
    "min": 0.42092422796374734,
    "max": 124.18844186415998,
    "mean": 26.1688616220151,
    "std": 49.0198923522161
  },
  "f1_stats": {
    "shape": [
      15
    ],
    "size": 15,
    "min": 0.010628103524528143,
    "max": 349.50377575809705,
    "mean": 48.72357375096352,
    "std": 111.77550972266334
  }
}