{
  "count": 98,
  "ids_hash": "338f427331772d13f6c2eecc12e7999303d8e3b618ed054aff02869e933b5c84",
  "coords_hash": "25706d14ce1e9c7fd1fc0a951943de727e4f97c6334fafa26c6904a6484b00de",
  "coords_stats": {
    "shape": [
      98,
      3
    ],
    "size": 294,
    "min": -15.300000190734863,
    "max": 17.836999893188477,
    "mean": 2.168693881925373,
    "std": 8.701740975309924
  }
}