{
  "count": 82,
  "ids_hash": "84e739d1f7934bfd17abfe19d7628b022de9a6c1ed95e51abeac709ed4b4464c",
  "coords_hash": "ae31df2b7a5d66fd54ed3a58c8d6a0941e3f67c337455550f8fe0717f49c80f7",
  "coords_stats": {
    "shape": [
      82,
      3
    ],
    "size": 246,
    "min": -4.056000232696533,
    "max": 114.4990005493164,
    "mean": 51.45138212226755,
    "std": 43.796804998961115
  }
}