{
  "hash": "e0860efedafbd3eac85a314a3632ac7a49637f467569116a2a79ef522f78a760",
  "stats": {
    "shape": [
      78,
      78
    ],
    "size": 6084,
    "min": 0.0,
    "max": 15.653894677393845,
    "mean": 7.777195047216929,
    "std": 3.3251078839625423
  }
}