{
  "count": 78,
  "ids_hash": "0bce564f826c302ef6e50270316373c262d6585cd039670f184628582323c01d",
  "coords_hash": "9b31cdd4ede0da3334f85f6f1ecff724867f2b0b4178fd40aad5cd1933fda06f",
  "coords_stats": {
    "shape": [
      78,
      3
    ],
    "size": 234,
    "min": -34.73500061035156,
    "max": 55.66400146484375,
    "mean": 10.937354662479498,
    "std": 31.608837435363682
  }
}