{
  "hash": "e8a788da10c59e4cfc603d2e5f8b386827105e9f3c9e6f73b8e369c84b0999e8",
  "stats": {
    "shape": [
      102,
      102
    ],
    "size": 10404,
    "min": 0.0,
    "max": 15.536445789656963,
    "mean": 8.058510443753717,
    "std": 3.0666210056025016
  }
}