{
  "count": 99,
  "ids_hash": "bdad77b8bf4fc863fe4a223474b84560223c2e2ba93d1aadaccdf7b32332c076",
  "coords_hash": "508826b5adf0b6687fb660fe08f223317281a1f131684995c6796e424557b860",
  "coords_stats": {
    "shape": [
      99,
      3
    ],
    "size": 297,
    "min": -7.308000087738037,
    "max": 16.724000930786133,
    "mean": 6.022451188841753,
    "std": 5.543611551142735
  }
}