{
  "hash": "b8a02aabfb588cf91e748f06131a3d9f92e8c983112accc7e09a99ca6a834e03",
  "stats": {
    "shape": [
      65,
      65
    ],
    "size": 4225,
    "min": 0.0,
    "max": 15.112032459927184,
    "mean": 7.441112969590359,
    "std": 3.1049091367853627
  }
}