{
  "count": 88,
  "ids_hash": "d309531f736cd913898e9e0cf2b28e18d60b564b063e96b694d98d4798f80d51",
  "coords_hash": "0a730a09ea1ce763552b1a60330f6292f118c07d6e57a5f20b0c497c4a500dfd",
  "coords_stats": {
    "shape": [
      88,
      3
    ],
    "size": 264,
    "min": -18.440000534057617,
    "max": 35.667999267578125,
    "mean": 5.115950752501234,
    "std": 17.80887756499411
  }
}