{
  "count": 78,
  "ids_hash": "79cd455ff053893f6f3949b37d01fb5770e4262d00d668e5417f630821f0796d",
  "coords_hash": "f96ebda0436e07bce4c9e21e5749a6b99a1372e61a0f57e36bf92a97de75925a",
  "coords_stats": {
    "shape": [
      78,
      3
    ],
    "size": 234,
    "min": 26.19700050354004,
    "max": 40.2239990234375,
    "mean": 33.54971787053296,
    "std": 3.2980293673886103
  }
}