MODEL,PRED_DOCKQ
3C3W_af2m,0.05845525
3C3W,0.006548959
