{
  "f0_hash": "61ea7bf7aaf183236d442bd38c769e029a3f765ecd4fbd12461d23e18d5aee4f",
  "f1_hash": "f419c8381e31af1ed131104641e839727e1da51ea77936d04af67ddbc74b42f7",
  "f0_stats": {
    "shape": [
      5
    ],
    "size": 5,
    "min": 0.4311892230642702,
    "max": 124.2776711863579,
    "mean": 26.23847997922717,
    "std": 49.03175530785106
  },
  "f1_stats": {
    "shape": [
      15
    ],
    "size": 15,
    "min": 0.013056880287578565,
    "max": 290.17085656479236,
    "mean": 41.87886312564482,
    "std": 91.52353184545896
  }
}