{
  "f0_hash": "663caf23a31aa370569c359ed03baa92c353e7882a971b50122d7c2799bedac6",
  "f1_hash": "0555940a7b34f87bd5753906210baa31f3bc810a0a9fdda269e7b307074d2a59",
  "f0_stats": {
    "shape": [
      5
    ],
    "size": 5,
    "min": 0.4747442708835375,
    "max": 163.47338371997415,
    "mean": 34.166653432400544,
    "std": 64.66508452226209
  },
  "f1_stats": {
    "shape": [
      15
    ],
    "size": 15,
    "min": 0.011393246604588292,
    "max": 462.1954500545667,
    "mean": 64.41959780786097,
    "std": 147.28808977189414
  }
}