MODEL,PRED_DOCKQ
4HW8_af2m,0.07920846
4HW8,0.0050241644
