{
  "count": 74,
  "ids_hash": "edc19359a72307276a6e42cbac9893a416888e497bcce6bb5e3a13aba16874f8",
  "coords_hash": "534e0205e47601aa0d34caab360740ecee3bdf16514d45a4b8a15e71d23c562c",
  "coords_stats": {
    "shape": [
      74,
      3
    ],
    "size": 222,
    "min": -34.61399841308594,
    "max": 51.82099914550781,
    "mean": 4.358144173201442,
    "std": 30.910952699752897
  }
}