{
  "hash": "b72864289e31e01babecfd9d84cca1b844d6d42d95cc8376560e71cde37f12d7",
  "stats": {
    "shape": [
      123,
      123
    ],
    "size": 15129,
    "min": 0.0,
    "max": 15.353176925626707,
    "mean": 8.010081597300468,
    "std": 3.033751496324492
  }
}