{
  "count": 106,
  "ids_hash": "561e829889f4e4ca4557c02037a700b937f5aa63ecccea412e2d9138a976c414",
  "coords_hash": "9dd6ca10b0fdf5fa44560c999377e93016ee4dfe88cc1eaf2663f629b70f4e57",
  "coords_stats": {
    "shape": [
      106,
      3
    ],
    "size": 318,
    "min": -41.944000244140625,
    "max": 23.44099998474121,
    "mean": -3.9623994302449734,
    "std": 22.376390809443233
  }
}