{
  "count": 82,
  "ids_hash": "bd93a54bb56c5c2b817ca2f7d923935a97ab2f8dea02662030a09d6a7b6ff231",
  "coords_hash": "b5dc2d732fa4b6c6d66960571ab2ffeabe13f7db4f0fd49ed0f239b14084d5ea",
  "coords_stats": {
    "shape": [
      82,
      3
    ],
    "size": 246,
    "min": 4.125999927520752,
    "max": 47.82400131225586,
    "mean": 26.371008144161564,
    "std": 12.748755553043097
  }
}