{
  "f0_hash": "1cc09ccd395508a2e8a1bd8b3e68e5c33d0bb7685b2e8adeba231e1d95c5e5d2",
  "f1_hash": "31de37bdadce5f042ce15563a701397c409d14e5e6f7f76d3b84cfce713a5c1d",
  "f0_stats": {
    "shape": [
      5
    ],
    "size": 5,
    "min": 0.2607408854975845,
    "max": 149.4962884809393,
    "mean": 31.00775176205231,
    "std": 59.25179724910236
  },
  "f1_stats": {
    "shape": [
      15
    ],
    "size": 15,
    "min": 0.01007682070598026,
    "max": 453.2591839224334,
    "mean": 63.42377091835059,
    "std": 145.1372604585597
  }
}