{
  "count": 67,
  "ids_hash": "fe808323b1251d51a81f53bcaf5c8b3e1f79cab0830d996c39827ce89531f3ae",
  "coords_hash": "8d11e05b871958507db4b7750a23c43a6e1e74fe5aac4fd18b4c22b93c11ba81",
  "coords_stats": {
    "shape": [
      67,
      3
    ],
    "size": 201,
    "min": -12.263999938964844,
    "max": 55.17900085449219,
    "mean": 23.764741258797656,
    "std": 21.74792604398263
  }
}