{
  "hash": "8a9e9e7763942747dfe0d8dff34c4d3dcab7ebb65c5c792b6a2e6e15fbfd723e",
  "stats": {
    "shape": [
      86,
      86
    ],
    "size": 7396,
    "min": 0.0,
    "max": 15.105147942494545,
    "mean": 7.834212440578029,
    "std": 3.084204630981219
  }
}