{
  "f0_hash": "b5001a8d44fe710434487fb26a49e0e925e20223fd5da343f7e504bfd4c8ce39",
  "f1_hash": "07762ba243bfa024c0b95a5a5eea5e4b3f0ed8136c7eb807ef6db0de24f5f380",
  "f0_stats": {
    "shape": [
      5
    ],
    "size": 5,
    "min": 0.41503376791695057,
    "max": 144.56709686441155,
    "mean": 30.00893703649649,
    "std": 57.2870915109153
  },
  "f1_stats": {
    "shape": [
      15
    ],
    "size": 15,
    "min": 0.010064021166483306,
    "max": 237.1701386313679,
    "mean": 33.69463167110302,
    "std": 73.47139326041456
  }
}