{
  "count": 68,
  "ids_hash": "dd9d4c9b1bbb8dceacd6daf27ad820ab33b5d87a8b95bdf907ff621a8d529eda",
  "coords_hash": "a2e19a57e8e9bf591201177409d33cad634c7ce0b5b71d2e63d5364e6ab0fba4",
  "coords_stats": {
    "shape": [
      68,
      3
    ],
    "size": 204,
    "min": -44.944000244140625,
    "max": 11.854999542236328,
    "mean": -15.712235342035545,
    "std": 18.464012084844818
  }
}