{
  "count": 202,
  "ids_hash": "042692cb730357822842224d26a1c6cbcc0d96ab9eddd655d8eac32903827170",
  "coords_hash": "57db1c43f47093f9748fb0c48fd372a4ed91ddfd27bea8b029c0ad3940de8e55",
  "coords_stats": {
    "shape": [
      202,
      3
    ],
    "size": 606,
    "min": -31.246000289916992,
    "max": 12.687999725341797,
    "mean": -14.178306933390799,
    "std": 14.142190774400397
  }
}