MODEL,PRED_DOCKQ
2I7R_af2m,0.8462002
2I7R,0.834727
