MODEL,PRED_DOCKQ
5FS4_af2m,0.8056288
5FS4,0.4008327
