{
  "f0_hash": "35842a8b7044b1c3ee2941919bd568dba74499ac4c807f9a97b3be9e6dfd05aa",
  "f1_hash": "61980c785f81241d0aaec44267d21a7d4d3efe7efec381b36c7c93884d58ddf6",
  "f0_stats": {
    "shape": [
      5
    ],
    "size": 5,
    "min": 0.30904723297208253,
    "max": 86.02405550551427,
    "mean": 18.482020880456528,
    "std": 33.785688683503636
  },
  "f1_stats": {
    "shape": [
      15
    ],
    "size": 15,
    "min": 0.012518062972660005,
    "max": 164.53784055408215,
    "mean": 23.99908382912182,
    "std": 52.05945115308599
  }
}