MODEL,PRED_DOCKQ
1XDT_af2m,0.81459135
1XDT,0.0046966556
