{
  "count": 53,
  "ids_hash": "e506a303a23fe6af9ca8f7cf220538cb0a38f12ff4090bf3d06dac0ba4266152",
  "coords_hash": "6d0ec3e2f469e87e56e3aff827456e634c5e30f910d43a07c9b2899839d15de5",
  "coords_stats": {
    "shape": [
      53,
      3
    ],
    "size": 159,
    "min": -38.83700180053711,
    "max": 33.301998138427734,
    "mean": -9.97316991458149,
    "std": 27.269777516786046
  }
}