{
  "count": 116,
  "ids_hash": "dc5b1ec668587f7645267c5a961ae48a7228ce95ba2af7933df1639c1a419c87",
  "coords_hash": "5f74cfc2cb6e507309dc480edd9048fa5f10d1caa8c63113b12ca6924c1ce943",
  "coords_stats": {
    "shape": [
      116,
      3
    ],
    "size": 348,
    "min": -28.44499969482422,
    "max": 29.708999633789062,
    "mean": 0.39027010451402816,
    "std": 18.400664400186376
  }
}