MODEL,PRED_DOCKQ
2PD0_af2m,0.88733655
2PD0,0.80266136
