{
  "hash": "1ed7a339011b7f6a71b3542372c13215bd8f1510aea5b7260b4e1c4b53e386fe",
  "stats": {
    "shape": [
      200,
      200
    ],
    "size": 40000,
    "min": 0.0,
    "max": 15.751795925941222,
    "mean": 7.886425841171253,
    "std": 3.0019469765384947
  }
}