{
  "f0_hash": "66490ce78b8d055f33c6f52d057f3de2735f529860dfb7dbc4a51f97996b2510",
  "f1_hash": "77f1ae4163b31ebc79b15cee12228d11543012ec770da9a6fb3021b219961c2a",
  "f0_stats": {
    "shape": [
      5
    ],
    "size": 5,
    "min": 0.5907747581832123,
    "max": 121.75070347226203,
    "mean": 25.997407576242285,
    "std": 47.89909709379107
  },
  "f1_stats": {
    "shape": [
      15
    ],
    "size": 15,
    "min": 0.01003277155296134,
    "max": 349.550595739262,
    "mean": 48.96545836386421,
    "std": 111.80000896858091
  }
}