{
  "hash": "d57e293f8757d6d612d772e591c7546b8b45b9f21ec43e53e1e9bc4e26e82e58",
  "stats": {
    "shape": [
      77,
      77
    ],
    "size": 5929,
    "min": 0.0,
    "max": 15.725568438870265,
    "mean": 8.013978934042594,
    "std": 3.238249496856039
  }
}