{
  "count": 134,
  "ids_hash": "466eac65b2b3455df5babfa86a9e2c1a552666c5a4e4e351585f641363f59d26",
  "coords_hash": "fef785bcbbeb657221b7d214cb5e6032a1b6b1a38ab5f1fb76867afe9c3a45aa",
  "coords_stats": {
    "shape": [
      134,
      3
    ],
    "size": 402,
    "min": -10.41100025177002,
    "max": 11.562999725341797,
    "mean": 0.00021393676010419185,
    "std": 4.294380578095001
  }
}