{
  "hash": "85b81b8ecadb953339a6aa61db4473127a7783d1a0f3b9ede7127128f057b008",
  "stats": {
    "shape": [
      88,
      88
    ],
    "size": 7744,
    "min": 0.0,
    "max": 15.694184009427515,
    "mean": 7.671025682915299,
    "std": 3.032026758773519
  }
}