{
  "hash": "c6fda1cb2a55074fed47f2435422f6d90a970a9d2d52ca94a3de9901a4741efb",
  "stats": {
    "shape": [
      89,
      89
    ],
    "size": 7921,
    "min": 0.0,
    "max": 15.395305084477526,
    "mean": 7.683694809776401,
    "std": 3.1144085916822677
  }
}