{
  "count": 199,
  "ids_hash": "4bdb43db08b5db2c5ace7d3f0170c28ce1d367876e7a45b677c969831a2c276c",
  "coords_hash": "b563648528ca78ba7a1fe6afd4e59952ae685624ff1346319b805474854f4466",
  "coords_stats": {
    "shape": [
      199,
      3
    ],
    "size": 597,
    "min": -18.979000091552734,
    "max": 10.387999534606934,
    "mean": -4.1204472229312135,
    "std": 7.009270757312455
  }
}