MODEL,PRED_DOCKQ
3IA7_af2m,0.115281746
3IA7,0.07368617
