{
  "f0_hash": "2c0b2ad660b51dea097a64267141737147bf11024340c8eace63d65270d43e56",
  "f1_hash": "cbd168de2c661ae22db1b2775af27ad2993a7f8ec6f2ae595f54e1785184f2f2",
  "f0_stats": {
    "shape": [
      5
    ],
    "size": 5,
    "min": 0.5328276784325108,
    "max": 89.44800233224525,
    "mean": 19.459196691064395,
    "std": 35.021315014746
  },
  "f1_stats": {
    "shape": [
      15
    ],
    "size": 15,
    "min": 0.011512614834315205,
    "max": 144.80432282677472,
    "mean": 22.412252848065396,
    "std": 44.65891989574949
  }
}