{
  "count": 85,
  "ids_hash": "00496e15fbfe19dde603254f5dff1172aee75b92d18ffcd8999125676e24788e",
  "coords_hash": "73bfe96b09c1b73c87f0d3477b1baec279c869447e03359f34e98922fe9ff2b7",
  "coords_stats": {
    "shape": [
      85,
      3
    ],
    "size": 255,
    "min": -13.618000030517578,
    "max": 47.77000045776367,
    "mean": 15.356160808241397,
    "std": 20.630864674576376
  }
}