{
  "f0_hash": "0aa91b4c9daabd69dd3efbbadd7b40749ff66d952d1de3a6e86e4aea73affafb",
  "f1_hash": "1be9fcc06303c58c7d803272c3d1dc644b108dd5c80a64e0e65fae11336d929c",
  "f0_stats": {
    "shape": [
      5
    ],
    "size": 5,
    "min": 0.6758946379004627,
    "max": 125.16169444830933,
    "mean": 26.548234850429246,
    "std": 49.31977159233956
  },
  "f1_stats": {
    "shape": [
      15
    ],
    "size": 15,
    "min": 0.011760848679605473,
    "max": 389.5751476244338,
    "mean": 54.43532842449383,
    "std": 124.37422969557657
  }
}