{
  "count": 101,
  "ids_hash": "8512edd88380bf0066656a3d33ac4ca3b3d0217692ef16fdf2aadc3f115ec7e0",
  "coords_hash": "f963aa6b7c30d9554647e49b46714fb28c4254c7ae8e4e9ed5b53775d40b95e0",
  "coords_stats": {
    "shape": [
      101,
      3
    ],
    "size": 303,
    "min": -2.5969998836517334,
    "max": 93.89600372314453,
    "mean": 41.30694719691678,
    "std": 34.74812320222138
  }
}