{
  "count": 77,
  "ids_hash": "cb6a762d0368554d6ab0c092db166bd7d6dd7a958c62daa1b9e7eb6e49c889eb",
  "coords_hash": "4a3b7d17306197894aab6564aad1d3f033fd15218ebc31cafd89cd9d5c60f4bb",
  "coords_stats": {
    "shape": [
      77,
      3
    ],
    "size": 231,
    "min": -26.70400047302246,
    "max": 29.67300033569336,
    "mean": 5.228077917387991,
    "std": 19.05316949045766
  }
}