{
  "hash": "735622887b8e281afe440e0287bde44bb7fd39c2c708c6e578baee095ba35e26",
  "stats": {
    "shape": [
      88,
      88
    ],
    "size": 7744,
    "min": 0.0,
    "max": 15.568252710418838,
    "mean": 7.575382466477286,
    "std": 3.053414048324885
  }
}