{
  "f0_hash": "b3b557c801f41c09cd6503571faaac2bf4f056f846f55f306f1711570f3c4f9b",
  "f1_hash": "536e00fc38d281f76fbfc4316492b6d6a7896c8a20f95691039cb408f0da2179",
  "f0_stats": {
    "shape": [
      5
    ],
    "size": 5,
    "min": 0.470596053127595,
    "max": 126.19332158216292,
    "mean": 26.5910906012822,
    "std": 49.81121768313542
  },
  "f1_stats": {
    "shape": [
      15
    ],
    "size": 15,
    "min": 0.01033580591802341,
    "max": 288.63551822176703,
    "mean": 40.79968008727431,
    "std": 91.47126255050613
  }
}