{
  "count": 86,
  "ids_hash": "bb22fd6a4474987057202637bc1fd6cd69107461baa0f7fb524c7ff10455d3a7",
  "coords_hash": "14e7929974a6606dfe7414e0a891c07df37b7a429c68c346f92c0770a34ad474",
  "coords_stats": {
    "shape": [
      86,
      3
    ],
    "size": 258,
    "min": -1.6380000114440918,
    "max": 32.81800079345703,
    "mean": 12.858224838105745,
    "std": 10.658178284384372
  }
}