MODEL,PRED_DOCKQ
3UW3,0.92871684
3UW3_af2m,0.8858012
