{
  "f0_hash": "d5aeae4d70cb6e7f87c8a76fff356aeed4f0f38ce9654702298830d300d5411a",
  "f1_hash": "0c37988ceb61796909c02da9579fe0195c0fa1fca659a5c86480205139332f8e",
  "f0_stats": {
    "shape": [
      5
    ],
    "size": 5,
    "min": 0.3264242376860125,
    "max": 117.58431396819269,
    "mean": 24.7877648175418,
    "std": 46.40865819916446
  },
  "f1_stats": {
    "shape": [
      15
    ],
    "size": 15,
    "min": 0.01239007162748429,
    "max": 275.98038768069546,
    "mean": 38.98034953878096,
    "std": 86.75058389062988
  }
}