{
  "count": 121,
  "ids_hash": "86ff1abf3532a9c89f11ef1701d50f3b90d26cfb82091707747f829929c24e08",
  "coords_hash": "954f570e1f3324aebb921511b414c728fefa29584f117a77565a7fc2ad8d6976",
  "coords_stats": {
    "shape": [
      121,
      3
    ],
    "size": 363,
    "min": 63.04499816894531,
    "max": 94.65599822998047,
    "mean": 78.27656206283359,
    "std": 8.23721873754186
  }
}