MODEL,PRED_DOCKQ
1QQ5_af2m,0.86242217
1QQ5,0.8436104
