MODEL,PRED_DOCKQ
3ALZ,0.7191505
3ALZ_af2m,0.034809195
