MODEL,PRED_DOCKQ
6C0G_af2m,0.86097413
6C0G,0.8537489
