{
  "hash": "0096501d852cc06c69a98e386cd5a2a6879188e1196659ce0f48eb0bec21ee88",
  "stats": {
    "shape": [
      115,
      115
    ],
    "size": 13225,
    "min": 0.0,
    "max": 15.41778534973159,
    "mean": 7.989809874722387,
    "std": 3.0448717046034193
  }
}