{
  "count": 49,
  "ids_hash": "4f20d76ee0fde391ec8f5c4854490faabcf1e8fa4a821491630cca4a98cdaf0e",
  "coords_hash": "d507a8c74ec7be854f61412ce85c854c0d0e9f4e3632654a28c535d8ade6ee13",
  "coords_stats": {
    "shape": [
      49,
      3
    ],
    "size": 147,
    "min": -31.458999633789062,
    "max": 44.540000915527344,
    "mean": -1.0768776977954269,
    "std": 27.680943545081686
  }
}