MODEL,PRED_DOCKQ
3PGZ,0.68440026
3PGZ_af2m,0.11454659
