{
  "count": 141,
  "ids_hash": "a009624196808d08a53a52cdfc608fff35227f7641719d625abc6cbbbd820b01",
  "coords_hash": "09f42518e86097b95aefc679d41b1668a7418d42b9229a38e9af0522c7d0a3b5",
  "coords_stats": {
    "shape": [
      141,
      3
    ],
    "size": 423,
    "min": -46.10900115966797,
    "max": -6.051000118255615,
    "mean": -21.62332621477456,
    "std": 12.201460252810328
  }
}