{
  "hash": "801b5b1df4e68a60572ab3d5952f048a1928cfe3546f5049caf6782cdaabf4b7",
  "stats": {
    "shape": [
      85,
      85
    ],
    "size": 7225,
    "min": 0.0,
    "max": 15.16876429229579,
    "mean": 7.574857514369973,
    "std": 2.960619026757814
  }
}