{
  "f0_hash": "3b94a2841a91455ff39f4a5ab43fe520d21f811348d3b9998889e1f252667be9",
  "f1_hash": "bac0423154168f7da58797df98961e38534e1a4f7bc222c39734acf549dfa77e",
  "f0_stats": {
    "shape": [
      5
    ],
    "size": 5,
    "min": 0.42095455657914044,
    "max": 124.1926229870141,
    "mean": 26.16957286405044,
    "std": 49.0216242682482
  },
  "f1_stats": {
    "shape": [
      15
    ],
    "size": 15,
    "min": 0.010279248725718837,
    "max": 349.53632965100996,
    "mean": 48.727894275390526,
    "std": 111.78575637851624
  }
}