{
  "count": 102,
  "ids_hash": "42587ebc40dd20e4b4c0de47860c1f92d98ce9e4a5063d1f1472397c0d9a7418",
  "coords_hash": "b048d9c546d04010f9ab3231316a0dba087e148337ea35694d0f79ef8d5c0646",
  "coords_stats": {
    "shape": [
      102,
      3
    ],
    "size": 306,
    "min": 0.36800000071525574,
    "max": 97.5,
    "mean": 38.24957845676568,
    "std": 37.1473382470769
  }
}