{
  "count": 90,
  "ids_hash": "d8b61dc39fae51a8f94d58343fd66ae80d4b67598f44de7207267365b30a9f3d",
  "coords_hash": "b7fe3508f37e01853974b1168635482f5eba60d3d3a3205e5fef5d28292dea74",
  "coords_stats": {
    "shape": [
      90,
      3
    ],
    "size": 270,
    "min": -10.958000183105469,
    "max": 60.21200180053711,
    "mean": 15.410718545531509,
    "std": 26.73525860823604
  }
}