{
  "f0_hash": "e6722f5f2507ba5e6b5414c671592925e773aa8483c33c59facfa2fba7a81ef2",
  "f1_hash": "731d30fcfbc32d4a0483dd44d4ad6dc031c8f078363e041a5f4db2c1bc719665",
  "f0_stats": {
    "shape": [
      5
    ],
    "size": 5,
    "min": 0.31348777295211994,
    "max": 157.92000086877383,
    "mean": 32.90671106337537,
    "std": 62.515901457002066
  },
  "f1_stats": {
    "shape": [
      15
    ],
    "size": 15,
    "min": 0.010429982852871333,
    "max": 416.93137400616604,
    "mean": 57.5644391078794,
    "std": 131.55594333160963
  }
}