{
  "f0_hash": "92998b4845f7df9ec37826bd26dec12d3cfde1fe55d472db4edcd881dfd622d3",
  "f1_hash": "e5da6337f45a976cf3f83f3b879c36803619ba7c69d9b24ba03472f89c316242",
  "f0_stats": {
    "shape": [
      5
    ],
    "size": 5,
    "min": 0.5965273694259385,
    "max": 158.7146003161921,
    "mean": 33.212377180386646,
    "std": 62.76112950308662
  },
  "f1_stats": {
    "shape": [
      15
    ],
    "size": 15,
    "min": 0.010148835268315892,
    "max": 536.9006981407653,
    "mean": 74.04901908414253,
    "std": 171.3321522403603
  }
}