{
  "hash": "084ed9d3d8226a6b50dbdbb869a4d8b9b9505ebde904e01227d7fe77d7d0991e",
  "stats": {
    "shape": [
      86,
      86
    ],
    "size": 7396,
    "min": 0.0,
    "max": 15.580653503586948,
    "mean": 7.429374709063033,
    "std": 2.9808675294695193
  }
}