{
  "count": 121,
  "ids_hash": "ddc24d92cf2a77d01774c12ceb528db7b534f2c01a31793cb06baf95d67903de",
  "coords_hash": "1bedc430033304b67fe2584b190e224f6d2292dcb6842b5e056bf3d8dc104236",
  "coords_stats": {
    "shape": [
      121,
      3
    ],
    "size": 363,
    "min": -39.08000183105469,
    "max": 40.36000061035156,
    "mean": 6.64684022950732,
    "std": 27.938467560220293
  }
}