MODEL,PRED_DOCKQ
4MO4,0.89322907
4MO4_af2m,0.8366961
