{
  "count": 167,
  "ids_hash": "1178743c8876cbaf4b3661696adfdefeccd4ca5bfa47b1913e22e40560723119",
  "coords_hash": "a08af119c9ea2305a09ba6f3b8051a69c54cbb0f8f161f69f5d11bfaf117694e",
  "coords_stats": {
    "shape": [
      167,
      3
    ],
    "size": 501,
    "min": -22.371999740600586,
    "max": 8.67199993133545,
    "mean": -8.69035327897041,
    "std": 8.804834698377366
  }
}