MODEL,PRED_DOCKQ
5ZYF,0.73918384
5ZYF_af2m,0.6663012
