{
  "count": 86,
  "ids_hash": "dfb2df8a10099f599b6449377596866274c2cbf65dd1157fd65e8dd0b0befd8e",
  "coords_hash": "a8664d05fa22084152e72ab7559b7302f4420a357fb519770a93a73e014dd81f",
  "coords_stats": {
    "shape": [
      86,
      3
    ],
    "size": 258,
    "min": 2.0510001182556152,
    "max": 49.36899948120117,
    "mean": 24.275414683098017,
    "std": 13.932682129380648
  }
}