{
  "count": 116,
  "ids_hash": "bcc42305c1cdce5e3989e7896ffc57a1462616eb7aa1c55a3f454a8f929b590a",
  "coords_hash": "0dd8ffe9ddaf95308393b20d862df2623bd33f8a04a548e894a05fbb27277413",
  "coords_stats": {
    "shape": [
      116,
      3
    ],
    "size": 348,
    "min": 5.276000022888184,
    "max": 91.6520004272461,
    "mean": 37.93858336032122,
    "std": 33.17865543631206
  }
}