{
  "f0_hash": "2633f094860f4744625897e552ef56cdf4069cfe729654522c16714b52295367",
  "f1_hash": "8c2be5df22bee192e4a29188bb49ac5b9b17b28f0c53e58d10d9840fdf0b2f9a",
  "f0_stats": {
    "shape": [
      5
    ],
    "size": 5,
    "min": 0.6126874124926831,
    "max": 185.92386878827838,
    "mean": 38.655755759547546,
    "std": 73.64211092067255
  },
  "f1_stats": {
    "shape": [
      15
    ],
    "size": 15,
    "min": 0.011631116301675348,
    "max": 617.535363038962,
    "mean": 85.49456896937726,
    "std": 196.18580174201242
  }
}