MODEL,PRED_DOCKQ
4UE8,0.85107744
4UE8_af2m,0.8494385
