{
  "count": 156,
  "ids_hash": "9b12dd691353bdbd2ed15a830db402e4ce01be202622edc3548e90f0f2fec1f6",
  "coords_hash": "ebb5cc4c8274945ae708699877eea443b423164038e3d449d65c36b2395851d3",
  "coords_stats": {
    "shape": [
      156,
      3
    ],
    "size": 468,
    "min": -19.586999893188477,
    "max": 19.8700008392334,
    "mean": -1.638153834316211,
    "std": 10.55758539539329
  }
}