{
  "f0_hash": "ca241d364c066483c46a845b4af29f1b0636b96cd9156cff14c443bca03d46a3",
  "f1_hash": "e3d43a9f1b7b40c441996c11cfbafef0e4a7cf9058b364a6e34e3c2bf73bcf53",
  "f0_stats": {
    "shape": [
      5
    ],
    "size": 5,
    "min": 0.5741911544789731,
    "max": 144.39615244712886,
    "mean": 30.30731536996229,
    "std": 57.05469484382814
  },
  "f1_stats": {
    "shape": [
      15
    ],
    "size": 15,
    "min": 0.010573293677472506,
    "max": 455.9310237545136,
    "mean": 63.49653767719242,
    "std": 145.78426829112965
  }
}