{
  "count": 92,
  "ids_hash": "eef63540924820c1ec815742d8fbc58bf2f9cb1f2e173d0a6ef752c297d9d028",
  "coords_hash": "deaf964d6063cfc8b2921ca1f438eac0cb956fdb515667cead64e566be98edde",
  "coords_stats": {
    "shape": [
      92,
      3
    ],
    "size": 276,
    "min": -30.35099983215332,
    "max": 41.88800048828125,
    "mean": 8.741945657177247,
    "std": 23.811162750492166
  }
}