{
  "f0_hash": "5749c1b6f7828c1cc043dd10c9f82b579f724bd6a5b0829745bea0a63e63cb3f",
  "f1_hash": "592288a415221d842a27937136108e128d96cb309fa30fdb68a4f265457709d8",
  "f0_stats": {
    "shape": [
      5
    ],
    "size": 5,
    "min": 0.5535208811872139,
    "max": 166.34044327640703,
    "mean": 34.700518304391935,
    "std": 65.82887722373003
  },
  "f1_stats": {
    "shape": [
      15
    ],
    "size": 15,
    "min": 0.01036340108462408,
    "max": 495.60962603207827,
    "mean": 68.47993918404667,
    "std": 156.501570876577
  }
}