{
  "count": 91,
  "ids_hash": "53eb8aa843f9fa32c2b7974c9e2bf0595381a722998251f330b4c160146890c0",
  "coords_hash": "f852b2ecec700aadda11604e48c0ea137bd40c0b0e1b0b9389269a0a5f07fba9",
  "coords_stats": {
    "shape": [
      91,
      3
    ],
    "size": 273,
    "min": -19.211999893188477,
    "max": 49.86800003051758,
    "mean": 13.847450492146251,
    "std": 23.05831641471971
  }
}