{
  "count": 107,
  "ids_hash": "9622c73f48515d9bde77a8f08e0c692c51bc26a31b0f61eb900ccf6016239d78",
  "coords_hash": "9465d30a8a486517845a9822dc66fa1cd0d88a69b696fe6818ad642d6fc48da3",
  "coords_stats": {
    "shape": [
      107,
      3
    ],
    "size": 321,
    "min": 12.074999809265137,
    "max": 50.37699890136719,
    "mean": 27.837081003040538,
    "std": 11.312447450012366
  }
}