{
  "f0_hash": "7620d3c75fbd624821d642e5f1e3bf8884b4c7fd27a5772c08d1731a6ee6ef74",
  "f1_hash": "c60636a319cb3d36da3a56a74fc9b528dc400a494c47ffd6d466dea677b8cf4e",
  "f0_stats": {
    "shape": [
      5
    ],
    "size": 5,
    "min": 0.5900414850544268,
    "max": 152.00093172890672,
    "mean": 31.992315283346933,
    "std": 60.019564450315926
  },
  "f1_stats": {
    "shape": [
      15
    ],
    "size": 15,
    "min": 0.010855142865544565,
    "max": 430.7357651777219,
    "mean": 60.26447481098394,
    "std": 135.99696601653284
  }
}