{
  "count": 105,
  "ids_hash": "4e62adea497bbbf32d6746656bc787b61de751f333aa203aa8be844ab7c52494",
  "coords_hash": "131d22d4dd7b5186b1a443c8b5c897e4cfb8f9f4ae635f7e55a8cac5ab71c0c8",
  "coords_stats": {
    "shape": [
      105,
      3
    ],
    "size": 315,
    "min": 11.244000434875488,
    "max": 103.98799896240234,
    "mean": 47.80454598986913,
    "std": 35.36961715198647
  }
}