{
  "hash": "422b2bfab62529a572743cce35341a460f789155ba83ce00e55743206a112b74",
  "stats": {
    "shape": [
      90,
      90
    ],
    "size": 8100,
    "min": 0.0,
    "max": 15.274275878917074,
    "mean": 7.576665732873212,
    "std": 3.0533662009105127
  }
}