{
  "hash": "3004b11f5ef06a8740f2bbcdc026f0b992813325d3f5b749d41677e1081b2cc6",
  "stats": {
    "shape": [
      173,
      173
    ],
    "size": 29929,
    "min": 0.0,
    "max": 15.79243781816381,
    "mean": 7.484238445634869,
    "std": 3.0178250266088265
  }
}