{
  "f0_hash": "9a5cb3606f74882b4e4aa638717193d3786a68c1b2b048a95e5b36b5172e22b9",
  "f1_hash": "1b014009ebeae1eef02661ff492410bc287453e63e17357bc6485338213cc76a",
  "f0_stats": {
    "shape": [
      5
    ],
    "size": 5,
    "min": 0.736464131887342,
    "max": 117.56567918908006,
    "mean": 25.370981247251223,
    "std": 46.131923951147655
  },
  "f1_stats": {
    "shape": [
      15
    ],
    "size": 15,
    "min": 0.010416928735992315,
    "max": 308.88123867075944,
    "mean": 44.860327396144754,
    "std": 97.77499372348682
  }
}