{
  "count": 75,
  "ids_hash": "4995660acde2dad8c781e7a9b33fa213575f4bfd740530b88e7a6c003172aef7",
  "coords_hash": "0dbca4e918c8a3042d54608b89d201c65dd8a9c7827fc2e7c6cdcdb788530b55",
  "coords_stats": {
    "shape": [
      75,
      3
    ],
    "size": 225,
    "min": -4.704999923706055,
    "max": 17.849000930786133,
    "mean": 6.486177798315055,
    "std": 5.5214875339217695
  }
}