{
  "count": 82,
  "ids_hash": "daec3e822ec1074b431e75f41b09f092cd466c68a913b79480060176156777f2",
  "coords_hash": "c4a195337cb85b5b45976c90aae9abbd104b9e8919a04f49c944d7d239f4e061",
  "coords_stats": {
    "shape": [
      82,
      3
    ],
    "size": 246,
    "min": -1.6410000324249268,
    "max": 31.68899917602539,
    "mean": 14.336910539889724,
    "std": 8.803020357716907
  }
}