{
  "count": 110,
  "ids_hash": "2f2c2a4b886331a98bd6ff275146f64f71833a022a3d7acd43a94686e5ee5385",
  "coords_hash": "eb50ec9c710c1a4fd16f11c5ef52f9937569a0e9190aceb5d5ec406c1ff2358d",
  "coords_stats": {
    "shape": [
      110,
      3
    ],
    "size": 330,
    "min": 7.505000114440918,
    "max": 49.672000885009766,
    "mean": 23.890187906496454,
    "std": 13.20650245639597
  }
}