MODEL,PRED_DOCKQ
2AQX_af2m,0.0737035
2AQX,0.01141228
