MODEL,PRED_DOCKQ
5G4I_af2m,0.90129167
5G4I,0.8617007
