{
  "hash": "05a2d8a6ef1585740c7fbd37d77b38d7dd161861c3f5a0631cb9471ed0854d80",
  "stats": {
    "shape": [
      55,
      55
    ],
    "size": 3025,
    "min": 0.0,
    "max": 14.268892823192472,
    "mean": 6.783610293632939,
    "std": 2.9280481145205695
  }
}