{
  "f0_hash": "8a502b669fc9cc62d40eea7daf3d7d6d81f8efde695e51980a8faa7e137dccac",
  "f1_hash": "ee41f176424dfa4021bbe67857a75dc2c70477887606be847cb1db17651857ed",
  "f0_stats": {
    "shape": [
      5
    ],
    "size": 5,
    "min": 0.5783193373607929,
    "max": 181.58664095075855,
    "mean": 37.799324956696395,
    "std": 71.90308172453967
  },
  "f1_stats": {
    "shape": [
      15
    ],
    "size": 15,
    "min": 0.011345861997395623,
    "max": 586.9063206338835,
    "mean": 80.46034672408011,
    "std": 186.15171776378585
  }
}