{
  "count": 114,
  "ids_hash": "369656d55573c21cd5a1272c6b632c9d1f5791c913a49e4c61ddc996f55e1739",
  "coords_hash": "b70a79894578ccb1c6002e0735c985c3c5b3a06b13d1eb53e087e58afaaf47dc",
  "coords_stats": {
    "shape": [
      114,
      3
    ],
    "size": 342,
    "min": 15.144000053405762,
    "max": 48.507999420166016,
    "mean": 29.951342156058864,
    "std": 8.86820967603717
  }
}