{
  "count": 77,
  "ids_hash": "f8a4ad5336719e9f8a25d551ecb14439ab0ea09143a32e1ef08b6d8aec01e512",
  "coords_hash": "6bf02322cf3ade340f442f0cea0b8345d565b057a318579869f50472c9604ebd",
  "coords_stats": {
    "shape": [
      77,
      3
    ],
    "size": 231,
    "min": -26.246000289916992,
    "max": 36.42499923706055,
    "mean": -2.865779245054567,
    "std": 23.189344803113677
  }
}