MODEL,PRED_DOCKQ
4NJM_af2m,0.88778794
4NJM,0.7825219
