{
  "f0_hash": "0567eed1a6017963cb2da9ffffaae6508fdfbbd679f5da48f4d8d67cfe73878d",
  "f1_hash": "d345057217c40593aaf3b46c7bec19601901d3d41279731ea6c8597ad0f558ae",
  "f0_stats": {
    "shape": [
      5
    ],
    "size": 5,
    "min": 0.5379862430613884,
    "max": 158.10125269792977,
    "mean": 33.051671502793965,
    "std": 62.53473119566218
  },
  "f1_stats": {
    "shape": [
      15
    ],
    "size": 15,
    "min": 0.010076820705986478,
    "max": 550.2023156077425,
    "mean": 75.56778473233707,
    "std": 176.76024922432933
  }
}