{
  "count": 61,
  "ids_hash": "8352acc9b0426129a89d4b1a4c0f221bab46a5ecf780f19688e86f665f7abba9",
  "coords_hash": "c38ead989eebd99536f0b0c2ce95100d56346f642a3ec9c607d8d27116d0ca8e",
  "coords_stats": {
    "shape": [
      61,
      3
    ],
    "size": 183,
    "min": 21.858999252319336,
    "max": 97.09100341796875,
    "mean": 52.07877052807417,
    "std": 27.957056482695947
  }
}