{
  "f0_hash": "0c3314e1a27e7a25bd24f0d1e22e1f219cef682343acbd5996602159aca997d5",
  "f1_hash": "b12c6a77b842d2e65fb10c73400b959d2cbb0169218dd95c36880c3e2ca859dd",
  "f0_stats": {
    "shape": [
      5
    ],
    "size": 5,
    "min": 0.6311547731325907,
    "max": 181.15391194601727,
    "mean": 37.7283566902863,
    "std": 71.72163401053078
  },
  "f1_stats": {
    "shape": [
      15
    ],
    "size": 15,
    "min": 0.010651346605669687,
    "max": 584.8049023531818,
    "mean": 80.93311777807428,
    "std": 185.11995181841013
  }
}