{
  "f0_hash": "8a84eca85346652b79ee2bb0fdf68dbe5df904bf1dfef75a8e346912d510ad7e",
  "f1_hash": "0df99fb3ff8cf2056f372197fd5d87e1ad545b6f6bad33167f26e71241ffd7ca",
  "f0_stats": {
    "shape": [
      5
    ],
    "size": 5,
    "min": 0.3384789997238412,
    "max": 99.72693833670758,
    "mean": 21.143697751782998,
    "std": 39.30063644555062
  },
  "f1_stats": {
    "shape": [
      15
    ],
    "size": 15,
    "min": 0.010774684499702758,
    "max": 222.8450515090391,
    "mean": 32.39813563198109,
    "std": 71.30299944966448
  }
}