{
  "f0_hash": "8887e27fe298b017e5606ddba493bed1deac295bf5384ec00a6df09130481044",
  "f1_hash": "fd4e3a7e5ece019451baca6c3f6b969f7fc22c23561014aaea64c61a820bb397",
  "f0_stats": {
    "shape": [
      5
    ],
    "size": 5,
    "min": 0.5470142877891876,
    "max": 177.94406506039388,
    "mean": 36.98903077194554,
    "std": 70.48494064433203
  },
  "f1_stats": {
    "shape": [
      15
    ],
    "size": 15,
    "min": 0.01054770023185192,
    "max": 547.2280063616322,
    "mean": 75.21781302066702,
    "std": 173.51261062720644
  }
}