MODEL,PRED_DOCKQ
4OMZ_af2m,0.6812216
4OMZ,0.65024036
