{
  "count": 85,
  "ids_hash": "805e521251ba98381664cfa3ad45f99af5820822c6a92fcb9aae177097643a2d",
  "coords_hash": "3c129d33f4e670f86f42d858ff359182beb91df59b89ba358df21254df6459b8",
  "coords_stats": {
    "shape": [
      85,
      3
    ],
    "size": 255,
    "min": -2.5309998989105225,
    "max": 69.40599822998047,
    "mean": 28.085372569923308,
    "std": 25.475225176741077
  }
}