{
  "f0_hash": "32724761b313baebe2c3cfa16cd298476d8634a65f40657999ded041cf945f3b",
  "f1_hash": "c60f46dab81b7f84506597f2a83b83722d774f7bab144f3d7dd85e6ce28f7f9f",
  "f0_stats": {
    "shape": [
      5
    ],
    "size": 5,
    "min": 0.6767049696678542,
    "max": 136.2220595372792,
    "mean": 28.775525973014435,
    "std": 53.735972062725715
  },
  "f1_stats": {
    "shape": [
      15
    ],
    "size": 15,
    "min": 0.013334796198613219,
    "max": 385.4292888403822,
    "mean": 53.8798737899695,
    "std": 121.64564646989989
  }
}