{
  "f0_hash": "c1afb4a3124beb973125376818608c5db4d8a156c9c33d0d7db51c1ca690184b",
  "f1_hash": "05c05d872c754b90489831f9442c76c4a73c2f757e15abb8bcf188cf304b555c",
  "f0_stats": {
    "shape": [
      5
    ],
    "size": 5,
    "min": 0.3239939801303036,
    "max": 163.68109119055697,
    "mean": 34.044742069568805,
    "std": 64.82679463656578
  },
  "f1_stats": {
    "shape": [
      15
    ],
    "size": 15,
    "min": 0.010341882465022323,
    "max": 528.3655532889929,
    "mean": 72.64068266710716,
    "std": 169.17549480774858
  }
}