{
  "f0_hash": "e981eaf3dd577ca972db654fc4d64031d60b3ad8014c1fdd3168a3e7b4720735",
  "f1_hash": "66ae6852956111030ac45804133e19c5a80cf0d48ed4e5d6ba282e1632fa4b11",
  "f0_stats": {
    "shape": [
      5
    ],
    "size": 5,
    "min": 0.4752469944548721,
    "max": 98.02939293695354,
    "mean": 20.917324732453856,
    "std": 38.56712056231458
  },
  "f1_stats": {
    "shape": [
      15
    ],
    "size": 15,
    "min": 0.012018564055775727,
    "max": 247.3533067139248,
    "mean": 35.27535074146453,
    "std": 79.22776419081762
  }
}