MODEL,PRED_DOCKQ
5DEQ,0.8029807
5DEQ_af2m,0.69026285
