{
  "f0_hash": "8ea6115c93a32c50d6a6035957f5bbd304fd7348d7a6e86e68ed867803cab208",
  "f1_hash": "79d5ff2b2f0dfd0fff6b8ef99e0f7737d645074f34eb6fcc19c5ee5d188f4162",
  "f0_stats": {
    "shape": [
      5
    ],
    "size": 5,
    "min": 0.578990053154503,
    "max": 101.02846918834433,
    "mean": 21.876824237192867,
    "std": 39.60499353482049
  },
  "f1_stats": {
    "shape": [
      15
    ],
    "size": 15,
    "min": 0.01061979833996407,
    "max": 295.6558274384773,
    "mean": 41.63855536471567,
    "std": 94.96491024353509
  }
}