{
  "f0_hash": "4ca2611fb1c2292b98c08ff976c8e65162d72496078cef97a57c5ce30dbedfc3",
  "f1_hash": "987e0e5bb11fbbab8af19d26e0f41e5c020a123f8f9a86ecf36b2e8c064510e0",
  "f0_stats": {
    "shape": [
      5
    ],
    "size": 5,
    "min": 0.22416511213114085,
    "max": 255.71000619867317,
    "mean": 52.102669351448505,
    "std": 101.80822554947969
  },
  "f1_stats": {
    "shape": [
      15
    ],
    "size": 15,
    "min": 0.010778059121805406,
    "max": 602.4923718238995,
    "mean": 82.1310764710119,
    "std": 187.92619128623184
  }
}