{
  "hash": "8a3fa38e617f873de5ccfcdf9abc2f9ecfb7a4531a8c0a27d65f08752e5a6c01",
  "stats": {
    "shape": [
      98,
      98
    ],
    "size": 9604,
    "min": 0.0,
    "max": 14.992523065464082,
    "mean": 7.990854378752936,
    "std": 3.0813518750712454
  }
}