{
  "f0_hash": "773b53503c95f9a4138e6546614d511af5370d22a2502576103000b9860df6f5",
  "f1_hash": "fbc4d2b2cc3b57147e09fecff08792655922da34dbc75dac15a8c4f172b95166",
  "f0_stats": {
    "shape": [
      5
    ],
    "size": 5,
    "min": 0.22274450141460622,
    "max": 106.70760122420384,
    "mean": 22.437851404420744,
    "std": 42.14162427751633
  },
  "f1_stats": {
    "shape": [
      15
    ],
    "size": 15,
    "min": 0.013235798965506529,
    "max": 219.2096370144264,
    "mean": 31.000744917554947,
    "std": 69.42021432390509
  }
}