{
  "f0_hash": "02c4513cd8316fc932f2882333b62b4280c69e3463fc55c67ce9a84173896c3c",
  "f1_hash": "772770bb49acdb1750ea923316bf18329a98d0a9009ef06abe851a22d7686080",
  "f0_stats": {
    "shape": [
      5
    ],
    "size": 5,
    "min": 0.7220965811234357,
    "max": 85.95710477705491,
    "mean": 18.865267750980173,
    "std": 33.57557269080571
  },
  "f1_stats": {
    "shape": [
      15
    ],
    "size": 15,
    "min": 0.013056964038302699,
    "max": 176.35103192082641,
    "mean": 26.65134555883389,
    "std": 55.16851439642978
  }
}