{
  "count": 106,
  "ids_hash": "b41732aeb36b8d0513e106c387c43a6000cce69db0276f7020e744d26bd95329",
  "coords_hash": "bb877b74a1c5de418556b2446628033b7920c6f8a81d5af44aad1ac2b308fe0c",
  "coords_stats": {
    "shape": [
      106,
      3
    ],
    "size": 318,
    "min": -97.2040023803711,
    "max": 86.75900268554688,
    "mean": -8.391572175535766,
    "std": 69.48641697196973
  }
}