{
  "hash": "6092988ab012899f689890704ca33867541729dbd20eff32484bebd20272b1da",
  "stats": {
    "shape": [
      91,
      91
    ],
    "size": 8281,
    "min": 0.0,
    "max": 15.893810929669378,
    "mean": 7.690124424244636,
    "std": 3.0884016776452423
  }
}