{
  "f0_hash": "a860bab47ddf439fb7f0010d41f576ca73b0a3c6d390cc5a2d93041b1f413c3b",
  "f1_hash": "bb3cccd3834b489a8bc8360258cebce23266e62e2f8d5c86d8951d2c5fab9b07",
  "f0_stats": {
    "shape": [
      5
    ],
    "size": 5,
    "min": 0.3362885457016341,
    "max": 101.3505136951616,
    "mean": 21.462498419892757,
    "std": 39.95255687634616
  },
  "f1_stats": {
    "shape": [
      15
    ],
    "size": 15,
    "min": 0.01039957879337905,
    "max": 179.8651976629287,
    "mean": 26.531535618864712,
    "std": 56.23019112318242
  }
}