{
  "count": 91,
  "ids_hash": "327f370cf823b1f1297dee94002481fd8f9fe642542b4380e15a1387bbcf1d0f",
  "coords_hash": "035395ee54f8173798ebf9c4301d2d9d023ef8ad4bdc883cbe4ed3279da6544f",
  "coords_stats": {
    "shape": [
      91,
      3
    ],
    "size": 273,
    "min": -20.094999313354492,
    "max": 95.6449966430664,
    "mean": 35.73106602085379,
    "std": 41.70841294705416
  }
}