{
  "f0_hash": "3e9fded41ca386b91f1aead278eeba90f1ee4b6d802e55d1dadbaab1ebf2f51e",
  "f1_hash": "9b7925914d2381f2dd17062223707022b9e31c7d731d40d64e16fd18f0c1c070",
  "f0_stats": {
    "shape": [
      5
    ],
    "size": 5,
    "min": 0.42821969062800597,
    "max": 135.7086064417766,
    "mean": 28.489497907695505,
    "std": 53.61961041751519
  },
  "f1_stats": {
    "shape": [
      15
    ],
    "size": 15,
    "min": 0.010992035676909317,
    "max": 363.3526015581839,
    "mean": 50.834283503506306,
    "std": 115.32261305878448
  }
}