{
  "f0_hash": "374884aae8414c4ff0d1220344ebffce3860b23e34dc1b2a69392e36acf7bd90",
  "f1_hash": "a83a6f15495b5d5a14f560eb0867a5377bbd93a089877e4fa1fb6fe77cbcb199",
  "f0_stats": {
    "shape": [
      5
    ],
    "size": 5,
    "min": 0.4001302130485991,
    "max": 95.31870654781937,
    "mean": 20.37195409046585,
    "std": 37.4863842684319
  },
  "f1_stats": {
    "shape": [
      15
    ],
    "size": 15,
    "min": 0.010863323194431285,
    "max": 213.07682530298806,
    "mean": 30.569639961736133,
    "std": 68.07304127240594
  }
}