{
  "f0_hash": "a6d8ea778f30256baa64f9c717b5d987455e2e154a7e810ab929b29eccad5ae6",
  "f1_hash": "dd3d7cd900d41627a195b9d4402aae3c025a36833709bb74056f258e7f99c757",
  "f0_stats": {
    "shape": [
      5
    ],
    "size": 5,
    "min": 0.4740142637203725,
    "max": 174.3786848388078,
    "mean": 36.27192852462452,
    "std": 69.06304496168595
  },
  "f1_stats": {
    "shape": [
      15
    ],
    "size": 15,
    "min": 0.010187896518628392,
    "max": 516.4227933937235,
    "mean": 71.21489672420043,
    "std": 163.76394613831337
  }
}