{
  "hash": "ccceb022716b4a4f576a30caf4b8cce29d307f2d58f3f5297577dbeddc67e27e",
  "stats": {
    "shape": [
      71,
      71
    ],
    "size": 5041,
    "min": 0.0,
    "max": 15.898283406724639,
    "mean": 7.373794604469203,
    "std": 3.22976384640027
  }
}