{
  "count": 107,
  "ids_hash": "62a0d8795ae60092b6f06c3850cf7c07b4bcf8a51d1a578d9d7758b1a3a234d7",
  "coords_hash": "9f5bce7e29cc428c8a83ec994f875953400d53f492a734aa19df3ea3f956b2ab",
  "coords_stats": {
    "shape": [
      107,
      3
    ],
    "size": 321,
    "min": -4.638999938964844,
    "max": 55.263999938964844,
    "mean": 26.72309968632144,
    "std": 18.85156962523903
  }
}