{
  "hash": "4f7203bc7b7dd4f988478155f77388938725eaef4a932c6190a1b370f5b7320f",
  "stats": {
    "shape": [
      76,
      76
    ],
    "size": 5776,
    "min": 0.0,
    "max": 15.462802057182897,
    "mean": 7.423388259503702,
    "std": 3.086399852134864
  }
}