{
  "count": 159,
  "ids_hash": "f3bdc6efe5e9670d513d9993cf1e80c39b46e514df7415ac4cb87326590729a6",
  "coords_hash": "1de9d4b42c5d12b7551a07af69e9b2adec63a9fd7aa3922a33e5e1bce7ab114c",
  "coords_stats": {
    "shape": [
      159,
      3
    ],
    "size": 477,
    "min": -10.866000175476074,
    "max": 16.05699920654297,
    "mean": 2.5327001961945816,
    "std": 6.413765754051616
  }
}