{
  "f0_hash": "0207f7fd1eb0935a2a9394e9c7466e2387d2f227681eaa6fb88e43204711d9e0",
  "f1_hash": "5f9839a997ac94a9669466bd54f9b71f18ae5823634fe7b110a0252fcd25d059",
  "f0_stats": {
    "shape": [
      5
    ],
    "size": 5,
    "min": 0.5017364608125096,
    "max": 121.43835467377079,
    "mean": 25.710059324465806,
    "std": 47.876849887485996
  },
  "f1_stats": {
    "shape": [
      15
    ],
    "size": 15,
    "min": 0.010574847013820943,
    "max": 295.79881318698966,
    "mean": 42.132648430024794,
    "std": 93.55890802923818
  }
}