MODEL,PRED_DOCKQ
5W10_af2m,0.43174052
5W10,0.029237479
