{
  "hash": "1f06397d66bcec788c1ca950a5b61fce0e6145850469b25475f19c0265ee3eb9",
  "stats": {
    "shape": [
      105,
      105
    ],
    "size": 11025,
    "min": 0.0,
    "max": 15.288531870248049,
    "mean": 7.993887469328239,
    "std": 3.0495258519828146
  }
}