{
  "f0_hash": "21317a56bd202d79c8ee11bef2ed6f6a890313cffdc8ca52ca86546f9f84eba2",
  "f1_hash": "c1f4d6fed0851bfcc325cbcede7e49a9b83a7d4f7bf45dbe9f051985dd8ca91c",
  "f0_stats": {
    "shape": [
      5
    ],
    "size": 5,
    "min": 0.5517270687701438,
    "max": 100.63354847257058,
    "mean": 21.547583648590575,
    "std": 39.55815555002612
  },
  "f1_stats": {
    "shape": [
      15
    ],
    "size": 15,
    "min": 0.011888325904983343,
    "max": 212.01862915769217,
    "mean": 30.357761763079836,
    "std": 67.04678217003269
  }
}