{
  "count": 88,
  "ids_hash": "8be23b6856cbd26fd438533888d1854c608afe1968b472a3046a1896b4bbd492",
  "coords_hash": "4fe0b24b00ead77f745d93ff4563a3c94a36d3da385b374512aa63397f4e5619",
  "coords_stats": {
    "shape": [
      88,
      3
    ],
    "size": 264,
    "min": -20.36400032043457,
    "max": 24.28499984741211,
    "mean": 1.4419090815283584,
    "std": 13.160914197046363
  }
}