{
  "hash": "c89f88c8bba74527bad970e47239cdd0e75da7dc4b934320c3ec54632a42436e",
  "stats": {
    "shape": [
      113,
      113
    ],
    "size": 12769,
    "min": 0.0,
    "max": 15.52555660777086,
    "mean": 7.949556293881595,
    "std": 3.012088224404138
  }
}