{
  "count": 64,
  "ids_hash": "5595aba1ff1918b0573b0a1567fca42b9013a06edac05e65cb9006f2e6985407",
  "coords_hash": "6b2ae3207e53532ddbc9def9044c5664da40a65d892f3119ccf0ad136877cef5",
  "coords_stats": {
    "shape": [
      64,
      3
    ],
    "size": 192,
    "min": -29.19700050354004,
    "max": 44.95100021362305,
    "mean": -2.145312488079071,
    "std": 28.324346719165735
  }
}