{
  "count": 78,
  "ids_hash": "066d1b26ef126908cd3ecbb2a5903fa9a47f29c40d449a7e7ac030b0878213b7",
  "coords_hash": "666daa4f14ef149ae88402c0431acf70d50199034c23a4f4738e4ed9e0873935",
  "coords_stats": {
    "shape": [
      78,
      3
    ],
    "size": 234,
    "min": -12.307999610900879,
    "max": 44.04199981689453,
    "mean": 11.114235045436102,
    "std": 19.08272673838457
  }
}