{
  "f0_hash": "9e8148f628223d23de08d2df091af989d33707c97d5eaccdbc5056d9c93addb8",
  "f1_hash": "5bdc8051ba8f50bbbb419fe9a31ff3518dbe3acbae8f38a4e928b440a7849ee3",
  "f0_stats": {
    "shape": [
      5
    ],
    "size": 5,
    "min": 0.4323153061851519,
    "max": 103.06211336605821,
    "mean": 21.978380979846005,
    "std": 40.55647243176916
  },
  "f1_stats": {
    "shape": [
      15
    ],
    "size": 15,
    "min": 0.01634984391705885,
    "max": 222.45365659785082,
    "mean": 32.379360213838936,
    "std": 70.3992719774717
  }
}