{
  "f0_hash": "7d9a7c2a4df051187c4f17f1ef14b3834f6f8b91ab775be757639d28915231d3",
  "f1_hash": "74df132688e8151032b5de4f758b88fdd0e20a0277dc49ae16a5f91ed2e7f561",
  "f0_stats": {
    "shape": [
      5
    ],
    "size": 5,
    "min": 0.5897320910412552,
    "max": 151.84640271472833,
    "mean": 31.849871513669093,
    "std": 60.009308269174404
  },
  "f1_stats": {
    "shape": [
      15
    ],
    "size": 15,
    "min": 0.010973572819364286,
    "max": 461.4409064004713,
    "mean": 64.22301164283382,
    "std": 146.35212912855746
  }
}