{
  "count": 96,
  "ids_hash": "a3c95d5a3807e93fc5eab5919ca1885fa85ad2c7a60eb331d62668d9a23f8937",
  "coords_hash": "316b3d6d6fb0728c132c74a659b2d54d2f736e80c91ee7cc36fc8951361e4d25",
  "coords_stats": {
    "shape": [
      96,
      3
    ],
    "size": 288,
    "min": -14.246000289916992,
    "max": 35.9119987487793,
    "mean": 10.936406220619878,
    "std": 15.132015467791842
  }
}