{
  "hash": "775c3367a9dc3dc04936d5404128a984abad56b50f2753d952420a70f39c7ac9",
  "stats": {
    "shape": [
      93,
      93
    ],
    "size": 8649,
    "min": 0.0,
    "max": 15.758712497181678,
    "mean": 7.78852505341204,
    "std": 3.0885126308203765
  }
}