{
  "count": 86,
  "ids_hash": "fb8cb770cbfacb682b4704eeeae3773e182274da6a6148ad4ea820912feb390d",
  "coords_hash": "bc00193a803185995310b475448e555cf221ea9104b6dc2b16277aa9bee39d53",
  "coords_stats": {
    "shape": [
      86,
      3
    ],
    "size": 258,
    "min": 1.2740000486373901,
    "max": 99.88200378417969,
    "mean": 41.12381401542545,
    "std": 37.31352313065007
  }
}