{
  "hash": "95760d23239bc0981f367b47784a8ab153da43edfae2357c848e5750e08a94cf",
  "stats": {
    "shape": [
      108,
      108
    ],
    "size": 11664,
    "min": 0.0,
    "max": 15.727678546158852,
    "mean": 7.9593201465355925,
    "std": 3.0601964300463993
  }
}