{
  "hash": "8e39400703e2421070d1a300de8f6f5d79ad8ca0e6250797ff1037db1e228373",
  "stats": {
    "shape": [
      102,
      102
    ],
    "size": 10404,
    "min": 0.0,
    "max": 15.35195057505393,
    "mean": 7.584753825294125,
    "std": 2.931267168566917
  }
}