{
  "hash": "d6ec3099814c2b1e231b34e502e07ab24dde594a0384342f53446a59ee9adb88",
  "stats": {
    "shape": [
      106,
      106
    ],
    "size": 11236,
    "min": 0.0,
    "max": 15.28625983050833,
    "mean": 7.936874098440774,
    "std": 3.0358890132737413
  }
}