MODEL,PRED_DOCKQ
6O14_af2m,0.8616358
6O14,0.84425884
