{
  "f0_hash": "156351553c055cf3c92e1c849d27a1b9d223a3ce61cb39dc9189baaec8ff2185",
  "f1_hash": "1b642caa8dbebb4b8ec1d8e7ebedd0bde80ebd06bde4a5ebc2bed158b17cf117",
  "f0_stats": {
    "shape": [
      5
    ],
    "size": 5,
    "min": 0.38359853578250364,
    "max": 175.79842419419415,
    "mean": 36.5280677345632,
    "std": 69.64483959791411
  },
  "f1_stats": {
    "shape": [
      15
    ],
    "size": 15,
    "min": 0.01101176507364876,
    "max": 452.2764206592146,
    "mean": 62.7625266581536,
    "std": 141.85870361389456
  }
}