MODEL,PRED_DOCKQ
5IXI_af2m,0.8215634
5IXI,0.010348746
