{
  "hash": "e42fb34ef16709c0ca30fedf55c169f3ddaba28191a8ed8cea9168b8becf53fc",
  "stats": {
    "shape": [
      49,
      49
    ],
    "size": 2401,
    "min": 0.0,
    "max": 15.065108308369934,
    "mean": 6.154436220890209,
    "std": 2.7370380375964265
  }
}