{
  "count": 104,
  "ids_hash": "42bf9b491fda619dbca45f7eeaf3d1eb2b4f312ce9716cc6dda30829b8796f6b",
  "coords_hash": "86c2c53fcb1c96e1e9614f4d968fb8b33f502a3013c02e99b4792b558f3cca11",
  "coords_stats": {
    "shape": [
      104,
      3
    ],
    "size": 312,
    "min": -10.295000076293945,
    "max": 37.58100128173828,
    "mean": 19.000798125727435,
    "std": 16.243879343294328
  }
}