MODEL,PRED_DOCKQ
2GWW_af2m,0.81853527
2GWW,0.7321203
