{
  "hash": "c4ee0d3056b83beb7f482e3931dfa06945a7b08db952bec96fe330a5418d318c",
  "stats": {
    "shape": [
      111,
      111
    ],
    "size": 12321,
    "min": 0.0,
    "max": 15.595915154645397,
    "mean": 7.982395274292622,
    "std": 3.076647120816813
  }
}