{
  "hash": "93ac4105eca7e6ac998fe272997baad755a8e5321b73ec96da205ec72e3e2a36",
  "stats": {
    "shape": [
      102,
      102
    ],
    "size": 10404,
    "min": 0.0,
    "max": 15.393717763646562,
    "mean": 7.744128616491865,
    "std": 3.0321184968591965
  }
}