{
  "hash": "e1fc348dbcbf33de9474bd330f80e958dd89f1c95442353b23455ade72480bed",
  "stats": {
    "shape": [
      89,
      89
    ],
    "size": 7921,
    "min": 0.0,
    "max": 15.910753096841006,
    "mean": 7.702978621046505,
    "std": 3.11969887199332
  }
}