{
  "count": 169,
  "ids_hash": "92298584c96334f812af4b6fbf7893a97e68c462795b7de93e1bf124f99cb343",
  "coords_hash": "90be65dd333babe819f168ecb45025fec113bf5cb29f29ee7994e0218c9a8025",
  "coords_stats": {
    "shape": [
      169,
      3
    ],
    "size": 507,
    "min": -30.117000579833984,
    "max": 25.016000747680664,
    "mean": -6.966713982456064,
    "std": 17.58854609917696
  }
}