{
  "hash": "ae889eb8c314cd41956e251f07f80827c6d508da6716b285c7d293629041d7d3",
  "stats": {
    "shape": [
      90,
      90
    ],
    "size": 8100,
    "min": 0.0,
    "max": 15.429990363754538,
    "mean": 7.691648441376481,
    "std": 3.035172174883548
  }
}