MODEL,PRED_DOCKQ
3CPT_af2m,0.79842186
3CPT,0.7156201
