{
  "hash": "3db624987885e01516ed39834df122a12d106a6fecd72d54fc88031510b9d85a",
  "stats": {
    "shape": [
      85,
      85
    ],
    "size": 7225,
    "min": 0.0,
    "max": 15.298945834048551,
    "mean": 7.479213935987037,
    "std": 2.9728415417996055
  }
}