{
  "f0_hash": "7f4a97b0e6a4d5673c7fa0802b4b5626a9a9f98ddefae9d9ac0763a28c841d6b",
  "f1_hash": "be452bf88e139f5d1377cd408fd4c776673bd78894e88aba73a14d3cf612ba83",
  "f0_stats": {
    "shape": [
      5
    ],
    "size": 5,
    "min": 0.5516819804105856,
    "max": 153.06622907837337,
    "mean": 32.05800081204286,
    "std": 60.51426014383444
  },
  "f1_stats": {
    "shape": [
      15
    ],
    "size": 15,
    "min": 0.010195426853619516,
    "max": 444.86213956067854,
    "mean": 61.49539110947116,
    "std": 139.51194969255053
  }
}