{
  "hash": "945615a3aee0306bd1377af8cf568c28174c4e48b022ba94f785d38591e4a931",
  "stats": {
    "shape": [
      74,
      74
    ],
    "size": 5476,
    "min": 0.0,
    "max": 15.51537450052958,
    "mean": 7.085451313642784,
    "std": 2.893907421473031
  }
}