{
  "hash": "752fd1443f4015f427be2008fe884da6cd6bd4641d352b2b50a52f53d7f64930",
  "stats": {
    "shape": [
      101,
      101
    ],
    "size": 10201,
    "min": 0.0,
    "max": 15.342862244555098,
    "mean": 7.819177340226346,
    "std": 3.0309874646182187
  }
}