{
  "hash": "b6ed48438e02b3c81ff39952f6a1ac38228342c7a5e2d7945a18bb125043ac66",
  "stats": {
    "shape": [
      126,
      126
    ],
    "size": 15876,
    "min": 0.0,
    "max": 15.752598870256529,
    "mean": 8.21116084040336,
    "std": 3.0764549943892434
  }
}