{
  "count": 110,
  "ids_hash": "beb4118e72d662391c2276dcf75ac4ee0cd5a3fb76b5e397416537910951bc00",
  "coords_hash": "128ac022f62c470c60771a90f10cf54ed87ae7e94264e8d450377db12105464a",
  "coords_stats": {
    "shape": [
      110,
      3
    ],
    "size": 330,
    "min": -0.04899999871850014,
    "max": 84.6510009765625,
    "mean": 36.95092416720634,
    "std": 30.075397687452742
  }
}