{
  "count": 107,
  "ids_hash": "a1cf95ce2b77ae931a04e6f68e416aa30fc92dda6669565172283f81299ce76c",
  "coords_hash": "d8e796d6c6106c69362bdfc560c3574f7780f22633f1eafbf23f408731d57107",
  "coords_stats": {
    "shape": [
      107,
      3
    ],
    "size": 321,
    "min": -14.02400016784668,
    "max": 17.00200080871582,
    "mean": 1.459919003380979,
    "std": 7.354026728392087
  }
}