{
  "count": 111,
  "ids_hash": "a57c5639ea3d5f541b1e7ac79817beb1007bc6dbb17b7e6e63c6382ce2065e8c",
  "coords_hash": "36c7b71f2c00b26759140013d1d54fe0a493ab1d8934762e763a1875c53bbfbb",
  "coords_stats": {
    "shape": [
      111,
      3
    ],
    "size": 333,
    "min": -4.091000080108643,
    "max": 43.62900161743164,
    "mean": 22.952576561106575,
    "std": 14.675417584598215
  }
}