MODEL,PRED_DOCKQ
6F5C_af2m,0.8785352
6F5C,0.56657803
