MODEL,PRED_DOCKQ
6IKN,0.6740124
6IKN_af2m,0.38144553
