{
  "count": 143,
  "ids_hash": "a61f2046a65ba45c305e26b346ff01ea94283c1090535d5c73d1c45c44472b7d",
  "coords_hash": "a2514836888c85f32bd94ccd105e92398a3cbd395e3b9050d2535cb35286b233",
  "coords_stats": {
    "shape": [
      143,
      3
    ],
    "size": 429,
    "min": -37.80400085449219,
    "max": 9.666000366210938,
    "mean": -19.586352023315598,
    "std": 15.02990122027874
  }
}