{
  "hash": "35c57d1a2bb9d301b187de60cb3cfede6f4e781afe6acb1a0a01bb33c2f7ccd5",
  "stats": {
    "shape": [
      104,
      104
    ],
    "size": 10816,
    "min": 0.0,
    "max": 15.472435856475984,
    "mean": 7.7331034938427035,
    "std": 2.963482009311491
  }
}