MODEL,PRED_DOCKQ
4Q9V_af2m,0.64331925
4Q9V,0.030417785
