{
  "count": 70,
  "ids_hash": "489f60fee8a983f780847721c7c5b253c1f9ee6251ee40b824a993a9c18108e6",
  "coords_hash": "8408b3f662ff7c60a6dd7e414eea2288be2a2092fb475633d94180b3430ea174",
  "coords_stats": {
    "shape": [
      70,
      3
    ],
    "size": 210,
    "min": -17.347999572753906,
    "max": 11.918000221252441,
    "mean": -2.4314047617216903,
    "std": 7.748351555636027
  }
}