{
  "count": 82,
  "ids_hash": "38b3ec2b37f57281cece89c8cce6be4bc26a809d9c010637d27744a5466c7880",
  "coords_hash": "fe1f62bcd7c20de2c450b0d4d332e9d1ddc75bfaa7104afd17d9740ef257ec93",
  "coords_stats": {
    "shape": [
      82,
      3
    ],
    "size": 246,
    "min": 7.242000102996826,
    "max": 94.60800170898438,
    "mean": 46.06239046895407,
    "std": 30.14012619062635
  }
}