MODEL,PRED_DOCKQ
3I0Z_af2m,0.88038146
3I0Z,0.6402221
