{
  "f0_hash": "5c2064177007077c223313b1279a398ebddbce873fb0029d87585369489f89ba",
  "f1_hash": "41c655aee9a7c914992ab6cc8337853048878f5ab27191df756b7aed14d07051",
  "f0_stats": {
    "shape": [
      5
    ],
    "size": 5,
    "min": 0.43626949203136967,
    "max": 176.10167223212903,
    "mean": 36.517660892798574,
    "std": 69.79810012729169
  },
  "f1_stats": {
    "shape": [
      15
    ],
    "size": 15,
    "min": 0.011114767825863847,
    "max": 531.8064745092589,
    "mean": 73.13738568685041,
    "std": 169.39837406044876
  }
}