{
  "count": 50,
  "ids_hash": "0da42a1d5e86b05ecfddeddc5490b9e70d8bbac660a9b50d93c2bd475d7c5b4c",
  "coords_hash": "155d7877f46afb1b3650bfe179a26495f7b14f29b3109046d823b4069f8b2dda",
  "coords_stats": {
    "shape": [
      50,
      3
    ],
    "size": 150,
    "min": -29.913999557495117,
    "max": 67.59200286865234,
    "mean": 21.56916000366211,
    "std": 35.57743159779517
  }
}