{
  "count": 108,
  "ids_hash": "aafac6fc09be6d6ae82569ede0383e1d62d221e5d46d5dacf468e46072ca8119",
  "coords_hash": "38764e8912dc6600b91b5bc092344f7624a6c2d5a364eff46748503ea56c87fa",
  "coords_stats": {
    "shape": [
      108,
      3
    ],
    "size": 324,
    "min": 5.570000171661377,
    "max": 88.95899963378906,
    "mean": 36.278935138090155,
    "std": 32.272506228668824
  }
}