{
  "count": 107,
  "ids_hash": "fe536e50105816e292939f7b4cfc7731730dc9faf34cd5c5e3b4772d465a12c3",
  "coords_hash": "a654026d0e4629fa76ed10964581956a0b3f9f8f9b3cba8309a66d3854048322",
  "coords_stats": {
    "shape": [
      107,
      3
    ],
    "size": 321,
    "min": 9.376999855041504,
    "max": 97.97899627685547,
    "mean": 43.60462309044098,
    "std": 34.27006318807602
  }
}