{
  "f0_hash": "6eafd28b8b3c946a1c23e78dc7ad0567cb0f630ccee8b35077eb61e8169578b9",
  "f1_hash": "20c54eb64668edc704e7633214dab09e78b717995eb703fd8de5e356162b5f3b",
  "f0_stats": {
    "shape": [
      5
    ],
    "size": 5,
    "min": 0.5132780788659562,
    "max": 163.8047570195032,
    "mean": 34.10483458410017,
    "std": 64.85672632453714
  },
  "f1_stats": {
    "shape": [
      15
    ],
    "size": 15,
    "min": 0.01166258393710784,
    "max": 538.1880203034744,
    "mean": 74.55066716330167,
    "std": 169.75171895857648
  }
}