MODEL,PRED_DOCKQ
2W1V,0.8778173
2W1V_af2m,0.7526535
