{
  "f0_hash": "99b58b2a994379fdd47ee89bea5bcd8c2d20179c9d6b64dd74de86487e200b3a",
  "f1_hash": "129510ed867f6a517d0fe297ab171c8dd0923f74bd0e1377894028afb82522a0",
  "f0_stats": {
    "shape": [
      5
    ],
    "size": 5,
    "min": 0.5732596707033257,
    "max": 141.39946902920389,
    "mean": 29.813499824437837,
    "std": 55.80707446476494
  },
  "f1_stats": {
    "shape": [
      15
    ],
    "size": 15,
    "min": 0.010693910801446549,
    "max": 363.90395111008917,
    "mean": 51.05818766972236,
    "std": 114.76407087065564
  }
}