{
  "count": 57,
  "ids_hash": "37a840edb0c0cceeefa6ddc504f32d6cf3bd9557a092fe69e2f25ad416d2aef8",
  "coords_hash": "35ff23213593559d9717dd15240bfcfda2ecb322c6f2e4d3863bb5e077fc945c",
  "coords_stats": {
    "shape": [
      57,
      3
    ],
    "size": 171,
    "min": 0.050999999046325684,
    "max": 90.83399963378906,
    "mean": 34.228660896856184,
    "std": 35.54578234897944
  }
}