{
  "f0_hash": "143e6cc126a37d26b56050dd43b95f0fd18c817390c9b27e251b4b75f7f2621a",
  "f1_hash": "b20ff4439636ab6cebcf647c9948221a63683b2f6c0300b13e6e6541b5c5ec09",
  "f0_stats": {
    "shape": [
      5
    ],
    "size": 5,
    "min": 0.2950541504250581,
    "max": 262.0097236952213,
    "mean": 53.45385791500935,
    "std": 104.28314760387187
  },
  "f1_stats": {
    "shape": [
      15
    ],
    "size": 15,
    "min": 0.01029835030539017,
    "max": 561.4236457745287,
    "mean": 76.74967342940786,
    "std": 174.2067174894216
  }
}