{
  "f0_hash": "38b9a4e7fcbaa345476fa1d07e93cea0d5b35477457aeb37af27fbe7eba1041d",
  "f1_hash": "0952a0ccddacf2caf07110a27ec1db7879fcf08df17e202b930a0b99cdf440bb",
  "f0_stats": {
    "shape": [
      5
    ],
    "size": 5,
    "min": 0.3471358804859774,
    "max": 155.52663644323255,
    "mean": 32.42510808974289,
    "std": 61.55963143528054
  },
  "f1_stats": {
    "shape": [
      15
    ],
    "size": 15,
    "min": 0.010733283633721058,
    "max": 439.97065704006314,
    "mean": 61.125887871517676,
    "std": 139.51232573261248
  }
}