{
  "count": 91,
  "ids_hash": "45deb1a1b7dea08a9e92467c3306ebacd18f961e4fefba05dbfa3347901cee5b",
  "coords_hash": "555935512d54f562c0f0019aa3e4f6cee90e24677f552bdc89e6619042c18fda",
  "coords_stats": {
    "shape": [
      91,
      3
    ],
    "size": 273,
    "min": -34.071998596191406,
    "max": -3.2769999504089355,
    "mean": -16.347025651198166,
    "std": 8.243189865584993
  }
}