{
  "hash": "f901bc3edf8bbc3b12aea3a720855fa3d8353e0b927834c83b5dcd19b3ca2dae",
  "stats": {
    "shape": [
      87,
      87
    ],
    "size": 7569,
    "min": 0.0,
    "max": 15.658129924815807,
    "mean": 7.594844688352398,
    "std": 3.073743114725807
  }
}