{
  "f0_hash": "c6a7c31bcdf0fd4a88083032371c05174ff52ee7df2dbd48f9a3c6a1729bd425",
  "f1_hash": "59b3ca7994600ea310797eb0ef262011fcdc425db524e44860ed9ebccd1cb72c",
  "f0_stats": {
    "shape": [
      5
    ],
    "size": 5,
    "min": 0.5623801606564792,
    "max": 137.84148358669884,
    "mean": 29.031187073354317,
    "std": 54.417003890736154
  },
  "f1_stats": {
    "shape": [
      15
    ],
    "size": 15,
    "min": 0.011426866242531197,
    "max": 393.5565195946269,
    "mean": 54.745022659141455,
    "std": 125.57805314888108
  }
}