{
  "hash": "721c7a71fa65bd6bc735a584719b322a42ddbdbc5e3747288b6cd6257df9c164",
  "stats": {
    "shape": [
      74,
      74
    ],
    "size": 5476,
    "min": 0.0,
    "max": 15.572759326555355,
    "mean": 7.251694738219466,
    "std": 2.9849912379396675
  }
}