{
  "count": 79,
  "ids_hash": "6fdbafbd3bf80fdffa17621fcecc28869007c1fd8c74b2d50b1e1d84519370c8",
  "coords_hash": "64ea5b7b3d8e00433a1f7f847666397ff0d3c50cb2443a5fe40f5bb9f7e53d27",
  "coords_stats": {
    "shape": [
      79,
      3
    ],
    "size": 237,
    "min": -19.683000564575195,
    "max": 22.927000045776367,
    "mean": 5.942168746819476,
    "std": 12.690508528693382
  }
}