{
  "f0_hash": "af4a947e84c55826741434bd53b2a2aed90c29ed5f61bb1a9b8dd78ae4955388",
  "f1_hash": "a7394d05db220303a0da3470db8a82170841f20420ac80f8d9c3f9373050cc18",
  "f0_stats": {
    "shape": [
      5
    ],
    "size": 5,
    "min": 0.41637363229891705,
    "max": 165.4843394706417,
    "mean": 34.43519604724878,
    "std": 65.53252997281405
  },
  "f1_stats": {
    "shape": [
      15
    ],
    "size": 15,
    "min": 0.010307749545054534,
    "max": 412.75353825150074,
    "mean": 57.38437342744422,
    "std": 129.64725681392008
  }
}