MODEL,PRED_DOCKQ
4XGO,0.15508293
4XGO_af2m,0.018494546
