{
  "hash": "550810818fd6110ff983459fef613652d9442232001d04ba2c3038c273ea1fd8",
  "stats": {
    "shape": [
      126,
      126
    ],
    "size": 15876,
    "min": 0.0,
    "max": 15.879381034232184,
    "mean": 8.044711283184913,
    "std": 3.0301774185234143
  }
}