{
  "hash": "2bc01c8e237be4adee7c6858e7ebb4cb23624ccf674b286b50721757721f11ff",
  "stats": {
    "shape": [
      107,
      107
    ],
    "size": 11449,
    "min": 0.0,
    "max": 15.742076660952861,
    "mean": 8.01123716059281,
    "std": 3.0596877055346607
  }
}