{
  "hash": "cf219990286e1b82003bbc791ffd263ecf0151bfad762e7480bb32fd80863109",
  "stats": {
    "shape": [
      99,
      99
    ],
    "size": 9801,
    "min": 0.0,
    "max": 14.903202360613184,
    "mean": 7.75445594008728,
    "std": 2.9936568644249197
  }
}