{
  "hash": "1ee1382f93b6be449e3d0a8a2019d29b9e734c463204b443e5f92a3559765164",
  "stats": {
    "shape": [
      109,
      109
    ],
    "size": 11881,
    "min": 0.0,
    "max": 15.307567386880597,
    "mean": 7.947144365900687,
    "std": 3.0282084444626403
  }
}