{
  "count": 101,
  "ids_hash": "4fead29611d8710cc9f58b78486e75e9d8be7ca8e63b74492b2be79015d94886",
  "coords_hash": "ec7bc7973e76219142d2c81746d021d27cf4544dd1f71c67af152036e89b71b6",
  "coords_stats": {
    "shape": [
      101,
      3
    ],
    "size": 303,
    "min": 0.5249999761581421,
    "max": 43.06100082397461,
    "mean": 24.660927381059125,
    "std": 13.455080280844415
  }
}