{
  "count": 74,
  "ids_hash": "9b5585723f3d969433e8d66351f438cd76338e224a05037d9148e39f602827c4",
  "coords_hash": "8bafd6bf01306e2f404674f707f8d7b637f9a853030a5791113c8c25108aa349",
  "coords_stats": {
    "shape": [
      74,
      3
    ],
    "size": 222,
    "min": -9.72700023651123,
    "max": 29.798999786376953,
    "mean": 5.5587612412500755,
    "std": 12.28687310997304
  }
}