{
  "f0_hash": "e89c86f14cac530f18f83d447a35e099ec8c81c90dcdcbb29dede3250b1bf979",
  "f1_hash": "f71a0434188a36e9aa36032c191518d5eafa4fcc800d87161690cbbb042e8bae",
  "f0_stats": {
    "shape": [
      5
    ],
    "size": 5,
    "min": 0.625312143441803,
    "max": 99.34403365365361,
    "mean": 21.274667308768144,
    "std": 39.046802630990236
  },
  "f1_stats": {
    "shape": [
      15
    ],
    "size": 15,
    "min": 0.010268933015938675,
    "max": 240.00150474520206,
    "mean": 35.00177345777221,
    "std": 75.23601602784808
  }
}