{
  "f0_hash": "2b28952d953f0f933d721fa0bfee7133937aadcf7d7181474ad0a0a7fab7b06e",
  "f1_hash": "1950ad7d3c47a4a870eee2665096d16f073df3bf468c4958787855019cbfd7c6",
  "f0_stats": {
    "shape": [
      5
    ],
    "size": 5,
    "min": 0.32242722851235234,
    "max": 132.85372316668494,
    "mean": 27.872652407858084,
    "std": 52.50059908304548
  },
  "f1_stats": {
    "shape": [
      15
    ],
    "size": 15,
    "min": 0.010815773004335227,
    "max": 327.6414848494368,
    "mean": 46.23495591185448,
    "std": 104.64934439132132
  }
}