{
  "hash": "98ef1d5f782992d5d771aee2fae2b8e63f83b7902050554a2df4aecf208fb2af",
  "stats": {
    "shape": [
      114,
      114
    ],
    "size": 12996,
    "min": 0.0,
    "max": 15.671131453070089,
    "mean": 8.131694561412704,
    "std": 3.1223888579049226
  }
}