{
  "f0_hash": "c7ec00ab4495c92e538a98ed66ac5d5259c342fb601d28755f235616fb9d2325",
  "f1_hash": "3111a0810f04fe9296ecd1286b86ba599c32d31d34dce1580c18cb5817dd5e53",
  "f0_stats": {
    "shape": [
      5
    ],
    "size": 5,
    "min": 0.5275247944036845,
    "max": 75.10885315450105,
    "mean": 16.490478061932073,
    "std": 29.3328143437286
  },
  "f1_stats": {
    "shape": [
      15
    ],
    "size": 15,
    "min": 0.012078710320331254,
    "max": 163.59903886110638,
    "mean": 23.70013669920467,
    "std": 52.324345049126244
  }
}