{
  "count": 113,
  "ids_hash": "fe41cb2db11603d0f6744ab297cddba53e557b87465b2ab1cbf93cb207d8173e",
  "coords_hash": "e3ceef2770476038dc5a2e3fa9d7427e9e52a4e096da5fad1a36f10018e4741c",
  "coords_stats": {
    "shape": [
      113,
      3
    ],
    "size": 339,
    "min": -14.126999855041504,
    "max": 19.785999298095703,
    "mean": 5.3084159511248625,
    "std": 9.840034244596522
  }
}