{
  "f0_hash": "55c06bdd30b8e899822fc247d5bc3c7f74a85703d80f859b4ee7d0aeb2aa4aa1",
  "f1_hash": "5ed0f1e2bf3140cc7d380e19a68ddb6ddd526e40cfcf33ace4c96ffd480b7aad",
  "f0_stats": {
    "shape": [
      5
    ],
    "size": 5,
    "min": 0.4257318931862868,
    "max": 155.53524539567806,
    "mean": 32.4456428551171,
    "std": 61.553394993909876
  },
  "f1_stats": {
    "shape": [
      15
    ],
    "size": 15,
    "min": 0.011699795546302738,
    "max": 426.98825894827985,
    "mean": 59.37641836834563,
    "std": 134.9330315082887
  }
}