{
  "hash": "351bcdb6ac62baaefda07560396014820a7258e43465219a24b0368155ff06de",
  "stats": {
    "shape": [
      89,
      89
    ],
    "size": 7921,
    "min": 0.0,
    "max": 15.381460028230714,
    "mean": 7.744026143487754,
    "std": 3.0716238676761765
  }
}