{
  "count": 106,
  "ids_hash": "97cfadecc0639dc686dc4e597f1cc09e019fd2950211ff4fb6290a54ba4dc761",
  "coords_hash": "ed1306c190544a8daaff311cf7dabf5851b9465410767d2322a37a17b2cbb968",
  "coords_stats": {
    "shape": [
      106,
      3
    ],
    "size": 318,
    "min": -29.954999923706055,
    "max": 32.154998779296875,
    "mean": 7.281399381985454,
    "std": 21.216808264631183
  }
}