{
  "count": 122,
  "ids_hash": "8382f2974929dac622b9067735f88a549c175c7ed184d0e9fa412c40f462884f",
  "coords_hash": "4fa8c3ce359e350d6788ad17a45ed737a65386e3c490b89b98ec3515ff3905f9",
  "coords_stats": {
    "shape": [
      122,
      3
    ],
    "size": 366,
    "min": -16.051000595092773,
    "max": 31.790000915527344,
    "mean": 9.836289644241333,
    "std": 14.48535481753661
  }
}