{
  "f0_hash": "1236aedfe0ad2cd0ce1ccdd930332c0b43d15ce203edc7c5750222aae2f04d84",
  "f1_hash": "df7d9db735ed906cd1ba5672d0faafadea67549adc7121c2bde39255880bccd6",
  "f0_stats": {
    "shape": [
      5
    ],
    "size": 5,
    "min": 0.5533960177358547,
    "max": 145.6453080922854,
    "mean": 30.589985408187623,
    "std": 57.538777578562154
  },
  "f1_stats": {
    "shape": [
      15
    ],
    "size": 15,
    "min": 0.011136592443457438,
    "max": 379.3476036411482,
    "mean": 53.59458896640369,
    "std": 119.96429449307962
  }
}