{
  "hash": "9857c23728a2320101ba5dc1abceb1c8cb1a22031994f5244d5160c164904f81",
  "stats": {
    "shape": [
      98,
      98
    ],
    "size": 9604,
    "min": 0.0,
    "max": 15.631875430731622,
    "mean": 7.830215217608297,
    "std": 3.037688400181946
  }
}