{
  "f0_hash": "8bc456125b30b7662bcb1e9d3b99916d0c71cd11a5ec6f89d1ae24e0188700a1",
  "f1_hash": "056826ea82e716bac19f5308da1596897898b974d65c1ffdd9093dc585b93443",
  "f0_stats": {
    "shape": [
      5
    ],
    "size": 5,
    "min": 0.6017687501505182,
    "max": 159.11661306756992,
    "mean": 33.30291604667805,
    "std": 62.91683615538154
  },
  "f1_stats": {
    "shape": [
      15
    ],
    "size": 15,
    "min": 0.010996532111575696,
    "max": 515.7276186615874,
    "mean": 71.01968193275415,
    "std": 164.73569430854002
  }
}