{
  "f0_hash": "06fab87b6eb0dfe438ff7ac20a047a1def7a230a3843a73ab94f037070522d68",
  "f1_hash": "7940034f0f709df0352fcbbe1615afce486787b4a0b2de13043654217fbd21e1",
  "f0_stats": {
    "shape": [
      5
    ],
    "size": 5,
    "min": 0.4569194088534023,
    "max": 171.941446976639,
    "mean": 35.63212950741127,
    "std": 68.16194176087129
  },
  "f1_stats": {
    "shape": [
      15
    ],
    "size": 15,
    "min": 0.01006898161148917,
    "max": 356.44733421516537,
    "mean": 49.58693783661768,
    "std": 110.628836538941
  }
}