MODEL,PRED_DOCKQ
6BSU_af2m,0.87727904
6BSU,0.7371154
