{
  "f0_hash": "3bc16f5357a5c24a8843f0a27efa0bd219eeebd4d246aac6795ddbe6cfcd9a2a",
  "f1_hash": "a71d1460a4bd0f6124560bcc97138cf9ce0acfb4437cf25a9f839ddad3ba90fa",
  "f0_stats": {
    "shape": [
      5
    ],
    "size": 5,
    "min": 0.7684957288228164,
    "max": 128.24107670299188,
    "mean": 27.372391222011732,
    "std": 50.46313604669488
  },
  "f1_stats": {
    "shape": [
      15
    ],
    "size": 15,
    "min": 0.010317833268833176,
    "max": 383.05978162513725,
    "mean": 54.717904980950976,
    "std": 122.03524666765112
  }
}