{
  "count": 35,
  "ids_hash": "250004765c87b6924d69a684ece56d4781dab2e000a6c851822c3947202e7401",
  "coords_hash": "31b3fe1bf618aa7cbde066e47a280a09fc10299b985f3c7e374f9a909a904e74",
  "coords_stats": {
    "shape": [
      35,
      3
    ],
    "size": 105,
    "min": 9.109999656677246,
    "max": 38.14400100708008,
    "mean": 22.620133381798155,
    "std": 9.033780922951603
  }
}