{
  "f0_hash": "65c495f744fc8c2a55c56e32c54901b702f0bdc2afdb2f40a695d87d89226550",
  "f1_hash": "9b98d4c1ce31659dded113969d6374cbea7c67010e9d05f0145d3dd19d3ddea0",
  "f0_stats": {
    "shape": [
      5
    ],
    "size": 5,
    "min": 0.4209282568627057,
    "max": 124.19034948652966,
    "mean": 26.169071570332523,
    "std": 49.02073843369087
  },
  "f1_stats": {
    "shape": [
      15
    ],
    "size": 15,
    "min": 0.010401056214270454,
    "max": 349.5052366973513,
    "mean": 48.723679439332635,
    "std": 111.7756549528777
  }
}