MODEL,PRED_DOCKQ
5CQS,0.6872177
5CQS_af2m,0.22824241
