{
  "count": 113,
  "ids_hash": "e9fe5b8126fd6a5f85aa2c4c39c8c02d9cb79758944a26a57288c212214a7268",
  "coords_hash": "46a0b88c3a1bf8fdbf99d27076b08896db924647c2ec8b182de6062069f92d6d",
  "coords_stats": {
    "shape": [
      113,
      3
    ],
    "size": 339,
    "min": -6.123000144958496,
    "max": 60.766998291015625,
    "mean": 23.70324479677003,
    "std": 22.404405497380154
  }
}