{
  "hash": "0cdd2b3f4553b868a0aa30b07c09cd93918c1d87fe224addf9e0e9bcf430d2e1",
  "stats": {
    "shape": [
      109,
      109
    ],
    "size": 11881,
    "min": 0.0,
    "max": 15.539808324609119,
    "mean": 7.989307812867326,
    "std": 3.0520745809085135
  }
}