MODEL,PRED_DOCKQ
1C9B,0.683285
1C9B_af2m,0.61621773
