{
  "hash": "900c589ac03c83f2055fb410a3beac877e0fdee254e9cade597dad9cff46092f",
  "stats": {
    "shape": [
      59,
      59
    ],
    "size": 3481,
    "min": 0.0,
    "max": 14.579530800905271,
    "mean": 6.393780713474577,
    "std": 2.7048408285279786
  }
}