{
  "count": 85,
  "ids_hash": "f1146ba8c04cf3cc7a21e5a17c28a8539d1bf18f0a89f7a76f19c07beb53bfdd",
  "coords_hash": "52c81c849dd033e61ef09a7f09d317f51d22b5cb4cb0e96178805d31fc259d4b",
  "coords_stats": {
    "shape": [
      85,
      3
    ],
    "size": 255,
    "min": -3.5220000743865967,
    "max": 25.479999542236328,
    "mean": 9.117529393761766,
    "std": 7.676121417206156
  }
}