{
  "hash": "fdfd1a2d594b96466d65f6d4e73564ce9b4110d2972929cb001d8759846d22f2",
  "stats": {
    "shape": [
      90,
      90
    ],
    "size": 8100,
    "min": 0.0,
    "max": 15.644635868877177,
    "mean": 7.8049509556587084,
    "std": 3.178670232882574
  }
}