{
  "count": 97,
  "ids_hash": "c98c98f688ac168aadb01e6a893ba1239e86307651f41ebf470879f030a7f134",
  "coords_hash": "e88d05daac7290ca6ab27cc3eeb447926965e8b0b2f2df05fce9d5976e88acc2",
  "coords_stats": {
    "shape": [
      97,
      3
    ],
    "size": 291,
    "min": 4.173999786376953,
    "max": 88.33399963378906,
    "mean": 42.15999678647805,
    "std": 29.81022717585527
  }
}