{
  "count": 119,
  "ids_hash": "a99cad02c536e470a9ffa10212e79de5e4db48353b5534f74cd1f99aaba2875b",
  "coords_hash": "4ab2022c527263504490da40a30c6ba97fbc360a20141a82748740fc84eef2ec",
  "coords_stats": {
    "shape": [
      119,
      3
    ],
    "size": 357,
    "min": -8.015999794006348,
    "max": 34.52000045776367,
    "mean": 16.773481824265726,
    "std": 13.06222662144342
  }
}