{
  "hash": "02d1492082893194915a7efd2c854bc342d758c5921d931774c86d9481d52bcb",
  "stats": {
    "shape": [
      77,
      77
    ],
    "size": 5929,
    "min": 0.0,
    "max": 15.465060736578097,
    "mean": 7.216169371954009,
    "std": 3.034806438280018
  }
}