{
  "count": 95,
  "ids_hash": "067b1f6ab26833a07a9134474dbb10be3e6b62c72922cd5fb7d46b69d052da70",
  "coords_hash": "895395f0ecfe4da4bbac37d081efd13638148e5b36183c0d027770dde5b74076",
  "coords_stats": {
    "shape": [
      95,
      3
    ],
    "size": 285,
    "min": -18.422000885009766,
    "max": 30.118999481201172,
    "mean": 5.362943851738645,
    "std": 13.902613801537099
  }
}