{
  "count": 119,
  "ids_hash": "431927ad0b5ab4e39b9953db90732f6466aac73862adccd6336ed7a5405dafa0",
  "coords_hash": "bb488828fb8e29dd487392bf9c3e2e7d0876a78533300483c95cba6442903baa",
  "coords_stats": {
    "shape": [
      119,
      3
    ],
    "size": 357,
    "min": -9.086000442504883,
    "max": 35.486000061035156,
    "mean": 17.075885185330105,
    "std": 14.100001815018356
  }
}