{
  "f0_hash": "68659c69e49f43111834dbcae52fbca6c716bd14caec172185d8dc72394dd0c8",
  "f1_hash": "da26d312b48f9f4beb5b1767c0eec2d843866c63fa1fac2b188c78c7eb3e54ac",
  "f0_stats": {
    "shape": [
      5
    ],
    "size": 5,
    "min": 0.4743888459310844,
    "max": 99.20335304161429,
    "mean": 21.28430445229917,
    "std": 38.97715054455596
  },
  "f1_stats": {
    "shape": [
      15
    ],
    "size": 15,
    "min": 0.010802492646297068,
    "max": 195.00520408076804,
    "mean": 29.099161730293602,
    "std": 61.83718910600629
  }
}