{
  "f0_hash": "352c97590d70c169664d9db687d161509e55fdfa74cf9a5ce035c101fbb428bc",
  "f1_hash": "3e7ab40bab05d7103fd16369c0295031468f0bb0e10d06bd4fdefc1c5d82ef73",
  "f0_stats": {
    "shape": [
      5
    ],
    "size": 5,
    "min": 0.6438385866057967,
    "max": 108.14211849393347,
    "mean": 23.39895261904134,
    "std": 42.40442122864808
  },
  "f1_stats": {
    "shape": [
      15
    ],
    "size": 15,
    "min": 0.010437133105221541,
    "max": 270.9340777635821,
    "mean": 38.61135076919585,
    "std": 86.0744199420931
  }
}