MODEL,PRED_DOCKQ
1SNN_af2m,0.91933244
1SNN,0.9146341
