{
  "f0_hash": "f441c1096d77efaad5232ca520025078c0c25d433ea96b776637c10535a422bd",
  "f1_hash": "8701cb4631073a404dd7cd3cf7048da1473378e1fc035aa902883025bf585335",
  "f0_stats": {
    "shape": [
      5
    ],
    "size": 5,
    "min": 0.6273646497296631,
    "max": 134.13451526242721,
    "mean": 28.453962671302243,
    "std": 52.85913862864527
  },
  "f1_stats": {
    "shape": [
      15
    ],
    "size": 15,
    "min": 0.01041568602793852,
    "max": 392.0962940416613,
    "mean": 55.228113352511485,
    "std": 124.91095009413144
  }
}