{
  "f0_hash": "b5e4ecb62435d49dd15fe15e6092f7378e2cb225bd017b1dab74af614790b307",
  "f1_hash": "ca15843d4e4df908821088d60a7d48c60bdb94e9f1daa6831a7a8d54b36f0bce",
  "f0_stats": {
    "shape": [
      5
    ],
    "size": 5,
    "min": 0.6834499212892107,
    "max": 164.55310564495386,
    "mean": 34.69810705369435,
    "std": 64.9481848884374
  },
  "f1_stats": {
    "shape": [
      15
    ],
    "size": 15,
    "min": 0.011704299318788358,
    "max": 493.25542029455323,
    "mean": 69.48200823510228,
    "std": 155.15065940746865
  }
}