{
  "count": 109,
  "ids_hash": "137d04a6fbbae5363c69822015952218bd3f7ca95326c9c016ed4a79a2064f71",
  "coords_hash": "ded6767ab07fdc5fb5ec8581dcd9b79f281d5dda930365b23ef336ba8f4b3e91",
  "coords_stats": {
    "shape": [
      109,
      3
    ],
    "size": 327,
    "min": -12.729000091552734,
    "max": 25.72599983215332,
    "mean": 7.41158716836574,
    "std": 10.532568472983295
  }
}