{
  "count": 120,
  "ids_hash": "91cbc56df963747bc682a2d47d32eecc6f09b84a174603129e17c5e376477b1a",
  "coords_hash": "7c2a0b437fc21559ee1f1879383f4eb7039162715240286642e26be41ba1265d",
  "coords_stats": {
    "shape": [
      120,
      3
    ],
    "size": 360,
    "min": 2.494999885559082,
    "max": 43.7869987487793,
    "mean": 18.72370555533303,
    "std": 12.875247972455925
  }
}