{
  "hash": "60837aae9a00c5f9efb8437d03d1fa3c4ae4c1410cf53bc65384e6aa4b8f8a06",
  "stats": {
    "shape": [
      72,
      72
    ],
    "size": 5184,
    "min": 0.0,
    "max": 15.408942510429526,
    "mean": 7.4799451050765935,
    "std": 3.1661318871141333
  }
}