MODEL,PRED_DOCKQ
1MWQ_af2m,0.91114694
1MWQ,0.8336587
