{
  "f0_hash": "4298bc4e7a2d6a71542d6817dbe36a8cf5291ad18960372a39c17db4894c4e48",
  "f1_hash": "c78bedb61429fdf7cc3af01bd925f2f422adbf0e595946721d27edf2784f0198",
  "f0_stats": {
    "shape": [
      5
    ],
    "size": 5,
    "min": 0.509853938455617,
    "max": 129.27454086319608,
    "mean": 27.287467994922697,
    "std": 51.005919978026846
  },
  "f1_stats": {
    "shape": [
      15
    ],
    "size": 15,
    "min": 0.013051176385059371,
    "max": 304.8558659950295,
    "mean": 42.905516924526445,
    "std": 95.94745582594693
  }
}