{
  "hash": "eeb93b336927b479f0be4cdbf804661652695bf9fba9f707f9b47618a22536d8",
  "stats": {
    "shape": [
      50,
      50
    ],
    "size": 2500,
    "min": 0.0,
    "max": 15.218661130233231,
    "mean": 6.69657342616457,
    "std": 3.1088178395652033
  }
}