{
  "f0_hash": "c078b2c91cff27ebc6505535f6e2290b09d3191b0dec79ee6293ca7220fd6a30",
  "f1_hash": "ee68f34b215d3f9cf96892db135e12f171aad770c37bd1e38e7cdddb09653b47",
  "f0_stats": {
    "shape": [
      5
    ],
    "size": 5,
    "min": 0.5707732232661562,
    "max": 123.84859825507026,
    "mean": 26.196629035155418,
    "std": 48.8376899165788
  },
  "f1_stats": {
    "shape": [
      15
    ],
    "size": 15,
    "min": 0.010632605015209684,
    "max": 336.50178411387714,
    "mean": 47.352007156917104,
    "std": 106.87493762136523
  }
}