{
  "f0_hash": "7627713087ccdd39c2ccaa510738130aa4ca18132f2a212ce5aaff59af2a5d93",
  "f1_hash": "7bff37fe90cdd4c129b800162842aa6c1d7e0d5e17cdca8bab0ddd5611725858",
  "f0_stats": {
    "shape": [
      5
    ],
    "size": 5,
    "min": 0.4545605670733815,
    "max": 163.36615158128157,
    "mean": 34.07115278623448,
    "std": 64.65705203271025
  },
  "f1_stats": {
    "shape": [
      15
    ],
    "size": 15,
    "min": 0.011400233272625293,
    "max": 518.9645939687072,
    "mean": 71.51856893746208,
    "std": 166.18803790133282
  }
}