{
  "f0_hash": "119501ab2ac2166b7e4a6cf3b74ba6eb280d5762585f6460a6dc0d3451195aee",
  "f1_hash": "e0cfdce793b2feac89d396933781fb95dd4ba963fa1f8890b07dc1f652c1707a",
  "f0_stats": {
    "shape": [
      5
    ],
    "size": 5,
    "min": 0.43366907265206583,
    "max": 171.41427649647437,
    "mean": 35.60075284221499,
    "std": 67.92094846790027
  },
  "f1_stats": {
    "shape": [
      15
    ],
    "size": 15,
    "min": 0.01066141765171702,
    "max": 440.1916833521708,
    "mean": 61.552258131786076,
    "std": 139.84569090362643
  }
}