MODEL,PRED_DOCKQ
3GMG,0.84449595
3GMG_af2m,0.75164676
