{
  "count": 69,
  "ids_hash": "dfac23114ae049b4f629ce0dde41c92aeaf1a08abad1479360c50e98bece22ae",
  "coords_hash": "1b3a121215aba0dda87f901ad7b7ecce873a609a7efee7f24a56e3ee113eee1b",
  "coords_stats": {
    "shape": [
      69,
      3
    ],
    "size": 207,
    "min": -35.79399871826172,
    "max": -1.0609999895095825,
    "mean": -18.634483125474716,
    "std": 9.724091111158634
  }
}