{
  "count": 140,
  "ids_hash": "8d462c009f37d00fdbf6735d0af51f46557aece14e8eacdaaca7238188aced85",
  "coords_hash": "3ec967fb964ec59c85901218e72e1ab8636d46e76ef190e0f1310c9115f0d47f",
  "coords_stats": {
    "shape": [
      140,
      3
    ],
    "size": 420,
    "min": -13.692000389099121,
    "max": 28.57699966430664,
    "mean": 4.997861911170185,
    "std": 12.932681512858089
  }
}