{
  "hash": "cd171dd35e3962bcfa9e02952005fdae5089b92527815c404f74e93ee6fed089",
  "stats": {
    "shape": [
      104,
      104
    ],
    "size": 10816,
    "min": 0.0,
    "max": 15.355725286881826,
    "mean": 7.811578126250957,
    "std": 2.984746069267276
  }
}