{
  "hash": "aae4cf76b617c0ccce53efeae7d34e18b593b8f030ec82d7819114ac0fa1e31b",
  "stats": {
    "shape": [
      57,
      57
    ],
    "size": 3249,
    "min": 0.0,
    "max": 15.469567487552393,
    "mean": 7.112631631611869,
    "std": 3.1380390254248427
  }
}