MODEL,PRED_DOCKQ
2IV3_af2m,0.045647867
2IV3,0.020906813
