{
  "hash": "62c4240edc5efc6b81870efe2cecbd7d25a2d9b744886003e4b654c402194198",
  "stats": {
    "shape": [
      83,
      83
    ],
    "size": 6889,
    "min": 0.0,
    "max": 15.588886287166806,
    "mean": 7.547597815424195,
    "std": 3.0668996574181624
  }
}