{
  "count": 104,
  "ids_hash": "3b6ba2b0db7541a7eb4b868c25bec0836ac8ef4cbb55ea4726ef310eb18d65c8",
  "coords_hash": "61e4f1abb6d41c351665f1dd3f3d886c556745f0c907f864717039acedd6e19b",
  "coords_stats": {
    "shape": [
      104,
      3
    ],
    "size": 312,
    "min": -22.395000457763672,
    "max": 6.9039998054504395,
    "mean": -7.968221140309022,
    "std": 7.205710340494102
  }
}