{
  "hash": "9ebe4165dd4f3652c92cce1bd128b75bc0f64cf562cf9d35d71daf37b1f3403a",
  "stats": {
    "shape": [
      90,
      90
    ],
    "size": 8100,
    "min": 0.0,
    "max": 15.662229091574034,
    "mean": 7.82424417286666,
    "std": 3.0750300114559566
  }
}