MODEL,PRED_DOCKQ
2ZEJ_af2m,0.030958809
2ZEJ,0.00083542574
