{
  "hash": "0b71fe6210239b82ba6d5b64306910d020a97f3b64ee5ae71e977ffd9f600380",
  "stats": {
    "shape": [
      116,
      116
    ],
    "size": 13456,
    "min": 0.0,
    "max": 15.81721395323759,
    "mean": 7.6219280702505365,
    "std": 2.988323199713187
  }
}