{
  "hash": "616f7a1192fc2420427bddf9bd975f34859591dc310de4883879d9aaee4ab54b",
  "stats": {
    "shape": [
      147,
      147
    ],
    "size": 21609,
    "min": 0.0,
    "max": 15.19025082214911,
    "mean": 7.188479741538952,
    "std": 2.945568594396006
  }
}