MODEL,PRED_DOCKQ
3UTM_af2m,0.30904555
3UTM,0.0068736956
