{
  "count": 93,
  "ids_hash": "eef47168bd791b9a34fbc0ac49e29eaaa68cb961fe7420c6fe1057c77527d75f",
  "coords_hash": "a2cd6a8f170adc0f419fe84301bd7b0afee682c34c2d3c807a7fb622b7044f0a",
  "coords_stats": {
    "shape": [
      93,
      3
    ],
    "size": 279,
    "min": -4.288000106811523,
    "max": 43.17499923706055,
    "mean": 13.771229415264074,
    "std": 16.279132563513738
  }
}