MODEL,PRED_DOCKQ
2P8I_af2m,0.9024989
2P8I,0.86023235
