{
  "f0_hash": "bffa234e5ad704beca81c2fd3f128030cd0f6e47c138936d5757d0d6bdacdc04",
  "f1_hash": "86ebefb4b1bd7c52748d44ffb15fa2160b53ad412e9e0d1dc6a84d67f81d0e53",
  "f0_stats": {
    "shape": [
      5
    ],
    "size": 5,
    "min": 0.5888369705564197,
    "max": 103.85389299397575,
    "mean": 22.24407732888169,
    "std": 40.82044133066878
  },
  "f1_stats": {
    "shape": [
      15
    ],
    "size": 15,
    "min": 0.010423410740113326,
    "max": 234.1993757458911,
    "mean": 33.35250438355077,
    "std": 74.29452756370031
  }
}