{
  "count": 98,
  "ids_hash": "19472cf85ae0f828d4e4cbe5c038dff56588221624d5d4153a180c095e76ea83",
  "coords_hash": "f3e14b8eee6c509b9b7ff51e3731faa8b4b94376e2a6d1fe6c2ac1374e5184cd",
  "coords_stats": {
    "shape": [
      98,
      3
    ],
    "size": 294,
    "min": 13.012999534606934,
    "max": 44.28799819946289,
    "mean": 30.915023774516825,
    "std": 8.413817756852023
  }
}