{
  "count": 106,
  "ids_hash": "a599e09fef7be7df147201071fdcfa6e9c2a28296600b85d0cdd01b6065fbfb2",
  "coords_hash": "e8ba8e0270a6e2481db85623400ed2494873e98c369805223e60e6022e2adecc",
  "coords_stats": {
    "shape": [
      106,
      3
    ],
    "size": 318,
    "min": -20.915000915527344,
    "max": 37.04399871826172,
    "mean": 15.290185505489134,
    "std": 21.21294463166344
  }
}