{
  "hash": "f7f0d77371e893ac902a3ce7f6a34e8b67319e7ab07d6d2cb0716d09b64be700",
  "stats": {
    "shape": [
      250,
      250
    ],
    "size": 62500,
    "min": 0.0,
    "max": 15.775289691257735,
    "mean": 7.847395136531438,
    "std": 3.003155120502066
  }
}