MODEL,PRED_DOCKQ
1YA5_af2m,0.69806516
1YA5,0.00021473126
