{
  "hash": "cfd09e00ce15c01c31e29d543b3eaf0fb349fd6fd430d5420ef3b107a1b4e1f4",
  "stats": {
    "shape": [
      101,
      101
    ],
    "size": 10201,
    "min": 0.0,
    "max": 15.122458732781011,
    "mean": 7.543326113666998,
    "std": 2.9045692222325075
  }
}