MODEL,PRED_DOCKQ
2HVY_af2m,0.20562084
2HVY,0.0049607125
