MODEL,PRED_DOCKQ
5GJK,0.8263295
5GJK_af2m,0.81442267
