{
  "hash": "7ec20f8fc422d25d524354606a1ce438208ddf6497bc392ad744824229599b87",
  "stats": {
    "shape": [
      81,
      81
    ],
    "size": 6561,
    "min": 0.0,
    "max": 15.013498290392345,
    "mean": 7.459984463770119,
    "std": 3.0257877347515887
  }
}