{
  "hash": "d128544014ada19edfd5bb6a37051e0083ff18dedf04ca22270426cc90e79279",
  "stats": {
    "shape": [
      100,
      100
    ],
    "size": 10000,
    "min": 0.0,
    "max": 15.366136863155969,
    "mean": 7.764648706890593,
    "std": 3.0244298866536847
  }
}