{
  "f0_hash": "09db28ede2d8608f4b473a98908dcc4bb56725df104d118b99ca86e95892d3eb",
  "f1_hash": "281c6d8eb906275f2e2400f1e0d13741d051382bc1ec56b7e59e43daefc09b8d",
  "f0_stats": {
    "shape": [
      5
    ],
    "size": 5,
    "min": 0.3648642722091147,
    "max": 180.30911853375125,
    "mean": 37.24259476140627,
    "std": 71.53781560684013
  },
  "f1_stats": {
    "shape": [
      15
    ],
    "size": 15,
    "min": 0.011029968154195657,
    "max": 499.7976229454342,
    "mean": 68.59428890935624,
    "std": 157.64898624513532
  }
}