{
  "count": 76,
  "ids_hash": "330bf8695af06976452642a431a4fba5e0a30c8019e51993dbfb75160cc55ad6",
  "coords_hash": "d825598562830bbc78056a2c9a3450e10f412f9af024accf90e7e8ef27c4691f",
  "coords_stats": {
    "shape": [
      76,
      3
    ],
    "size": 228,
    "min": -34.57099914550781,
    "max": 18.27899932861328,
    "mean": -1.2878859545055188,
    "std": 18.648408757810273
  }
}