MODEL,PRED_DOCKQ
3MG1,0.1304671
3MG1_af2m,0.041243102
