{
  "count": 88,
  "ids_hash": "1d8b29ebf12cd4f074261c89e3c2b64db5bb8e6fbb775dd95c7db7a329df67b7",
  "coords_hash": "8d356a36d2e81739025fea22961c92e0612bc620b336fb0311bd314a77a98eb5",
  "coords_stats": {
    "shape": [
      88,
      3
    ],
    "size": 264,
    "min": -5.673999786376953,
    "max": 91.10600280761719,
    "mean": 33.80207954493888,
    "std": 37.15586734141025
  }
}