{
  "hash": "1d31b578e76103ad03ff0783030592af98a0bcc342c1628460313054f595ffa0",
  "stats": {
    "shape": [
      69,
      69
    ],
    "size": 4761,
    "min": 0.0,
    "max": 15.58172100137997,
    "mean": 7.655529870490238,
    "std": 3.1807552231430165
  }
}