{
  "f0_hash": "d09c23041ef8f6108673ac28e78e1549aec93fd6539c691961aa829ca064781d",
  "f1_hash": "7ef390dcd3bfbcc35a83cf0f8982a41e29996d3b70ca7b5854886dbc11d831f5",
  "f0_stats": {
    "shape": [
      5
    ],
    "size": 5,
    "min": 0.370359105489969,
    "max": 133.73036065819267,
    "mean": 27.986276155241466,
    "std": 52.87952657607179
  },
  "f1_stats": {
    "shape": [
      15
    ],
    "size": 15,
    "min": 0.010166759508301482,
    "max": 328.96653250609654,
    "mean": 46.91161659253689,
    "std": 104.2568281709712
  }
}