{
  "f0_hash": "788c0ba5d85c52d076363d75665efa6630ec92431fb42ca5728d7b398df9c468",
  "f1_hash": "6150c8d51903760efaaea6b047fabeff315fe15466cae75f992279010ecbf060",
  "f0_stats": {
    "shape": [
      5
    ],
    "size": 5,
    "min": 0.4962622098251046,
    "max": 126.24768244793157,
    "mean": 26.67666332874692,
    "std": 49.79802476296599
  },
  "f1_stats": {
    "shape": [
      15
    ],
    "size": 15,
    "min": 0.011196793075184175,
    "max": 324.86238977021463,
    "mean": 45.46566092109053,
    "std": 102.50644131364002
  }
}