{
  "hash": "54a7f56fbfaae764e07d49d9cae4c236041749debcd18b3e3acb8577ac1ececb",
  "stats": {
    "shape": [
      77,
      77
    ],
    "size": 5929,
    "min": 0.0,
    "max": 15.313858623162998,
    "mean": 7.478606969143004,
    "std": 3.068550658075802
  }
}