{
  "f0_hash": "759f9f389a765c3af08431ca0c6defbaa97012e8a6ea8872c2d7d86a6498eb26",
  "f1_hash": "4bef31478ec8d016444cb11c0be112fff780e21882167a907f65d0df5916b2ff",
  "f0_stats": {
    "shape": [
      5
    ],
    "size": 5,
    "min": 0.5626689624207115,
    "max": 154.37836853758205,
    "mean": 32.278274869420336,
    "std": 61.05849716153529
  },
  "f1_stats": {
    "shape": [
      15
    ],
    "size": 15,
    "min": 0.01173959106705702,
    "max": 504.64709593636724,
    "mean": 70.08561854608962,
    "std": 161.01682562964842
  }
}