{
  "hash": "410d5ab54963850ee7da6628ca0ff71b44b263bbea67c0e4bfe32eeed5475bc1",
  "stats": {
    "shape": [
      117,
      117
    ],
    "size": 13689,
    "min": 0.0,
    "max": 15.4824435711715,
    "mean": 8.223452275482202,
    "std": 3.082402929530863
  }
}