MODEL,PRED_DOCKQ
5INB_af2m,0.8969502
5INB,0.014896773
