MODEL,PRED_DOCKQ
3NO7_af2m,0.8682806
3NO7,0.7573901
