MODEL,PRED_DOCKQ
1JE5_af2m,0.3004917
1JE5,0.045765016
