{
  "count": 76,
  "ids_hash": "6faff91481f85dc7e820369790a996e38ac5a0184033041ecf75f21c0d84b231",
  "coords_hash": "8504ded6268113430e10b4191d5420483a5e38996cd4eaee6776beb13829aae6",
  "coords_stats": {
    "shape": [
      76,
      3
    ],
    "size": 228,
    "min": -13.28499984741211,
    "max": 69.28700256347656,
    "mean": 28.521056996102917,
    "std": 28.484711116575756
  }
}