{
  "f0_hash": "7f51085e455e9e6953cce94cd038c48461423c2ecc2e1a9b1f9678f46e9dee78",
  "f1_hash": "a452236addf034ab8e064efc71d0e7c7435e03bfb9652aa999c172f478660659",
  "f0_stats": {
    "shape": [
      5
    ],
    "size": 5,
    "min": 0.5913488933675208,
    "max": 147.54252582916783,
    "mean": 30.996751561591118,
    "std": 58.28411937803267
  },
  "f1_stats": {
    "shape": [
      15
    ],
    "size": 15,
    "min": 0.012281203151282227,
    "max": 522.8281274241476,
    "mean": 72.65467808174407,
    "std": 167.10415624355463
  }
}