{
  "hash": "b46a2be28d5fcd644fc5ea5db7a83047242869a0d0f34766928f9332ddccccd3",
  "stats": {
    "shape": [
      102,
      102
    ],
    "size": 10404,
    "min": 0.0,
    "max": 15.5765692906042,
    "mean": 7.7680685706651165,
    "std": 3.011365390180516
  }
}