{
  "hash": "2c6a4ee9d137c7ba17c9726d7e167177bbeebbf6d7152a00347c3e067403ce44",
  "stats": {
    "shape": [
      94,
      94
    ],
    "size": 8836,
    "min": 0.0,
    "max": 15.16555431260384,
    "mean": 7.669215977813026,
    "std": 3.013564423468975
  }
}