{
  "count": 118,
  "ids_hash": "aee4301abc19590ea32d07544d45d1d41d1a802bd7baa4d7a19d859693707bd1",
  "coords_hash": "8d94bcc1424b668b4ec6ef68e4b27126042968374f25f55707c603be7ab713a9",
  "coords_stats": {
    "shape": [
      118,
      3
    ],
    "size": 354,
    "min": -2.4679999351501465,
    "max": 26.81399917602539,
    "mean": 14.272245786747353,
    "std": 7.5335577402644045
  }
}