{
  "hash": "8a15928c0aefba541639fb55fd289edff2ad16a7e2b808913acb9fc8a9c91301",
  "stats": {
    "shape": [
      78,
      78
    ],
    "size": 6084,
    "min": 0.0,
    "max": 15.50888825996801,
    "mean": 7.445045666262288,
    "std": 2.967993483031248
  }
}