MODEL,PRED_DOCKQ
4XTT,0.47736114
4XTT_af2m,0.32384977
