{
  "hash": "497302cb09aacde1b034df3947aa859218a76217e95f59f7fbbd0781ee40fcfd",
  "stats": {
    "shape": [
      73,
      73
    ],
    "size": 5329,
    "min": 0.0,
    "max": 15.439660176939514,
    "mean": 7.103120736245176,
    "std": 3.0532958201330755
  }
}