{
  "count": 93,
  "ids_hash": "9110076113aa5ffbba440b3220adb4c7a57ffdd49c065778567290a745c4a9d8",
  "coords_hash": "466f50dc60dee740cce9d6fb0696fd6deddfa016dbf0883a1cda497f7ac208b2",
  "coords_stats": {
    "shape": [
      93,
      3
    ],
    "size": 279,
    "min": 15.541000366210938,
    "max": 75.62300109863281,
    "mean": 37.91370596936954,
    "std": 22.299062331281622
  }
}