{
  "hash": "c408ff65401219bd47c37cb2ff84f4e7328743ac5059d07ce5b051c9c36d3b9f",
  "stats": {
    "shape": [
      198,
      198
    ],
    "size": 39204,
    "min": 0.0,
    "max": 15.735047175372353,
    "mean": 7.932677965059734,
    "std": 3.070722036996296
  }
}