MODEL,PRED_DOCKQ
1CRU_af2m,0.8930123
1CRU,0.009913506
