{
  "count": 194,
  "ids_hash": "8f06a3cf5d932ab92ec06ccdef4c7b469d066774180f2359c6a77afda024ce4f",
  "coords_hash": "6302922c97d3fb65d73cf47fb8be02474f958cae2c34a64195f8f60960a1e8db",
  "coords_stats": {
    "shape": [
      194,
      3
    ],
    "size": 582,
    "min": -14.871000289916992,
    "max": 14.232999801635742,
    "mean": -1.5713247530853625,
    "std": 7.086005472441652
  }
}