{
  "f0_hash": "d1f55cfd29c484ed775bfcb47d81af20e5220bee5599472372071461039c7726",
  "f1_hash": "f2452b657e3ddbe1d9a9819d70f9963cec207cffd1f69afe24b123609366d98c",
  "f0_stats": {
    "shape": [
      5
    ],
    "size": 5,
    "min": 0.49021555161123537,
    "max": 165.16363977184437,
    "mean": 34.440198276760285,
    "std": 65.3708125013777
  },
  "f1_stats": {
    "shape": [
      15
    ],
    "size": 15,
    "min": 0.011217942698108274,
    "max": 437.41499454849213,
    "mean": 60.71004751867195,
    "std": 137.6893377316397
  }
}