{
  "f0_hash": "fd13a094d8f5039cc1e6503043f9301b9357aacc1711e79e6a851a832bb4870a",
  "f1_hash": "2229c39f42b32aa8c39b50b1930e755b855c568a4d27ab458437cc9e23b29923",
  "f0_stats": {
    "shape": [
      5
    ],
    "size": 5,
    "min": 0.5097866643705707,
    "max": 129.2681881766763,
    "mean": 27.28588554233834,
    "std": 51.003527850389396
  },
  "f1_stats": {
    "shape": [
      15
    ],
    "size": 15,
    "min": 0.012897125099297746,
    "max": 304.86955955139223,
    "mean": 42.907218472196966,
    "std": 95.95283849581033
  }
}