{
  "hash": "d93d51dfd04d682875b87a6701b62e4a28934e85b42eb56f829bf4a1d77b912c",
  "stats": {
    "shape": [
      104,
      104
    ],
    "size": 10816,
    "min": 0.0,
    "max": 15.184686934566779,
    "mean": 7.890220151919475,
    "std": 3.0564275354697363
  }
}