MODEL,PRED_DOCKQ
5B83_af2m,0.12371663
5B83,0.021336373
