MODEL,PRED_DOCKQ
1J1B_af2m,0.46715614
1J1B,0.014469324
