{
  "count": 118,
  "ids_hash": "9e07e602c033f76cca081fc18b448e0fac0e7b0ebc6154182a8c8439718e4d62",
  "coords_hash": "47d701ce13a2b32b91b1ef4dd33cb78af0b8d688cb69237360c5ab94551a420b",
  "coords_stats": {
    "shape": [
      118,
      3
    ],
    "size": 354,
    "min": 6.791999816894531,
    "max": 95.47599792480469,
    "mean": 42.80523732422435,
    "std": 32.9069697652681
  }
}