{
  "count": 66,
  "ids_hash": "7d147707044c7d824124f073c44a67e3dad5eff4becc2d2b1cac8df957f986e5",
  "coords_hash": "45394ea1260075e7e0145c41938f58269f95b9a77bf6a65b313d17a5e552ceb1",
  "coords_stats": {
    "shape": [
      66,
      3
    ],
    "size": 198,
    "min": -8.020999908447266,
    "max": 36.047000885009766,
    "mean": 18.174575724385,
    "std": 14.941721805586663
  }
}