{
  "f0_hash": "3984440b9b48f2cbebe743654669116f1caca4ad1a7f3cc2d6fb0be8e3e54eaa",
  "f1_hash": "11695c3c3dcc57e85d6d449df9bcd900eb0591abbdd6fb68d4f08b24c7c93960",
  "f0_stats": {
    "shape": [
      5
    ],
    "size": 5,
    "min": 0.3822834010383399,
    "max": 130.53939762844692,
    "mean": 27.42615436339029,
    "std": 51.56652847296957
  },
  "f1_stats": {
    "shape": [
      15
    ],
    "size": 15,
    "min": 0.010324952641574292,
    "max": 355.9540825878256,
    "mean": 49.91900275216299,
    "std": 112.55511173492789
  }
}