MODEL,PRED_DOCKQ
5F1B_af2m,0.42706513
5F1B,0.047241997
