{
  "f0_hash": "ada9d02e122c3c0477c84bf4ff56584498e22b58f2344cf64d6b055aff754efe",
  "f1_hash": "2570ec3a2a09396ddfa9a8303c9f6841852ec90a9ed444d173492718abe26ff5",
  "f0_stats": {
    "shape": [
      5
    ],
    "size": 5,
    "min": 0.4907179647666432,
    "max": 174.16524655466327,
    "mean": 36.215619461056406,
    "std": 68.98257200393147
  },
  "f1_stats": {
    "shape": [
      15
    ],
    "size": 15,
    "min": 0.01040714078299132,
    "max": 582.0919721816194,
    "mean": 79.99294428837605,
    "std": 186.54710299029935
  }
}