{
  "hash": "e87f2bd61ad2cbc89ae32175d9e2cb86c8ed06551ee7a35719973b1faa6cee7e",
  "stats": {
    "shape": [
      95,
      95
    ],
    "size": 9025,
    "min": 0.0,
    "max": 14.95991216147182,
    "mean": 7.872621235388336,
    "std": 3.058159104364887
  }
}