{
  "f0_hash": "d013408c6f8266cd2a96d67ab70481a88c1afedbf60441db504707837afa0ed9",
  "f1_hash": "5da63094de7c4c4df17c35bdfda78ecb257d9a2c4390765b5c6cdfb6379291d6",
  "f0_stats": {
    "shape": [
      5
    ],
    "size": 5,
    "min": 0.29221736621476874,
    "max": 145.77231364803708,
    "mean": 30.33077444678875,
    "std": 57.72675953390509
  },
  "f1_stats": {
    "shape": [
      15
    ],
    "size": 15,
    "min": 0.010529564660269664,
    "max": 408.1948538880951,
    "mean": 56.89076998179009,
    "std": 129.97739988389628
  }
}