{
  "hash": "8a7df31d3abe4b45613c89f56cc67d966aa2a14335b0e60cdc079f1e199fda98",
  "stats": {
    "shape": [
      99,
      99
    ],
    "size": 9801,
    "min": 0.0,
    "max": 15.617785156097925,
    "mean": 8.069472978659624,
    "std": 3.204566960599781
  }
}