{
  "hash": "b9afbb506837ee74b4ae2307b6406339b74140d9aabe51082165f90d225c0e33",
  "stats": {
    "shape": [
      97,
      97
    ],
    "size": 9409,
    "min": 0.0,
    "max": 15.488476427970072,
    "mean": 7.856480503129398,
    "std": 3.0529029457670287
  }
}