{
  "f0_hash": "aa79058b93600e34fd35336b90e0792dd51ccde4e31328b08ab75aa3b43d31a6",
  "f1_hash": "f02f437a0db3bd086d91c9994eac715b7bf601f1ad0e71f2a8bcda210c89f491",
  "f0_stats": {
    "shape": [
      5
    ],
    "size": 5,
    "min": 0.5436717187555363,
    "max": 155.43324990009273,
    "mean": 32.48559818122716,
    "std": 61.4822618950233
  },
  "f1_stats": {
    "shape": [
      15
    ],
    "size": 15,
    "min": 0.01015383962180394,
    "max": 482.159089276342,
    "mean": 67.34657547986735,
    "std": 153.2159110254245
  }
}