{
  "hash": "3c744b5d27383c392991afdc66560187a78bf88c2ab377355544b946c4790281",
  "stats": {
    "shape": [
      108,
      108
    ],
    "size": 11664,
    "min": 0.0,
    "max": 15.620334952532623,
    "mean": 7.995987210560906,
    "std": 3.079713008623347
  }
}