{
  "f0_hash": "96062f9220dc7bffac248962d5467fe7b3b9bc8f5d88d77ed6b68926350d3716",
  "f1_hash": "543311b761c2a73e47820fabf66c4a591332840001c7fc11db1c407272bc18df",
  "f0_stats": {
    "shape": [
      5
    ],
    "size": 5,
    "min": 0.4518002948910631,
    "max": 106.9760786056292,
    "mean": 22.808582499595904,
    "std": 42.099141728546094
  },
  "f1_stats": {
    "shape": [
      15
    ],
    "size": 15,
    "min": 0.010296197929984707,
    "max": 246.4064825027816,
    "mean": 35.32600820102917,
    "std": 78.3916251371596
  }
}