{
  "hash": "4222a154cda7cdfd1bb0b8e3e11f41e6cb2df90e670e9e461bda68b05e97d6c2",
  "stats": {
    "shape": [
      101,
      101
    ],
    "size": 10201,
    "min": 0.0,
    "max": 15.788331316973487,
    "mean": 7.800455369430804,
    "std": 3.008222484252951
  }
}