{
  "hash": "fa5e8b19fef2096e3fdb3c1e0c89206373132b48c1c5f09fec29a0a0df82b220",
  "stats": {
    "shape": [
      62,
      62
    ],
    "size": 3844,
    "min": 0.0,
    "max": 13.853297501930811,
    "mean": 6.761110349155364,
    "std": 2.798497149240409
  }
}