{
  "f0_hash": "96d237d0e0c138d4f3b2f953934dcaf173afe6f326773bfcb6ef309082402bd7",
  "f1_hash": "8ac079f4799fb93dfd9facbd71b533f8f87290f5b74ff63a618f02709697cfca",
  "f0_stats": {
    "shape": [
      5
    ],
    "size": 5,
    "min": 0.40125414284217714,
    "max": 173.90146996880594,
    "mean": 35.93679928669313,
    "std": 68.99166627440844
  },
  "f1_stats": {
    "shape": [
      15
    ],
    "size": 15,
    "min": 0.010084418824812591,
    "max": 386.5188497617162,
    "mean": 53.45950360453817,
    "std": 121.0382807089951
  }
}