{
  "f0_hash": "6a69e960f335bf9193ea26e625378a38daf5d7412c0db12002661a83b607fb6f",
  "f1_hash": "1e08e687d668e4873cde0d0bb1ac1c8251fe8d6a4945b5c322933c47fa23f4bf",
  "f0_stats": {
    "shape": [
      5
    ],
    "size": 5,
    "min": 0.4184134706548106,
    "max": 166.61914086853955,
    "mean": 34.69016279139133,
    "std": 65.97309118215655
  },
  "f1_stats": {
    "shape": [
      15
    ],
    "size": 15,
    "min": 0.01183101022901667,
    "max": 488.1203404023148,
    "mean": 67.57539359311707,
    "std": 155.44441623397628
  }
}