MODEL,PRED_DOCKQ
3DWG_af2m,0.8364841
3DWG,0.0003069095
