{
  "hash": "dff03ba27c84c865545da57d73a3cbe3495ed39b1dffd307ca58221edc04cbc8",
  "stats": {
    "shape": [
      99,
      99
    ],
    "size": 9801,
    "min": 0.0,
    "max": 15.649962387067003,
    "mean": 8.19041185347454,
    "std": 3.2003966210238244
  }
}