MODEL,PRED_DOCKQ
1PC6_af2m,0.7372388
1PC6,0.72076166
