{
  "count": 112,
  "ids_hash": "a2fb69b5cde9c9693a5f1f1e0cc6bba9c8b13c6aaa6a4761290a766cbb2d6648",
  "coords_hash": "c78d63c8c39f2d7946b88cff16ac5dd3f21047ce19f25b21b2ab9c1275eb5500",
  "coords_stats": {
    "shape": [
      112,
      3
    ],
    "size": 336,
    "min": -19.71299934387207,
    "max": 33.1870002746582,
    "mean": 11.869482173806144,
    "std": 17.949824601181326
  }
}