{
  "f0_hash": "e0bde9567e161ead78ddabddb29a7f4b4c4d8dd9dcbda4057045f44807f16898",
  "f1_hash": "6e1b2d5b9ff8e3cff3871c24e48efb56f15113ad5381d9ab686bf3d96f1faa3f",
  "f0_stats": {
    "shape": [
      5
    ],
    "size": 5,
    "min": 0.31246348552768094,
    "max": 134.79154814879928,
    "mean": 27.972874503144407,
    "std": 53.41761484531403
  },
  "f1_stats": {
    "shape": [
      15
    ],
    "size": 15,
    "min": 0.010298946522420582,
    "max": 216.82762985425003,
    "mean": 30.66282803458314,
    "std": 68.00632680567321
  }
}