{
  "hash": "64eab7e5359ec114da9bb62978e7bd27a7ca9947742f10f5bb35044fea2547b2",
  "stats": {
    "shape": [
      111,
      111
    ],
    "size": 12321,
    "min": 0.0,
    "max": 15.410260435443723,
    "mean": 7.965669457480422,
    "std": 3.0284467927413976
  }
}