MODEL,PRED_DOCKQ
5AB4_af2m,0.8833941
5AB4,0.85586995
