{
  "count": 107,
  "ids_hash": "9da430279e00a161665363d3cdd7a236bbb3301f24297e76d86c1276ff11a4bf",
  "coords_hash": "f120aa591be6856155cd2103b3edc1667f88553140eeccbae930a453d23121ca",
  "coords_stats": {
    "shape": [
      107,
      3
    ],
    "size": 321,
    "min": -29.634000778198242,
    "max": 28.70400047302246,
    "mean": 5.390367591121115,
    "std": 20.12571674497771
  }
}