{
  "count": 93,
  "ids_hash": "54fecad1b004220d4b05f084855b220204b0ba23faf4c488c1d0ab63bf136258",
  "coords_hash": "2536ee5a94e7b587f9fbea6fdbea925adfe22c5051bc3b26e38c6fda34190d37",
  "coords_stats": {
    "shape": [
      93,
      3
    ],
    "size": 279,
    "min": -36.784000396728516,
    "max": 22.87700080871582,
    "mean": -4.027881736570041,
    "std": 18.577070468175624
  }
}