{
  "hash": "7b808e0a402493f6b5700ccab484e33d0a8ac593c8d9eb2eb94e5cfb63b84c49",
  "stats": {
    "shape": [
      93,
      93
    ],
    "size": 8649,
    "min": 0.0,
    "max": 15.243382795960107,
    "mean": 7.630564471271453,
    "std": 3.022366184877228
  }
}