{
  "f0_hash": "a7b2d47e988c0359fcc25417b0a56334bdd924b9ee3357c276d0d135419f64df",
  "f1_hash": "2fe6a55e0b2e2a37be46e08bc1e2f4cf9893616fc01a2740eee3648350369c37",
  "f0_stats": {
    "shape": [
      5
    ],
    "size": 5,
    "min": 0.5578005618481022,
    "max": 156.82128961559064,
    "mean": 32.81495732408512,
    "std": 62.01279084631848
  },
  "f1_stats": {
    "shape": [
      15
    ],
    "size": 15,
    "min": 0.011147877495004899,
    "max": 439.1105913469833,
    "mean": 62.03765907198364,
    "std": 139.14345751115883
  }
}