MODEL,PRED_DOCKQ
2FTK_af2m,0.6010593
2FTK,0.12207362
