{
  "count": 86,
  "ids_hash": "fc7f07e10be41c3b2ef82bd97b09e2d34d41128ad88ba3f67e3feb1096c81539",
  "coords_hash": "e5991756ddf6e94f945867124f190ee07a6e775de777da45e580072a183562fe",
  "coords_stats": {
    "shape": [
      86,
      3
    ],
    "size": 258,
    "min": -22.231000900268555,
    "max": 11.026000022888184,
    "mean": -4.5784767643700155,
    "std": 9.344831812481381
  }
}