{
  "f0_hash": "e9199f3c1c76f33fe3a90935a4374cb812a8b37814ef91ac9e593c067daf109f",
  "f1_hash": "fbe7e05940aa03baed8c73c7a3a155e98406c39ac76cd5f1add1077dafe36288",
  "f0_stats": {
    "shape": [
      5
    ],
    "size": 5,
    "min": 0.6077346202225885,
    "max": 119.09750053154495,
    "mean": 25.34451673504542,
    "std": 46.89181710170139
  },
  "f1_stats": {
    "shape": [
      15
    ],
    "size": 15,
    "min": 0.010167989133164745,
    "max": 349.13971652912005,
    "mean": 50.02510906346687,
    "std": 110.8038773721045
  }
}