{
  "count": 74,
  "ids_hash": "e203891cb37b84a54fdbcb1831c38eb6ffdf4918f3d837df2b40335e9213aaf2",
  "coords_hash": "2a339d4996c7cf3ed52d675dba2dcac7cab5f547bac87710ddc258ee5b4e6114",
  "coords_stats": {
    "shape": [
      74,
      3
    ],
    "size": 222,
    "min": -7.625,
    "max": 25.6200008392334,
    "mean": 8.16676580754889,
    "std": 8.762170598270151
  }
}