MODEL,PRED_DOCKQ
5B6D_af2m,0.91237354
5B6D,0.89677715
