{
  "hash": "ad0aefdaf2c160378076255113add4ebf883edf700d00555cab6097ed6aee4d1",
  "stats": {
    "shape": [
      92,
      92
    ],
    "size": 8464,
    "min": 0.0,
    "max": 15.407820183723892,
    "mean": 7.630088910067035,
    "std": 2.9953210439844997
  }
}