{
  "hash": "a435a3ccda279486fc9bbe62f45f9ac57a3a1bcebf98253308a49be0c088ef25",
  "stats": {
    "shape": [
      84,
      84
    ],
    "size": 7056,
    "min": 0.0,
    "max": 15.791023586793086,
    "mean": 7.75583087195486,
    "std": 3.1520769282539063
  }
}