{
  "count": 106,
  "ids_hash": "95966df10ef92b031aafeba20521dea088e96457e686e3be6c0996a0604df002",
  "coords_hash": "5af8aba27447c67f9225caedcf8e99d794b4c42efc8b04c75d56a1b516d65537",
  "coords_stats": {
    "shape": [
      106,
      3
    ],
    "size": 318,
    "min": -29.954999923706055,
    "max": 32.154998779296875,
    "mean": 7.281399381985454,
    "std": 21.216808264631187
  }
}