MODEL,PRED_DOCKQ
1TMX_af2m,0.85655254
1TMX,0.8094899
