{
  "hash": "6c2af88df5176bc83e8626c4803f7ca7a5dfc860fbb3e401fe378264cd685ae0",
  "stats": {
    "shape": [
      91,
      91
    ],
    "size": 8281,
    "min": 0.0,
    "max": 15.727172838898719,
    "mean": 7.474944057664504,
    "std": 2.9599182768368397
  }
}