MODEL,PRED_DOCKQ
3LBE,0.51849866
3LBE_af2m,0.4512794
