{
  "hash": "f701dcbd451a473e39b8209953306d430d993f6e1d04e476f368248217df08e1",
  "stats": {
    "shape": [
      115,
      115
    ],
    "size": 13225,
    "min": 0.0,
    "max": 15.438961221965211,
    "mean": 7.830257322352855,
    "std": 2.959061728169174
  }
}