{
  "hash": "158ecec6edd71b6d9ce297dc5568b193b90ffb0d4d475b3ddc77185bf23e5023",
  "stats": {
    "shape": [
      92,
      92
    ],
    "size": 8464,
    "min": 0.0,
    "max": 15.259560490019254,
    "mean": 7.686437452906085,
    "std": 3.0180667911768335
  }
}