MODEL,PRED_DOCKQ
2GHV_af2m,0.05554885
2GHV,0.01947667
