{
  "hash": "df3467216a0e169e20f8a5b1f6363a41cdca08d8cb14fc7715491413c144789a",
  "stats": {
    "shape": [
      94,
      94
    ],
    "size": 8836,
    "min": 0.0,
    "max": 15.58542115441842,
    "mean": 7.890388540074818,
    "std": 3.135362893673242
  }
}