{
  "hash": "eab742e11683ae079b1c61562c4567f22f97d5b185f969cc7d38e4f4085659d2",
  "stats": {
    "shape": [
      79,
      79
    ],
    "size": 6241,
    "min": 0.0,
    "max": 15.593462739806071,
    "mean": 7.346898573936705,
    "std": 3.060012310271006
  }
}