{
  "hash": "670b2d5c509fd6b6e8481282e3d0f0b3d8498f8ef92c87e3b61447ced8b43ee3",
  "stats": {
    "shape": [
      96,
      96
    ],
    "size": 9216,
    "min": 0.0,
    "max": 15.612286555791759,
    "mean": 7.796616758589432,
    "std": 3.075709639201244
  }
}