MODEL,PRED_DOCKQ
3CF4_af2m,0.89933777
3CF4,0.0020622911
