{
  "count": 90,
  "ids_hash": "1a9a79cc105635aecd45eb8e4e4ec3ce58a62622de635fa4dc53732afbfe5c87",
  "coords_hash": "7e85f3975360736851070c85a3fb3de3b0c8d588eea405a490a25c9497088c60",
  "coords_stats": {
    "shape": [
      90,
      3
    ],
    "size": 270,
    "min": -1.871000051498413,
    "max": 96.13400268554688,
    "mean": 36.44594079427145,
    "std": 37.63233284291037
  }
}