{
  "hash": "0596da464706533309095d8cfd2f4d4481a078364c205237fad70a8db5bf7d01",
  "stats": {
    "shape": [
      89,
      89
    ],
    "size": 7921,
    "min": 0.0,
    "max": 15.485389758663606,
    "mean": 7.656406290502292,
    "std": 3.0526277207250545
  }
}