{
  "hash": "7a2e0e28a3c246524b9038a103070a0dc080512abe1ab794e66d12e926311807",
  "stats": {
    "shape": [
      105,
      105
    ],
    "size": 11025,
    "min": 0.0,
    "max": 15.439233134239617,
    "mean": 8.1273844903339,
    "std": 3.094940971984163
  }
}