{
  "count": 87,
  "ids_hash": "65588575cb774482b6a2990f3d298f37cccb8eb8dda6a9de0068a42efb867d80",
  "coords_hash": "7a101bc5478d0701c15cd37fefb61104c55e2fb5824d024f0f0737aa33a2e4f3",
  "coords_stats": {
    "shape": [
      87,
      3
    ],
    "size": 261,
    "min": -15.04699993133545,
    "max": 77.4520034790039,
    "mean": 26.34996919476666,
    "std": 32.961352946826516
  }
}