MODEL,PRED_DOCKQ
3FRQ_af2m,0.85085076
3FRQ,0.83220804
