{
  "count": 63,
  "ids_hash": "d4ab776175b1adffaaf79cc39110763b6d1a92be2d12771e5602edceb4fa4a42",
  "coords_hash": "6c0230403a4599e73452e3aa9dac92c3b3300b09789e6b216a96eafce23048af",
  "coords_stats": {
    "shape": [
      63,
      3
    ],
    "size": 189,
    "min": 4.173999786376953,
    "max": 83.62000274658203,
    "mean": 40.86695247983176,
    "std": 28.55388082262637
  }
}