{
  "count": 110,
  "ids_hash": "2571e39c709a90fb1d95b384abd5d2f9b0976195a71cdda7a55081592e66a97c",
  "coords_hash": "4e3794dec4d9d8e3eda3527d8d3153010465f9beeb2dda574b0e2252d30b6c73",
  "coords_stats": {
    "shape": [
      110,
      3
    ],
    "size": 330,
    "min": -2.8570001125335693,
    "max": 94.10399627685547,
    "mean": 36.91396667284496,
    "std": 36.367197918807584
  }
}