{
  "f0_hash": "9b9b2c2e266b5250a7701d3895f3225d989bdb6de5122d3eb422229585f3fb3c",
  "f1_hash": "8ed7f0be9fd1325944ef1f5288d3fa4a933b6259c4605ff0a3daa6ca74e3b068",
  "f0_stats": {
    "shape": [
      5
    ],
    "size": 5,
    "min": 0.5431470185798171,
    "max": 135.44812916119216,
    "mean": 28.566502344363453,
    "std": 53.453884813749
  },
  "f1_stats": {
    "shape": [
      15
    ],
    "size": 15,
    "min": 0.011115358075837634,
    "max": 393.9276360463455,
    "mean": 55.787439326863854,
    "std": 124.49093269557989
  }
}