{
  "hash": "a640dd8e4c6f94cc4f1066fed0c645d153808fcda092b102885aaa9350e3670a",
  "stats": {
    "shape": [
      71,
      71
    ],
    "size": 5041,
    "min": 0.0,
    "max": 15.232266888066247,
    "mean": 6.971085981806881,
    "std": 2.961624141879588
  }
}