{
  "f0_hash": "e12acce56466d80b11a394f09fa59b16b26fe436e5ed695faeee9e09f1108922",
  "f1_hash": "db403d560a97423bb0c1e13dc291d0f4e496597007a2e6fb249b96113d2d990a",
  "f0_stats": {
    "shape": [
      5
    ],
    "size": 5,
    "min": 0.41490625477427057,
    "max": 130.04504031858121,
    "mean": 27.252681226366327,
    "std": 51.40651089512641
  },
  "f1_stats": {
    "shape": [
      15
    ],
    "size": 15,
    "min": 0.013008480999540772,
    "max": 311.63243067619356,
    "mean": 43.94507583693546,
    "std": 98.07203807704992
  }
}