MODEL,PRED_DOCKQ
4Y5O,0.39396653
4Y5O_af2m,0.18100289
