{
  "count": 85,
  "ids_hash": "ca4bacc4b527de91fd52575bb27bd2141ef528a1dddd59a939fed86f9bcbdaf1",
  "coords_hash": "0495ee6537e36a2b3f7b09b04769fb0bcec30a6c537b25b1edff52ce2b346335",
  "coords_stats": {
    "shape": [
      85,
      3
    ],
    "size": 255,
    "min": 20.850000381469727,
    "max": 47.34199905395508,
    "mean": 35.26154904833027,
    "std": 6.4418342419391
  }
}