{
  "count": 89,
  "ids_hash": "8b076509abfec82dda640779a4bfa9328965705f45b77b49f6113d30c86670ff",
  "coords_hash": "a1aafefb4ee2c1223a38034804de71f8d8ae00a00e5c399d071651da775ee4c2",
  "coords_stats": {
    "shape": [
      89,
      3
    ],
    "size": 267,
    "min": 9.088000297546387,
    "max": 50.430999755859375,
    "mean": 28.53252057279094,
    "std": 11.431165161952038
  }
}