{
  "count": 86,
  "ids_hash": "c577926e4419d027a62532084a2bed05f080dd905487d7c982c0d82430ac86cb",
  "coords_hash": "97c1854b590807fd4b686edb711254a48077ed4edb76340e764ec480c3da755a",
  "coords_stats": {
    "shape": [
      86,
      3
    ],
    "size": 258,
    "min": -22.59000015258789,
    "max": 31.222999572753906,
    "mean": 6.926627903945686,
    "std": 16.557128927409078
  }
}