{
  "count": 107,
  "ids_hash": "2c122a974064cf06b9282987a24230c8530337c6bf5730e9c8fd2ba6831cd0fc",
  "coords_hash": "0b7285eb32703663ad37db0b3932ff7f539917787b2550b2ca2727ca9d81cce5",
  "coords_stats": {
    "shape": [
      107,
      3
    ],
    "size": 321,
    "min": -17.50200080871582,
    "max": 33.1870002746582,
    "mean": 13.81392838279035,
    "std": 18.036289446688798
  }
}