{
  "hash": "ce2033b7386eb343d4ff5f8a850dd6b67b806006e581ca7f230e78c0d8f598d5",
  "stats": {
    "shape": [
      57,
      57
    ],
    "size": 3249,
    "min": 0.0,
    "max": 14.664973671848873,
    "mean": 6.5166888869869775,
    "std": 2.85358839730939
  }
}