{
  "f0_hash": "9c1af79bf0611999e1c140b23b4993fb99a0547f70b83b16e4b3033718272125",
  "f1_hash": "515e7c46b9a7ebc58ef251731cc47b373053a058d78c09b358f00c0114d317df",
  "f0_stats": {
    "shape": [
      5
    ],
    "size": 5,
    "min": 0.5232781778487982,
    "max": 165.14042376241696,
    "mean": 34.494532364361675,
    "std": 65.333486377444
  },
  "f1_stats": {
    "shape": [
      15
    ],
    "size": 15,
    "min": 0.010163733243135908,
    "max": 564.4856927644286,
    "mean": 78.15945156715115,
    "std": 180.1685507646676
  }
}