{
  "count": 42,
  "ids_hash": "ccc0fe3bb6aaf76e4094d8870ed28b836aca1e4b0bb43b432073a5c147d5201c",
  "coords_hash": "cdc368fc11525b11ee6e5120b90d00fc004755e5650d66db26dbc163fe732324",
  "coords_stats": {
    "shape": [
      42,
      3
    ],
    "size": 126,
    "min": -13.496999740600586,
    "max": 50.7599983215332,
    "mean": 13.825277808758,
    "std": 23.066249131723357
  }
}