{
  "f0_hash": "5f564a40209f3d7c7b2ef2b762b2ed2544a7aeef23877f7fc7ebbfeb3af5efa4",
  "f1_hash": "330ebd6ce53812281be3cd0db418b3c4cbbb12e4c5870d85b428ce3ad7216f46",
  "f0_stats": {
    "shape": [
      5
    ],
    "size": 5,
    "min": 0.4673174324451702,
    "max": 152.364089615163,
    "mean": 31.829856690640845,
    "std": 60.27562269443072
  },
  "f1_stats": {
    "shape": [
      15
    ],
    "size": 15,
    "min": 0.011559777867320875,
    "max": 355.7188452931367,
    "mean": 49.68074124363366,
    "std": 111.72327748007024
  }
}