{
  "count": 115,
  "ids_hash": "1c2faf8975effe4a52eb698d19efba6ebcc1f1b89b33df5abe253ecbcca948f5",
  "coords_hash": "28766c0e7e764bc56d76cfe53d5e9e87d93e52e393e502603d55bf686f499701",
  "coords_stats": {
    "shape": [
      115,
      3
    ],
    "size": 345,
    "min": -8.222999572753906,
    "max": 43.882999420166016,
    "mean": 21.926797131243823,
    "std": 17.291290280439554
  }
}