MODEL,PRED_DOCKQ
4I3Y_af2m,0.90939707
4I3Y,0.8619577
