{
  "f0_hash": "8645093acecad8744b48819869b09d39fbf17ccdd0642a8f289e9aca79c78813",
  "f1_hash": "97b4077397486b43fb01e7407ff801d644f74afcb5a7a7a603184d5ac391a564",
  "f0_stats": {
    "shape": [
      5
    ],
    "size": 5,
    "min": 0.5653276262633067,
    "max": 152.60476310934033,
    "mean": 32.01800548023285,
    "std": 60.30503182177934
  },
  "f1_stats": {
    "shape": [
      15
    ],
    "size": 15,
    "min": 0.01274951942266056,
    "max": 476.36626832933837,
    "mean": 65.77678919910264,
    "std": 150.6840357281348
  }
}