{
  "count": 157,
  "ids_hash": "9ad045e13f5dd2969c31680a50c67c0a4b34047b5e63be9ffa7ab2e7cc419b16",
  "coords_hash": "2f793d08d9b8a8ef9ec9fe5dc98d29d9e3cbc548e4b6a5c6698d47a4a88fc159",
  "coords_stats": {
    "shape": [
      157,
      3
    ],
    "size": 471,
    "min": -4.289000034332275,
    "max": 12.97599983215332,
    "mean": 4.166256905408802,
    "std": 3.5558371699965323
  }
}