{
  "hash": "91f1a7a3ca3260ef179b34effa2e2284023fb7415df190838dec94160275aa47",
  "stats": {
    "shape": [
      68,
      68
    ],
    "size": 4624,
    "min": 0.0,
    "max": 14.799507036748585,
    "mean": 7.214602959461655,
    "std": 3.054807349202728
  }
}