{
  "count": 68,
  "ids_hash": "ff862b9a8d7749527ebee09a45ef390b1311bf8de8c22779a2efe65dd401dc12",
  "coords_hash": "9c2dc0947a0fc26d87101477282ce874f053042f8d773466ea1ed2b7f5ce4c69",
  "coords_stats": {
    "shape": [
      68,
      3
    ],
    "size": 204,
    "min": -9.133000373840332,
    "max": 39.35200119018555,
    "mean": 12.184568662196398,
    "std": 15.654213949703317
  }
}