MODEL,PRED_DOCKQ
4BX9,0.75805175
4BX9_af2m,0.57505745
