{
  "count": 85,
  "ids_hash": "40ae33a7af8dcd4b5420f1ff0334df8090194f0b5c02c03f88f5f771e4818e1e",
  "coords_hash": "1f77068bad42b0f10a904082e676ccbd709034cdfd4adfa4688bece4dff5b7b4",
  "coords_stats": {
    "shape": [
      85,
      3
    ],
    "size": 255,
    "min": -17.760000228881836,
    "max": 59.323001861572266,
    "mean": 14.140807829505087,
    "std": 27.368557750230963
  }
}