{
  "hash": "2a8067511f7a7c22c70160fdf07f03778375d15935355f202062819ff6f2c597",
  "stats": {
    "shape": [
      112,
      112
    ],
    "size": 12544,
    "min": 0.0,
    "max": 15.664905520183272,
    "mean": 8.177645068215003,
    "std": 3.1098695878908917
  }
}