{
  "count": 88,
  "ids_hash": "e9b345fd45510d911ccbbf8b2e5185df051f64a099d55c7084da6e00b1d88826",
  "coords_hash": "4ec04c5b7eea17cd5f037759278755e8c2f0865e699cc01c43ea1062a77ffa4d",
  "coords_stats": {
    "shape": [
      88,
      3
    ],
    "size": 264,
    "min": -57.082000732421875,
    "max": 7.258999824523926,
    "mean": -21.252553025793254,
    "std": 22.06974724444836
  }
}