{
  "f0_hash": "1bcf18b92ca589314cd462b9bb755b2363238b10989c088961b137729c1bf5e5",
  "f1_hash": "75e0bd3f35abccf826989d52b84aa1262b5f818bab23cf76fb761d2567c2be9e",
  "f0_stats": {
    "shape": [
      5
    ],
    "size": 5,
    "min": 0.7095725510017244,
    "max": 190.7426263298165,
    "mean": 39.653505891379126,
    "std": 75.55200526276306
  },
  "f1_stats": {
    "shape": [
      15
    ],
    "size": 15,
    "min": 0.011911291484125286,
    "max": 660.4826778083568,
    "mean": 90.42582350626297,
    "std": 209.0280447247904
  }
}