{
  "count": 99,
  "ids_hash": "816520175d4d5eaca3d808567d98a8fae9b1ce380ff8fa40540b365989b04125",
  "coords_hash": "c30544f579df0bd5b42ad9087eccc33909db7749b51be6a8d70a7cb035a37fae",
  "coords_stats": {
    "shape": [
      99,
      3
    ],
    "size": 297,
    "min": -7.111000061035156,
    "max": 75.80699920654297,
    "mean": 27.185491606373628,
    "std": 29.784472904649572
  }
}