{
  "hash": "88e625fc6fe953e1aa37e923a167a428e7ebb40ed4076d266a7970824cd7c665",
  "stats": {
    "shape": [
      104,
      104
    ],
    "size": 10816,
    "min": 0.0,
    "max": 15.477874145720774,
    "mean": 7.882301101659772,
    "std": 3.012996042398471
  }
}