{
  "count": 96,
  "ids_hash": "c96d622d7533d1ba5da691d6b5953d4dadaa95ea898b5f622d8f04fb5d6d6b3c",
  "coords_hash": "c35d380f2c17a76cb4cf03f4a7b4206d645864475896453abe203f7c4f006155",
  "coords_stats": {
    "shape": [
      96,
      3
    ],
    "size": 288,
    "min": 5.244999885559082,
    "max": 48.11000061035156,
    "mean": 27.49667706257767,
    "std": 11.881481082772877
  }
}