{
  "count": 66,
  "ids_hash": "4f819e29242dc3c346ea0902cce3c6b911ecba78491812a083288d2cedb0c3a7",
  "coords_hash": "1deebaf4e5c17bc862b943360178f891b27fa9ab679082e64eab5160d8ee4393",
  "coords_stats": {
    "shape": [
      66,
      3
    ],
    "size": 198,
    "min": -10.619000434875488,
    "max": 55.37699890136719,
    "mean": 22.608489945004084,
    "std": 21.712318840156623
  }
}