{
  "hash": "f6a50cdc891d67d0b1d75f93c7f8f06ebd8101a4191e3408e18c87905529ecc4",
  "stats": {
    "shape": [
      95,
      95
    ],
    "size": 9025,
    "min": 0.0,
    "max": 15.59930597068936,
    "mean": 7.672304399507636,
    "std": 3.018171819850577
  }
}