MODEL,PRED_DOCKQ
4QPK,0.8627927
4QPK_af2m,0.81762445
