{
  "count": 116,
  "ids_hash": "d9439374ee9837406953e8e760c87f4860a0bdf460168420e454524390a5a95c",
  "coords_hash": "94f88890928144cdba0cf393f9de6396e50396e6d3bb8d018bfab8b11a97729b",
  "coords_stats": {
    "shape": [
      116,
      3
    ],
    "size": 348,
    "min": -23.349000930786133,
    "max": 46.974998474121094,
    "mean": 14.533465500535636,
    "std": 23.85033506793989
  }
}