{
  "count": 78,
  "ids_hash": "41f323f07257ec1b23497a8b0bcbfd1a71a467c878512c645fac3456f145cea0",
  "coords_hash": "f5d3790ce0e4f68bf71b465980eca356529e9f05e5ba8c6f4a30e13b29af5406",
  "coords_stats": {
    "shape": [
      78,
      3
    ],
    "size": 234,
    "min": -17.350000381469727,
    "max": 42.33300018310547,
    "mean": 13.957200827761593,
    "std": 19.688154449956485
  }
}