{
  "count": 88,
  "ids_hash": "07f8fdf98349929cc72ca53ca47308aa247a16720f60734aa6187e83891b4031",
  "coords_hash": "8031db1b9c71bb475283be18dee4f86317fe0e074d8cea7c25f9f5afb7e5cf73",
  "coords_stats": {
    "shape": [
      88,
      3
    ],
    "size": 264,
    "min": 19.1200008392334,
    "max": 95.375,
    "mean": 49.85998866774819,
    "std": 27.314950575407057
  }
}