{
  "hash": "f80ad74eb85ca0f0deb3b67251d9799c0053212be5e0c816397c6b9e2a705e86",
  "stats": {
    "shape": [
      96,
      96
    ],
    "size": 9216,
    "min": 0.0,
    "max": 15.371913811923172,
    "mean": 7.659206765533808,
    "std": 3.0189110890392765
  }
}