{
  "count": 107,
  "ids_hash": "08537736b9daf01ef9c227e5196600e69c986feb9146294989983588d0387aa8",
  "coords_hash": "0d6ad0efb4b6c059d4c0bfdc8c84c42a09659894f4f5fb29625bad9e4f0bda37",
  "coords_stats": {
    "shape": [
      107,
      3
    ],
    "size": 321,
    "min": -29.035999298095703,
    "max": 37.196998596191406,
    "mean": -0.4652024815758441,
    "std": 23.006152637859014
  }
}