MODEL,PRED_DOCKQ
3NUA_af2m,0.92514676
3NUA,0.9171786
