MODEL,PRED_DOCKQ
5SZH_af2m,0.48865035
5SZH,0.10007324
