{
  "f0_hash": "de106fe497c67cfe44f1639216e5edbbd40f440ee74ac82fe9e23ff18e78811e",
  "f1_hash": "7656f551078e8bb90d29910b77ec48e60eb866f280c4e5ada992bb5fb6367217",
  "f0_stats": {
    "shape": [
      5
    ],
    "size": 5,
    "min": 0.4079453191913074,
    "max": 123.31007636654266,
    "mean": 26.0010293053155,
    "std": 48.66536407946099
  },
  "f1_stats": {
    "shape": [
      15
    ],
    "size": 15,
    "min": 0.010893862903913032,
    "max": 317.79514460252403,
    "mean": 44.74033809923669,
    "std": 101.13349098363575
  }
}