{
  "f0_hash": "ea5daa7c563cb289f73cc59ec2ef2fd51a8a7a0967b5a5859880d571e269b762",
  "f1_hash": "953792561214e86e85ccf30c6a1adf93daf679e5bc7794cc987eecf3d66df47a",
  "f0_stats": {
    "shape": [
      5
    ],
    "size": 5,
    "min": 0.5807466172385716,
    "max": 180.5426092316274,
    "mean": 37.6263463326148,
    "std": 71.46850982746957
  },
  "f1_stats": {
    "shape": [
      15
    ],
    "size": 15,
    "min": 0.010383792824843141,
    "max": 582.8211132226945,
    "mean": 80.00499852224695,
    "std": 184.79200167865645
  }
}