{
  "f0_hash": "408fb28794546aed94338fb69be503ca135148804b27a1258cb9aed8e13bed47",
  "f1_hash": "1db4886a67db4ef171533715f6bdb36251099dcf6404631a781030f53a87fa8a",
  "f0_stats": {
    "shape": [
      5
    ],
    "size": 5,
    "min": 0.8000260419630786,
    "max": 86.46530666748626,
    "mean": 18.944490421745776,
    "std": 33.78600415000582
  },
  "f1_stats": {
    "shape": [
      15
    ],
    "size": 15,
    "min": 0.01470705059082511,
    "max": 188.07148432869405,
    "mean": 28.111431929206947,
    "std": 59.789247854239306
  }
}