{
  "hash": "8f0fcae9aed3545055d63a21fb6599d1ebba4473349b267fe60612ec9d8a3db5",
  "stats": {
    "shape": [
      78,
      78
    ],
    "size": 6084,
    "min": 0.0,
    "max": 15.61240674469678,
    "mean": 7.381864285386685,
    "std": 2.959208299820668
  }
}