{
  "f0_hash": "61458bcfd48d09d64354163ce6977850626e0ebada9f4e28b79bb650cc7d8dab",
  "f1_hash": "ce5b07bc94b01071e5913360a23dd29995e1cfe55d94310e3919ad7ddbcdff59",
  "f0_stats": {
    "shape": [
      5
    ],
    "size": 5,
    "min": 0.5954612631631246,
    "max": 167.85656639674147,
    "mean": 35.060252558894504,
    "std": 66.4082420933019
  },
  "f1_stats": {
    "shape": [
      15
    ],
    "size": 15,
    "min": 0.01036152594417139,
    "max": 524.3763343573085,
    "mean": 72.56927040033993,
    "std": 166.8211039047508
  }
}