{
  "hash": "12c02d43f4caa1c16575f5a6a80a2f655c49b91656ad083f9c74480c13b10de5",
  "stats": {
    "shape": [
      104,
      104
    ],
    "size": 10816,
    "min": 0.0,
    "max": 15.561770465489385,
    "mean": 7.861712371641733,
    "std": 2.991076766491146
  }
}