MODEL,PRED_DOCKQ
2DGJ_af2m,0.047781684
2DGJ,0.0018281125
