MODEL,PRED_DOCKQ
4B8X,0.81051916
4B8X_af2m,0.7921397
