{
  "count": 67,
  "ids_hash": "76cc1cb565c644c404f25ae22b47246b53d28266eb634f0e65c1a4a6575dec15",
  "coords_hash": "0b7ac08f4a2e873175022d9c1d4e9f103495451af9364197148eade7c31bfdeb",
  "coords_stats": {
    "shape": [
      67,
      3
    ],
    "size": 201,
    "min": -23.459999084472656,
    "max": 12.305999755859375,
    "mean": -3.7295422986223925,
    "std": 11.129844002665205
  }
}