{
  "f0_hash": "776111e0536aa1f2da45e8e7f83fc2ff40dd3b739b54161b3413a1f9d44fe468",
  "f1_hash": "7c11687ac7accc3b48e01e971e39e6cc237157b96e4650b6b3013ce3ede2e8f6",
  "f0_stats": {
    "shape": [
      5
    ],
    "size": 5,
    "min": 0.42051312085602266,
    "max": 166.27689568190797,
    "mean": 34.65243097214714,
    "std": 65.82219617582946
  },
  "f1_stats": {
    "shape": [
      15
    ],
    "size": 15,
    "min": 0.010886999759027738,
    "max": 472.7838015560326,
    "mean": 65.58290296437936,
    "std": 149.9457086532906
  }
}