{
  "f0_hash": "9fe131e6e7d2ea2e3f7780d6fe88e581c800a9006d2f87e5764f153ca96a7ef3",
  "f1_hash": "5966e83107e5a0a90b60fba0c4664f3272dbf19149b9b3598d5618768813303d",
  "f0_stats": {
    "shape": [
      5
    ],
    "size": 5,
    "min": 0.5384702918558595,
    "max": 178.84435803288636,
    "mean": 37.23024755153572,
    "std": 70.81688652546337
  },
  "f1_stats": {
    "shape": [
      15
    ],
    "size": 15,
    "min": 0.010920149328558892,
    "max": 562.1872452777477,
    "mean": 77.38803686275432,
    "std": 177.63677498889774
  }
}