{
  "f0_hash": "89351ecf5b5a33d8b12a742b611d520618085d2edcdac90198a73a2f34f162c8",
  "f1_hash": "69441eab994d385753682b6fba83faea01f9b9cc26ababe5895e97896a25a47e",
  "f0_stats": {
    "shape": [
      5
    ],
    "size": 5,
    "min": 0.285350507328461,
    "max": 186.81549231918402,
    "mean": 38.64228332971502,
    "std": 74.09359628285033
  },
  "f1_stats": {
    "shape": [
      15
    ],
    "size": 15,
    "min": 0.01266303477764641,
    "max": 535.7067422714649,
    "mean": 73.73573190749366,
    "std": 170.0132113834991
  }
}