{
  "hash": "7a3103c94c7fdfc0d888d49595d956a2889c213b0c57ae841871ba7cb86de99a",
  "stats": {
    "shape": [
      98,
      98
    ],
    "size": 9604,
    "min": 0.0,
    "max": 15.303518945805141,
    "mean": 7.856436181198401,
    "std": 3.062526181835133
  }
}