MODEL,PRED_DOCKQ
6MB8_af2m,0.7943395
6MB8,0.73401266
