{
  "hash": "4d8fb7256ebf349dcf289081d977c76206d3ee56e50c25d02bff6713b44f16e2",
  "stats": {
    "shape": [
      99,
      99
    ],
    "size": 9801,
    "min": 0.0,
    "max": 15.044690715924556,
    "mean": 7.4632601201070745,
    "std": 2.8736500323936456
  }
}