MODEL,PRED_DOCKQ
6BXO_af2m,0.9010274
6BXO,0.89114904
