MODEL,PRED_DOCKQ
6NKF_af2m,0.7984123
6NKF,0.76266646
