{
  "hash": "6a2fe758099c54d274fe1406a0fadceec2ae1aeacfd849cac42134333adf0d7b",
  "stats": {
    "shape": [
      119,
      119
    ],
    "size": 14161,
    "min": 0.0,
    "max": 15.708593163900362,
    "mean": 8.278030651588034,
    "std": 3.115142583515751
  }
}