{
  "hash": "13c6209df214d6790dfd1b452378f25e19c8860f2ddbaf88ee950a6523966fd1",
  "stats": {
    "shape": [
      112,
      112
    ],
    "size": 12544,
    "min": 0.0,
    "max": 15.73270669971165,
    "mean": 7.909638809333115,
    "std": 3.108101994255253
  }
}