{
  "f0_hash": "1736ec93fdd103fc4a10b72efeea5d07d39103d6a325b5e564ee8bdd4c0e014a",
  "f1_hash": "bf8e8af9767760d7f2380e7dc1a0672d1b36b6a9d6bd89805c8d072220411a8e",
  "f0_stats": {
    "shape": [
      5
    ],
    "size": 5,
    "min": 0.5138034922362967,
    "max": 166.2153822210524,
    "mean": 34.62831099679234,
    "std": 65.80169811354618
  },
  "f1_stats": {
    "shape": [
      15
    ],
    "size": 15,
    "min": 0.01194036137441934,
    "max": 450.5459294097032,
    "mean": 63.13185249732734,
    "std": 142.99001703115806
  }
}