MODEL,PRED_DOCKQ
4DVG_af2m,0.87841773
4DVG,0.013501185
