{
  "count": 62,
  "ids_hash": "15ad3cd4a16eddc5a32b4c686b1992c5b50b677a874874ca84de7f7191b08082",
  "coords_hash": "6b94b09a739f0d0b857b036bea97b36bc806edeba5734af6d5eaff9e04f13932",
  "coords_stats": {
    "shape": [
      62,
      3
    ],
    "size": 186,
    "min": -9.777999877929688,
    "max": 27.597000122070312,
    "mean": 12.548645148033737,
    "std": 11.239235788495657
  }
}