{
  "hash": "b17c3204b2a7258466ce247d58d08cb714f9a7d3536d1bf05ba8920bb0fc7565",
  "stats": {
    "shape": [
      95,
      95
    ],
    "size": 9025,
    "min": 0.0,
    "max": 15.57050350833213,
    "mean": 7.938245204790375,
    "std": 3.125391180493294
  }
}