{
  "f0_hash": "86ece58337d943f039518a2ab7cd0e90e12edfba7f17eaeea2823ea6d824750c",
  "f1_hash": "63391f3d556d22624eff72c2bc2b19324ec0fc5ce1103e84af70ded4a1a129c9",
  "f0_stats": {
    "shape": [
      5
    ],
    "size": 5,
    "min": 0.5308107340101333,
    "max": 170.89212135286738,
    "mean": 35.701158376862644,
    "std": 67.60733247182255
  },
  "f1_stats": {
    "shape": [
      15
    ],
    "size": 15,
    "min": 0.010739323890669006,
    "max": 541.4629417276589,
    "mean": 74.62497229031945,
    "std": 171.570408804408
  }
}