{
  "f0_hash": "ebb99363a27d3b0e9a2e59ad51658be425b1a49918155a547917442260906e06",
  "f1_hash": "8f0e56fd3f146568a0792ee1230377da6d7550f2d50e7361ff24e06c39be2f81",
  "f0_stats": {
    "shape": [
      5
    ],
    "size": 5,
    "min": 0.4969412328655591,
    "max": 117.4916652054714,
    "mean": 24.896697502334575,
    "std": 46.309981467470685
  },
  "f1_stats": {
    "shape": [
      15
    ],
    "size": 15,
    "min": 0.01164094768047974,
    "max": 293.75543440433324,
    "mean": 41.0918038405958,
    "std": 93.35574309032468
  }
}