MODEL,PRED_DOCKQ
4EBA,0.6227793
4EBA_af2m,0.51562124
