{
  "hash": "d306a91498f193eeb35be9b1bef403fae8f04766dcba50a3edf9e5d09e974bef",
  "stats": {
    "shape": [
      95,
      95
    ],
    "size": 9025,
    "min": 0.0,
    "max": 15.823573149499145,
    "mean": 8.008264412205474,
    "std": 3.157978856086195
  }
}