{
  "hash": "628d899c03b258231892d11da79157d80bc7d4800a6641040ce0ac35083a3ea3",
  "stats": {
    "shape": [
      105,
      105
    ],
    "size": 11025,
    "min": 0.0,
    "max": 15.565523671091299,
    "mean": 8.030157974828157,
    "std": 3.077426581016485
  }
}