{
  "f0_hash": "80e6e7afcbf18aecf17c8acd52de90659a9fa790a2a2b8575364c59e9b4959d2",
  "f1_hash": "d6e15dda40c69744a3d2b505729ae8cc267e620985ac7b972ab4b36f7625a4bf",
  "f0_stats": {
    "shape": [
      5
    ],
    "size": 5,
    "min": 0.4518645683272869,
    "max": 161.77225285233658,
    "mean": 33.72844839699597,
    "std": 64.03065018113678
  },
  "f1_stats": {
    "shape": [
      15
    ],
    "size": 15,
    "min": 0.010823427583380507,
    "max": 490.6262555339635,
    "mean": 67.706228591455,
    "std": 155.44422304286533
  }
}