MODEL,PRED_DOCKQ
3L2B_af2m,0.7976576
3L2B,0.77940005
