MODEL,PRED_DOCKQ
2WUJ_af2m,0.8356961
2WUJ,0.79117674
