{
  "hash": "5d1723e6f1ab19dd56dcb4c1cc2b8467a2a04dd984660715643be6adaa6fea7a",
  "stats": {
    "shape": [
      104,
      104
    ],
    "size": 10816,
    "min": 0.0,
    "max": 15.564922392828953,
    "mean": 7.9273463067622405,
    "std": 3.0310949918492502
  }
}