{
  "f0_hash": "02f7887d6fef33c8e67da2e4f0dab3e67dd222034527bb54655712e1ce4c0665",
  "f1_hash": "618b6fa39587f87b85e4f6cc8738ed3ddd9cba0410a4e6d7a11da61e6042487f",
  "f0_stats": {
    "shape": [
      5
    ],
    "size": 5,
    "min": 0.4373139990373546,
    "max": 133.5482937613986,
    "mean": 28.051273530207805,
    "std": 52.75822042668366
  },
  "f1_stats": {
    "shape": [
      15
    ],
    "size": 15,
    "min": 0.011158276590744975,
    "max": 329.40260869572796,
    "mean": 46.19903082303246,
    "std": 104.12311599963576
  }
}