{
  "f0_hash": "09276dc5dbd5210c193e79541aaa1340f25468267c50e1bdf7d8294274beb5e4",
  "f1_hash": "1c7c33e57175c911b09a636ec962b4167361ea89f923f2a50aac606eb5fd40d7",
  "f0_stats": {
    "shape": [
      5
    ],
    "size": 5,
    "min": 0.5434603418260793,
    "max": 127.59154900495477,
    "mean": 26.938240988370314,
    "std": 50.338413654483745
  },
  "f1_stats": {
    "shape": [
      15
    ],
    "size": 15,
    "min": 0.01124622362491845,
    "max": 339.13547658578557,
    "mean": 47.222512902172205,
    "std": 107.17982321134147
  }
}