MODEL,PRED_DOCKQ
3KGY,0.88668543
3KGY_af2m,0.8724068
