{
  "hash": "d7f3eca24fa1d6000afa8dff3f530fd145648df488ac8e665f1f02a9d6baea44",
  "stats": {
    "shape": [
      73,
      73
    ],
    "size": 5329,
    "min": 0.0,
    "max": 15.602803874597724,
    "mean": 7.125530106679136,
    "std": 3.0264423793309194
  }
}