{
  "hash": "7dfc00a89240158c69d8213a80f6258dfd07b10a41aed1946151f8ff666ca95b",
  "stats": {
    "shape": [
      74,
      74
    ],
    "size": 5476,
    "min": 0.0,
    "max": 15.44858686178165,
    "mean": 7.704297290756529,
    "std": 3.2475365629488793
  }
}