{
  "count": 100,
  "ids_hash": "db514a9d82b7906cf40e324bb2c4c67d70293e1ef82a5814777cc5efcf9d9abb",
  "coords_hash": "be013044455302c10e954e84fbdeb38dcd404870490cf751e2a176e6590079f9",
  "coords_stats": {
    "shape": [
      100,
      3
    ],
    "size": 300,
    "min": -21.86199951171875,
    "max": 26.222999572753906,
    "mean": 2.944673348045908,
    "std": 14.71195061735796
  }
}