{
  "hash": "305f81313ed69c545262b5fa942d239e2b2f41fd80941c7e01f0825a0035fc72",
  "stats": {
    "shape": [
      81,
      81
    ],
    "size": 6561,
    "min": 0.0,
    "max": 15.060064988495393,
    "mean": 6.832267324616844,
    "std": 2.7681879700347993
  }
}