MODEL,PRED_DOCKQ
4TPS_af2m,0.8025243
4TPS,0.08923767
