MODEL,PRED_DOCKQ
5G1E_af2m,0.8959734
5G1E,0.6778739
