{
  "f0_hash": "700507427390bc0cd2a51d4c510aafee30a13bfdd1eb260b9e020bb0dc8ca8d9",
  "f1_hash": "d4e413cdbc7aa8fc88371aaa98d0772d2cac22f7f0364cfcbd9b6b2caed87962",
  "f0_stats": {
    "shape": [
      5
    ],
    "size": 5,
    "min": 0.381830619035606,
    "max": 140.33474615148796,
    "mean": 29.489624807357057,
    "std": 55.436152759955824
  },
  "f1_stats": {
    "shape": [
      15
    ],
    "size": 15,
    "min": 0.010056518342254073,
    "max": 372.8589856611242,
    "mean": 52.626700751292134,
    "std": 118.87000826347344
  }
}