MODEL,PRED_DOCKQ
3FG9_af2m,0.8923584
3FG9,0.812149
