{
  "f0_hash": "954a2586d73efb51945a47de20d4b2b1ef5c69bf7c6ee23c30609cd3083140b7",
  "f1_hash": "adacf640c270f1a8b59bb113b51ed90f9cf1a7d812c503cb0ea28d6d0dc8d07b",
  "f0_stats": {
    "shape": [
      5
    ],
    "size": 5,
    "min": 0.7980005696219704,
    "max": 109.20775443302274,
    "mean": 23.53799524684957,
    "std": 42.85668863016577
  },
  "f1_stats": {
    "shape": [
      15
    ],
    "size": 15,
    "min": 0.012528933984718549,
    "max": 319.74851985462885,
    "mean": 46.13255717732206,
    "std": 101.54222973958855
  }
}