{
  "hash": "fea57de616a411fa12e856a2887c9dbbfeb1a8cb40d4216c0578c85dad5a74c0",
  "stats": {
    "shape": [
      99,
      99
    ],
    "size": 9801,
    "min": 0.0,
    "max": 15.853643225199196,
    "mean": 7.947867394619479,
    "std": 3.089333746859412
  }
}