{
  "count": 86,
  "ids_hash": "3d5970e402ac74bb4887131eeb40f9fc570379f03b9c1397e1875085ab2891db",
  "coords_hash": "8263cf4a5cb694d0b01a66870d023abdeec52a2b7ad7ec09bd0d1c1a00fa0d30",
  "coords_stats": {
    "shape": [
      86,
      3
    ],
    "size": 258,
    "min": 59.91899871826172,
    "max": 99.2239990234375,
    "mean": 79.20203872798949,
    "std": 11.026680668405188
  }
}