{
  "count": 94,
  "ids_hash": "04d72470636b3c0d9c8cca513764d4c647ff49ed95144052e56e336a62cde1c8",
  "coords_hash": "e800336b7b91834ce9dd1c8624c11caf1cac1a8aa864ef8f0485d222d2b25156",
  "coords_stats": {
    "shape": [
      94,
      3
    ],
    "size": 282,
    "min": 12.885000228881836,
    "max": 41.14799880981445,
    "mean": 28.090546009388376,
    "std": 6.832975990281134
  }
}