{
  "f0_hash": "22f96085a91d09213a2ba16f449ef2e099bff27a407c6b5484cd578a5e1313a2",
  "f1_hash": "3dd0c6d566275154fe4b79d5213cf24e00d89d397c8885d47c38b6b19f809b1d",
  "f0_stats": {
    "shape": [
      5
    ],
    "size": 5,
    "min": 0.510019990256095,
    "max": 161.0236174700811,
    "mean": 33.620514889404305,
    "std": 63.71060175107439
  },
  "f1_stats": {
    "shape": [
      15
    ],
    "size": 15,
    "min": 0.011905066279115362,
    "max": 483.98685054311,
    "mean": 66.96471550574621,
    "std": 153.85040474303383
  }
}