MODEL,PRED_DOCKQ
1OKI_af2m,0.8488016
1OKI,0.027800476
