{
  "f0_hash": "d20ca8372e568c87e046ff3e3c5d74cb48cdf5cbce63b4d85332b677686171b9",
  "f1_hash": "3a5a36aad0bfb011829342088d2770ec3a10f65d44c29a5fa13d54557887c852",
  "f0_stats": {
    "shape": [
      5
    ],
    "size": 5,
    "min": 0.4724715633825694,
    "max": 134.4439761946745,
    "mean": 28.31245536513876,
    "std": 53.08132104301248
  },
  "f1_stats": {
    "shape": [
      15
    ],
    "size": 15,
    "min": 0.01024272180893071,
    "max": 291.2210725612422,
    "mean": 41.36004768804574,
    "std": 92.17194575572125
  }
}