{
  "hash": "2c0f18cb11a46bd5485a8fc2133667cd15ac8860c2c4cbdfc368f7ec1cc8cd9d",
  "stats": {
    "shape": [
      97,
      97
    ],
    "size": 9409,
    "min": 0.0,
    "max": 15.41260798549091,
    "mean": 7.902927820818189,
    "std": 3.093102321791791
  }
}