{
  "count": 114,
  "ids_hash": "9f3e44d6c2059d719509e4a1069d0eaaa64354069397437fee29f987085a4f1d",
  "coords_hash": "e5347affffe3e1c7dfd03c31282e422fa1191381669e33ca2bf1efe8619a79ee",
  "coords_stats": {
    "shape": [
      114,
      3
    ],
    "size": 342,
    "min": -3.8429999351501465,
    "max": 34.20899963378906,
    "mean": 16.892681265652875,
    "std": 10.790188135623444
  }
}