MODEL,PRED_DOCKQ
2JBX_af2m,0.13577293
2JBX,0.08433213
