{
  "f0_hash": "ded5f000a42f839c39ba0ef824609897af7bcf96d1718c7bbf5ee3f4df82e6c5",
  "f1_hash": "829062ecc8470d6867306c15bd152a9085912e2274cb437252de78bca678eab0",
  "f0_stats": {
    "shape": [
      5
    ],
    "size": 5,
    "min": 0.2961599986160203,
    "max": 131.9248769981816,
    "mean": 27.604904261016827,
    "std": 52.16775677932845
  },
  "f1_stats": {
    "shape": [
      15
    ],
    "size": 15,
    "min": 0.011939839887529224,
    "max": 327.9850755457508,
    "mean": 46.419409246190526,
    "std": 103.2256266769235
  }
}