{
  "count": 107,
  "ids_hash": "1d19f51bc9479bbe5bae339581a44f53b93d9a4ea0e47ae9f147aba7079e41e9",
  "coords_hash": "7a9aed77afe38461c6c950e6497c8afec28b20a80bcad9b459232347f4e083af",
  "coords_stats": {
    "shape": [
      107,
      3
    ],
    "size": 321,
    "min": -12.340999603271484,
    "max": 83.98100280761719,
    "mean": 32.528408027570286,
    "std": 34.20508496033064
  }
}