{
  "hash": "b71eb96a963352bdb9c72d3e35a00912ad1770b5da75b27125a575cf0b3e3b47",
  "stats": {
    "shape": [
      78,
      78
    ],
    "size": 6084,
    "min": 0.0,
    "max": 15.612769867520914,
    "mean": 7.38183112660748,
    "std": 2.9592092619265298
  }
}