{
  "f0_hash": "7b55c9a56f13c84e8375ec0fc0f038d2007172a950947e53ab111a79c87d9950",
  "f1_hash": "4f5fd4560b107e57c9d1d9eb6dab466f3f14e55d812f31b05c47382576353d6c",
  "f0_stats": {
    "shape": [
      5
    ],
    "size": 5,
    "min": 0.35548969610353043,
    "max": 188.8683091944164,
    "mean": 39.091567804059025,
    "std": 74.89541758933625
  },
  "f1_stats": {
    "shape": [
      15
    ],
    "size": 15,
    "min": 0.01035453308631551,
    "max": 602.6103912502016,
    "mean": 82.73656856710821,
    "std": 192.50164951900769
  }
}