{
  "count": 94,
  "ids_hash": "17eec0a0d4044b4c4f1808aae75099dd92c471bcc90db555afd819f6245d5b5b",
  "coords_hash": "3584e38cc5c4c7c41cdd86b58fef6be1764b043d91b7a0288e2257af24b35d21",
  "coords_stats": {
    "shape": [
      94,
      3
    ],
    "size": 282,
    "min": 11.336999893188477,
    "max": 54.78799819946289,
    "mean": 30.83965251124497,
    "std": 12.840319172952332
  }
}