{
  "hash": "f76717e63cf5a5d68f03e41d16ce886560a2410ac053a3cee09065872f0d1775",
  "stats": {
    "shape": [
      101,
      101
    ],
    "size": 10201,
    "min": 0.0,
    "max": 15.592442394026673,
    "mean": 8.091700310699748,
    "std": 3.1629956356664874
  }
}