MODEL,PRED_DOCKQ
2W4E_af2m,0.8980423
2W4E,0.8789381
