{
  "count": 112,
  "ids_hash": "095896e03495938ec3192922f74718aad6219fd6c514d9118171dba613d289e2",
  "coords_hash": "57332e51b24613b23fa2af4ccfefadbdf486fbf3793199e3ded89aa22afef874",
  "coords_stats": {
    "shape": [
      112,
      3
    ],
    "size": 336,
    "min": -19.71299934387207,
    "max": 33.1870002746582,
    "mean": 11.869482173806144,
    "std": 17.94982460118133
  }
}