{
  "hash": "e5cfd537012240a9ba796d018582c47afa9be1f1b92c9c9cd94f97dc5aaa2222",
  "stats": {
    "shape": [
      60,
      60
    ],
    "size": 3600,
    "min": 0.0,
    "max": 15.51558259956903,
    "mean": 7.32481717978054,
    "std": 3.222413425601135
  }
}