{
  "f0_hash": "7d2546e4cd2af79807fc63b5d28ebbbf19a86c4054d5047813cab7b7694d1963",
  "f1_hash": "9d292c2e300f7ac0569be3f286287de07b5274ffc02f453671e17ef099ba0af2",
  "f0_stats": {
    "shape": [
      5
    ],
    "size": 5,
    "min": 0.4935585840174642,
    "max": 148.88435686244372,
    "mean": 31.15428683648434,
    "std": 58.87393974270055
  },
  "f1_stats": {
    "shape": [
      15
    ],
    "size": 15,
    "min": 0.011328704918817323,
    "max": 401.55613935627235,
    "mean": 57.072842023512656,
    "std": 127.462650232392
  }
}