{
  "hash": "14e489d9eb42fe47ca8983bf4d37f2a16044297312625e1215c5a908eb2d11cf",
  "stats": {
    "shape": [
      89,
      89
    ],
    "size": 7921,
    "min": 0.0,
    "max": 15.48763652533736,
    "mean": 7.705751848610407,
    "std": 3.058120779973025
  }
}