MODEL,PRED_DOCKQ
3UT4_af2m,0.89550996
3UT4,0.86419183
