MODEL,PRED_DOCKQ
6EAZ,0.49981898
6EAZ_af2m,0.3008993
