MODEL,PRED_DOCKQ
2PKE_af2m,0.59516597
2PKE,0.43433046
