{
  "count": 97,
  "ids_hash": "62b31fd679f79f608ba05d06521ab37b577e986d630688b26fdd9978d02400cb",
  "coords_hash": "0463651956c8c56ed9ca17fa4b89d8bb8e2b1491c18d1cf304cc39872ed59318",
  "coords_stats": {
    "shape": [
      97,
      3
    ],
    "size": 291,
    "min": -12.609000205993652,
    "max": 27.43199920654297,
    "mean": 8.426116838263942,
    "std": 11.240030191447177
  }
}