{
  "count": 122,
  "ids_hash": "415553507e94a34179d0a2bc8b91af90630c6d404fe72fd0abf63375a6a93531",
  "coords_hash": "ec5a63db2b402f0e029925d22fc9968fe2717e22c180542dfe228b35b3543cb0",
  "coords_stats": {
    "shape": [
      122,
      3
    ],
    "size": 366,
    "min": 0.7889999747276306,
    "max": 26.448999404907227,
    "mean": 12.046562848683914,
    "std": 5.9540590924834955
  }
}