{
  "count": 96,
  "ids_hash": "524229d830ceac71e84dec68a8ab3e35960de27b282e0c63361bb2383663e7c8",
  "coords_hash": "48e1b582768d55ef2ccfd26d6e92291849c5e8bd4a5122017856176f41863502",
  "coords_stats": {
    "shape": [
      96,
      3
    ],
    "size": 288,
    "min": -30.78700065612793,
    "max": 38.4630012512207,
    "mean": 7.58181251751052,
    "std": 23.108236639851764
  }
}