{
  "hash": "d7ada730dd7477f53183b8f418405d20df77b1a8d4500fa36aa1730232a2da2c",
  "stats": {
    "shape": [
      184,
      184
    ],
    "size": 33856,
    "min": 0.0,
    "max": 15.808394905575337,
    "mean": 8.041864255962095,
    "std": 3.07879994761825
  }
}