{
  "count": 90,
  "ids_hash": "5e89dc03b119a79b6914b9cb3e934511288fbd86678c72cb51c9b625281c3a96",
  "coords_hash": "02fc2d19777a00d442f8ed010a19c8c891094ee4cfe9a11f446f51c4a9d1f647",
  "coords_stats": {
    "shape": [
      90,
      3
    ],
    "size": 270,
    "min": 5.671000003814697,
    "max": 56.83599853515625,
    "mean": 31.15276662685253,
    "std": 15.15948563739986
  }
}