{
  "count": 91,
  "ids_hash": "1627b1212c0961153dfed24f0e46d63ee0a614a626aa91b70115a145b0c10b81",
  "coords_hash": "c83a3ff5be7ab18980e5f5580811f081232dabbe484f2315be710dea3ef7fdac",
  "coords_stats": {
    "shape": [
      91,
      3
    ],
    "size": 273,
    "min": -11.49899959564209,
    "max": 22.177000045776367,
    "mean": 4.547344324871515,
    "std": 8.850744399964231
  }
}