{
  "hash": "62ef81cbc56a88d0bbd413f0718c89ab5a1b59aafb8347dece9e80d4d878a7a3",
  "stats": {
    "shape": [
      84,
      84
    ],
    "size": 7056,
    "min": 0.0,
    "max": 15.49791494869915,
    "mean": 7.823995245554547,
    "std": 3.1012061199822085
  }
}