{
  "f0_hash": "d0caf60787ed47cc4f0e125fc8ba011dc62b0fab87f725830a5df16579f16a3e",
  "f1_hash": "c14d5ead52392a59acd122dcbe38dde5ee1fc02750717be705d6029ab31fb4b1",
  "f0_stats": {
    "shape": [
      5
    ],
    "size": 5,
    "min": 0.40239341709755716,
    "max": 165.04421372125512,
    "mean": 34.3556306493747,
    "std": 65.35319107607194
  },
  "f1_stats": {
    "shape": [
      15
    ],
    "size": 15,
    "min": 0.010341882465022323,
    "max": 552.7485282499482,
    "mean": 76.31756852500398,
    "std": 176.89368918350974
  }
}