{
  "hash": "8f0ab503a948be0b2d57a18cc93ce4bceb119f06ac5dc1f998e72416c92075cc",
  "stats": {
    "shape": [
      103,
      103
    ],
    "size": 10609,
    "min": 0.0,
    "max": 15.518645693823112,
    "mean": 7.854297445485722,
    "std": 2.9955592118751797
  }
}