{
  "hash": "896c0d7a087f3a2c273954cd7f0dc56010269584dfbd0b8d3ae5684a0e338102",
  "stats": {
    "shape": [
      101,
      101
    ],
    "size": 10201,
    "min": 0.0,
    "max": 15.656933427331397,
    "mean": 7.8190816310806515,
    "std": 3.0093529566910933
  }
}