{
  "count": 84,
  "ids_hash": "bb3ff481adf7c7aaeae75cb4e055cfaa2d0a248c4104b28c159a032a6062f63b",
  "coords_hash": "da9fc6b350a11a8587ba83c7b923fa08172cdec78b7ae0d3c6edd67d6710ac76",
  "coords_stats": {
    "shape": [
      84,
      3
    ],
    "size": 252,
    "min": -18.80900001525879,
    "max": 41.415000915527344,
    "mean": 12.314730182526604,
    "std": 18.844351621272608
  }
}