{
  "hash": "dd8fe5140db30b65e3dbbd9c1598b0a100bcc7c01dbc29b4699037da2b7d0ec4",
  "stats": {
    "shape": [
      108,
      108
    ],
    "size": 11664,
    "min": 0.0,
    "max": 15.78798711983521,
    "mean": 8.131140904341304,
    "std": 3.0845295840373606
  }
}