{
  "count": 109,
  "ids_hash": "63da8bcab8722cb58def3c1231458124e6094b7e48e1dedb01e1e4bde19e01e8",
  "coords_hash": "0446554ffa92330057cf7922a5c3c957d7ce79fd8f313c5d658b8b7a51152c1e",
  "coords_stats": {
    "shape": [
      109,
      3
    ],
    "size": 327,
    "min": -47.44599914550781,
    "max": 43.79100036621094,
    "mean": -9.417617780352952,
    "std": 33.35853333128957
  }
}