{
  "hash": "1b99e74c3525275db904bf9bb75d6580d4f28203aeb22cab985c1e1187dca396",
  "stats": {
    "shape": [
      109,
      109
    ],
    "size": 11881,
    "min": 0.0,
    "max": 15.577290303192926,
    "mean": 8.01299862317871,
    "std": 3.058326521534437
  }
}