{
  "hash": "2f69ef40306d04419da5a77460f4b67836cb7db4e8feb474acbfd698626b1dc4",
  "stats": {
    "shape": [
      110,
      110
    ],
    "size": 12100,
    "min": 0.0,
    "max": 15.662229091574034,
    "mean": 7.770792362223488,
    "std": 2.986925913822936
  }
}