{
  "count": 110,
  "ids_hash": "54018c682b7550a91468e2bc5053f112f9c525f90926cf6d227dcc21900b77db",
  "coords_hash": "730ab13ea1058e283025318413fa74cf07626fae9751678c08b6aa42902a3faa",
  "coords_stats": {
    "shape": [
      110,
      3
    ],
    "size": 330,
    "min": 6.3460001945495605,
    "max": 43.08700180053711,
    "mean": 25.121218198718445,
    "std": 10.06208592401416
  }
}