{
  "f0_hash": "72e31cc3969e738a05c8b61455af3dcbb5bfeca57eb57bb2b656219ccb8b27d6",
  "f1_hash": "1401700a5252c4492277e1724988decd6a6e90cdcc238f9176827505093ff813",
  "f0_stats": {
    "shape": [
      5
    ],
    "size": 5,
    "min": 0.36367237547957876,
    "max": 130.6234550205248,
    "mean": 27.43129053933699,
    "std": 51.6058820740373
  },
  "f1_stats": {
    "shape": [
      15
    ],
    "size": 15,
    "min": 0.010539428371858506,
    "max": 263.47202506206776,
    "mean": 37.40832210176114,
    "std": 83.08433118773708
  }
}