MODEL,PRED_DOCKQ
5K3X_af2m,0.92913055
5K3X,0.84724635
