{
  "f0_hash": "64c9132b19cb904452cec066ab164136a73620acb830d9a909e8cbccd28ed80f",
  "f1_hash": "508421c64654032586b1727f4cdd90a166b411035728566f21962252d1da2e26",
  "f0_stats": {
    "shape": [
      5
    ],
    "size": 5,
    "min": 0.2718379975690755,
    "max": 138.97083635906444,
    "mean": 28.879647230729965,
    "std": 55.052194332021095
  },
  "f1_stats": {
    "shape": [
      15
    ],
    "size": 15,
    "min": 0.010663473785813782,
    "max": 357.98880404775275,
    "mean": 49.76711524487653,
    "std": 114.05565185494487
  }
}