{
  "f0_hash": "b32336fb7b4015ec3531226290c0638f995ebc827da571f2de2a566a5fc57943",
  "f1_hash": "c1a384c46e2f03b678a64d8c47117345c6702dd86b66f177ddaebfc589de6ae0",
  "f0_stats": {
    "shape": [
      5
    ],
    "size": 5,
    "min": 0.41688290666401717,
    "max": 183.2797852452763,
    "mean": 38.00827460603298,
    "std": 72.64363696427921
  },
  "f1_stats": {
    "shape": [
      15
    ],
    "size": 15,
    "min": 0.01007682070598026,
    "max": 588.030324594034,
    "mean": 80.67198698287726,
    "std": 187.1721858521885
  }
}