MODEL,PRED_DOCKQ
4I6Y,0.90358454
4I6Y_af2m,0.8150447
