{
  "f0_hash": "054f4bd9c668a2f7c1e4b6f3693b860daf0cfd7a78fa4c33f21eb58909fc8198",
  "f1_hash": "89148fd9ff2b1da7d5b1ebb4136788a70f269f92b2c49c91877e8e0bd2367dd4",
  "f0_stats": {
    "shape": [
      5
    ],
    "size": 5,
    "min": 0.5309645345931578,
    "max": 145.64804176489466,
    "mean": 30.567310946147597,
    "std": 57.551019272547634
  },
  "f1_stats": {
    "shape": [
      15
    ],
    "size": 15,
    "min": 0.010025809846156974,
    "max": 411.6331028672157,
    "mean": 57.655578780349124,
    "std": 129.8222719700427
  }
}