{
  "hash": "539c09d3e357b8ac58990ba4b4b110a731d50eaac12f0d2a97a43a995a7f603b",
  "stats": {
    "shape": [
      145,
      145
    ],
    "size": 21025,
    "min": 0.0,
    "max": 15.469468438417058,
    "mean": 7.562951591690022,
    "std": 2.9527568531241197
  }
}