{
  "f0_hash": "f354ad848dc0a0dee328952ae0fb0588e25e1f0877ba393b6c014e77da65ec03",
  "f1_hash": "789c0f80a0b149a3ced729df4d4434a11d8af43b75d238a6a4ca1c815fe03b9b",
  "f0_stats": {
    "shape": [
      5
    ],
    "size": 5,
    "min": 0.3427119227209432,
    "max": 145.04641331070331,
    "mean": 30.209787454651813,
    "std": 57.42431026906371
  },
  "f1_stats": {
    "shape": [
      15
    ],
    "size": 15,
    "min": 0.012494593432931467,
    "max": 345.18769430203923,
    "mean": 48.69021002394759,
    "std": 109.36244159547756
  }
}