{
  "f0_hash": "c00ce2c7e1cbdf03327c477481177c3a61cda3944afc513e8cf60206350959d6",
  "f1_hash": "24f2e17709c9809819adcf0846dfc34843904c0bd011375119863ba8a697c234",
  "f0_stats": {
    "shape": [
      5
    ],
    "size": 5,
    "min": 0.5739484329360874,
    "max": 148.832269425703,
    "mean": 31.262396311887606,
    "std": 58.79701400032464
  },
  "f1_stats": {
    "shape": [
      15
    ],
    "size": 15,
    "min": 0.012294777673367285,
    "max": 366.65337602859773,
    "mean": 51.07496348380732,
    "std": 115.83940256630767
  }
}