MODEL,PRED_DOCKQ
3AYH_af2m,0.83235973
3AYH,0.7656655
