{
  "count": 83,
  "ids_hash": "aa69576ec34f731d9693adbb8d6efaffc85e005857b66ba0480da572579fc49d",
  "coords_hash": "ca0d751991d94b3b434ae5490fdc52fef6509d6d430e9fd8b09d097d4fad6752",
  "coords_stats": {
    "shape": [
      83,
      3
    ],
    "size": 249,
    "min": -10.619999885559082,
    "max": 93.3550033569336,
    "mean": 29.537831341795414,
    "std": 39.62711724740767
  }
}