{
  "count": 125,
  "ids_hash": "dac331b638d0bfe6199bc672e4487c44c91238875da3debda4cdde6a884490ad",
  "coords_hash": "ca2b413e69b2529718446bb1df39fa0c880612b052867f568adae641575089dc",
  "coords_stats": {
    "shape": [
      125,
      3
    ],
    "size": 375,
    "min": -9.086000442504883,
    "max": 35.45800018310547,
    "mean": 16.77105868935585,
    "std": 14.173245960970602
  }
}