MODEL,PRED_DOCKQ
4C0F_af2m,0.71751094
4C0F,0.068561345
