{
  "count": 102,
  "ids_hash": "267c6d31d2b4415a00c13563cc44a2f72b9747dc8ad0fc7205724f9fcdccb2d4",
  "coords_hash": "f49c59243f702ba93e9f308bf34a930752dd6161edb892266d698e9d7d7b65f1",
  "coords_stats": {
    "shape": [
      102,
      3
    ],
    "size": 306,
    "min": -1.7699999809265137,
    "max": 85.16400146484375,
    "mean": 30.456660102785023,
    "std": 33.5929078628674
  }
}