{
  "count": 86,
  "ids_hash": "5fdd0813c9a7b51b6e66387a03c7d5372f9e2a01c04fdf5da9a4b77d5c0d26d4",
  "coords_hash": "e40739a65d824a87d97dae5a0663b4e6d38f72b1277a7163bfbd90fc8a4436cc",
  "coords_stats": {
    "shape": [
      86,
      3
    ],
    "size": 258,
    "min": -24.822999954223633,
    "max": 34.05500030517578,
    "mean": -1.6777248123819515,
    "std": 20.421533799013392
  }
}