{
  "f0_hash": "18b85485f11209ec87af7081dd9e423b9bae3eb18c7df0ba3e193d137b57296d",
  "f1_hash": "c9eed171f8d7d1c80fd903902bbbf92a25b063c2cb081975faa80bc00b8adb25",
  "f0_stats": {
    "shape": [
      5
    ],
    "size": 5,
    "min": 0.6171243905516548,
    "max": 104.99264521665408,
    "mean": 22.481023856118618,
    "std": 41.27108920283457
  },
  "f1_stats": {
    "shape": [
      15
    ],
    "size": 15,
    "min": 0.011529122761105626,
    "max": 235.38540299668918,
    "mean": 34.16997631466,
    "std": 74.31338067264865
  }
}