{
  "f0_hash": "e124ea49880dc5550a8b8091c1e4a8932e10bbd96a6938d405f3512f0bd63dc9",
  "f1_hash": "f353315fafa933e27d97918b5bcfec2c5eb07132a966998af3f618b0b049eb71",
  "f0_stats": {
    "shape": [
      5
    ],
    "size": 5,
    "min": 0.6159798709837921,
    "max": 143.96544664017492,
    "mean": 30.461389215817086,
    "std": 56.771348252874596
  },
  "f1_stats": {
    "shape": [
      15
    ],
    "size": 15,
    "min": 0.01001891978793168,
    "max": 416.06305747501455,
    "mean": 58.90893168827055,
    "std": 131.98640138551536
  }
}