{
  "f0_hash": "1e071c30f8d13756113d0b7e87bb4b28ce971d2d1cd5cccd2f50b4781c6e1fca",
  "f1_hash": "6775603fc05ca722e3dca325cf75649f42498e8db34d072b671564e38b5cb912",
  "f0_stats": {
    "shape": [
      5
    ],
    "size": 5,
    "min": 0.29701319159860107,
    "max": 202.84870321452843,
    "mean": 41.682297882258865,
    "std": 80.59094096728427
  },
  "f1_stats": {
    "shape": [
      15
    ],
    "size": 15,
    "min": 0.010702932718232305,
    "max": 557.6919811174465,
    "mean": 76.46578993859858,
    "std": 176.1372549397755
  }
}