{
  "f0_hash": "7f0d3245595725525fa58d24ea378d872c2f072655b69e0b33059890cc655cbc",
  "f1_hash": "5e2bd2558a40ab285949333b0e497568453596a8e5690b0b068ac5f0a08ea9e9",
  "f0_stats": {
    "shape": [
      5
    ],
    "size": 5,
    "min": 0.5705576331833692,
    "max": 86.42517239200586,
    "mean": 18.92059719319213,
    "std": 33.78417969772882
  },
  "f1_stats": {
    "shape": [
      15
    ],
    "size": 15,
    "min": 0.012387546105233405,
    "max": 155.267289447177,
    "mean": 22.887762089636094,
    "std": 48.5206118309505
  }
}