{
  "f0_hash": "db8a9015acf5035288acb09d803440ef69e6bee2cc7976c725fa952ea6d5ffb8",
  "f1_hash": "3e33c9516d1533ec55ab31bb85a10e468a87a691552e395c083d5b89b45871b8",
  "f0_stats": {
    "shape": [
      5
    ],
    "size": 5,
    "min": 0.45663990800575366,
    "max": 146.2815805599809,
    "mean": 30.577303589726455,
    "std": 57.86004703331341
  },
  "f1_stats": {
    "shape": [
      15
    ],
    "size": 15,
    "min": 0.010184296185284047,
    "max": 462.4321026341998,
    "mean": 64.01912871288339,
    "std": 146.75339987674948
  }
}