{
  "f0_hash": "4beadd589715406e505e688ab2d9dc69d7f182f5660e2e0a7f02e8606354b286",
  "f1_hash": "8c38510ef7bb433aafba5c244afb751788246f71539a51c82ed0c265b2ebabde",
  "f0_stats": {
    "shape": [
      5
    ],
    "size": 5,
    "min": 0.33688896145117153,
    "max": 131.9426805592057,
    "mean": 27.60461605601675,
    "std": 52.17618583129473
  },
  "f1_stats": {
    "shape": [
      15
    ],
    "size": 15,
    "min": 0.010676109317222071,
    "max": 325.0357851274578,
    "mean": 46.16457811678889,
    "std": 102.26005650464751
  }
}