{
  "hash": "6023b6b6ade7fc275de3548116f10c07a9b1390445683c1da26ff99c5051ce72",
  "stats": {
    "shape": [
      100,
      100
    ],
    "size": 10000,
    "min": 0.0,
    "max": 15.726863968489633,
    "mean": 7.634064181142868,
    "std": 2.999006882010111
  }
}