{
  "f0_hash": "7e4f198af3bbf8c3ac12e07a68ec74149fc3e8fdd2e247061510164b4359dc6e",
  "f1_hash": "0eae3c351f2ea0ac574fda1899e71524ec626c7e64a221424a7645981392e722",
  "f0_stats": {
    "shape": [
      5
    ],
    "size": 5,
    "min": 0.40094080650614167,
    "max": 171.10289934137947,
    "mean": 35.48984875444595,
    "std": 67.8126177467605
  },
  "f1_stats": {
    "shape": [
      15
    ],
    "size": 15,
    "min": 0.011256939768253815,
    "max": 478.813318506774,
    "mean": 66.3726179115794,
    "std": 151.99219377541672
  }
}