MODEL,PRED_DOCKQ
6EGE_af2m,0.36317402
6EGE,0.0038468884
