{
  "count": 85,
  "ids_hash": "f46135bea8b0a43c060a0f82a1b3df661f2b789792734fd0ebcd234fd26f03ba",
  "coords_hash": "20d3df5db3a314644519b50c6425a259bf7de34aa6c56be922d398bcbff0f343",
  "coords_stats": {
    "shape": [
      85,
      3
    ],
    "size": 255,
    "min": -51.762001037597656,
    "max": 33.3380012512207,
    "mean": 2.5008509617225796,
    "std": 34.270442731626375
  }
}