MODEL,PRED_DOCKQ
2GZ4,0.9208334
2GZ4_af2m,0.850757
