MODEL,PRED_DOCKQ
3D82,0.68916523
3D82_af2m,0.44697848
