MODEL,PRED_DOCKQ
4UG1_af2m,0.68736625
4UG1,0.60592365
