MODEL,PRED_DOCKQ
3IM4,0.1020717
3IM4_af2m,0.013273957
