{
  "hash": "7421aa180798a74f2d08a957054f545c1265c3a00e8b6e836439418080ae3288",
  "stats": {
    "shape": [
      102,
      102
    ],
    "size": 10404,
    "min": 0.0,
    "max": 14.914599047375338,
    "mean": 7.66869030184472,
    "std": 2.9800174423943395
  }
}