{
  "f0_hash": "776a4412848faa4eb3f077652532ed5c0da132c8534e725d3be178bb283fb9b3",
  "f1_hash": "62b8ed2bb4987f8a153a57c674617d5c58ff6bf324e12688e1ee0cb0ec4c672d",
  "f0_stats": {
    "shape": [
      5
    ],
    "size": 5,
    "min": 0.3322534469849083,
    "max": 165.48742430562754,
    "mean": 34.38638119869069,
    "std": 65.55813307161797
  },
  "f1_stats": {
    "shape": [
      15
    ],
    "size": 15,
    "min": 0.011337338580616585,
    "max": 413.6742350163654,
    "mean": 57.612926268813446,
    "std": 130.15854125203552
  }
}