{
  "f0_hash": "455e8c313044068da56f362a622d5690297c05ceecef049cbdd0266ac1ab6122",
  "f1_hash": "03570d763911c42ae23ae7268fdd993e8e8c3b25a9bdef2cc871e425b4378007",
  "f0_stats": {
    "shape": [
      5
    ],
    "size": 5,
    "min": 0.41740775664290214,
    "max": 126.44216469657968,
    "mean": 26.668007479475442,
    "std": 49.89926455401967
  },
  "f1_stats": {
    "shape": [
      15
    ],
    "size": 15,
    "min": 0.011867496726049254,
    "max": 279.51988914688917,
    "mean": 39.849266662104945,
    "std": 87.9481266437518
  }
}