{
  "hash": "722320d9e64002d4faa1838f8da70107f2ef93eed3f6fbb78d4be6dfb206470b",
  "stats": {
    "shape": [
      47,
      47
    ],
    "size": 2209,
    "min": 0.0,
    "max": 12.632066182735691,
    "mean": 5.749949273391205,
    "std": 2.4311641604890792
  }
}