{
  "hash": "7047e0e0c981f66aa85979d96cc223f7e62eec72a557f70c428f3ddc72112bae",
  "stats": {
    "shape": [
      108,
      108
    ],
    "size": 11664,
    "min": 0.0,
    "max": 15.644966391838416,
    "mean": 8.209792452120862,
    "std": 3.1410883870514543
  }
}