{
  "hash": "bcd15089b5e82182e4d110fe921bb7775c204734db1e782cf8324456174c3e64",
  "stats": {
    "shape": [
      40,
      40
    ],
    "size": 1600,
    "min": 0.0,
    "max": 14.977243917136848,
    "mean": 6.805557923486126,
    "std": 3.3124751063163376
  }
}