{
  "hash": "8d021814d1d70512528f05a8b6a08f5782b98d393e5c74b7a4f5531d04212b5a",
  "stats": {
    "shape": [
      81,
      81
    ],
    "size": 6561,
    "min": 0.0,
    "max": 14.3871172663274,
    "mean": 7.250360779041352,
    "std": 2.957258601718481
  }
}