{
  "count": 82,
  "ids_hash": "d7889919add3e7ff56eef75a6394b2a9b02f15a5e369d491ec6311e5deb7399f",
  "coords_hash": "00aca6a4d2f2f397b89193abfa126c8ccee15afcbc7b9acf00cc141b9c6ba25a",
  "coords_stats": {
    "shape": [
      82,
      3
    ],
    "size": 246,
    "min": 0.5080000162124634,
    "max": 90.8499984741211,
    "mean": 36.52553249059654,
    "std": 33.74947723766292
  }
}