{
  "hash": "ef0f00eb45ab2a09318ce3d20c418ef7eeb722abd5c2dd68191264e629e252a7",
  "stats": {
    "shape": [
      68,
      68
    ],
    "size": 4624,
    "min": 0.0,
    "max": 15.223524899111469,
    "mean": 7.0035154969259095,
    "std": 2.9367457638346686
  }
}