{
  "hash": "5ca37922012aad971c7075209be2b12db2b3b4bb9995658583a5932697051ce8",
  "stats": {
    "shape": [
      68,
      68
    ],
    "size": 4624,
    "min": 0.0,
    "max": 15.644747041330733,
    "mean": 7.197278753408421,
    "std": 3.051487139579403
  }
}