{
  "f0_hash": "0b9df4cb00a4245244048ed8321e7fcd17fecc8948fc0750b799d589a8e42be7",
  "f1_hash": "8b1ad84fa4526220f13e0372b3ee48b5dbe76745932dcf13304ac8bf9ac7b7ce",
  "f0_stats": {
    "shape": [
      5
    ],
    "size": 5,
    "min": 0.5121198296317874,
    "max": 129.75699630569434,
    "mean": 27.34663341489781,
    "std": 51.215976373274536
  },
  "f1_stats": {
    "shape": [
      15
    ],
    "size": 15,
    "min": 0.01102124595846643,
    "max": 329.9155799785849,
    "mean": 46.03120125753555,
    "std": 104.59109376635729
  }
}