{
  "f0_hash": "470af2f31cbdde39a4b605f75a9f05997d8ee04ec5939350b877b5b4d97523df",
  "f1_hash": "0358198e0f6af352ed78ffc4fb3bbc065f838fbd69e54ad0439501c22b992fe5",
  "f0_stats": {
    "shape": [
      5
    ],
    "size": 5,
    "min": 0.5329957738221849,
    "max": 114.8060223337826,
    "mean": 24.43175785281154,
    "std": 45.20261606173956
  },
  "f1_stats": {
    "shape": [
      15
    ],
    "size": 15,
    "min": 0.010951147739955758,
    "max": 302.9487270297628,
    "mean": 43.212129707993206,
    "std": 96.65215516166057
  }
}