{
  "count": 89,
  "ids_hash": "a9c4134dffcafb791cfab4e4d1ac64f8501b2a19578baa7ef97bb139eb92e3f6",
  "coords_hash": "4525c2c65d5fa24a6bc0b11f7f4e75e565feb42ddacfc2fd5639921d7c6097ed",
  "coords_stats": {
    "shape": [
      89,
      3
    ],
    "size": 267,
    "min": -29.31800079345703,
    "max": 23.920000076293945,
    "mean": 3.2979138567206565,
    "std": 19.161941082014
  }
}