{
  "hash": "7da683efc14aa20f33217b56d1f6f5c2e7827be3de6c8f4b056575b1b6efde89",
  "stats": {
    "shape": [
      77,
      77
    ],
    "size": 5929,
    "min": 0.0,
    "max": 15.749487151832833,
    "mean": 7.297680773596744,
    "std": 2.9995979970401128
  }
}