{
  "hash": "b023e69a5acb502ae6283db1acbda97b70bd14932e1458893f19277189fa6c6f",
  "stats": {
    "shape": [
      95,
      95
    ],
    "size": 9025,
    "min": 0.0,
    "max": 15.59946514225299,
    "mean": 7.672272872358549,
    "std": 3.0181654536458282
  }
}