{
  "hash": "8d9ef6189f2de9cde257af309f605be45e9a548071a8c9c2dfcee70892652015",
  "stats": {
    "shape": [
      77,
      77
    ],
    "size": 5929,
    "min": 0.0,
    "max": 15.155544706038661,
    "mean": 7.207151745038363,
    "std": 2.968806514422328
  }
}