{
  "count": 214,
  "ids_hash": "6c840e2f3baa15b3bbcaa39496dd49906ffb0fb787249a23374834e1730ce41b",
  "coords_hash": "15b72cf300a8f74d0a9c5ea8f3efa8da075d659603582ee76da26fe784f765fd",
  "coords_stats": {
    "shape": [
      214,
      3
    ],
    "size": 642,
    "min": -17.363000869750977,
    "max": 11.135000228881836,
    "mean": -3.1077944001444395,
    "std": 6.531713094147124
  }
}