{
  "f0_hash": "b9f0896987f6e64c73c63dc5d856b785e390d6a29cb3ca476643c56fcfa8479d",
  "f1_hash": "bc54c4aa10b17e169ac1cefd80593a71b348df978fafdc6c1b5fb79d19c016cf",
  "f0_stats": {
    "shape": [
      5
    ],
    "size": 5,
    "min": 0.2950541504250581,
    "max": 228.5985371128766,
    "mean": 46.78474170187539,
    "std": 90.91334203891246
  },
  "f1_stats": {
    "shape": [
      15
    ],
    "size": 15,
    "min": 0.01029835030539017,
    "max": 521.5263758822359,
    "mean": 71.23560187816385,
    "std": 163.07026098126966
  }
}