MODEL,PRED_DOCKQ
6AHT,0.84333503
6AHT_af2m,0.7374411
