MODEL,PRED_DOCKQ
1I4E_af2m,0.12573309
1I4E,0.02255452
