MODEL,PRED_DOCKQ
4P2X_af2m,0.56847996
4P2X,0.541538
