{
  "hash": "7c2b5284911a5202cee22257cd443f34546b75cc799838844aabdfab0e89a955",
  "stats": {
    "shape": [
      105,
      105
    ],
    "size": 11025,
    "min": 0.0,
    "max": 15.439233134239617,
    "mean": 8.1273844903339,
    "std": 3.094940971984163
  }
}