{
  "count": 117,
  "ids_hash": "adb6a7c3a488f4a6e2fc27e2111ecc4efe0fe0248f97986ce907894e430af17a",
  "coords_hash": "3cab74266c3d25d2cf4fb86deed8274c0737e81a39ac2e022c6d272c42d8f9f7",
  "coords_stats": {
    "shape": [
      117,
      3
    ],
    "size": 351,
    "min": -8.015999794006348,
    "max": 36.12099838256836,
    "mean": 19.136393268690828,
    "std": 14.303432698549162
  }
}