{
  "f0_hash": "a3beda6fa36eaa82dcd087b6c55a01d466fd2e9fd2fa9fee67cc03202d82300e",
  "f1_hash": "a02c819137a602794ed3db71cdbefa913376db81b326f35ed8d5926aab1e4760",
  "f0_stats": {
    "shape": [
      5
    ],
    "size": 5,
    "min": 0.34429446418154747,
    "max": 175.82896466055237,
    "mean": 36.55249070630414,
    "std": 69.64797774821166
  },
  "f1_stats": {
    "shape": [
      15
    ],
    "size": 15,
    "min": 0.01081141414639486,
    "max": 488.4505752470819,
    "mean": 67.3905309967662,
    "std": 154.67934744029412
  }
}