{
  "hash": "00f94c11f28bfce3afe995ac5c91bb69a5a8d532258a0d85a043b94b275e0968",
  "stats": {
    "shape": [
      111,
      111
    ],
    "size": 12321,
    "min": 0.0,
    "max": 15.862990751817808,
    "mean": 8.026772382105479,
    "std": 3.1115170957284506
  }
}