{
  "count": 82,
  "ids_hash": "9e214f87dfcb1f7f415cbd319743ad7710025432df084234e291afbb382f43b6",
  "coords_hash": "17730450f22b0261b3965140e9c0cecdb5db63f198cc93f0c73eafdaf17425ec",
  "coords_stats": {
    "shape": [
      82,
      3
    ],
    "size": 246,
    "min": -9.61299991607666,
    "max": 39.11899948120117,
    "mean": 20.355723611264665,
    "std": 17.23644492786239
  }
}