MODEL,PRED_DOCKQ
1TTW_af2m,0.27952528
1TTW,0.25161505
