{
  "count": 103,
  "ids_hash": "6f0e383d4a75c393eddaea051889287cb5c53b37159b7730d42520c45958666f",
  "coords_hash": "5f320736a9311574bde53096480d668354c58274e32ac6076e71afe4813da4b3",
  "coords_stats": {
    "shape": [
      103,
      3
    ],
    "size": 309,
    "min": 15.218999862670898,
    "max": 42.45000076293945,
    "mean": 29.362676358145805,
    "std": 6.491281910455868
  }
}