{
  "hash": "31c9c058e04d7c5c982a6716c244efb0bdf9230d01cb3e4cc3dac8ff3342c4b9",
  "stats": {
    "shape": [
      91,
      91
    ],
    "size": 8281,
    "min": 0.0,
    "max": 15.5121035134654,
    "mean": 7.916558678210938,
    "std": 3.138927809005403
  }
}