{
  "count": 96,
  "ids_hash": "b9544041c51c8ba87b63084a8c019d3ae235ce69911edfea2cea020a517cf80b",
  "coords_hash": "55170292df7b0fdb8f5c3a177301b0aefb80d4e911464b55cd8d21bf7916093b",
  "coords_stats": {
    "shape": [
      96,
      3
    ],
    "size": 288,
    "min": -31.613000869750977,
    "max": 48.42300033569336,
    "mean": 2.3615832984861402,
    "std": 28.549113255225812
  }
}