MODEL,PRED_DOCKQ
4YUY_af2m,0.90740657
4YUY,0.8778951
