{
  "hash": "6639982fd37ee838795c5c87477594a2df9e3d990abed9e5cb59be2978baa6af",
  "stats": {
    "shape": [
      114,
      114
    ],
    "size": 12996,
    "min": 0.0,
    "max": 15.631505057606299,
    "mean": 8.017017580042934,
    "std": 3.0289496194859815
  }
}