MODEL,PRED_DOCKQ
6HHK,0.63793886
6HHK_af2m,0.30530375
