{
  "count": 119,
  "ids_hash": "e0061be2aea6960bd7ca5dd521dbf6f04f713ad5abd2373f2a4c9faf829697d2",
  "coords_hash": "cea96a3ee90f37d399be00b408683ccbe28e7594849622a915c914071d6291c3",
  "coords_stats": {
    "shape": [
      119,
      3
    ],
    "size": 357,
    "min": -3.3369998931884766,
    "max": 97.71099853515625,
    "mean": 41.2024790602071,
    "std": 36.79425629769273
  }
}