{
  "hash": "59cbeb80b065e43f1b1c6c180513e6e04aaa4dd31452df53390b7ce866c34de1",
  "stats": {
    "shape": [
      99,
      99
    ],
    "size": 9801,
    "min": 0.0,
    "max": 15.499528039787563,
    "mean": 7.712415399425076,
    "std": 3.074517090607367
  }
}