{
  "f0_hash": "180bbc3f2e8b7451b461ab2afdaffc16f7e410ccaca4ec6c61e50bc8d72f62db",
  "f1_hash": "6792e26f35f9e272ddbf26d610a0a648912faa418c5af6e6dfb9ef35b4142b17",
  "f0_stats": {
    "shape": [
      5
    ],
    "size": 5,
    "min": 0.37182757174332887,
    "max": 148.72398411002106,
    "mean": 31.029886042732308,
    "std": 58.85485063689386
  },
  "f1_stats": {
    "shape": [
      15
    ],
    "size": 15,
    "min": 0.010810174019043828,
    "max": 344.48622627610877,
    "mean": 48.74795965891663,
    "std": 108.72925948874034
  }
}