{
  "count": 94,
  "ids_hash": "022e21f81cab413f37ff9eb621c5a87c2297789ee9007258e856a8464a1d9cae",
  "coords_hash": "f38305a14039549957d8dad78091f5ec087962616fe2048be8af7e9ff72e5810",
  "coords_stats": {
    "shape": [
      94,
      3
    ],
    "size": 282,
    "min": -17.802000045776367,
    "max": 19.68600082397461,
    "mean": 2.6290993103955653,
    "std": 10.946120827391711
  }
}