{
  "count": 99,
  "ids_hash": "c7af315bae7caa73f2bb2894f2b61cb3f15a962342c8a28507b4ad7d20daedd4",
  "coords_hash": "34c9b251b5d7d2dbf546441ad46da961fb548ac6960a0a56e4d34a9da4b705a1",
  "coords_stats": {
    "shape": [
      99,
      3
    ],
    "size": 297,
    "min": 0.5249999761581421,
    "max": 43.06100082397461,
    "mean": 24.365383812474082,
    "std": 13.383173359151241
  }
}