{
  "count": 66,
  "ids_hash": "74089009ceabaef462c2284758f6bf281a681204ca2826e3d7177dbb748e660b",
  "coords_hash": "30d848b6edec6a91edeb678fcac9a5aafc382a21d23d072bfe37ac08af072c1c",
  "coords_stats": {
    "shape": [
      66,
      3
    ],
    "size": 198,
    "min": -19.5,
    "max": 54.3380012512207,
    "mean": 10.885333334218071,
    "std": 27.566838684232156
  }
}