{
  "f0_hash": "98f59323331b70d6a6ba3885d47caafdffb0716fceff5a0d477070b6ed37b624",
  "f1_hash": "ccdae424a4c6f85a347c73cec01e2f53240517a833394e0e10a2728977b86ce1",
  "f0_stats": {
    "shape": [
      5
    ],
    "size": 5,
    "min": 0.5178918294255234,
    "max": 149.15376825035213,
    "mean": 31.414668120852774,
    "std": 58.886555597768044
  },
  "f1_stats": {
    "shape": [
      15
    ],
    "size": 15,
    "min": 0.010412082381885401,
    "max": 328.7566399360559,
    "mean": 46.40058662817359,
    "std": 101.96836599587235
  }
}