{
  "f0_hash": "b81a0c495570ce4c45ca4a4e86295f4fbe5b180b8866ffa3c89def1e0908318c",
  "f1_hash": "7f6abff8ac1424cb1d1ca9343c3d53b8d8770df74875727389b6bc0cccf77b1c",
  "f0_stats": {
    "shape": [
      5
    ],
    "size": 5,
    "min": 0.5270819243546171,
    "max": 166.93593090882683,
    "mean": 34.80389343496168,
    "std": 66.07505550285676
  },
  "f1_stats": {
    "shape": [
      15
    ],
    "size": 15,
    "min": 0.010621413174785488,
    "max": 536.1086002630876,
    "mean": 74.33467904462117,
    "std": 170.50688972115046
  }
}