{
  "f0_hash": "f8f7cd4d11b1eb8413f33e4ec9d679bf9c3c3517722b9033572aa552db050577",
  "f1_hash": "6d3a905ab83645bccae16ea2937c035e4b191f3971b71fb8e84184d2e6835179",
  "f0_stats": {
    "shape": [
      5
    ],
    "size": 5,
    "min": 0.5888367239634434,
    "max": 171.36666225230078,
    "mean": 35.75052801998621,
    "std": 67.81758298208017
  },
  "f1_stats": {
    "shape": [
      15
    ],
    "size": 15,
    "min": 0.010156384709091526,
    "max": 514.8655340063493,
    "mean": 70.9651199461499,
    "std": 163.55370758736956
  }
}