{
  "f0_hash": "93b090ca43a266e806bd280b0fabeb6060282bf0f29c5c0261e828d27ff8d9f8",
  "f1_hash": "0a1f1463e05501e45bccc588c6d5ca62cc8f3270d023e025a938fa516e449b79",
  "f0_stats": {
    "shape": [
      5
    ],
    "size": 5,
    "min": 0.5314908900236909,
    "max": 93.17757611005969,
    "mean": 20.13051899097774,
    "std": 36.54359025515655
  },
  "f1_stats": {
    "shape": [
      15
    ],
    "size": 15,
    "min": 0.010678462898798813,
    "max": 185.13530293241942,
    "mean": 27.46704187809765,
    "std": 58.28084598472316
  }
}