{
  "count": 109,
  "ids_hash": "407bd485c541ac4e0d841355458c6fb511163c6df9918f7aa2d456c157b9627b",
  "coords_hash": "444ba7996a8ca444aa641a2173feab396207d0f70512e7cf37f88d69331926bc",
  "coords_stats": {
    "shape": [
      109,
      3
    ],
    "size": 327,
    "min": 10.093999862670898,
    "max": 49.183998107910156,
    "mean": 25.508000041366717,
    "std": 11.921015894838144
  }
}