{
  "hash": "8df51560239f3a972ae046ddeeb33104a6fe267250cb489c1a03dabc75b1e7df",
  "stats": {
    "shape": [
      64,
      64
    ],
    "size": 4096,
    "min": 0.0,
    "max": 15.584793432192459,
    "mean": 7.21664611437326,
    "std": 3.0678466091489485
  }
}