{
  "hash": "7f2411eeec2c85c00a2b89e17bb34cefb2f93938c9e9a39a25b741e917027715",
  "stats": {
    "shape": [
      97,
      97
    ],
    "size": 9409,
    "min": 0.0,
    "max": 15.407820183723892,
    "mean": 7.884963679786836,
    "std": 3.0233453334138023
  }
}