{
  "hash": "9c46cca818d53ad635d8729b068090d8d8fdedb42c3a5cc7f07f18e279d3bd03",
  "stats": {
    "shape": [
      108,
      108
    ],
    "size": 11664,
    "min": 0.0,
    "max": 15.5469388065902,
    "mean": 8.20716865444479,
    "std": 3.1087878561187523
  }
}