{
  "count": 96,
  "ids_hash": "ffec905e50dbe5364caf4cd4371d32638ff673865679d0c3c312841bc8bebe0d",
  "coords_hash": "5631fe830284179ea4d6daaf3f1e1d0beb0320a07b6e47751807d128e9b10f25",
  "coords_stats": {
    "shape": [
      96,
      3
    ],
    "size": 288,
    "min": -5.118000030517578,
    "max": 27.937000274658203,
    "mean": 12.780677065718919,
    "std": 8.803798881299615
  }
}