{
  "count": 83,
  "ids_hash": "f17bff17969e26607eb69335127a5082d1f6a64fbc01be3d9df54baf21f4f779",
  "coords_hash": "791df522c2080532787108bab4947d078f53770825f331a274d8c38b14c5ab42",
  "coords_stats": {
    "shape": [
      83,
      3
    ],
    "size": 249,
    "min": -13.303999900817871,
    "max": 68.41100311279297,
    "mean": 18.32808431061396,
    "std": 30.248392295747777
  }
}