{
  "count": 103,
  "ids_hash": "c3dc78c13a1acacdc56e0bfecfbbe835223e165c814409b00f45def29da821ae",
  "coords_hash": "3959c3f50bacd0358899096edccf751266c143c9b96f8efcd9468fa0b2198d8a",
  "coords_stats": {
    "shape": [
      103,
      3
    ],
    "size": 309,
    "min": -15.696000099182129,
    "max": 46.57600021362305,
    "mean": 8.148466055109663,
    "std": 22.019627526950234
  }
}