{
  "hash": "c8f0357772d5743dfc8a464824a8c494a4d9135026f098657517c7f646bcd0d8",
  "stats": {
    "shape": [
      94,
      94
    ],
    "size": 8836,
    "min": 0.0,
    "max": 15.681013084559527,
    "mean": 7.964531549483058,
    "std": 3.1280275144160097
  }
}