MODEL,PRED_DOCKQ
3MTQ_af2m,0.87392706
3MTQ,0.7970843
