MODEL,PRED_DOCKQ
3UFE_af2m,0.79929984
3UFE,0.11741242
