{
  "hash": "bd42312ded623932e1a1d1bc32f4920403d45aa6ac5c52c381658a06b69f07de",
  "stats": {
    "shape": [
      108,
      108
    ],
    "size": 11664,
    "min": 0.0,
    "max": 15.483499394511146,
    "mean": 7.865259832418593,
    "std": 3.0057197734741026
  }
}