{
  "f0_hash": "e970c3d597fa9b33e6b3eb157d7b4cb1e436d943cb1e3e61e8d88fc654112e43",
  "f1_hash": "7a26d47ece828031311db47d1415c247cd61a9b21e9edab15774e61f7b3374c8",
  "f0_stats": {
    "shape": [
      5
    ],
    "size": 5,
    "min": 0.6285501057504156,
    "max": 120.80120568806404,
    "mean": 25.669158495303993,
    "std": 47.58082046668597
  },
  "f1_stats": {
    "shape": [
      15
    ],
    "size": 15,
    "min": 0.012383176298107479,
    "max": 328.6221662987136,
    "mean": 46.71600163487826,
    "std": 104.29480082383141
  }
}