{
  "count": 106,
  "ids_hash": "f1ed6b3328f0129c08484de368732bd9a0b79f3bf5fbba69d2554c5a034aaf8a",
  "coords_hash": "98404d10c698a7cde2a2c7460ac7e18e755b5f02ef5fd47834e75947496993ba",
  "coords_stats": {
    "shape": [
      106,
      3
    ],
    "size": 318,
    "min": 4.586999893188477,
    "max": 38.89099884033203,
    "mean": 20.960584913409733,
    "std": 8.887538383693236
  }
}