{
  "f0_hash": "6b6d845b3f1c5b309292c0966b6c5027325775dcfef451c7a191ec9026b1759d",
  "f1_hash": "d2fe666320771fd288ac550ee6ff7b93e454251a595444ad91c9d9f61b0b6dc0",
  "f0_stats": {
    "shape": [
      5
    ],
    "size": 5,
    "min": 0.6896837063574162,
    "max": 115.01535846210845,
    "mean": 24.742071812142036,
    "std": 45.16443317361599
  },
  "f1_stats": {
    "shape": [
      15
    ],
    "size": 15,
    "min": 0.01103548237532248,
    "max": 322.0109562785491,
    "mean": 46.94148528674393,
    "std": 102.39809005901633
  }
}