{
  "f0_hash": "341122d234f0fc5dbf5b70dca2bf9ece16c71cad46afd004f1f5742472ca774d",
  "f1_hash": "0b48d56fdd07f9dae3c9edfce57fb9c297b8150d5d4a1b279ad9aad8b93154c4",
  "f0_stats": {
    "shape": [
      5
    ],
    "size": 5,
    "min": 0.4066338577704875,
    "max": 115.35576349536753,
    "mean": 24.56869176863699,
    "std": 45.41311937129289
  },
  "f1_stats": {
    "shape": [
      15
    ],
    "size": 15,
    "min": 0.012545591136515988,
    "max": 270.98690418065434,
    "mean": 38.372454196373965,
    "std": 86.23460180642907
  }
}