{
  "hash": "9841e919b5ae95aabce8513ffe11cdf26ee66fa370cc1a31bbc7b9a6c90d95f7",
  "stats": {
    "shape": [
      81,
      81
    ],
    "size": 6561,
    "min": 0.0,
    "max": 15.146740360423488,
    "mean": 7.334460514259634,
    "std": 3.0085894297455726
  }
}