{
  "count": 69,
  "ids_hash": "fe7f8e4e2ddfe7188a80770c308b1e4b602d4886852c9aa0cd8fd31ece660f4b",
  "coords_hash": "6cef45a33dc658d6eae7ac10d73e6dd0fd435e25ff8149ee01cd7e990a60ebad",
  "coords_stats": {
    "shape": [
      69,
      3
    ],
    "size": 207,
    "min": -27.562000274658203,
    "max": 2.9100000858306885,
    "mean": -12.852289898438011,
    "std": 7.696602906066591
  }
}