{
  "hash": "33b5f70b140638a86bd66388985fdbd91b66176553ead54bf2ef18d36fc9a6c5",
  "stats": {
    "shape": [
      87,
      87
    ],
    "size": 7569,
    "min": 0.0,
    "max": 15.319775486935157,
    "mean": 8.024358423780727,
    "std": 3.1786846753376707
  }
}