MODEL,PRED_DOCKQ
5FGO,0.82150954
5FGO_af2m,0.74885833
