MODEL,PRED_DOCKQ
4K2M_af2m,0.919445
4K2M,0.90355617
