{
  "f0_hash": "511965f782afa3d50d8a8ca248a3321365e6d6021cfaa2b213eee2be9df6ceb3",
  "f1_hash": "e24c6843d1d1ab96116f25b4b81f931fb0c09f695e6ba79d02af4612521c66be",
  "f0_stats": {
    "shape": [
      5
    ],
    "size": 5,
    "min": 0.7025091009704473,
    "max": 108.7787244789473,
    "mean": 23.246292618499357,
    "std": 42.7799166638581
  },
  "f1_stats": {
    "shape": [
      15
    ],
    "size": 15,
    "min": 0.011004782739510333,
    "max": 318.3532014895682,
    "mean": 45.07553703403312,
    "std": 101.46710753590007
  }
}