{
  "hash": "c0946ffac185fb6ec16ec40d73b68789c681878b33fd8473eea1f80404a70a99",
  "stats": {
    "shape": [
      72,
      72
    ],
    "size": 5184,
    "min": 0.0,
    "max": 15.050477547007446,
    "mean": 7.086177544535598,
    "std": 2.9775318820334977
  }
}