{
  "hash": "560b4430e881a59a4751d7f6a718f6ca5bbfb570db43fe905b6f1ace9b07fb02",
  "stats": {
    "shape": [
      100,
      100
    ],
    "size": 10000,
    "min": 0.0,
    "max": 15.726863968489633,
    "mean": 7.634064181142868,
    "std": 2.999006882010111
  }
}