{
  "f0_hash": "ba4a8f6d463794eb735944ad82b9f32244182781f65d0fa4ae997869bd86cb39",
  "f1_hash": "4c3958b58e837b74738a7314dd63f9cfb8c2cf637d08babc6636caf2081a45f1",
  "f0_stats": {
    "shape": [
      5
    ],
    "size": 5,
    "min": 0.5438346890147321,
    "max": 189.1040447818175,
    "mean": 39.17012113339961,
    "std": 74.9764593313167
  },
  "f1_stats": {
    "shape": [
      15
    ],
    "size": 15,
    "min": 0.010888953186034556,
    "max": 594.8895628600749,
    "mean": 81.63977529126859,
    "std": 189.22631652894574
  }
}