MODEL,PRED_DOCKQ
4I98,0.5770737
4I98_af2m,0.37234053
