{
  "count": 73,
  "ids_hash": "9f011fa05189346272ce71b708c4817bf668b1cb8e10f91fcaa3aa4b44226799",
  "coords_hash": "d4ea4706d8b082383d50468e701000d69ddac002fc2fc33f2a264d0f82688eda",
  "coords_stats": {
    "shape": [
      73,
      3
    ],
    "size": 219,
    "min": -2.3940000534057617,
    "max": 54.57600021362305,
    "mean": 26.61644286162233,
    "std": 18.239604477100897
  }
}