MODEL,PRED_DOCKQ
2P97_af2m,0.90777516
2P97,0.8743242
