{
  "hash": "13243769de3cd69155ced3cd3d2610f2853489c7e7cd900668dd968c3da0ba7a",
  "stats": {
    "shape": [
      81,
      81
    ],
    "size": 6561,
    "min": 0.0,
    "max": 15.603291292437161,
    "mean": 7.932433626214177,
    "std": 3.172945185315814
  }
}