{
  "count": 116,
  "ids_hash": "03e2b0216cb80e1d3ae765f81a0403f531a129e7d9f219cb16383a7cc3b99716",
  "coords_hash": "116807ef6571d858bf6629da34b60db50622865911f7c36ea843b019ca465c6a",
  "coords_stats": {
    "shape": [
      116,
      3
    ],
    "size": 348,
    "min": -20.93000030517578,
    "max": 20.714000701904297,
    "mean": -3.6534367881972214,
    "std": 13.06850247549455
  }
}