{
  "hash": "727dd2e4467ba7c7ba06ff8d6eda0ccfba57dcdfbeb0596d1580a860d417c120",
  "stats": {
    "shape": [
      114,
      114
    ],
    "size": 12996,
    "min": 0.0,
    "max": 15.631477822600717,
    "mean": 8.017016375304031,
    "std": 3.028947644675681
  }
}