MODEL,PRED_DOCKQ
6R1M,0.8636798
6R1M_af2m,0.86284894
