{
  "f0_hash": "454483854dab9127aa5a536c703b9a94f6c626e4352e845162d05005f1a64118",
  "f1_hash": "64b66985e336adfc05f3e54ddf43061e987c4169e3466df0279a099b2d2c55ae",
  "f0_stats": {
    "shape": [
      5
    ],
    "size": 5,
    "min": 0.4786541983923187,
    "max": 200.42677580504235,
    "mean": 41.41272761974457,
    "std": 79.51271764970289
  },
  "f1_stats": {
    "shape": [
      15
    ],
    "size": 15,
    "min": 0.010543598263304865,
    "max": 667.8504359543895,
    "mean": 91.39598326851832,
    "std": 211.53844493755344
  }
}