MODEL,PRED_DOCKQ
2R6Z_af2m,0.047522627
2R6Z,0.010886871
