{
  "f0_hash": "8e293ecd44c28e7ab7a200e0610907bddf36e6767756bcae08d6c0659bd20f21",
  "f1_hash": "8a31ed6fa07b9f399a054ad00f046954a825dfb997d0c9b286b4e98baeea3e0f",
  "f0_stats": {
    "shape": [
      5
    ],
    "size": 5,
    "min": 0.47351681577967786,
    "max": 134.25591366896458,
    "mean": 28.27552066355065,
    "std": 53.00212057104663
  },
  "f1_stats": {
    "shape": [
      15
    ],
    "size": 15,
    "min": 0.011589687755442668,
    "max": 291.13746436413174,
    "mean": 41.68334672061495,
    "std": 92.06528452404521
  }
}