{
  "f0_hash": "e9a582c398c93f06ba22a7d099f0adad93b3ba53276df3faa1b31a0349fdbb04",
  "f1_hash": "c8e0743973e9b1b71d19b9ad535f64a87b8849c08e8c23a89612ce8865a39f28",
  "f0_stats": {
    "shape": [
      5
    ],
    "size": 5,
    "min": 0.4091670694861271,
    "max": 148.2615067755724,
    "mean": 30.91824655124257,
    "std": 58.68290753257851
  },
  "f1_stats": {
    "shape": [
      15
    ],
    "size": 15,
    "min": 0.010645842577409859,
    "max": 253.11114739060775,
    "mean": 35.41371263285442,
    "std": 79.04795064233562
  }
}