MODEL,PRED_DOCKQ
2JF1,0.6040384
2JF1_af2m,0.5067279
