{
  "count": 89,
  "ids_hash": "4afc950fc4b1d47799d939ed8738e05d07035b6dd78b141e605fc07cbc7ba67e",
  "coords_hash": "f24dcac8c2475268c3851db928096b520df1a4896e0f5570b2644dbb9ca44606",
  "coords_stats": {
    "shape": [
      89,
      3
    ],
    "size": 267,
    "min": -1.6610000133514404,
    "max": 81.51200103759766,
    "mean": 32.553846421062055,
    "std": 31.063581723931
  }
}