MODEL,PRED_DOCKQ
3ECF_af2m,0.8918274
3ECF,0.07852128
