{
  "f0_hash": "13e7128c8d906fa38362b273eddfad636933ae221df57d7e6aaf0f183118cb36",
  "f1_hash": "0dedc8d5b1f1fc4cafced545ad5f8168bcfc276050d7c133a94e5e32559297f8",
  "f0_stats": {
    "shape": [
      5
    ],
    "size": 5,
    "min": 0.38027831594749323,
    "max": 153.59292824102334,
    "mean": 32.07322409502336,
    "std": 60.76955476582331
  },
  "f1_stats": {
    "shape": [
      15
    ],
    "size": 15,
    "min": 0.01017034904669778,
    "max": 450.3786066154129,
    "mean": 62.135378811630616,
    "std": 143.3531481523453
  }
}