{
  "count": 92,
  "ids_hash": "44fa918a7b10099cfb0bdf12b02c9ce59e05204a1cb4114a28e8fe653d48d314",
  "coords_hash": "3eb651c88ca86614ed0ac2c4351c88cf9892e10ecab4207ed37fa25f24427bb9",
  "coords_stats": {
    "shape": [
      92,
      3
    ],
    "size": 276,
    "min": 8.244000434875488,
    "max": 88.98500061035156,
    "mean": 43.810663250909336,
    "std": 28.621431973729777
  }
}