{
  "count": 76,
  "ids_hash": "d8564cc9b6dd6adaae08c1393f9a92ae753e96370dac82b9e6aafafeda537614",
  "coords_hash": "d4c341fa8ccc0a7745f9ba86abd5967809c9528ffca87c99221ed814ccb3611c",
  "coords_stats": {
    "shape": [
      76,
      3
    ],
    "size": 228,
    "min": -0.8270000219345093,
    "max": 53.16699981689453,
    "mean": 28.15788605776534,
    "std": 17.451693418431052
  }
}