{
  "hash": "43cf7dd74b7ad57705e3bbd235736931604f6902975305df71441905ad33d050",
  "stats": {
    "shape": [
      96,
      96
    ],
    "size": 9216,
    "min": 0.0,
    "max": 15.651314779961027,
    "mean": 8.165338103695724,
    "std": 3.2202327065234098
  }
}