{
  "hash": "a8576ec4daff4d880a3d660df663b143debbaf36c74ec4a95bae204b68f19513",
  "stats": {
    "shape": [
      108,
      108
    ],
    "size": 11664,
    "min": 0.0,
    "max": 15.724837185037629,
    "mean": 7.690925573184535,
    "std": 2.9533957388618832
  }
}