MODEL,PRED_DOCKQ
3M3I,0.89886206
3M3I_af2m,0.83153003
