MODEL,PRED_DOCKQ
4R8H_af2m,0.8548951
4R8H,0.8153158
