{
  "count": 64,
  "ids_hash": "3bb51fce4c0f16afcf2e23a3ab696736f31ab2964c4bb1846d3d2b0a9ded778d",
  "coords_hash": "b4079ac6feb810de303a48c51256c42e408a758b020afc74f4a503f9ef1953b8",
  "coords_stats": {
    "shape": [
      64,
      3
    ],
    "size": 192,
    "min": -8.520000457763672,
    "max": 81.15799713134766,
    "mean": 35.60902590040738,
    "std": 32.136529082947035
  }
}