{
  "f0_hash": "ece5d1cdc1fb2c4c7d5df1eeec68b6fc025d2812dabb051e72c37ac2d0f111b7",
  "f1_hash": "fa5df590f26fe4dc6e081d8c48dff73ffa68d38b055885d41520f764f148f735",
  "f0_stats": {
    "shape": [
      5
    ],
    "size": 5,
    "min": 0.6439475230060531,
    "max": 108.13816379167876,
    "mean": 23.398479693674073,
    "std": 42.40270213499031
  },
  "f1_stats": {
    "shape": [
      15
    ],
    "size": 15,
    "min": 0.010490849486951781,
    "max": 270.9585584519699,
    "mean": 38.61485320328443,
    "std": 86.08278592451782
  }
}