{
  "count": 98,
  "ids_hash": "1d690234e80e4352c25a691188ecb68be668ef858f33af14d9d24f047d1754e2",
  "coords_hash": "13de33ec149a3be3cafc09cb678ba0f2381d276c303865eeed19f3dc9c3ed9dd",
  "coords_stats": {
    "shape": [
      98,
      3
    ],
    "size": 294,
    "min": -15.300000190734863,
    "max": 17.836999893188477,
    "mean": 2.168693881925373,
    "std": 8.701740975309924
  }
}