{
  "f0_hash": "fc4f0302ef81a4fa1a08f6c33acc1e923a30e1cf37ba9d3c9d0b5989c02e750e",
  "f1_hash": "66005a23226b31d1ddfc43572efc9a36e97dbe754159175bd6a67dc14338ee1a",
  "f0_stats": {
    "shape": [
      5
    ],
    "size": 5,
    "min": 0.5628224868827753,
    "max": 155.35140592489614,
    "mean": 32.511084673013116,
    "std": 61.42979993442784
  },
  "f1_stats": {
    "shape": [
      15
    ],
    "size": 15,
    "min": 0.010172492483202511,
    "max": 466.95308435272796,
    "mean": 64.34311202529095,
    "std": 148.65420111103776
  }
}