MODEL,PRED_DOCKQ
1I4U,0.85747373
1I4U_af2m,0.83465815
