MODEL,PRED_DOCKQ
2X0D_af2m,0.9162517
2X0D,0.8032017
