{
  "f0_hash": "c5eafabfd570b2fd033027ccb82a2534ba1c21b92059fe7cfc0e873847056b11",
  "f1_hash": "c0662aaa4feeb548c1d6c90f85203784abcdb1e2f6afeacbdde02d6888c9b5b6",
  "f0_stats": {
    "shape": [
      5
    ],
    "size": 5,
    "min": 0.4053315289794789,
    "max": 131.38633257293762,
    "mean": 27.630633629593348,
    "std": 51.88865638982945
  },
  "f1_stats": {
    "shape": [
      15
    ],
    "size": 15,
    "min": 0.010270896036243204,
    "max": 289.3518984740476,
    "mean": 40.69185709963454,
    "std": 91.3674125783322
  }
}