{
  "hash": "7df80f0e3c1482f5fafe7eada33d07086babd7a4edd4215abc2e7bb819d0f4d0",
  "stats": {
    "shape": [
      107,
      107
    ],
    "size": 11449,
    "min": 0.0,
    "max": 15.649279768241133,
    "mean": 8.032749359171817,
    "std": 3.073125709771882
  }
}