{
  "f0_hash": "e2c8febbfcf812a4f75b62d2e81856a0b4cf422202e12ee49d533802e07de115",
  "f1_hash": "5910905677cee520a6804b59c16d213d5a0e364abeffc074aebb543c758409f6",
  "f0_stats": {
    "shape": [
      5
    ],
    "size": 5,
    "min": 0.5344493205883425,
    "max": 130.2478812424849,
    "mean": 27.568677514728968,
    "std": 51.35503116032999
  },
  "f1_stats": {
    "shape": [
      15
    ],
    "size": 15,
    "min": 0.014519884029003727,
    "max": 345.77306620455516,
    "mean": 49.09643076351117,
    "std": 109.22398225211558
  }
}