{
  "f0_hash": "f22936f5a6f9b240331ea18149dbc8b32d01b6899059768dddf3ef4aa048a0dd",
  "f1_hash": "95cc79bfba806db82fea24eac372bcbf72eb2f9509ef7687d787872230c6a08b",
  "f0_stats": {
    "shape": [
      5
    ],
    "size": 5,
    "min": 0.39862316945745185,
    "max": 66.13094145465146,
    "mean": 14.569872550263906,
    "std": 25.80443399458296
  },
  "f1_stats": {
    "shape": [
      15
    ],
    "size": 15,
    "min": 0.01085869224433944,
    "max": 88.21634822202999,
    "mean": 14.021790785860867,
    "std": 28.28774166186465
  }
}