{
  "count": 227,
  "ids_hash": "ddd4be61147dbe9ad72b31067b040136fc67142926618ff5ea5efdea6ec0b2ca",
  "coords_hash": "93c60603de9328acdf6af43d3771346c298f3349aeaa664f1cb65ce190a49f31",
  "coords_stats": {
    "shape": [
      227,
      3
    ],
    "size": 681,
    "min": -17.915000915527344,
    "max": 10.98900032043457,
    "mean": -1.289177679686524,
    "std": 7.36266927423113
  }
}