{
  "count": 116,
  "ids_hash": "20bd96055e979faa5a70bcf785766682b1373b97d139f0c4458ab7249758675e",
  "coords_hash": "bc756ed276df301830dea9a4a478662fd70abd5ff21b6e6b4818f10536c69fcb",
  "coords_stats": {
    "shape": [
      116,
      3
    ],
    "size": 348,
    "min": 6.651000022888184,
    "max": 38.71699905395508,
    "mean": 23.916497126392933,
    "std": 8.203148491485814
  }
}