{
  "f0_hash": "4aac1d1ea0655d0c81fce5aa6d52f75eabd1c54e7df805c19c2e2fac76039a69",
  "f1_hash": "53bf1e81e0e4ee2850dbea3de820e21b6b6c409a96f83f6755a1a0656f0d4d58",
  "f0_stats": {
    "shape": [
      5
    ],
    "size": 5,
    "min": 0.7509582771437129,
    "max": 112.98558881878604,
    "mean": 24.189611723672666,
    "std": 44.41497151990484
  },
  "f1_stats": {
    "shape": [
      15
    ],
    "size": 15,
    "min": 0.010720789400620712,
    "max": 264.2388153166314,
    "mean": 37.75274911370551,
    "std": 82.97674323823198
  }
}