{
  "hash": "d5997d607d058d1bd316473aa67ef4518edc4aee38649efc0857c901dfee7b8a",
  "stats": {
    "shape": [
      89,
      89
    ],
    "size": 7921,
    "min": 0.0,
    "max": 15.551729583574529,
    "mean": 7.662235840027987,
    "std": 3.059763215893653
  }
}