{
  "hash": "00267ae9f1120a19ea21f5e9176e35388447efb1f8460be604f4d94381072880",
  "stats": {
    "shape": [
      78,
      78
    ],
    "size": 6084,
    "min": 0.0,
    "max": 15.311573136166826,
    "mean": 7.405636455050239,
    "std": 3.090994768148229
  }
}