{
  "count": 107,
  "ids_hash": "8d2e68e60f78a845fe0830ffb9ee97fbb75e776fa4d5b47eb0087ec7e994384c",
  "coords_hash": "7086cb019f14017d773f4c3681a0f46e7cf11bb8ac778f2990345c0d9f57a6ca",
  "coords_stats": {
    "shape": [
      107,
      3
    ],
    "size": 321,
    "min": 3.813999891281128,
    "max": 40.78900146484375,
    "mean": 25.150286548976958,
    "std": 10.785830441783872
  }
}