MODEL,PRED_DOCKQ
2I71,0.67080283
2I71_af2m,0.66656625
