{
  "hash": "e79a0eadef595f4844f960e5bb7105dd3045193373d0287197c7d7745ebff062",
  "stats": {
    "shape": [
      123,
      123
    ],
    "size": 15129,
    "min": 0.0,
    "max": 15.817168889617863,
    "mean": 8.343112174890544,
    "std": 3.121115985593416
  }
}