{
  "f0_hash": "3f504c272725f55bf7b1f658ddaeee0056b7122db4be3e996b1b511b26e91876",
  "f1_hash": "5a8c0ee38ff86ad23c68c5ceca8dcc03584aeb7e1520ef311943e52f079f9bc9",
  "f0_stats": {
    "shape": [
      5
    ],
    "size": 5,
    "min": 0.5853126316367644,
    "max": 121.57333233687385,
    "mean": 25.795906398655468,
    "std": 47.9024086030149
  },
  "f1_stats": {
    "shape": [
      15
    ],
    "size": 15,
    "min": 0.010739434271378911,
    "max": 331.5563017661435,
    "mean": 46.853455358220806,
    "std": 105.41567186988512
  }
}