{
  "count": 78,
  "ids_hash": "b760c759a012488cb522af44cccbfe29b747594fe5ee7e05e30aa6dfdd2c629c",
  "coords_hash": "c50da7cbec609649aae2f02241c55651a3581b7ced9f9d5270d386b0e857768a",
  "coords_stats": {
    "shape": [
      78,
      3
    ],
    "size": 234,
    "min": -5.1620001792907715,
    "max": 48.229000091552734,
    "mean": 24.61087174812316,
    "std": 17.34051847318372
  }
}