{
  "hash": "98b4d03ae14afc872ab66e51de3c16576ec6ef4227a3844c3cd000f90e7449b6",
  "stats": {
    "shape": [
      63,
      63
    ],
    "size": 3969,
    "min": 0.0,
    "max": 15.12238294289183,
    "mean": 7.663389646703501,
    "std": 3.29979332704673
  }
}