{
  "f0_hash": "dd5ae0a6c04950f532d2576e892fabf58e96feb3d7c9fae96b25717a9706ca31",
  "f1_hash": "ac28ce8270686db967b762b1473e32a90cc1171da4de7ff4fe42406d2dc8775f",
  "f0_stats": {
    "shape": [
      5
    ],
    "size": 5,
    "min": 0.4139817143803108,
    "max": 134.93763592039474,
    "mean": 28.320222125525184,
    "std": 53.31831103785695
  },
  "f1_stats": {
    "shape": [
      15
    ],
    "size": 15,
    "min": 0.010474619230370408,
    "max": 370.79844272501606,
    "mean": 51.80882167290314,
    "std": 118.93907780082631
  }
}