{
  "hash": "457aeb4c1ffcbd1117b8980b2ef310423e7c4a7e01b6eba4c5faf595ae401d7c",
  "stats": {
    "shape": [
      106,
      106
    ],
    "size": 11236,
    "min": 0.0,
    "max": 15.593056465206953,
    "mean": 7.94531497097897,
    "std": 3.0509863768501417
  }
}