{
  "hash": "cd5defdc98a937b5b8a3c6371ee900a8087ee41e7f79f3398732f34b01aa1d91",
  "stats": {
    "shape": [
      106,
      106
    ],
    "size": 11236,
    "min": 0.0,
    "max": 15.820607996644439,
    "mean": 7.947936753035298,
    "std": 3.0503811357955812
  }
}