{
  "count": 117,
  "ids_hash": "a7e7ed5d5f12f362e64962cc55252c8569d96a3ff0e94cb57b90d827b6b59764",
  "coords_hash": "4989217c4c171102a6c5360dbaebb8f7a82ce669398d4a21e2c8006f0dd30aee",
  "coords_stats": {
    "shape": [
      117,
      3
    ],
    "size": 351,
    "min": -5.689000129699707,
    "max": 93.76399993896484,
    "mean": 39.67708539896966,
    "std": 35.21498404218943
  }
}