{
  "count": 102,
  "ids_hash": "03109073130ec43e3bdad6d4c625e4d21b97fea4e040904ea1f243da978c3431",
  "coords_hash": "9270bcdde4f6b07dacc2a392d7a57ef5e0f0f02f5a818125446bdc47482bd5d7",
  "coords_stats": {
    "shape": [
      102,
      3
    ],
    "size": 306,
    "min": 17.045000076293945,
    "max": 93.00399780273438,
    "mean": 47.438179776559465,
    "std": 27.91227113792012
  }
}