{
  "count": 91,
  "ids_hash": "7876b567f6c3a8d5500a37aa4d6e9b81216024a5088d89aad57a7209f8c16f8c",
  "coords_hash": "76b4af92727325e88011c176f75a1fa053aad31283d3357c09d4160bf32b45e2",
  "coords_stats": {
    "shape": [
      91,
      3
    ],
    "size": 273,
    "min": 11.645999908447266,
    "max": 81.0,
    "mean": 39.512758199111886,
    "std": 24.69937453178814
  }
}