{
  "hash": "736b2cce7c3efe975f7d170880ebb78b164f65df02e9065f3bc525ff97c6d019",
  "stats": {
    "shape": [
      76,
      76
    ],
    "size": 5776,
    "min": 0.0,
    "max": 15.418722295460384,
    "mean": 7.60792440676134,
    "std": 3.138325092057934
  }
}