MODEL,PRED_DOCKQ
3F1S_af2m,0.7895461
3F1S,0.74467665
