{
  "f0_hash": "fbf83088d771f6e4984eed591605af3f29f362dce960623b52ae08b0b79769c1",
  "f1_hash": "12e45be5a58d7a9bc77857610adc088bd42a0dc226773c468a93cd9c4e40edcf",
  "f0_stats": {
    "shape": [
      5
    ],
    "size": 5,
    "min": 0.3648653806461081,
    "max": 114.143218577183,
    "mean": 24.17046612974666,
    "std": 44.99951874999807
  },
  "f1_stats": {
    "shape": [
      15
    ],
    "size": 15,
    "min": 0.01344432674386109,
    "max": 255.7813403813197,
    "mean": 36.02268109491062,
    "std": 81.35781992198731
  }
}