{
  "hash": "0082572cc4abf49c292370868de63a6f007fa1ee37905a8010f90f6aadf9b1c9",
  "stats": {
    "shape": [
      110,
      110
    ],
    "size": 12100,
    "min": 0.0,
    "max": 15.578422355392885,
    "mean": 7.831414407653275,
    "std": 2.9737807401525527
  }
}