{
  "f0_hash": "0bc53a08ec8c17b398a2d329bf186c46ad9a669cc0a0c8fbcb1be92693f2cb22",
  "f1_hash": "81200cfba1c7c6d672619a66345221b17535e39a4a4ff619892fd2c668f3af5c",
  "f0_stats": {
    "shape": [
      5
    ],
    "size": 5,
    "min": 0.9772257784648415,
    "max": 79.3094911192303,
    "mean": 17.977061669962143,
    "std": 30.736846762183262
  },
  "f1_stats": {
    "shape": [
      15
    ],
    "size": 15,
    "min": 0.021575031706497327,
    "max": 162.76327703010773,
    "mean": 24.56599171500941,
    "std": 50.998178880476
  }
}