MODEL,PRED_DOCKQ
3LDV_af2m,0.9053984
3LDV,0.90471727
