{
  "hash": "8111ea43a583b93b13a97000f1d2041ed004f07fd1c4b315b9a68aaa030a0657",
  "stats": {
    "shape": [
      93,
      93
    ],
    "size": 8649,
    "min": 0.0,
    "max": 15.267492634399261,
    "mean": 7.8685500231083445,
    "std": 3.0718788209267682
  }
}