{
  "f0_hash": "33589e7bdd444964ed51f3b10676e4c32dcd49fac34d9a33a4712234d670afc6",
  "f1_hash": "a000dce590fc6d6d0a4e399a55185ebde441173db2e92a753dfaeeb859f9fbb4",
  "f0_stats": {
    "shape": [
      5
    ],
    "size": 5,
    "min": 0.24389631905342288,
    "max": 150.90313722031925,
    "mean": 31.332381568665266,
    "std": 59.79116550167601
  },
  "f1_stats": {
    "shape": [
      15
    ],
    "size": 15,
    "min": 0.011909551098894244,
    "max": 346.5534257818623,
    "mean": 48.20053141569847,
    "std": 108.64305380448577
  }
}