{
  "f0_hash": "03c24699e0d5a15bea18aa95677c378e3f96fea9d027ba44044a3d49e0c89b64",
  "f1_hash": "f5f294e7ce19db689cb2d87546e43d7887bda51cee7f93ab2f9b1121d96fa1c0",
  "f0_stats": {
    "shape": [
      5
    ],
    "size": 5,
    "min": 0.20388213579089629,
    "max": 107.57192582362102,
    "mean": 22.70306038083289,
    "std": 42.45201915085784
  },
  "f1_stats": {
    "shape": [
      15
    ],
    "size": 15,
    "min": 0.010358981921544164,
    "max": 250.06507510098788,
    "mean": 36.613657472704475,
    "std": 79.27038601110523
  }
}