MODEL,PRED_DOCKQ
2J9Q_af2m,0.39383736
2J9Q,0.0031139944
