{
  "count": 58,
  "ids_hash": "794364d32c19a0cad4d403343077e3faf78a1bd403b9582f503d5afde0a546d6",
  "coords_hash": "ba1c9c90322b56687e91a9b1bafa7f7b9a0c530d4b3ee720f73513e97b9d5d85",
  "coords_stats": {
    "shape": [
      58,
      3
    ],
    "size": 174,
    "min": 15.718999862670898,
    "max": 41.124000549316406,
    "mean": 27.333626527895873,
    "std": 6.75250804702026
  }
}