{
  "f0_hash": "65163dcfa3d9fafdc1401b68f73fc5f43f212cdad351f69bd3c476ddf9c01dad",
  "f1_hash": "782575260c6ee7d444fdc692b94952a666ee17b8226722ed227be0a11833ceb7",
  "f0_stats": {
    "shape": [
      5
    ],
    "size": 5,
    "min": 0.5324712451662641,
    "max": 120.40411586903942,
    "mean": 25.516218111829435,
    "std": 47.45747651088079
  },
  "f1_stats": {
    "shape": [
      15
    ],
    "size": 15,
    "min": 0.010767690804401653,
    "max": 344.2003776503197,
    "mean": 48.491042909489046,
    "std": 109.67462334507044
  }
}