MODEL,PRED_DOCKQ
3S0Y_af2m,0.21218938
3S0Y,0.1983042
