{
  "count": 114,
  "ids_hash": "1dbdd390fd6eac234d181d463f85f598a630127069657138f18d3fcb305aa65c",
  "coords_hash": "f3a0c589718be66ea61ef7847c0d38aff26d71225e8665e3ce7dc6d7e525f61f",
  "coords_stats": {
    "shape": [
      114,
      3
    ],
    "size": 342,
    "min": -2.4679999351501465,
    "max": 26.81399917602539,
    "mean": 14.257400606590057,
    "std": 7.45497074425248
  }
}