{
  "hash": "5c1aebc60cf9133839c3808a2e2fdabfeca358cd32245fda58aa896d06797b9c",
  "stats": {
    "shape": [
      94,
      94
    ],
    "size": 8836,
    "min": 0.0,
    "max": 15.382348575260014,
    "mean": 7.806479085987792,
    "std": 3.1048130072330826
  }
}