{
  "f0_hash": "e4fbbad9b8da3e61d5436c0bfa6a142b9c2cb664a91d526a7d5ae1be7358ef02",
  "f1_hash": "ebe0c6aaa8ea44777c32202a345a7f922f8e9b3910b7ac12787150c9f6a3dbbf",
  "f0_stats": {
    "shape": [
      5
    ],
    "size": 5,
    "min": 0.3916686006180927,
    "max": 152.9304921116691,
    "mean": 31.89245801664482,
    "std": 60.527079658863606
  },
  "f1_stats": {
    "shape": [
      15
    ],
    "size": 15,
    "min": 0.011426866242531197,
    "max": 420.2460487804078,
    "mean": 58.43737822284891,
    "std": 133.32978495065927
  }
}