{
  "hash": "97edcd387c6fc89609e36ed18ea44e3837ff83dd200d0ecbda7f5b1925722886",
  "stats": {
    "shape": [
      117,
      117
    ],
    "size": 13689,
    "min": 0.0,
    "max": 15.681901522295778,
    "mean": 8.11701085423766,
    "std": 3.0560630380564358
  }
}