MODEL,PRED_DOCKQ
3EDP_af2m,0.6152854
3EDP,0.12180278
