{
  "f0_hash": "e1aa3bc5b98f386b82495e5c546686f63bea5acb3e3c47bc769d77eb8be72561",
  "f1_hash": "8ac34983d888db066fe55761fcd6dcf4b100c8d15840c052dc96a756ed077769",
  "f0_stats": {
    "shape": [
      5
    ],
    "size": 5,
    "min": 0.4701234707259509,
    "max": 155.54559431100512,
    "mean": 32.48331598881894,
    "std": 61.53996170551835
  },
  "f1_stats": {
    "shape": [
      15
    ],
    "size": 15,
    "min": 0.010596896406537937,
    "max": 443.95005474641204,
    "mean": 61.57534626446412,
    "std": 140.6072288833336
  }
}