{
  "count": 114,
  "ids_hash": "9f9d59d6c8cceb33a027447e7c958cc35abcf0680936664306baac806671d1cc",
  "coords_hash": "e74c13af3ac08490cb4084a16e281c637bfbeb8b049059fc058618714bf70401",
  "coords_stats": {
    "shape": [
      114,
      3
    ],
    "size": 342,
    "min": -25.6200008392334,
    "max": 6.052999973297119,
    "mean": -7.894479544294116,
    "std": 8.954960021579767
  }
}