{
  "hash": "224c7956a36640244738d08bc592504e2f1c59ee981dd3f4546e6124651d1bf4",
  "stats": {
    "shape": [
      106,
      106
    ],
    "size": 11236,
    "min": 0.0,
    "max": 15.286403022318522,
    "mean": 7.936864775194653,
    "std": 3.035880406031704
  }
}