MODEL,PRED_DOCKQ
3MGK,0.9264736
3MGK_af2m,0.90144765
