MODEL,PRED_DOCKQ
5GW8_af2m,0.08910392
5GW8,0.008918137
