{
  "count": 71,
  "ids_hash": "b292ecea65ba44848ec5f1af8de212eb01a67cf22b4dc73358114a2570321073",
  "coords_hash": "62a07cd0608ab2aaee624edf2c785c1c4cc0c596c1c558ca9f4f8db162bf32e7",
  "coords_stats": {
    "shape": [
      71,
      3
    ],
    "size": 213,
    "min": 3.9590001106262207,
    "max": 36.52000045776367,
    "mean": 18.699056374634935,
    "std": 8.797292913733857
  }
}