MODEL,PRED_DOCKQ
2F9I,0.87554765
2F9I_af2m,0.85305494
