MODEL,PRED_DOCKQ
3DME_af2m,0.85541314
3DME,0.03024353
