{
  "f0_hash": "d600bc6e8a69c4b4534b00fcc14796abb25bed0e6f17b87f4feb25e3dc5d5b4b",
  "f1_hash": "80a5e37bf1e3c4731e6330eb405c3fe69b1803ee45dd57e2907ad7871ae803b6",
  "f0_stats": {
    "shape": [
      5
    ],
    "size": 5,
    "min": 0.38475171864251334,
    "max": 135.50387266597437,
    "mean": 28.551879218001954,
    "std": 53.49077573106534
  },
  "f1_stats": {
    "shape": [
      15
    ],
    "size": 15,
    "min": 0.010565279421516749,
    "max": 376.34334162797586,
    "mean": 52.30813484250597,
    "std": 119.73394826725352
  }
}