{
  "count": 91,
  "ids_hash": "546b405ddee5497903a2633c82618e3a37a1ac8f4df372fe078c42bb79a0710b",
  "coords_hash": "e238e320293d9216faf882ba0278a7d93b8daf0bb0554a9819275953367a46e2",
  "coords_stats": {
    "shape": [
      91,
      3
    ],
    "size": 273,
    "min": -40.02899932861328,
    "max": 59.14899826049805,
    "mean": 14.967586056216733,
    "std": 35.88369088729642
  }
}