MODEL,PRED_DOCKQ
5V6T_af2m,0.048964866
5V6T,3.5340105e-05
