{
  "count": 134,
  "ids_hash": "e6f74e42d9b56233cff4cfe8860413cedf0d87a98361e5861cc3345458d80719",
  "coords_hash": "da50c210cc42005475d83384568b2581c599361c9b7340f59df87f9db2f272f4",
  "coords_stats": {
    "shape": [
      134,
      3
    ],
    "size": 402,
    "min": -23.349000930786133,
    "max": 46.974998474121094,
    "mean": 14.429793540518082,
    "std": 23.658381005983554
  }
}