{
  "f0_hash": "7ca1e5fdacabc26da220b04a9d812efa2362d2332667ffdf9d928346347d447d",
  "f1_hash": "7d35939111fff7c81b033ceb4a01b115de0483c34742cb63707b63fcbdf06e5f",
  "f0_stats": {
    "shape": [
      5
    ],
    "size": 5,
    "min": 0.6068092501769018,
    "max": 199.13652943851707,
    "mean": 41.31353768855656,
    "std": 78.91963882677776
  },
  "f1_stats": {
    "shape": [
      15
    ],
    "size": 15,
    "min": 0.01191474140014348,
    "max": 616.1174490021643,
    "mean": 84.28680463355339,
    "std": 194.50675388409178
  }
}