MODEL,PRED_DOCKQ
4HKJ_af2m,0.021613033
4HKJ,0.0006550314
