{
  "count": 92,
  "ids_hash": "c8375770e7ea28c9d3ae2c48f6080af5aff3a39372ae5b565a34668d993a6e34",
  "coords_hash": "ce312c2131d63aa01c18c02424d0156bb32f7d62bfeeced71ddf45e11d342149",
  "coords_stats": {
    "shape": [
      92,
      3
    ],
    "size": 276,
    "min": 17.138999938964844,
    "max": 93.9280014038086,
    "mean": 56.006916640461355,
    "std": 26.572712188048925
  }
}