{
  "hash": "cd44c523d6777c3d1b2f1a4ad6b7e572dad451750e1db364c1a3a54fdc17e9a3",
  "stats": {
    "shape": [
      92,
      92
    ],
    "size": 8464,
    "min": 0.0,
    "max": 15.435475984915836,
    "mean": 7.843721548568022,
    "std": 3.078751402073607
  }
}