{
  "f0_hash": "b7acdbf7f958a277fd70ccd7ac45aa3169f3d6df285f8e4d72b86414864cbf7d",
  "f1_hash": "bf0d392b75e78f83cd972b077cf8e71bc33d7dadaf6fdcecef0b9eb6432d2226",
  "f0_stats": {
    "shape": [
      5
    ],
    "size": 5,
    "min": 0.5274525562950301,
    "max": 131.30634664094143,
    "mean": 27.683236430405337,
    "std": 51.82310969369708
  },
  "f1_stats": {
    "shape": [
      15
    ],
    "size": 15,
    "min": 0.011137614102026738,
    "max": 364.7276379688902,
    "mean": 52.0282180383612,
    "std": 116.44609367103439
  }
}