{
  "hash": "848875087f5be85789471bd7a8783ff786a76ae0b645e7caffa7aee2b7dfedf6",
  "stats": {
    "shape": [
      92,
      92
    ],
    "size": 8464,
    "min": 0.0,
    "max": 15.528343441231721,
    "mean": 7.528140789565923,
    "std": 3.043237532003074
  }
}