{
  "hash": "b922cdef494f35c7722c41ab19fd841d9d28dafe78a24eb1acb6c15e1cfc97d3",
  "stats": {
    "shape": [
      76,
      76
    ],
    "size": 5776,
    "min": 0.0,
    "max": 15.346698030397606,
    "mean": 7.1924164124077095,
    "std": 2.9440422769303987
  }
}