{
  "f0_hash": "c25f75c54bdc6c53f6c0a9b94060d58a243041180774b5311060051362d39591",
  "f1_hash": "08fab7caf48f4defd3d5faef598a2b17bd1ffd0a618929a49d7899a06cf68548",
  "f0_stats": {
    "shape": [
      5
    ],
    "size": 5,
    "min": 0.5205169933482359,
    "max": 87.83140615945383,
    "mean": 19.104941324834606,
    "std": 34.388798118638576
  },
  "f1_stats": {
    "shape": [
      15
    ],
    "size": 15,
    "min": 0.011553653971430933,
    "max": 224.64743631562712,
    "mean": 32.594716457592845,
    "std": 72.4375504059647
  }
}