MODEL,PRED_DOCKQ
5XAQ,0.8685397
5XAQ_af2m,0.60448927
