{
  "hash": "4694a925e04eeb1dc2b567f7049af406ee8f8484878d619098f67272337d217f",
  "stats": {
    "shape": [
      83,
      83
    ],
    "size": 6889,
    "min": 0.0,
    "max": 15.478310117582488,
    "mean": 7.304295016502012,
    "std": 3.044045725956947
  }
}