{
  "f0_hash": "a8d8438844b35fb5224c0978be84ab4743770f3e016b88eebdcc97481e99bd72",
  "f1_hash": "1772b9ebf1c6c569ff2ecf6b7c49192ae1a39239e19ea67146f71f818dfe2d80",
  "f0_stats": {
    "shape": [
      5
    ],
    "size": 5,
    "min": 0.5558096931348326,
    "max": 144.5348790758743,
    "mean": 30.36773329228286,
    "std": 57.09474057337043
  },
  "f1_stats": {
    "shape": [
      15
    ],
    "size": 15,
    "min": 0.01019531235565907,
    "max": 408.1774418990791,
    "mean": 56.39855780586832,
    "std": 130.1664923738959
  }
}