{
  "hash": "9cabde231d2fe7af61de1dcd2128fd8bcf9e15d449046a13e36d91d4209fe429",
  "stats": {
    "shape": [
      74,
      74
    ],
    "size": 5476,
    "min": 0.0,
    "max": 14.958907652067326,
    "mean": 7.144379490665044,
    "std": 2.9570135129756023
  }
}