{
  "f0_hash": "f970073c682576beae12267e46ae298acf4cb845ff5378d5fd2983bdd09c8d1f",
  "f1_hash": "b75ff2121de4ce6392b10f21b6c096e44f06766e2b882666d5dae64e2fcc299d",
  "f0_stats": {
    "shape": [
      5
    ],
    "size": 5,
    "min": 0.6132198693919615,
    "max": 137.07337280847244,
    "mean": 28.868577235568996,
    "std": 54.113024530626966
  },
  "f1_stats": {
    "shape": [
      15
    ],
    "size": 15,
    "min": 0.010393037143000328,
    "max": 318.6324887488949,
    "mean": 44.97525485606424,
    "std": 99.23886544828557
  }
}