{
  "count": 73,
  "ids_hash": "563e785d95821251fab3623ae6cf926038e0ed413798fc3d497aa5a4f23312c9",
  "coords_hash": "6436dac7fd9a92bfe982df77ad63c767d47a34b0d4404abdd8e9f48cd303b546",
  "coords_stats": {
    "shape": [
      73,
      3
    ],
    "size": 219,
    "min": -9.61299991607666,
    "max": 38.56800079345703,
    "mean": 20.256465805311727,
    "std": 17.162519357130403
  }
}