{
  "f0_hash": "fbbffc0be42b8bed8133f3b9dd1dae546c4d341bf1e4cfad79cf3fbed70de6d4",
  "f1_hash": "c14a8e3de6a5ed7d30056fcedf9e335a4f7480f484074c382a207539fbbc2b5b",
  "f0_stats": {
    "shape": [
      5
    ],
    "size": 5,
    "min": 0.32683825888151785,
    "max": 63.66494324650443,
    "mean": 14.015843243212402,
    "std": 24.84473030305581
  },
  "f1_stats": {
    "shape": [
      15
    ],
    "size": 15,
    "min": 0.01724649148726165,
    "max": 99.1709959373564,
    "mean": 14.974882960974458,
    "std": 31.09392760120091
  }
}