{
  "hash": "fef76b3b78f3480bf25265000abbbfeb6d9eada14847cdc2a9498baf644c5625",
  "stats": {
    "shape": [
      99,
      99
    ],
    "size": 9801,
    "min": 0.0,
    "max": 15.574940807096455,
    "mean": 7.934329002239575,
    "std": 3.1115758171840167
  }
}