MODEL,PRED_DOCKQ
2YQ2_af2m,0.13940522
2YQ2,0.13223593
