{
  "f0_hash": "526b99428c6d586b5e4114066e5d8cca1dc0d95a1890ce042ef2266b6e209e6a",
  "f1_hash": "f1b05621857f24834ba93d8e2fec08a09fc8e3795048f64e585cc3a13c53250e",
  "f0_stats": {
    "shape": [
      5
    ],
    "size": 5,
    "min": 0.46279213482812664,
    "max": 153.53439762930864,
    "mean": 32.02192176102859,
    "std": 60.763909517602926
  },
  "f1_stats": {
    "shape": [
      15
    ],
    "size": 15,
    "min": 0.010076820705986478,
    "max": 455.2313602081988,
    "mean": 63.43568323082433,
    "std": 144.61459758057265
  }
}