MODEL,PRED_DOCKQ
4E1R_af2m,0.8724033
4E1R,0.8203928
