{
  "hash": "62249a4b405473b4168c4185dcf70508d9b0b3aa0aacc4f230129b9fdc679a22",
  "stats": {
    "shape": [
      102,
      102
    ],
    "size": 10404,
    "min": 0.0,
    "max": 15.748435599068523,
    "mean": 7.872985380281195,
    "std": 3.0701266597507884
  }
}