{
  "hash": "e44b23411468c782b8d7b9c6fa865a47c7eb5bdda1133cf1e0bce4493c7c519b",
  "stats": {
    "shape": [
      67,
      67
    ],
    "size": 4489,
    "min": 0.0,
    "max": 14.567998108440852,
    "mean": 7.099243750312646,
    "std": 2.985060912319402
  }
}