MODEL,PRED_DOCKQ
3WKR_af2m,0.8583896
3WKR,0.59099317
