{
  "hash": "e98cb9fbc0b6d9e0fb2db252209594519622ddc1128c459408e6dfbfb69ba258",
  "stats": {
    "shape": [
      100,
      100
    ],
    "size": 10000,
    "min": 0.0,
    "max": 15.187383641616513,
    "mean": 7.826314215625652,
    "std": 3.017472835539588
  }
}