MODEL,PRED_DOCKQ
4G91,0.63203496
4G91_af2m,0.044285912
