{
  "hash": "7ac66139058a3d7ccea5172cbad5d32be56a1bd73cc41e3d043a02aeb348a7cf",
  "stats": {
    "shape": [
      102,
      102
    ],
    "size": 10404,
    "min": 0.0,
    "max": 15.385733478199905,
    "mean": 7.839675549591235,
    "std": 3.128739022640941
  }
}