{
  "count": 71,
  "ids_hash": "0bc639cab45c0e8a98a18e463446cbcf69dd8307794f540f77c696fea7cf404d",
  "coords_hash": "5cd4e275ce682a1f8bfd78eac273ca74d9a934415fddf49af19d58793f3b36cf",
  "coords_stats": {
    "shape": [
      71,
      3
    ],
    "size": 213,
    "min": 5.671000003814697,
    "max": 56.83599853515625,
    "mean": 30.892450623668974,
    "std": 15.681977967568844
  }
}