MODEL,PRED_DOCKQ
6V77_af2m,0.89535284
6V77,0.79228336
