{
  "count": 66,
  "ids_hash": "4fae94ff22c2b49ab74609c09565f6fdeb0efb5c7b5b6e48a373786eb532fa2f",
  "coords_hash": "d674e3f87571f052d1887ae4e195581eaa9384acd1b143615cc3164ee9c9bfd4",
  "coords_stats": {
    "shape": [
      66,
      3
    ],
    "size": 198,
    "min": 4.6479997634887695,
    "max": 43.654998779296875,
    "mean": 22.617156524850866,
    "std": 11.378551281585242
  }
}