MODEL,PRED_DOCKQ
4U1Q_af2m,0.88813555
4U1Q,0.8402025
