{
  "hash": "2f9b831a4a1d6c59994a1d48cfc4a175f71f3d9af938ad98396f9b8260a197e4",
  "stats": {
    "shape": [
      73,
      73
    ],
    "size": 5329,
    "min": 0.0,
    "max": 15.032505825345496,
    "mean": 7.235206187449345,
    "std": 2.9568760350130314
  }
}