{
  "f0_hash": "9e26b1e8785259e5bdf340a5c596822a4086d3748ff71f6e0c19b1da3a609a9e",
  "f1_hash": "e498efd249691d2f375884996c96fe0385e5cfec5e684bd7feb4128b738f7926",
  "f0_stats": {
    "shape": [
      5
    ],
    "size": 5,
    "min": 0.46023261392616915,
    "max": 92.01017848846041,
    "mean": 19.78396201960376,
    "std": 36.132120105103795
  },
  "f1_stats": {
    "shape": [
      15
    ],
    "size": 15,
    "min": 0.013496143276167771,
    "max": 223.80670821715873,
    "mean": 32.237215427351806,
    "std": 71.78543682528428
  }
}