{
  "count": 78,
  "ids_hash": "1e1abcfa2c2d2942c3c33665d62d2bf35aad9f7947b1fea8b15c98bc787cf731",
  "coords_hash": "c31fbe68bc39fd9212784a1850ee8e860b7dc7ee986148e5790ffd0aa364ca39",
  "coords_stats": {
    "shape": [
      78,
      3
    ],
    "size": 234,
    "min": -27.804000854492188,
    "max": 38.75299835205078,
    "mean": 1.886521388322879,
    "std": 23.408391687463528
  }
}