{
  "f0_hash": "ff6610c407bf0aa05e0efea55de12e0d3221cb815d6d09801a61ac356c14bbd1",
  "f1_hash": "558b91e6938790e508e22facdd1c9a06fd73686922f39d28913896e371e13863",
  "f0_stats": {
    "shape": [
      5
    ],
    "size": 5,
    "min": 0.46495376467246463,
    "max": 112.43417607763465,
    "mean": 23.791257677553197,
    "std": 44.33094263009957
  },
  "f1_stats": {
    "shape": [
      15
    ],
    "size": 15,
    "min": 0.01130808035490638,
    "max": 241.57149145085293,
    "mean": 34.92095300002692,
    "std": 75.24939235652025
  }
}