{
  "count": 109,
  "ids_hash": "bfe64b5ad25c78fbd10b71fc3840d206ddc24992f1befd3e4e3ae3ce2db25033",
  "coords_hash": "05346b9add0ce1e88f0777e62753b14ab4b0cf02895c73d82067a15fe06933c2",
  "coords_stats": {
    "shape": [
      109,
      3
    ],
    "size": 327,
    "min": -13.109999656677246,
    "max": 34.17300033569336,
    "mean": 14.30839142512063,
    "std": 14.66920065842388
  }
}