MODEL,PRED_DOCKQ
4PU7,0.8184786
4PU7_af2m,0.81289434
