MODEL,PRED_DOCKQ
1CHM_af2m,0.90007323
1CHM,0.8742929
