{
  "hash": "05bb914bfc21211f116519a34f7095f2e876fa1a50a259aefb72a2762b00139a",
  "stats": {
    "shape": [
      93,
      93
    ],
    "size": 8649,
    "min": 0.0,
    "max": 15.567111679146631,
    "mean": 7.86779030729006,
    "std": 3.1551271038774966
  }
}