MODEL,PRED_DOCKQ
2PK9_af2m,0.84487927
2PK9,0.39420706
