{
  "f0_hash": "f2f3cdee048f8e60690486c08899a62a151bfd5a7401cc0779a1e30b5ae5e8de",
  "f1_hash": "1fb2df2079b5d4056463fc3e0211ab72707c9da55f4bb4dcb76cd5657ccf9954",
  "f0_stats": {
    "shape": [
      5
    ],
    "size": 5,
    "min": 0.2931002509843401,
    "max": 230.80037608880255,
    "mean": 47.174765082203415,
    "std": 91.81807205706558
  },
  "f1_stats": {
    "shape": [
      15
    ],
    "size": 15,
    "min": 0.010514426349301331,
    "max": 533.0125223658194,
    "mean": 72.98007668914398,
    "std": 166.4752791600323
  }
}