MODEL,PRED_DOCKQ
4XGA_af2m,0.50900286
4XGA,0.001891096
