{
  "f0_hash": "29e7880391d35fba074ab2acf1305e3cb9bd173684614d4d68406ba335c57cb6",
  "f1_hash": "3861b68899a60ac5e9fb92ed57da035dfd3cfc34ed3be56528e055ae97be9692",
  "f0_stats": {
    "shape": [
      5
    ],
    "size": 5,
    "min": 0.4949757998653532,
    "max": 113.80169722732784,
    "mean": 24.1430523286449,
    "std": 44.84146947284386
  },
  "f1_stats": {
    "shape": [
      15
    ],
    "size": 15,
    "min": 0.01284091012932187,
    "max": 267.57949257482215,
    "mean": 37.74973267765578,
    "std": 84.82970453103155
  }
}