{
  "count": 84,
  "ids_hash": "ad04f9b73976ce0dca715c373f260d36d9b9e49914c0346e65e180698f07bb1f",
  "coords_hash": "25aad49e2ecc2832eec516e1249d6abffa9982acc44232567fa523d0e64cd9a4",
  "coords_stats": {
    "shape": [
      84,
      3
    ],
    "size": 252,
    "min": 3.2219998836517334,
    "max": 34.9640007019043,
    "mean": 17.976591289043427,
    "std": 7.997697757730627
  }
}