{
  "count": 60,
  "ids_hash": "d82a834030d515ab3c263abb3799c477a914be90d237a6882e19f8a611cfe368",
  "coords_hash": "2e78689346cb2653689e811959663d199636a2f9a0378529efdf940e60ba90b8",
  "coords_stats": {
    "shape": [
      60,
      3
    ],
    "size": 180,
    "min": -5.304999828338623,
    "max": 38.75600051879883,
    "mean": 20.115616658329962,
    "std": 14.917403314816239
  }
}