{
  "count": 116,
  "ids_hash": "29797db8685b7bd85e6f1827ad11bdb5896c7d2691193340d4363a3ec1a2ff00",
  "coords_hash": "bd7573160503e4bc014ec730e9e117b182bbf26696d0b1fbf7cb7dbfadf676e0",
  "coords_stats": {
    "shape": [
      116,
      3
    ],
    "size": 348,
    "min": -18.77199935913086,
    "max": 10.86299991607666,
    "mean": -3.518198271731621,
    "std": 7.151509153390844
  }
}