{
  "f0_hash": "e15b79622bf8170ca73833ffe07017ea236ec3532b3458ce051848f7249cfcc1",
  "f1_hash": "5ad3b6b426da9a0f4f2ef2fc4b4e551f28b2d97a6b6c9be5bce2f368dfcb1e9f",
  "f0_stats": {
    "shape": [
      5
    ],
    "size": 5,
    "min": 0.3482151322281624,
    "max": 161.55207685646735,
    "mean": 33.60107111783431,
    "std": 63.98344064446879
  },
  "f1_stats": {
    "shape": [
      15
    ],
    "size": 15,
    "min": 0.011319588199503627,
    "max": 449.5999313579375,
    "mean": 62.51703278887844,
    "std": 142.90453907078535
  }
}