{
  "f0_hash": "c872c7576dae6b2f74edb3b40510b2d94fec4795555d4d232a7f2b3d3cdb4fc4",
  "f1_hash": "bc3c48b42b5a74295b0b27dc6e41315c09dfc795e019d5c4d6211ebdfe7de599",
  "f0_stats": {
    "shape": [
      5
    ],
    "size": 5,
    "min": 0.37242950968979915,
    "max": 140.76942355930282,
    "mean": 29.449209970088965,
    "std": 55.66868361156171
  },
  "f1_stats": {
    "shape": [
      15
    ],
    "size": 15,
    "min": 0.010529564660269664,
    "max": 341.45340665822005,
    "mean": 48.33248048641066,
    "std": 107.06177342278097
  }
}