{
  "f0_hash": "056f32092b933c8c766073dc0276f23e614cec30cb06c43e309882e2527d1075",
  "f1_hash": "9c83aeac5546217d76bf39519525ac73a8cfa9babfa0e594408f50b1db7c0a71",
  "f0_stats": {
    "shape": [
      5
    ],
    "size": 5,
    "min": 0.34968399167341396,
    "max": 101.88233567129697,
    "mean": 21.60477986000892,
    "std": 40.14840615651556
  },
  "f1_stats": {
    "shape": [
      15
    ],
    "size": 15,
    "min": 0.010869253621794472,
    "max": 199.69675911473658,
    "mean": 28.502104116389372,
    "std": 62.15124847289325
  }
}