MODEL,PRED_DOCKQ
2SPC_af2m,0.5017839
2SPC,0.0025618733
