{
  "count": 95,
  "ids_hash": "ff31467ddfadde29dc76980d8e3cbf2f6fdd26ad80459a355eca428b76bbab2f",
  "coords_hash": "8885565e85803efe0db31f7dd9c1813030f109fc14cee530ebad3df37cfe3c1e",
  "coords_stats": {
    "shape": [
      95,
      3
    ],
    "size": 285,
    "min": -46.38999938964844,
    "max": 39.04800033569336,
    "mean": -5.0769614362925815,
    "std": 29.628269626246084
  }
}