{
  "hash": "219146b790f00e7b4530052cc32ff05a04ea050b65cb8ae3a4e49b6f443bb329",
  "stats": {
    "shape": [
      111,
      111
    ],
    "size": 12321,
    "min": 0.0,
    "max": 15.574529168168157,
    "mean": 8.082832507212824,
    "std": 3.1114172279357812
  }
}