{
  "hash": "28427bd7f363724662780a27c15906ed192eeb9679ed749f26f6f1be9859a1ae",
  "stats": {
    "shape": [
      58,
      58
    ],
    "size": 3364,
    "min": 0.0,
    "max": 13.76524426899932,
    "mean": 6.658672467941821,
    "std": 2.720750286961671
  }
}