{
  "f0_hash": "0381e39d2aa51ce80e999e0653be51a2c32b2c8f4fe268a375ffa4b8fefb92cd",
  "f1_hash": "4e8ff0dfc2bba6e0b8fae0fbe3aafdb460a43463634af24f1f48d043863c5b7f",
  "f0_stats": {
    "shape": [
      5
    ],
    "size": 5,
    "min": 0.5857546027543338,
    "max": 109.29546604919739,
    "mean": 23.281161855576876,
    "std": 43.0203681136401
  },
  "f1_stats": {
    "shape": [
      15
    ],
    "size": 15,
    "min": 0.011198592933787666,
    "max": 268.11266509391913,
    "mean": 38.184236255912914,
    "std": 85.61838645867437
  }
}