{
  "hash": "2469ebe98baa9bd555ff202322adb34b5246aba805f07fe0653f9a3d52bad68c",
  "stats": {
    "shape": [
      65,
      65
    ],
    "size": 4225,
    "min": 0.0,
    "max": 14.624139204918944,
    "mean": 6.720908095274425,
    "std": 2.81869046867544
  }
}