{
  "count": 74,
  "ids_hash": "9b4a18fd6c9fb0d85d7e2b6eb3d04b2351b6ee386d3d3cc6a5b7b29a5dcb879a",
  "coords_hash": "f636f76d7592393de59d3a78c02ea0155ee849e5bc3f5d4eb33a5137f474b397",
  "coords_stats": {
    "shape": [
      74,
      3
    ],
    "size": 222,
    "min": -8.967000007629395,
    "max": 80.69100189208984,
    "mean": 34.171765792879974,
    "std": 32.456288642933416
  }
}