{
  "f0_hash": "5d31b461e24235575b53b0435c60259ef2c84a96c6717304f914acf6cc1e5e16",
  "f1_hash": "fcdaa153da6d21842e22f06eac6c2ba48463d26c10dde7c2b3e59533ffd7ed1f",
  "f0_stats": {
    "shape": [
      5
    ],
    "size": 5,
    "min": 0.6751287894947888,
    "max": 187.84128531619345,
    "mean": 39.07449191338658,
    "std": 74.39155174889373
  },
  "f1_stats": {
    "shape": [
      15
    ],
    "size": 15,
    "min": 0.010020370637114695,
    "max": 638.3085596067817,
    "mean": 87.71442764406683,
    "std": 202.56300215735845
  }
}