{
  "hash": "36bff6301b91021a12eb784b0e5539b8e4866895aa99fa3e237458342ded85c8",
  "stats": {
    "shape": [
      49,
      49
    ],
    "size": 2401,
    "min": 0.0,
    "max": 14.126090866621986,
    "mean": 6.085468223222061,
    "std": 2.597150235006719
  }
}