{
  "hash": "a8b76492125b9bcf44a290f48cae50113e58a239495f8fd130523e052661fbf8",
  "stats": {
    "shape": [
      70,
      70
    ],
    "size": 4900,
    "min": 0.0,
    "max": 14.901732141368383,
    "mean": 7.312133464274155,
    "std": 3.0976597539792885
  }
}