{
  "f0_hash": "4c304ae038378f11dabecb28e1317b2a52edebebdc86e2b873ccd7c2bfb4607c",
  "f1_hash": "461e4b8c621f252cd6ce2fdb91c3812897a8df6b83accb2d1443196400b099c6",
  "f0_stats": {
    "shape": [
      5
    ],
    "size": 5,
    "min": 0.3321617855930852,
    "max": 180.14223344266114,
    "mean": 37.4116556493487,
    "std": 71.37495308347859
  },
  "f1_stats": {
    "shape": [
      15
    ],
    "size": 15,
    "min": 0.010172316618398902,
    "max": 591.822144669287,
    "mean": 81.3155159452662,
    "std": 188.21846482365055
  }
}