{
  "f0_hash": "8eac6b46d6537d884037a997d19cbef7dad0605135aa8a848342899564828315",
  "f1_hash": "c6670827e22d56daf3aff75c61da1fc569b15576cca61ac93b33a230fb454120",
  "f0_stats": {
    "shape": [
      5
    ],
    "size": 5,
    "min": 0.4493109098391665,
    "max": 175.08943588225972,
    "mean": 36.28755724728293,
    "std": 69.40653378636681
  },
  "f1_stats": {
    "shape": [
      15
    ],
    "size": 15,
    "min": 0.010108834399715771,
    "max": 505.3364251898192,
    "mean": 69.69155457355865,
    "std": 159.73158372438473
  }
}