{
  "f0_hash": "78bc724080842c184088afa4f6afe9ecb9ff05906e0658a937e9b20df3e203f5",
  "f1_hash": "3ea74297ed8e45c1fa502fea8d6187abb8f911816904d5357d57423032595e04",
  "f0_stats": {
    "shape": [
      5
    ],
    "size": 5,
    "min": 0.32918131902656866,
    "max": 132.12636748227308,
    "mean": 27.632418571460363,
    "std": 52.253947857910035
  },
  "f1_stats": {
    "shape": [
      15
    ],
    "size": 15,
    "min": 0.010041470763319182,
    "max": 350.75386412984636,
    "mean": 48.66988909442187,
    "std": 111.35365523660363
  }
}