{
  "hash": "30c58a6a27de6244d5ba7e6bb1a2238f398ff0abba02c16a19597e4ff886174b",
  "stats": {
    "shape": [
      73,
      73
    ],
    "size": 5329,
    "min": 0.0,
    "max": 15.341913661675637,
    "mean": 6.705777764963106,
    "std": 2.768805834132439
  }
}