{
  "f0_hash": "bb235b76bc33331991224bee7c5552eed62e7394eaf087bded64dc2c90a891c5",
  "f1_hash": "190fe12ab8f3e383f1a07b4eebfb9bd7b599d15b3ef78c22756afd225a388149",
  "f0_stats": {
    "shape": [
      5
    ],
    "size": 5,
    "min": 0.5359043764008842,
    "max": 142.79722938620512,
    "mean": 30.069122539184644,
    "std": 56.37803844297204
  },
  "f1_stats": {
    "shape": [
      15
    ],
    "size": 15,
    "min": 0.010951147739940659,
    "max": 464.6475204178312,
    "mean": 64.92759424100107,
    "std": 148.92005485939868
  }
}