{
  "f0_hash": "f8f12965c994fabbabd2cfae4eb708e541419c2df2242c4c2e1a38cfddf1642b",
  "f1_hash": "60082124fc140b1e4d36cb308c214492e7ce78b4990d09a7f21fb60ee62a3c5a",
  "f0_stats": {
    "shape": [
      5
    ],
    "size": 5,
    "min": 0.44832597459171686,
    "max": 166.51671596575335,
    "mean": 34.64977250060524,
    "std": 65.94119918722092
  },
  "f1_stats": {
    "shape": [
      15
    ],
    "size": 15,
    "min": 0.010108834399715771,
    "max": 535.2167972024472,
    "mean": 74.25083257724708,
    "std": 170.59537574065828
  }
}