MODEL,PRED_DOCKQ
3NM7_af2m,0.8830894
3NM7,0.8714401
