{
  "hash": "614d678204d455a1c707d2b358e7bb7c52c7a2d8ed8bf86471268b93a9450968",
  "stats": {
    "shape": [
      85,
      85
    ],
    "size": 7225,
    "min": 0.0,
    "max": 15.535631584110428,
    "mean": 7.3945760984416244,
    "std": 3.0263623339265333
  }
}