{
  "count": 100,
  "ids_hash": "e3c7f9dd358ebe8bda3517ade9f904262476862a4577a1661c673e3547e6f00d",
  "coords_hash": "1e50f7fd2d32fc1884269699939e9c8f80101457820812eae8778929853569ad",
  "coords_stats": {
    "shape": [
      100,
      3
    ],
    "size": 300,
    "min": -11.053000450134277,
    "max": 47.347999572753906,
    "mean": 21.008483311509092,
    "std": 19.087118158665877
  }
}