{
  "f0_hash": "92c5c11a8a3ec4405d738ce8989a68cedece13581a68a52893b136fed65cd947",
  "f1_hash": "b88a22f193fa3c650f09a6f6a7e410065a3e14f6ac88945012a5a50e3aaf8251",
  "f0_stats": {
    "shape": [
      5
    ],
    "size": 5,
    "min": 0.5205962737544336,
    "max": 186.88083845776742,
    "mean": 38.729699784899,
    "std": 74.08565825492205
  },
  "f1_stats": {
    "shape": [
      15
    ],
    "size": 15,
    "min": 0.012417763769358992,
    "max": 659.2926404265853,
    "mean": 90.3027809550564,
    "std": 210.76680881208273
  }
}