{
  "count": 109,
  "ids_hash": "62f14936c77c664a9a1af8247ac30a80dbaed241c9627651b4f9b6dd2898bd40",
  "coords_hash": "6ec9bce2a38a6393fcce2a4627247b6eb58c23cead1d9316eb20e48174056c70",
  "coords_stats": {
    "shape": [
      109,
      3
    ],
    "size": 327,
    "min": -18.382999420166016,
    "max": 31.857999801635742,
    "mean": 12.417489297528515,
    "std": 17.119478892407113
  }
}