{
  "hash": "f23fb7ca4432a76f901b2cbe894a40578abb2ee127e2461cecf9df749db8e3ea",
  "stats": {
    "shape": [
      80,
      80
    ],
    "size": 6400,
    "min": 0.0,
    "max": 14.72751286230516,
    "mean": 7.144971844636981,
    "std": 2.968691258968154
  }
}