{
  "count": 80,
  "ids_hash": "dfa76b44b10a6cbcad639e4848e0008382caca73129cb944271dc19646fd3434",
  "coords_hash": "8ad2bd30c57f62a91897ac21044125f8f206cd831aafeba368a11b2b563f2c5e",
  "coords_stats": {
    "shape": [
      80,
      3
    ],
    "size": 240,
    "min": -12.305000305175781,
    "max": 100.90499877929688,
    "mean": 38.206333201844245,
    "std": 41.827049485438856
  }
}