MODEL,PRED_DOCKQ
5K5Z_af2m,0.3773425
5K5Z,0.32241133
