{
  "hash": "81d99fefef6ff208f3e810e0019904a932798f247a25913b8f5d171cedea5b5f",
  "stats": {
    "shape": [
      88,
      88
    ],
    "size": 7744,
    "min": 0.0,
    "max": 15.39685583247676,
    "mean": 7.38888211781415,
    "std": 2.928130713632224
  }
}