{
  "count": 110,
  "ids_hash": "e59e7a837bb1ee07433eb209b4d5cf185669cacbdb7048b7a853e9f23b29cb2b",
  "coords_hash": "7681020fa58f30b96975683b131006d4d7a521baaf8187b6e317f998560e5bde",
  "coords_stats": {
    "shape": [
      110,
      3
    ],
    "size": 330,
    "min": -12.41100025177002,
    "max": 54.62799835205078,
    "mean": 19.137857563838814,
    "std": 22.15337761099012
  }
}