{
  "hash": "ea14c8f0fbac8e26623c5dab514e1b347977eff8677829981c033cf9f6e862c7",
  "stats": {
    "shape": [
      97,
      97
    ],
    "size": 9409,
    "min": 0.0,
    "max": 15.577357991350736,
    "mean": 7.865587619973169,
    "std": 3.033962933808963
  }
}