{
  "hash": "39c2688488fad10b2da223f349f5e76c607b50c611fdddb01bc2037cafe746bc",
  "stats": {
    "shape": [
      119,
      119
    ],
    "size": 14161,
    "min": 0.0,
    "max": 15.750719134617857,
    "mean": 8.034456296667345,
    "std": 3.11234180701881
  }
}