{
  "count": 139,
  "ids_hash": "076509a331b2c46bbfb87dc9e1e98c654c69e8a751a2b93803bc7eaaf611d3d1",
  "coords_hash": "d39fd0454592677fea6a0596ef11bc3e330fe692682eab751a6b111b0da9ec1d",
  "coords_stats": {
    "shape": [
      139,
      3
    ],
    "size": 417,
    "min": -41.479000091552734,
    "max": 16.05500030517578,
    "mean": -16.608851305872417,
    "std": 18.859475077319892
  }
}