{
  "f0_hash": "196b649447a33fa0694abc70e033e7b91f6ee6f5e82a8828b72a3a924fae83cc",
  "f1_hash": "d423a0c7d232a4fcc5bbd6a98e517e30aee159735a8069849d544a3ed8655db8",
  "f0_stats": {
    "shape": [
      5
    ],
    "size": 5,
    "min": 0.501681160270949,
    "max": 103.29944197991242,
    "mean": 22.06402662006836,
    "std": 40.63185343968111
  },
  "f1_stats": {
    "shape": [
      15
    ],
    "size": 15,
    "min": 0.010347196968809591,
    "max": 257.8530875756306,
    "mean": 36.426196839864815,
    "std": 82.79541478241464
  }
}