{
  "hash": "ba129b3d7935d28c88829a5edc93cd9bcb959161986854157ccdbde5497453c4",
  "stats": {
    "shape": [
      104,
      104
    ],
    "size": 10816,
    "min": 0.0,
    "max": 15.713393794631333,
    "mean": 7.976253889028466,
    "std": 3.096434965135582
  }
}