{
  "count": 81,
  "ids_hash": "b8a45a2e624a3d3601ede1a1aa5ba22815373a30fb464867ab95f1f1adcd5767",
  "coords_hash": "249406a443416c85e7229fbb24a1546e506239ac73f250f4c665e132ff6e9e67",
  "coords_stats": {
    "shape": [
      81,
      3
    ],
    "size": 243,
    "min": -17.7549991607666,
    "max": 53.650001525878906,
    "mean": 12.614559677425664,
    "std": 25.513602355545103
  }
}