{
  "hash": "876993becf72cff0a306280f3fe4c66652309068548374a9bd784705c06f5991",
  "stats": {
    "shape": [
      69,
      69
    ],
    "size": 4761,
    "min": 0.0,
    "max": 14.992331281073147,
    "mean": 7.015245467040652,
    "std": 2.894872746908627
  }
}