{
  "hash": "35b018dd802b6c4e9a9da97e1d09811b9e03783a4d1d33c8bd0d821502ec6b5f",
  "stats": {
    "shape": [
      81,
      81
    ],
    "size": 6561,
    "min": 0.0,
    "max": 15.346732152558078,
    "mean": 7.6233930647471615,
    "std": 3.1023189853534583
  }
}