MODEL,PRED_DOCKQ
6K5G_af2m,0.91156644
6K5G,0.6105297
