{
  "hash": "9a9aea53d10685de03c26baf3398bdc67e17c17dfd237ac96f7e3c5a5356fdee",
  "stats": {
    "shape": [
      109,
      109
    ],
    "size": 11881,
    "min": 0.0,
    "max": 15.411042428653426,
    "mean": 7.885130652257483,
    "std": 3.0108365079436363
  }
}