{
  "hash": "ef15751fbfd0e9d2b1fd7063bdc5a2bb0a70bb3424d72a2f1b96c1551a2d6c93",
  "stats": {
    "shape": [
      98,
      98
    ],
    "size": 9604,
    "min": 0.0,
    "max": 15.515803916501952,
    "mean": 7.862933905530672,
    "std": 3.098552790897363
  }
}