MODEL,PRED_DOCKQ
5W8Q_af2m,0.91029483
5W8Q,0.9058305
