{
  "count": 193,
  "ids_hash": "074a65b5398f2a92a71b741794bf62992307bd99681c2a4112adb0f7ecb30b8d",
  "coords_hash": "705c92c10919a25aa6a547fa8e47bde9714852fce6d627d92208751d1f4d3768",
  "coords_stats": {
    "shape": [
      193,
      3
    ],
    "size": 579,
    "min": -27.868999481201172,
    "max": 27.090999603271484,
    "mean": 4.0271450662036425,
    "std": 18.00783378092354
  }
}