{
  "f0_hash": "3babb1737cf88439640fc667ce2b71ee7da995e8cc1e6210618da7bd81d65803",
  "f1_hash": "4db732872a6056ba3adf491458ae533c41f56ea5d19ea71eb52f59a036598d82",
  "f0_stats": {
    "shape": [
      5
    ],
    "size": 5,
    "min": 0.7386114093830043,
    "max": 79.8708950649605,
    "mean": 17.496723639411417,
    "std": 31.20562122019574
  },
  "f1_stats": {
    "shape": [
      15
    ],
    "size": 15,
    "min": 0.010328888516142776,
    "max": 183.4336437377344,
    "mean": 28.06036909256577,
    "std": 58.08178358364043
  }
}