{
  "f0_hash": "5fdc4109694def340f0835640bd3a253a18ac26b6391269f093a357dc05e7f0c",
  "f1_hash": "83bf546bdced933e58269fc211dfded5a6301e0fc6d7ad4d73e70a0649b0fd73",
  "f0_stats": {
    "shape": [
      5
    ],
    "size": 5,
    "min": 0.6305139503919225,
    "max": 124.91515670622329,
    "mean": 26.66613761250822,
    "std": 49.14754401688755
  },
  "f1_stats": {
    "shape": [
      15
    ],
    "size": 15,
    "min": 0.010966364553567587,
    "max": 309.54069135631204,
    "mean": 44.331802357922605,
    "std": 98.54192331991061
  }
}