{
  "hash": "d4d2cdbb2dc1d64c21ed4efe4f5e7ff58e623dc8801fdcd1b322359ada96853c",
  "stats": {
    "shape": [
      117,
      117
    ],
    "size": 13689,
    "min": 0.0,
    "max": 15.33573418334378,
    "mean": 8.044817118634372,
    "std": 3.073880685914884
  }
}