MODEL,PRED_DOCKQ
2P0S,0.5120158
2P0S_af2m,0.43092674
