{
  "f0_hash": "4ee2316a9f6cb4ff7cb2dae3e6d4a461aa769657c5e3bdfeb2480039b236b0a8",
  "f1_hash": "1972c9d7257e526e48a5c5b43fa0190915a323b17b56a6a2458303e569c50eef",
  "f0_stats": {
    "shape": [
      5
    ],
    "size": 5,
    "min": 0.3009869790638328,
    "max": 81.40143246862407,
    "mean": 17.469633829770075,
    "std": 31.977158223618236
  },
  "f1_stats": {
    "shape": [
      15
    ],
    "size": 15,
    "min": 0.013459766335286893,
    "max": 186.8375340455728,
    "mean": 26.911163106443386,
    "std": 59.94222868772075
  }
}