{
  "f0_hash": "087036f508a08e32f6f1ee8e726d3dd74b66123b6586cbaf99ae55f4c92996ac",
  "f1_hash": "17ebe9d36666dea41a7235b2fb381218799166ae129ae775695c61ee022fa53d",
  "f0_stats": {
    "shape": [
      5
    ],
    "size": 5,
    "min": 0.6189973294372206,
    "max": 148.4611462579615,
    "mean": 31.17802207648678,
    "std": 58.65213212800704
  },
  "f1_stats": {
    "shape": [
      15
    ],
    "size": 15,
    "min": 0.010799444481522258,
    "max": 427.2488374948164,
    "mean": 59.535024784717464,
    "std": 136.02951098211219
  }
}