{
  "count": 92,
  "ids_hash": "1e6192cec2e279ba8402dc631a096d1ee2e3f1dfd1a535a8554b86f84d8c3ecb",
  "coords_hash": "03fec6a443018b4afa6d25a4d5414f50f6bca4e61b68828beed25b5fff849326",
  "coords_stats": {
    "shape": [
      92,
      3
    ],
    "size": 276,
    "min": 9.352999687194824,
    "max": 61.922000885009766,
    "mean": 29.43752538294032,
    "std": 17.531095569867457
  }
}