{
  "f0_hash": "7fef44efe8f92e6043ec7b4580c497817422aa75ed67bce41c3312d7f7afaccb",
  "f1_hash": "f2a4c24c2378cfe523afff5a165628ee479f5b3b7c26083a424d61eed6586c7f",
  "f0_stats": {
    "shape": [
      5
    ],
    "size": 5,
    "min": 0.5121339989462025,
    "max": 181.67359469884255,
    "mean": 37.67628156442497,
    "std": 72.00619921453398
  },
  "f1_stats": {
    "shape": [
      15
    ],
    "size": 15,
    "min": 0.010989122582474309,
    "max": 510.4034477220105,
    "mean": 70.42838645958568,
    "std": 161.7753828338071
  }
}