{
  "f0_hash": "bc87d8c2d7f29143fe2dcfc704262bbe6c2ed2baafbfb1748dd1f146c7a1f1bb",
  "f1_hash": "16c5165e05fdba1f873cf689ae1e7c38237d39740e1ee37e1233848534fcad90",
  "f0_stats": {
    "shape": [
      5
    ],
    "size": 5,
    "min": 0.3149994026375417,
    "max": 159.94736784572373,
    "mean": 33.221559275724296,
    "std": 63.36942849118354
  },
  "f1_stats": {
    "shape": [
      15
    ],
    "size": 15,
    "min": 0.01140400632150751,
    "max": 394.0625436654648,
    "mean": 54.794026762534216,
    "std": 124.06713445628031
  }
}