{
  "count": 61,
  "ids_hash": "b3dcec81c91cf1faf0c72ab1da9e3027a2729acdd4477edfb0e14c4b00e07086",
  "coords_hash": "b2c90b4df560cc0910a7636b2e96baf2361bb9f7db80772ca6ac85cbbbab199e",
  "coords_stats": {
    "shape": [
      61,
      3
    ],
    "size": 183,
    "min": 25.64299964904785,
    "max": 102.01000213623047,
    "mean": 55.63346442759363,
    "std": 29.5363711431851
  }
}