{
  "hash": "d94c9c5dd5646f40f2ac6da8b9c556b932f4e0b66b65c50f7d7dcc3959d73b99",
  "stats": {
    "shape": [
      91,
      91
    ],
    "size": 8281,
    "min": 0.0,
    "max": 15.352527336186977,
    "mean": 7.6023000118963,
    "std": 3.0635817381984327
  }
}