{
  "hash": "0b05b51511a5522c9e8e36fc843fc3cc576e005fd535b038eed4b4f4314b7719",
  "stats": {
    "shape": [
      92,
      92
    ],
    "size": 8464,
    "min": 0.0,
    "max": 15.593484167885073,
    "mean": 7.469461325759425,
    "std": 2.895169414602371
  }
}