{
  "hash": "dcd9624864f498f299bc670da9b146db0cf55eebf310ef54429c80ab8defad99",
  "stats": {
    "shape": [
      68,
      68
    ],
    "size": 4624,
    "min": 0.0,
    "max": 15.795911755491726,
    "mean": 7.509464844606596,
    "std": 3.3021387293012556
  }
}