{
  "count": 75,
  "ids_hash": "b511254b10ba2e3faaf053f9deeeb2e4c4b3d877f5dd6ce2bad47764a3fdb06e",
  "coords_hash": "8be7b25b649c4764da024309bfe88ef53686684c99a483d8b019ab274b7afe7a",
  "coords_stats": {
    "shape": [
      75,
      3
    ],
    "size": 225,
    "min": -40.21699905395508,
    "max": 32.45199966430664,
    "mean": -6.7808711285061305,
    "std": 25.073906402167662
  }
}