MODEL,PRED_DOCKQ
3P8T_af2m,0.9264763
3P8T,0.86929905
