{
  "count": 115,
  "ids_hash": "c720b37a7c383b633c6549d6482fe4c1322a931a623e0762bcb530a879d97245",
  "coords_hash": "2248c8f842c6d6f8ef83605bc352a10f2ef393a896008ff5195eac660ecf6407",
  "coords_stats": {
    "shape": [
      115,
      3
    ],
    "size": 345,
    "min": -12.340999603271484,
    "max": 83.98100280761719,
    "mean": 32.33309269233242,
    "std": 34.1142673740466
  }
}