{
  "f0_hash": "ee92f71ba888d3c167fc9acad83cba57dfe2fe1645817c74aa36e4761245bb45",
  "f1_hash": "fa3654fda83bb6340403959d68e509dcd8c23fa546f1ede8faa5bc45ff34e38c",
  "f0_stats": {
    "shape": [
      5
    ],
    "size": 5,
    "min": 0.6439493656253329,
    "max": 100.8365930179239,
    "mean": 21.740936922331517,
    "std": 39.56848860948576
  },
  "f1_stats": {
    "shape": [
      15
    ],
    "size": 15,
    "min": 0.015897286455301085,
    "max": 227.08105207468373,
    "mean": 33.429647123157494,
    "std": 71.46580748284538
  }
}