{
  "count": 97,
  "ids_hash": "8ffbad74c2621f0e8d3a4e48a4df6b11fb16a7b71ac3f66d04563d0a0606798c",
  "coords_hash": "8036e38c2d859d8ff38354d1b7a3b96b611c7cc66e4b805ca8d96ce16794db9d",
  "coords_stats": {
    "shape": [
      97,
      3
    ],
    "size": 291,
    "min": -16.304000854492188,
    "max": 10.663999557495117,
    "mean": -3.309907214824891,
    "std": 6.369947835941578
  }
}