{
  "f0_hash": "20ff557b307d0972b998f863f18ed66d4cb54dc586c9a68e07703f844047629c",
  "f1_hash": "ba0d6b508549581ca69198424b5eab58ba988a801559656ad67af4cb5e6b6c60",
  "f0_stats": {
    "shape": [
      5
    ],
    "size": 5,
    "min": 0.42664337424113397,
    "max": 82.39025017652526,
    "mean": 17.860857293259958,
    "std": 32.28328730728391
  },
  "f1_stats": {
    "shape": [
      15
    ],
    "size": 15,
    "min": 0.016171966795830883,
    "max": 142.4217773717431,
    "mean": 21.311750313614095,
    "std": 44.53636665052403
  }
}