MODEL,PRED_DOCKQ
4OTN,0.83635575
4OTN_af2m,0.83320385
