MODEL,PRED_DOCKQ
3R3P,0.06143258
3R3P_af2m,0.036004238
