{
  "hash": "f0a7d5724fffd4f82070034dd49fd6142e5fa3deebf0dc8d17e28e4f1c87b9cd",
  "stats": {
    "shape": [
      97,
      97
    ],
    "size": 9409,
    "min": 0.0,
    "max": 15.56440235043279,
    "mean": 7.516057987399527,
    "std": 3.030352647114238
  }
}