MODEL,PRED_DOCKQ
4KBB_af2m,0.83739126
4KBB,0.79394376
