{
  "f0_hash": "b044a577bfc2932547d6fd04e1508d208b647b3d05da2cf7c95cb9865f8f19d7",
  "f1_hash": "2e065dedae1065342cfbdb7ecffb717ff0ea2ec37a544e9e2ec9f0205389c320",
  "f0_stats": {
    "shape": [
      5
    ],
    "size": 5,
    "min": 0.4157035421960611,
    "max": 161.43380156460427,
    "mean": 33.64023849472817,
    "std": 63.90537016895114
  },
  "f1_stats": {
    "shape": [
      15
    ],
    "size": 15,
    "min": 0.010139452529175585,
    "max": 469.2355253245326,
    "mean": 65.54715105721552,
    "std": 149.494692454796
  }
}