{
  "count": 102,
  "ids_hash": "dc25613e219855666ac0c4f132968e395f08ee3427a2d942540cfc8ae02df6c7",
  "coords_hash": "abd94ed685cb2138fb8e78e8bbeb976c0ff0e9c5b7fb5e41ecd4161210e6da0b",
  "coords_stats": {
    "shape": [
      102,
      3
    ],
    "size": 306,
    "min": -35.393001556396484,
    "max": 33.018001556396484,
    "mean": 2.690503259110295,
    "std": 23.312592412659992
  }
}