{
  "f0_hash": "76ffbde971689477cd841f5d393df4787c4519d948f9feb3a23bdfd5d173a0f2",
  "f1_hash": "09476a1db06cdd72b3e217eeb16900bcfcfcf091fde44428fcfaa8198f42904b",
  "f0_stats": {
    "shape": [
      5
    ],
    "size": 5,
    "min": 0.48894617463869844,
    "max": 116.34109485179356,
    "mean": 24.646603490943537,
    "std": 45.859210058036645
  },
  "f1_stats": {
    "shape": [
      15
    ],
    "size": 15,
    "min": 0.0102097250360913,
    "max": 267.85159126903335,
    "mean": 38.68611039442812,
    "std": 84.72219433426139
  }
}