MODEL,PRED_DOCKQ
6GZA,0.7207014
6GZA_af2m,0.102066785
