{
  "count": 116,
  "ids_hash": "dc0f900ef2d23692b83f8f2d1d699f4baa708d5ff81c6cf7bf5f7cf891a7b173",
  "coords_hash": "246291c0bd6602dcfefe7db59125ef07666d7d0605e58cb6e1069d6072e6df67",
  "coords_stats": {
    "shape": [
      116,
      3
    ],
    "size": 348,
    "min": -12.241999626159668,
    "max": 45.13100051879883,
    "mean": 11.153988446199989,
    "std": 19.716083161689337
  }
}