{
  "hash": "d3dec0c24b8000a096a5a4749d3fdbaad1ba4e47209fb6a84858e6b9b2d97338",
  "stats": {
    "shape": [
      90,
      90
    ],
    "size": 8100,
    "min": 0.0,
    "max": 15.077265257918116,
    "mean": 7.651878535846366,
    "std": 3.0068924952053604
  }
}