{
  "count": 93,
  "ids_hash": "242b44ba3d2453d602808f3399de2540692ae8d60faeda1bcd20934bb8dc8362",
  "coords_hash": "c341ee287bc92a065177aecd20976f9b65985e7614b7c4496eb95285bf2368b3",
  "coords_stats": {
    "shape": [
      93,
      3
    ],
    "size": 279,
    "min": -8.463000297546387,
    "max": 41.08000183105469,
    "mean": 15.257960641736625,
    "std": 15.261629067417974
  }
}