MODEL,PRED_DOCKQ
2GX5_af2m,0.7385617
2GX5,0.71983045
