{
  "count": 66,
  "ids_hash": "caa7573ee3151999a13c1583127179c13ec228924447351e81b50477ebd07559",
  "coords_hash": "3cab6bb12952c60c77802aaf00183b01252034fe41bc7548ee7148c72feb8705",
  "coords_stats": {
    "shape": [
      66,
      3
    ],
    "size": 198,
    "min": 6.068999767303467,
    "max": 97.97899627685547,
    "mean": 43.6981262823548,
    "std": 35.674795297929954
  }
}