{
  "hash": "3e037abdbb4a6e235175be6ed26975c08e17d5bf68893400e1bcba5c2bf5f35d",
  "stats": {
    "shape": [
      47,
      47
    ],
    "size": 2209,
    "min": 0.0,
    "max": 14.566480986243361,
    "mean": 6.131250213946129,
    "std": 2.680486525687468
  }
}