{
  "f0_hash": "fe54ba168edb1a817bdbd0a9dfdf394f4f945d71d808d009e4b166769820b72f",
  "f1_hash": "aacddc8b451a0a2e5d9d17b42a46831cb5faa183cc15486981a5236fcecdf05f",
  "f0_stats": {
    "shape": [
      5
    ],
    "size": 5,
    "min": 0.29216891634208186,
    "max": 152.46964481783837,
    "mean": 31.41006205581818,
    "std": 60.53532029580814
  },
  "f1_stats": {
    "shape": [
      15
    ],
    "size": 15,
    "min": 0.010280543554965549,
    "max": 349.6711874212732,
    "mean": 48.62001090776815,
    "std": 111.05925128069282
  }
}