{
  "hash": "a5a1024689b1810f0347405b142a658b941ebca0fdabde9de0a591ce56ead473",
  "stats": {
    "shape": [
      101,
      101
    ],
    "size": 10201,
    "min": 0.0,
    "max": 15.543544081742473,
    "mean": 8.0387882722359,
    "std": 3.1033920490889324
  }
}