{
  "f0_hash": "473d0534fc7abd6a6c5a1d4ee7bb6b5156ab8f0f5ec07470fc4d1551b2f82097",
  "f1_hash": "51e6cb50f95292d3c97e089a2fd2e866a9877ce33d93c3c5a1b2076f37739d2c",
  "f0_stats": {
    "shape": [
      5
    ],
    "size": 5,
    "min": 0.6159249315070646,
    "max": 154.49913428422875,
    "mean": 32.36767679685098,
    "std": 61.07586735597408
  },
  "f1_stats": {
    "shape": [
      15
    ],
    "size": 15,
    "min": 0.010992035676906653,
    "max": 476.1916592939142,
    "mean": 66.81654572998664,
    "std": 151.68750322359907
  }
}