{
  "hash": "573623e17af19eae644ee1e534ab521cb7bfd2610026e766480582da3f80852b",
  "stats": {
    "shape": [
      109,
      109
    ],
    "size": 11881,
    "min": 0.0,
    "max": 15.581478759478605,
    "mean": 8.118529242791553,
    "std": 3.0796747916323017
  }
}