{
  "count": 109,
  "ids_hash": "fa9993eadc8ba5098f5890d53d75229ec9a55ef7be3edf30c1c6d6d37691bd34",
  "coords_hash": "c44ac1840656e4d43e2944a90836c8a3b41aa20064158fed7f73835a70259fb3",
  "coords_stats": {
    "shape": [
      109,
      3
    ],
    "size": 327,
    "min": -7.39300012588501,
    "max": 87.9280014038086,
    "mean": 28.597626958498076,
    "std": 37.66710995033768
  }
}