{
  "f0_hash": "28975e3232ef208332113b2a2ac5164c4f679a1079698e3d5ae80b17b6262f23",
  "f1_hash": "9f6e7ee9950c8bb3b0f58e0c80d20d885826b6e0aa235839ce2392f2bff7f57e",
  "f0_stats": {
    "shape": [
      5
    ],
    "size": 5,
    "min": 0.6912075067212693,
    "max": 90.6658677708385,
    "mean": 19.701933487857755,
    "std": 35.50247097288387
  },
  "f1_stats": {
    "shape": [
      15
    ],
    "size": 15,
    "min": 0.011100861807026519,
    "max": 188.92937563306722,
    "mean": 27.54071900478755,
    "std": 59.8107185872303
  }
}