{
  "hash": "cb91bd36951cf97b6991f6cfa7cc052605fe35b8e6898d4cd90d4636afdddcb3",
  "stats": {
    "shape": [
      81,
      81
    ],
    "size": 6561,
    "min": 0.0,
    "max": 15.701946794462076,
    "mean": 7.633254851609902,
    "std": 3.2221328964105638
  }
}