{
  "count": 167,
  "ids_hash": "98526c8e4241385bcbed73e8bb84deafd834ca19dd646e421bf8e70f550371f8",
  "coords_hash": "dada3ba84d4c02be5c2b03651e2437929531b93dfecf05f631a7cbf1a0a9c091",
  "coords_stats": {
    "shape": [
      167,
      3
    ],
    "size": 501,
    "min": -28.952999114990234,
    "max": 1.659999966621399,
    "mean": -14.055652684727294,
    "std": 7.453217060052561
  }
}