{
  "count": 166,
  "ids_hash": "d74647c9218d565fb9f58c74754d2d61bdcd83cdfaca8b3ec5066dfc496220b2",
  "coords_hash": "e459a6661cf85b559e57d5499c52b2284e554a276ff27e346d1cc0527316d948",
  "coords_stats": {
    "shape": [
      166,
      3
    ],
    "size": 498,
    "min": -35.084999084472656,
    "max": 9.84000015258789,
    "mean": -9.956317291501536,
    "std": 13.814337100397156
  }
}