MODEL,PRED_DOCKQ
4HSU,0.21970138
4HSU_af2m,0.015043053
