{
  "hash": "432444f1e602dd9c1a82ead9ad5af1d06287fe3e13b6baa1542f2f0a5846070e",
  "stats": {
    "shape": [
      109,
      109
    ],
    "size": 11881,
    "min": 0.0,
    "max": 15.539808324609119,
    "mean": 7.989307812867326,
    "std": 3.0520745809085135
  }
}