MODEL,PRED_DOCKQ
3PNL_af2m,0.77821434
3PNL,0.53069997
