{
  "f0_hash": "a1690a6aee450fdce468ddaa22248ba21f4b56acdd0d0b9687570d228656a9a6",
  "f1_hash": "0f2c8748249e27f486df5818665b2c476a918821e19e103099ee25b85b8fa66c",
  "f0_stats": {
    "shape": [
      5
    ],
    "size": 5,
    "min": 0.6079136208999825,
    "max": 178.439215555551,
    "mean": 37.13530591908773,
    "std": 70.65999943800932
  },
  "f1_stats": {
    "shape": [
      15
    ],
    "size": 15,
    "min": 0.010237917026692855,
    "max": 581.6366117701041,
    "mean": 79.61022844692772,
    "std": 185.186412737982
  }
}