{
  "count": 119,
  "ids_hash": "d0fc0b856131e86c7105015c01b1e700dfc1d23ed565f9521a69c4c26a975fa2",
  "coords_hash": "aece83d5118819d3ce03d4ec9a26ecb1758f509aab446c5bc529fad2441418bd",
  "coords_stats": {
    "shape": [
      119,
      3
    ],
    "size": 357,
    "min": -27.899999618530273,
    "max": 29.545000076293945,
    "mean": -0.737002780958384,
    "std": 17.746407437237774
  }
}