{
  "hash": "f15d09d8af6b6f4619547396b1ba5f601df5ba92427e13a3f1d17878464adf1b",
  "stats": {
    "shape": [
      113,
      113
    ],
    "size": 12769,
    "min": 0.0,
    "max": 15.524354749820896,
    "mean": 7.88609202819748,
    "std": 3.0192876332746437
  }
}