{
  "count": 113,
  "ids_hash": "32a89d22980848308860543fc73b75fc5554099c9086884e6d7d0aacb5d6478f",
  "coords_hash": "2b40417f4f2d2acee50c6286b37ca6a3b4d6eb9ec4f3d74cfe7cd825882398b6",
  "coords_stats": {
    "shape": [
      113,
      3
    ],
    "size": 339,
    "min": -1.5440000295639038,
    "max": 86.08599853515625,
    "mean": 44.542772756900455,
    "std": 30.603573043864394
  }
}