{
  "f0_hash": "d31f303e84dbd3e23aed657cbad134e7f75ed7589ef0fa98bf5cedfdac9c7254",
  "f1_hash": "e313e3b79a43daea48d16fb8cb34fabbeeb56e841ca7d04489b97d1782af84e3",
  "f0_stats": {
    "shape": [
      5
    ],
    "size": 5,
    "min": 0.4785834353772415,
    "max": 131.62169921343119,
    "mean": 27.65841311724847,
    "std": 51.99065776956361
  },
  "f1_stats": {
    "shape": [
      15
    ],
    "size": 15,
    "min": 0.010285584570922879,
    "max": 302.72476422153704,
    "mean": 42.821464555121516,
    "std": 95.48375374650767
  }
}