{
  "count": 88,
  "ids_hash": "80c6ff344bd98ed764155c11b797b3508cebe921ed32fa852e0d55a29ed9d9c1",
  "coords_hash": "79234c6cb8466ba4c66d617df2c9af9d81293d96bc9cfd7075a7052e2f274f95",
  "coords_stats": {
    "shape": [
      88,
      3
    ],
    "size": 264,
    "min": -1.871000051498413,
    "max": 96.13400268554688,
    "mean": 36.48465535913905,
    "std": 37.53831943100805
  }
}