{
  "f0_hash": "d5d5a9ea59364edb6bf45b7da3223529627077b85d87f1680692012499fa9de4",
  "f1_hash": "a1c092ef3be06c2c6e16a688e555da36f0200e7b3a81892d6cc54b9a0a2213ec",
  "f0_stats": {
    "shape": [
      5
    ],
    "size": 5,
    "min": 0.37503810150604616,
    "max": 75.78290182722401,
    "mean": 16.48057633276685,
    "std": 29.669039645353998
  },
  "f1_stats": {
    "shape": [
      15
    ],
    "size": 15,
    "min": 0.012843004706762251,
    "max": 155.75231736539826,
    "mean": 22.53056315016013,
    "std": 49.19108431512297
  }
}