{
  "hash": "c151279e478d21b0a09ca014a57b27dfc8fa101dc0de84a6362c660e88e16090",
  "stats": {
    "shape": [
      100,
      100
    ],
    "size": 10000,
    "min": 0.0,
    "max": 15.81599852055008,
    "mean": 7.813646359841916,
    "std": 3.1512575114753933
  }
}