{
  "hash": "b648e3a18d04dc847a39b4ca45ebaf95ced4d6fae4a3e69465133b8785ceea8b",
  "stats": {
    "shape": [
      92,
      92
    ],
    "size": 8464,
    "min": 0.0,
    "max": 15.843080303433828,
    "mean": 8.08448008326567,
    "std": 3.1277857718468236
  }
}