{
  "hash": "01df71704b464fe4dd218bad26505903b57d7bb4ac88f852e59103b3505f4cb6",
  "stats": {
    "shape": [
      79,
      79
    ],
    "size": 6241,
    "min": 0.0,
    "max": 14.943178715840627,
    "mean": 7.32727602362922,
    "std": 3.108087379106401
  }
}