MODEL,PRED_DOCKQ
2R5O_af2m,0.87282866
2R5O,0.8640866
