{
  "hash": "413541c4efbaa2da8459315e0fb94f84985b9fbeb1781b016be1db351bce1818",
  "stats": {
    "shape": [
      66,
      66
    ],
    "size": 4356,
    "min": 0.0,
    "max": 15.341183766779967,
    "mean": 7.009200903374539,
    "std": 2.95438298980807
  }
}