MODEL,PRED_DOCKQ
1E5X,0.54019415
1E5X_af2m,0.2940178
