{
  "f0_hash": "f27d401969fa270632bdd1c3d830ebbc3f75a733ce767b2191b76efd9d71a54f",
  "f1_hash": "6e1af887949053996255102b8a0c7b86452ec77af60fdb9070a50005105a6fca",
  "f0_stats": {
    "shape": [
      5
    ],
    "size": 5,
    "min": 0.1890798614677659,
    "max": 70.25647742653926,
    "mean": 15.114590355739756,
    "std": 27.58037385026471
  },
  "f1_stats": {
    "shape": [
      15
    ],
    "size": 15,
    "min": 0.010630991507183829,
    "max": 130.38280505937323,
    "mean": 19.27314041216913,
    "std": 40.970499728666304
  }
}