{
  "f0_hash": "668d6e238f07ce6d0211c133df332cd104cce7906379f60d6cb21a4505d0c23a",
  "f1_hash": "5d6c7a2b504fbab05f8e0799bbd5421c22afb18031a3d0104762d0db994a6e61",
  "f0_stats": {
    "shape": [
      5
    ],
    "size": 5,
    "min": 0.44340416156241275,
    "max": 104.66148323682624,
    "mean": 22.276470237908622,
    "std": 41.20466100611893
  },
  "f1_stats": {
    "shape": [
      15
    ],
    "size": 15,
    "min": 0.01028798876357584,
    "max": 219.16607711351924,
    "mean": 32.13759286669196,
    "std": 69.64782487902721
  }
}