{
  "hash": "f84aab3cb47d915b58f9c0b0a549849a4d1d862911956cfd563834fa283ac3af",
  "stats": {
    "shape": [
      121,
      121
    ],
    "size": 14641,
    "min": 0.0,
    "max": 15.577970451643582,
    "mean": 7.9052628661615865,
    "std": 3.0533274351586086
  }
}