MODEL,PRED_DOCKQ
2A61_af2m,0.89824283
2A61,0.8034257
