{
  "count": 113,
  "ids_hash": "56829dbf22843800f0aeb5fccd63f76006d3c6e6d439088c1609ede3a611aff8",
  "coords_hash": "eb0900754c48d32d448442eda6313e997337d2ee6727b6b0db4c6aec44961184",
  "coords_stats": {
    "shape": [
      113,
      3
    ],
    "size": 339,
    "min": -5.046000003814697,
    "max": 70.13200378417969,
    "mean": 28.9992596289599,
    "std": 25.90662639239197
  }
}