{
  "count": 87,
  "ids_hash": "7e7de90997f249e92db3efa06651e76cf030726a771d6c9cb188864f2b6d9c2f",
  "coords_hash": "7938a39106dd90a1e8af1a74e55475728d0aee6989a62d5a815256b15d978d73",
  "coords_stats": {
    "shape": [
      87,
      3
    ],
    "size": 261,
    "min": 6.3460001945495605,
    "max": 41.599998474121094,
    "mean": 24.72331803055102,
    "std": 10.347804507222115
  }
}