{
  "f0_hash": "9eaa06f396de37786e5faf8b9a01c97e3c88738c399c138b4e8d391786035918",
  "f1_hash": "bd7fdeb96c696a58202f84231319e43ad9ccdab56e61cba8a760a1d836b3184d",
  "f0_stats": {
    "shape": [
      5
    ],
    "size": 5,
    "min": 0.5740735857050436,
    "max": 146.95595076439784,
    "mean": 30.823502461514703,
    "std": 58.07629404327103
  },
  "f1_stats": {
    "shape": [
      15
    ],
    "size": 15,
    "min": 0.011744328246205082,
    "max": 367.77632133205384,
    "mean": 51.801249480756034,
    "std": 115.82389230441474
  }
}