{
  "hash": "ab4fcd6666e64c59b0e3adb725f51fb0c15b374d3f8a5e6ea3e5d6d1e6f198c1",
  "stats": {
    "shape": [
      83,
      83
    ],
    "size": 6889,
    "min": 0.0,
    "max": 15.494141079944749,
    "mean": 7.560409186082107,
    "std": 3.0658704866498683
  }
}