{
  "count": 92,
  "ids_hash": "48511aa06b9e20afbf720e45ff5b68e264479392655f3167127ab45dcb4671bb",
  "coords_hash": "1e2afafa6e4e7746ada43b96fdf80ea6b188aecd38ca6d6a4d390312e0845fcb",
  "coords_stats": {
    "shape": [
      92,
      3
    ],
    "size": 276,
    "min": -35.165000915527344,
    "max": 61.974998474121094,
    "mean": 17.12034047168234,
    "std": 34.361814675979524
  }
}