{
  "count": 100,
  "ids_hash": "fe3909ed926b860d38d0933af7c552ba0421b0646574d9c9b5134dcf8fb8bb14",
  "coords_hash": "64a712b4966ed9a58a60f374878f5042f4bd6e0da954a6091ac5b9869a796861",
  "coords_stats": {
    "shape": [
      100,
      3
    ],
    "size": 300,
    "min": -31.07900047302246,
    "max": 50.507999420166016,
    "mean": 3.5094799534479777,
    "std": 30.581611761987723
  }
}