{
  "f0_hash": "f776de519df92dd4530f75e72e7bbf627fcba6d2356b51cbb9cd1f22c326c5d0",
  "f1_hash": "b33dc4da9bd18e27fd451f6c1173b74d6cf73db9a3a8df129dcbf904b88f153b",
  "f0_stats": {
    "shape": [
      5
    ],
    "size": 5,
    "min": 0.45881059417399367,
    "max": 157.83167087677782,
    "mean": 32.85617725426424,
    "std": 62.49637881069693
  },
  "f1_stats": {
    "shape": [
      15
    ],
    "size": 15,
    "min": 0.010724348941083761,
    "max": 480.6436555708319,
    "mean": 66.87692265909403,
    "std": 152.1491417028269
  }
}