MODEL,PRED_DOCKQ
3I38_af2m,0.8976562
3I38,0.8285381
