{
  "count": 90,
  "ids_hash": "9c53b6a9616cce25171351d8d2c266d39ea9af6c977593aa0978cbe0007ab9ae",
  "coords_hash": "5e0b56d063480a7c5b2a0248dbd44cf0f874dc475176e7a8ad3050ec89f7801f",
  "coords_stats": {
    "shape": [
      90,
      3
    ],
    "size": 270,
    "min": -33.16899871826172,
    "max": 29.415000915527344,
    "mean": 1.7947407245635987,
    "std": 20.70888113462728
  }
}