{
  "count": 67,
  "ids_hash": "c7f83124875dc1957734aadf0c1e9b9ff3d7010b1ca59fa9fb3b0d236f826a22",
  "coords_hash": "983c494aeee4046977aa18d222880318be0aeda4453e0e619e5e46b559111741",
  "coords_stats": {
    "shape": [
      67,
      3
    ],
    "size": 201,
    "min": -27.93899917602539,
    "max": 57.904998779296875,
    "mean": 8.080900481207046,
    "std": 31.808785408212877
  }
}