{
  "hash": "0e5f8af9012fa7b3d27dc2e2b68f859ff59f964c7d0a18ed95ed35ec207193df",
  "stats": {
    "shape": [
      84,
      84
    ],
    "size": 7056,
    "min": 0.0,
    "max": 15.38639864304171,
    "mean": 7.593210884946665,
    "std": 3.066572030890227
  }
}