{
  "f0_hash": "297d69aba277c7026b539b6caa55f3843dedce3886d087aa282a157809eeeaf6",
  "f1_hash": "c921d890f92b8c155a0e173c67f59ebdb197bf392b9b4e4ce8412db04231916d",
  "f0_stats": {
    "shape": [
      5
    ],
    "size": 5,
    "min": 0.6580494221023215,
    "max": 163.55720713263375,
    "mean": 34.26894554828316,
    "std": 64.65570551288083
  },
  "f1_stats": {
    "shape": [
      15
    ],
    "size": 15,
    "min": 0.0104726352367015,
    "max": 455.26060466673954,
    "mean": 64.85370468485591,
    "std": 142.14635835954127
  }
}