MODEL,PRED_DOCKQ
4DIQ,0.91745913
4DIQ_af2m,0.9119534
