MODEL,PRED_DOCKQ
3C0T_af2m,0.8986982
3C0T,0.088455684
