MODEL,PRED_DOCKQ
5EP6_af2m,0.41458827
5EP6,0.11572537
