{
  "count": 89,
  "ids_hash": "ec6c66d29dff678039631e9bef9602bfd2b8c0ca45989c246c54211573013692",
  "coords_hash": "e5c90c553f684fe6a6526dd07316d794d153536863921028a3da8da1ce0ddda4",
  "coords_stats": {
    "shape": [
      89,
      3
    ],
    "size": 267,
    "min": -29.31800079345703,
    "max": 23.920000076293945,
    "mean": 3.2979138567206565,
    "std": 19.161941082013996
  }
}