{
  "hash": "c8dc6818f5a540c947eeb70ed6797e6ede1baee34e0a90260846e3f8cd631cd2",
  "stats": {
    "shape": [
      107,
      107
    ],
    "size": 11449,
    "min": 0.0,
    "max": 15.540020662350003,
    "mean": 7.89840991543505,
    "std": 3.039703977655465
  }
}