{
  "f0_hash": "a86a3784fca146aa57596c3dcf26e0df2e8a1c8f7cb6019b371b925ef407811d",
  "f1_hash": "54e14a39c7034f40695581faf75a0773f5a00b3abf63c44816a2a5cb4a7d22bc",
  "f0_stats": {
    "shape": [
      5
    ],
    "size": 5,
    "min": 0.4535845611434137,
    "max": 162.89719871553436,
    "mean": 33.912796862209056,
    "std": 64.49952853958581
  },
  "f1_stats": {
    "shape": [
      15
    ],
    "size": 15,
    "min": 0.010544179935733311,
    "max": 518.2119739559142,
    "mean": 71.46016959366797,
    "std": 164.72836774649775
  }
}