{
  "hash": "1a0d95cb1ed395f91297976ad0f86395f8ba54726b6714f20e5b81dc86cac94d",
  "stats": {
    "shape": [
      115,
      115
    ],
    "size": 13225,
    "min": 0.0,
    "max": 15.876426691364431,
    "mean": 8.06883311074798,
    "std": 3.0651958698568778
  }
}