MODEL,PRED_DOCKQ
5X9K_af2m,0.908407
5X9K,0.88176817
