{
  "f0_hash": "dcad48f640cedd7723c671f86f6e6dd0978e946533f8e92635300e65aec4947b",
  "f1_hash": "cd102ef8d4eb090c28dfe097eafcb31eebee7a58813c587d4d2a9d52f94ee144",
  "f0_stats": {
    "shape": [
      5
    ],
    "size": 5,
    "min": 0.6163474236820001,
    "max": 103.23048374300774,
    "mean": 22.39520858198124,
    "std": 40.451037284099264
  },
  "f1_stats": {
    "shape": [
      15
    ],
    "size": 15,
    "min": 0.02199367398789498,
    "max": 198.1590528847842,
    "mean": 28.84896501984692,
    "std": 62.11130638570603
  }
}