MODEL,PRED_DOCKQ
5I3E_af2m,0.8021091
5I3E,0.00011730439
