{
  "count": 82,
  "ids_hash": "de0cf4c462571e7d7604b366716582a9a79a0c4b150f65c8f30fa04dfdd2f5d3",
  "coords_hash": "0905e9a09b3eeb05c91e9886d3467ffdea2cf185a6214b542603a26de4f25a70",
  "coords_stats": {
    "shape": [
      82,
      3
    ],
    "size": 246,
    "min": -17.07699966430664,
    "max": 10.86299991607666,
    "mean": -3.0279146211706407,
    "std": 6.5904946375375335
  }
}