{
  "hash": "2b6d6b2c583bfc7277dc8b85f6cc18431392105285adc6d3948d6044b2c0888d",
  "stats": {
    "shape": [
      78,
      78
    ],
    "size": 6084,
    "min": 0.0,
    "max": 15.612769939051187,
    "mean": 7.381836108480576,
    "std": 2.959220240990542
  }
}