MODEL,PRED_DOCKQ
2OND,0.66184705
2OND_af2m,0.6483518
