{
  "f0_hash": "42f76284712aa771466c5480a523eb88d109d29cae94c989d57c8b0196cb25c0",
  "f1_hash": "2357af89c48a2284b35691788cbf405503b683dcd128d31d15716969e9f456fd",
  "f0_stats": {
    "shape": [
      5
    ],
    "size": 5,
    "min": 0.40425442924692945,
    "max": 102.59063583405373,
    "mean": 21.76738607553546,
    "std": 40.42076850566201
  },
  "f1_stats": {
    "shape": [
      15
    ],
    "size": 15,
    "min": 0.011017370414819538,
    "max": 224.93444982416986,
    "mean": 32.15131386137353,
    "std": 71.09882954035758
  }
}