{
  "count": 148,
  "ids_hash": "c49522bdff225f06c748fb8418f65f514af24f38b71cccc09e348e6c8a5e6a11",
  "coords_hash": "5b11df584047d1a1432da653e291b1996aa6b269f88d82b9054876d1ab827a45",
  "coords_stats": {
    "shape": [
      148,
      3
    ],
    "size": 444,
    "min": -24.267000198364258,
    "max": 10.220999717712402,
    "mean": -7.479245497089987,
    "std": 9.371878138392598
  }
}