MODEL,PRED_DOCKQ
5HEC_af2m,0.1400173
5HEC,0.011058765
