{
  "count": 78,
  "ids_hash": "1396403077262a756fd10f85dd0aa56f069b1df42400d0dfb033000022c50a6c",
  "coords_hash": "178610111b24ffa8fd95c14cddbdfa19f55d9de5ec32122ed1c45b813dac4ef8",
  "coords_stats": {
    "shape": [
      78,
      3
    ],
    "size": 234,
    "min": -29.472999572753906,
    "max": 37.553001403808594,
    "mean": 0.0013888728781006276,
    "std": 23.27336500419408
  }
}