MODEL,PRED_DOCKQ
5D4V,0.7142323
5D4V_af2m,0.55138457
