{
  "f0_hash": "18eeb6628da42be8094cfdff450ebf336fbc006ae594ac89fa3805ec49cd423a",
  "f1_hash": "399301f3ae440f22efb1575e9c376991c61adbc6f5dae47ac603794c145b9e73",
  "f0_stats": {
    "shape": [
      5
    ],
    "size": 5,
    "min": 0.578730128447836,
    "max": 136.8831984048566,
    "mean": 28.777537606974125,
    "std": 54.062055894223505
  },
  "f1_stats": {
    "shape": [
      15
    ],
    "size": 15,
    "min": 0.010372152380096367,
    "max": 356.1803585302485,
    "mean": 50.23932899329427,
    "std": 113.19478955276222
  }
}