{
  "count": 85,
  "ids_hash": "521068e63a8afc76ab8cbda5c703a49b6fb03acf546b1c201f19054213a177d2",
  "coords_hash": "0533952a2092847855d45d808c1c6bcb242eb20eb93e18e80923bc5ee03280b7",
  "coords_stats": {
    "shape": [
      85,
      3
    ],
    "size": 255,
    "min": 8.560999870300293,
    "max": 53.72600173950195,
    "mean": 30.153686287823845,
    "std": 13.744014296625952
  }
}