{
  "hash": "9af5504fdea475906bae7ada654ce92f1c28dfc5c188052b5c733fdde1d46599",
  "stats": {
    "shape": [
      91,
      91
    ],
    "size": 8281,
    "min": 0.0,
    "max": 15.201803700017207,
    "mean": 7.782928492236412,
    "std": 3.0753134564430025
  }
}