{
  "count": 94,
  "ids_hash": "5027fe6fedf78c62403d63b87696a3638a885cbcb5c7103e8873a909d08e229b",
  "coords_hash": "1d7a556a0a9eb5f2f32c02e65b2be08da5e0d5da6828aed929de11381f61a32c",
  "coords_stats": {
    "shape": [
      94,
      3
    ],
    "size": 282,
    "min": 1.3660000562667847,
    "max": 35.904998779296875,
    "mean": 22.05321281936997,
    "std": 10.021962995594945
  }
}