{
  "count": 86,
  "ids_hash": "ba48745e544e0b0df907651bdf188a8368fc9a8162f11f585d6cd40b25e3a7b3",
  "coords_hash": "4bad8b99e1ee182bf63b53f666c5e88f62bcb3911bfbacc66ab4fbff97f25bc0",
  "coords_stats": {
    "shape": [
      86,
      3
    ],
    "size": 258,
    "min": -12.987000465393066,
    "max": 40.73400115966797,
    "mean": 8.527953519637501,
    "std": 19.150991355398176
  }
}