MODEL,PRED_DOCKQ
3R6A_af2m,0.8354025
3R6A,0.7737983
