{
  "f0_hash": "8bf6dbca446c734e6d4878c171c97513ac5054e831fcbdd134d7e6f53e76c045",
  "f1_hash": "62ba8d8b3e354b0cceb1e221eede19492861f3a2a251686c1e9a901889e1b3a4",
  "f0_stats": {
    "shape": [
      5
    ],
    "size": 5,
    "min": 0.5053253485899815,
    "max": 203.36483453112027,
    "mean": 42.01030045913525,
    "std": 80.68279608965216
  },
  "f1_stats": {
    "shape": [
      15
    ],
    "size": 15,
    "min": 0.010543598263303977,
    "max": 691.7912144033312,
    "mean": 94.38712497547607,
    "std": 219.24769458720823
  }
}