MODEL,PRED_DOCKQ
4DID_af2m,0.90035456
4DID,0.33862826
