{
  "f0_hash": "fee076ecdacc2daedb60cf4d7c2e52e06b76bbfe574db635c308d17ac4358adc",
  "f1_hash": "1875252ee6286d708a5ac70c6b53b1ab7defec224fa425653e1e8cacd9f9469a",
  "f0_stats": {
    "shape": [
      5
    ],
    "size": 5,
    "min": 0.4451253691887184,
    "max": 163.93973653631096,
    "mean": 34.157356445883785,
    "std": 64.89980309648905
  },
  "f1_stats": {
    "shape": [
      15
    ],
    "size": 15,
    "min": 0.010647816955630773,
    "max": 508.6863621177478,
    "mean": 69.79253703325374,
    "std": 162.71788815794352
  }
}