{
  "f0_hash": "01fb990b09b8998aa44236f15370ed9f8667f75e4b910db56c216bef94a9e514",
  "f1_hash": "be7e2526fb97df95fb6e34fce29cdd9566866860fdd2729bb9f442129e49c8d0",
  "f0_stats": {
    "shape": [
      5
    ],
    "size": 5,
    "min": 0.5041265398631471,
    "max": 167.16531052106643,
    "mean": 34.866671253516174,
    "std": 66.15900511378786
  },
  "f1_stats": {
    "shape": [
      15
    ],
    "size": 15,
    "min": 0.011683062729858307,
    "max": 512.1059346081262,
    "mean": 70.67804207062849,
    "std": 162.57356871342918
  }
}