{
  "count": 99,
  "ids_hash": "e2b8f59622f938e300b151a077659aab4d1b91a8c5ea1e14947f7275415ad519",
  "coords_hash": "0d5cb065ca38271da1cb66bfeb5a0b58587a930a4d7093d2b799799c1b38cb76",
  "coords_stats": {
    "shape": [
      99,
      3
    ],
    "size": 297,
    "min": -51.957000732421875,
    "max": 20.73699951171875,
    "mean": -11.168915776366537,
    "std": 25.500928087670818
  }
}