MODEL,PRED_DOCKQ
1MR8_af2m,0.8355305
1MR8,0.7952237
