{
  "hash": "e8332a0fc006e2f8087edb19c541115597a38aecfb0ae0c193f9f658d8b3a6c4",
  "stats": {
    "shape": [
      110,
      110
    ],
    "size": 12100,
    "min": 0.0,
    "max": 15.238449383117914,
    "mean": 8.162474162179315,
    "std": 3.086661991262969
  }
}