{
  "hash": "b843cb8699de9efa8b506fb0ef019b5554ef4051ba0876e5cbeef00f4f8e81d6",
  "stats": {
    "shape": [
      119,
      119
    ],
    "size": 14161,
    "min": 0.0,
    "max": 15.706069106919571,
    "mean": 8.090373664452498,
    "std": 3.0692616684515017
  }
}