{
  "f0_hash": "8a723400cec59f960a58e48b9ccf8e22da9c326fc9176bf3760f0d1bf72bd186",
  "f1_hash": "84396d63be6cbc4e4d689116bca00081c47f8a197c99181e7fe4db226c750c9c",
  "f0_stats": {
    "shape": [
      5
    ],
    "size": 5,
    "min": 0.4841649017444155,
    "max": 129.66480542620914,
    "mean": 27.35582986162194,
    "std": 51.16670815603901
  },
  "f1_stats": {
    "shape": [
      15
    ],
    "size": 15,
    "min": 0.010912159200447746,
    "max": 315.54912541919833,
    "mean": 44.75179048512989,
    "std": 99.80690620990238
  }
}