{
  "count": 77,
  "ids_hash": "51761e95b68ff44bf2cf21ffe1db6ffe8c383f6583aca4190d4301254f53a01d",
  "coords_hash": "955513283f1ebcf192ef438a2e9c3a8539102b4eff73b41cd43a26776428205f",
  "coords_stats": {
    "shape": [
      77,
      3
    ],
    "size": 231,
    "min": -2.0269999504089355,
    "max": 86.4229965209961,
    "mean": 34.026341818595604,
    "std": 32.83335870847413
  }
}