MODEL,PRED_DOCKQ
3WAE_af2m,0.8545077
3WAE,0.0053711873
