MODEL,PRED_DOCKQ
5JQY_af2m,0.69791055
5JQY,0.02959052
