{
  "count": 150,
  "ids_hash": "d19fb3a98e0cf6566d7982bd3b18dfa0ac558130eab64f80a4f0122df0079f26",
  "coords_hash": "f124c7a1908ab763fbe822d6413b54814fc17a7aa750d257580e763f679dbbc7",
  "coords_stats": {
    "shape": [
      150,
      3
    ],
    "size": 450,
    "min": -16.1200008392334,
    "max": 13.815999984741211,
    "mean": -3.236524462103844,
    "std": 8.368419272272847
  }
}