{
  "hash": "4621ba4c52448d642363b07ce49695c7264d83a30c9458e6e776e32e5b42ac09",
  "stats": {
    "shape": [
      93,
      93
    ],
    "size": 8649,
    "min": 0.0,
    "max": 15.548452894155835,
    "mean": 7.794098512770895,
    "std": 3.1479821947418474
  }
}