MODEL,PRED_DOCKQ
3TLA,0.8869016
3TLA_af2m,0.87808484
