{
  "count": 73,
  "ids_hash": "9237cc91b93e94e8ee496d327312b8b43edc1a5d5cc0a1d1a6211ff77bc7b6e3",
  "coords_hash": "0956fc2b2473b72648bde5622ed50d3647981432d37106a19310b56f5e27341d",
  "coords_stats": {
    "shape": [
      73,
      3
    ],
    "size": 219,
    "min": -11.812000274658203,
    "max": 20.975000381469727,
    "mean": 3.986488597663162,
    "std": 8.551717231732566
  }
}