{
  "hash": "7422d3ef22d1466621b8b67c31d43d54e0e1e79df99032f422db51381709967e",
  "stats": {
    "shape": [
      89,
      89
    ],
    "size": 7921,
    "min": 0.0,
    "max": 15.487731476986527,
    "mean": 7.705750895811075,
    "std": 3.05810207693333
  }
}