{
  "count": 74,
  "ids_hash": "1efca7300464492564d32befca564cda790e186f0bd32bc32c6a2497445703e8",
  "coords_hash": "f447f47726a80e9a60c859e746b9100f29b4f7c41baeebb78c4c7983c3108059",
  "coords_stats": {
    "shape": [
      74,
      3
    ],
    "size": 222,
    "min": -21.94300079345703,
    "max": 34.358001708984375,
    "mean": 11.06254960180403,
    "std": 18.894704952218774
  }
}