{
  "f0_hash": "00ac8069540112c97766fcd1993b8be3440a78b9fd8bdf0426a9e45c8cb4a3ed",
  "f1_hash": "84a6c8a1ed140113b916b9eceab8e95071f3fa5eeaca305b7e2e6c53b3992de2",
  "f0_stats": {
    "shape": [
      5
    ],
    "size": 5,
    "min": 0.3314295002872987,
    "max": 176.34912490703664,
    "mean": 36.31771576695793,
    "std": 70.0217222300192
  },
  "f1_stats": {
    "shape": [
      15
    ],
    "size": 15,
    "min": 0.01010107998215748,
    "max": 488.1181559435093,
    "mean": 67.66133008513684,
    "std": 155.12112938745554
  }
}