{
  "count": 88,
  "ids_hash": "72cd0f63967f6f327e1aa5e4f516502a68b4d851e29415bcb5add54a0c07871c",
  "coords_hash": "27fca062ae07b267bc3df98649a9fd5b80c140e9d9303d358a5dbc3726567539",
  "coords_stats": {
    "shape": [
      88,
      3
    ],
    "size": 264,
    "min": -26.496999740600586,
    "max": 8.164999961853027,
    "mean": -12.545939365546502,
    "std": 9.442495875882978
  }
}