MODEL,PRED_DOCKQ
6EIM_af2m,0.33495495
6EIM,0.11312654
