{
  "f0_hash": "13046dbe99ea3c5ac61b949c6d40a3dddd59e82519e816ee05fb83bca233c6ea",
  "f1_hash": "4576d3ee0785c6c2d5890ad37f9785085cb51f0c4e75ae45007846a8f9e3e588",
  "f0_stats": {
    "shape": [
      5
    ],
    "size": 5,
    "min": 0.3301986922474828,
    "max": 56.26180873982413,
    "mean": 12.423660558916776,
    "std": 21.933531788174243
  },
  "f1_stats": {
    "shape": [
      15
    ],
    "size": 15,
    "min": 0.014411200993331708,
    "max": 58.69522240870395,
    "mean": 9.246797943827989,
    "std": 18.34877205666872
  }
}