MODEL,PRED_DOCKQ
6CUJ_af2m,0.2086848
6CUJ,0.001588554
