MODEL,PRED_DOCKQ
3RMH_af2m,0.92592406
3RMH,0.033774804
