MODEL,PRED_DOCKQ
4EOZ,0.86654556
4EOZ_af2m,0.7734623
