MODEL,PRED_DOCKQ
5IMT_af2m,0.70898753
5IMT,7.3962736e-05
