MODEL,PRED_DOCKQ
3IP3,0.86062586
3IP3_af2m,0.74069774
