{
  "hash": "8f6bc85fc88942c071e352c99a0c4221dbc57df33ad64f769f07804e864e2cb6",
  "stats": {
    "shape": [
      112,
      112
    ],
    "size": 12544,
    "min": 0.0,
    "max": 15.406220040140926,
    "mean": 8.002493971843606,
    "std": 3.0658009842235368
  }
}