{
  "f0_hash": "1148e331bd18749520e6bd99641961d8fe3525ddb7c5dc2181a9caa7b972916a",
  "f1_hash": "2f60295b9ccf773d97d5f4e1e7f9cf32f6f31db4e7a1b3811a5adaef93a734ab",
  "f0_stats": {
    "shape": [
      5
    ],
    "size": 5,
    "min": 0.2697721937415571,
    "max": 141.35517983571881,
    "mean": 29.416181203586422,
    "std": 55.97638307735248
  },
  "f1_stats": {
    "shape": [
      15
    ],
    "size": 15,
    "min": 0.015343902007564303,
    "max": 319.4214086344891,
    "mean": 45.01158489147496,
    "std": 100.38949320734861
  }
}