{
  "hash": "3614eff542ee5f9f430fc6daea9150956e92aa09ef2adc1d38028846420e0594",
  "stats": {
    "shape": [
      98,
      98
    ],
    "size": 9604,
    "min": 0.0,
    "max": 15.53810238165926,
    "mean": 7.846017391190538,
    "std": 3.0521351519985473
  }
}