{
  "hash": "1738917926948eaf03d34dd11c9362ed6defcfd35bfe8c0d8860f9bf90b606e7",
  "stats": {
    "shape": [
      60,
      60
    ],
    "size": 3600,
    "min": 0.0,
    "max": 15.51558259956903,
    "mean": 7.32481717978054,
    "std": 3.222413425601135
  }
}