{
  "hash": "fa5020b24e025dcabb498f7eb98417d4ee9b85b64175380dff14c432c4bcaaa9",
  "stats": {
    "shape": [
      95,
      95
    ],
    "size": 9025,
    "min": 0.0,
    "max": 15.312954295970139,
    "mean": 7.742002851270549,
    "std": 3.041914648982644
  }
}