{
  "f0_hash": "2994bdb9a6b1cee145887f2079da0b78adb6a66ed2a6d44a7362e16f1c63d466",
  "f1_hash": "a9f0e32d5e21b882fd7e0effa4438ecd2b1d89d0da004b03c4aca3d2f217180f",
  "f0_stats": {
    "shape": [
      5
    ],
    "size": 5,
    "min": 0.5042522373385171,
    "max": 177.2359733200092,
    "mean": 36.89873219439252,
    "std": 70.17825007249152
  },
  "f1_stats": {
    "shape": [
      15
    ],
    "size": 15,
    "min": 0.010256023772002187,
    "max": 591.8462026718872,
    "mean": 81.12974165204629,
    "std": 188.69739246439246
  }
}