{
  "hash": "e79a56e47b1c074f25bd308b4c00554bc6f0135fc87a853b28a1323963b0c329",
  "stats": {
    "shape": [
      69,
      69
    ],
    "size": 4761,
    "min": 0.0,
    "max": 14.9919719252643,
    "mean": 7.015268194641599,
    "std": 2.8948495980928106
  }
}