{
  "count": 88,
  "ids_hash": "fd2d64bfc58106a157fa7bdaa13f46f56cf9587ca9a586acf4913f2ad2aca460",
  "coords_hash": "a6ea02f915041bd2cd2b273d82127370de03cc1e95d2864f3fa5af2131059697",
  "coords_stats": {
    "shape": [
      88,
      3
    ],
    "size": 264,
    "min": -20.093000411987305,
    "max": 29.170000076293945,
    "mean": -1.0447386611591687,
    "std": 16.67865787699584
  }
}