{
  "f0_hash": "e82d5de33092e899cc02540f0314def83162d2fffdb89adb2e5315ba7cd2485d",
  "f1_hash": "67bbd2951473fc67528502c3393eb668754a158db2cab11f18693d01201e5fde",
  "f0_stats": {
    "shape": [
      5
    ],
    "size": 5,
    "min": 0.6216548790504784,
    "max": 152.50951900039078,
    "mean": 32.05580937043716,
    "std": 60.24018698445674
  },
  "f1_stats": {
    "shape": [
      15
    ],
    "size": 15,
    "min": 0.010255120230477033,
    "max": 518.7433124124806,
    "mean": 72.04795356602533,
    "std": 165.9088659719346
  }
}