MODEL,PRED_DOCKQ
5CJ1_af2m,0.83014023
5CJ1,0.6981052
