{
  "hash": "04c8a04755adb5c253811aa7fd0d97b0665c35f0c1668e39d4e6eed019475f6f",
  "stats": {
    "shape": [
      88,
      88
    ],
    "size": 7744,
    "min": 0.0,
    "max": 14.78104206308204,
    "mean": 7.266969092481259,
    "std": 2.8693120057041455
  }
}