{
  "f0_hash": "2686fc3368b909d31dafe24a2b8b22fb8b587511906c4074a17d299079d31fc3",
  "f1_hash": "271902985204299303d5c3b4013c0538002ed731d6b88bbddee35e4b2a54cc95",
  "f0_stats": {
    "shape": [
      5
    ],
    "size": 5,
    "min": 0.4903207355258162,
    "max": 171.91798264701714,
    "mean": 35.79000969112666,
    "std": 68.07272838198658
  },
  "f1_stats": {
    "shape": [
      15
    ],
    "size": 15,
    "min": 0.010969110615585809,
    "max": 459.13644359579797,
    "mean": 63.84779811381051,
    "std": 145.7348009632342
  }
}