{
  "f0_hash": "dd08b49fcf60edd6f3c177bd31639695901f130acb0d5206b343eea5fe34edc7",
  "f1_hash": "6b8aa2e01c2bcdf470b919e2265efc162c2727041e6e8a25a6332234128df85c",
  "f0_stats": {
    "shape": [
      5
    ],
    "size": 5,
    "min": 0.46971370835930093,
    "max": 151.41611320132145,
    "mean": 31.731020113345096,
    "std": 59.85456088172171
  },
  "f1_stats": {
    "shape": [
      15
    ],
    "size": 15,
    "min": 0.010959427725012905,
    "max": 394.50316490234576,
    "mean": 55.29829914133901,
    "std": 124.69803980169468
  }
}