{
  "count": 125,
  "ids_hash": "6f1599cfbeb267aa3f3fef445d42959c99d2373e72b54068490e0022f7f81c44",
  "coords_hash": "25e2cd10976aa25a422a88f75641117076567a20e791fdb26690923d850a9fc8",
  "coords_stats": {
    "shape": [
      125,
      3
    ],
    "size": 375,
    "min": -30.323999404907227,
    "max": 33.9640007019043,
    "mean": 6.644506657918294,
    "std": 21.87419225588735
  }
}