{
  "count": 93,
  "ids_hash": "0c886b31eff4a0838fd7aaa9e4494676678a2fa8d183678979be6b0124abcd78",
  "coords_hash": "d52df92cde2233110295211ecbb9b905d4276c07a3c7d9968db9da4f72d12ca9",
  "coords_stats": {
    "shape": [
      93,
      3
    ],
    "size": 279,
    "min": 15.937999725341797,
    "max": 59.19900131225586,
    "mean": 35.05706811036688,
    "std": 13.072311298775512
  }
}