{
  "f0_hash": "a02d94a73c46364aea2990f581843d72b56c767afa90166f8cfa3582ed6f127c",
  "f1_hash": "d68af7718c15e868e0694e547628034d934c3bbc61231ccf1305d8ce679ca4b2",
  "f0_stats": {
    "shape": [
      5
    ],
    "size": 5,
    "min": 0.558453245758768,
    "max": 154.65013142629405,
    "mean": 32.382909617585284,
    "std": 61.14360645850608
  },
  "f1_stats": {
    "shape": [
      15
    ],
    "size": 15,
    "min": 0.011529122761105626,
    "max": 427.9765032749551,
    "mean": 59.533638025942494,
    "std": 135.79475067818265
  }
}