MODEL,PRED_DOCKQ
1NBW_af2m,0.8169689
1NBW,0.000470664
