{
  "f0_hash": "49cab042629312d62da027c32d480e5d0b51e4f52c4aff4e92cfe89a701cc3f5",
  "f1_hash": "f81ec88855c4303d35c0f7b76d40297bc5ce784fcd83e64a056e75cd36b003c1",
  "f0_stats": {
    "shape": [
      5
    ],
    "size": 5,
    "min": 0.3520594294984182,
    "max": 139.72024194379964,
    "mean": 29.349176598769056,
    "std": 55.19864740890366
  },
  "f1_stats": {
    "shape": [
      15
    ],
    "size": 15,
    "min": 0.010285417315722967,
    "max": 343.84567240978544,
    "mean": 49.11724642258472,
    "std": 108.03333761995856
  }
}