{
  "f0_hash": "4025183eff58f4999fbd308e47e171213fe26c8180dbf17ef3072e67211116d3",
  "f1_hash": "a6a2a36707f30064b366e7f7f9a0cc68bc3a7be6d2c2a7f4cc6499d5bab572e6",
  "f0_stats": {
    "shape": [
      5
    ],
    "size": 5,
    "min": 0.6416131853211002,
    "max": 135.37356516671534,
    "mean": 28.7839936999124,
    "std": 53.31686806193086
  },
  "f1_stats": {
    "shape": [
      15
    ],
    "size": 15,
    "min": 0.011862325844665733,
    "max": 414.89151823527305,
    "mean": 58.97300756758485,
    "std": 132.4349485901808
  }
}