{
  "count": 95,
  "ids_hash": "f29bf2808e3fb2117253a0ff7755617a38affa6c839252c42b5a9222c367338c",
  "coords_hash": "90a5ba2836bd82de5c8cd03593899dffe3ed8059186c6fa4dd0bc85047307b71",
  "coords_stats": {
    "shape": [
      95,
      3
    ],
    "size": 285,
    "min": -43.88100051879883,
    "max": 50.2400016784668,
    "mean": -0.13722111729153416,
    "std": 33.76282522552598
  }
}