MODEL,PRED_DOCKQ
4US5,0.8489975
4US5_af2m,0.83409625
