{
  "f0_hash": "e8ccd50e8a6caa68d01412fe39a2475a2161ff1fe81dec3b55b1b360fec8db4e",
  "f1_hash": "b9e26fb799051ff0864697c86e35012e3b853ec400e8cbbec74cd1007637596f",
  "f0_stats": {
    "shape": [
      5
    ],
    "size": 5,
    "min": 0.5852663354207716,
    "max": 156.18828506332687,
    "mean": 32.6915058155363,
    "std": 61.758404319311595
  },
  "f1_stats": {
    "shape": [
      15
    ],
    "size": 15,
    "min": 0.010898072245461243,
    "max": 418.01492720187167,
    "mean": 58.217073492094336,
    "std": 131.8239139277382
  }
}