{
  "hash": "d258ec504f597dbec8d8f4b195cb6525b52caa009a1b3509bf18c53842652561",
  "stats": {
    "shape": [
      117,
      117
    ],
    "size": 13689,
    "min": 0.0,
    "max": 15.612247422680404,
    "mean": 8.195303609882988,
    "std": 3.121367263299994
  }
}