{
  "f0_hash": "7d3140d612484d2129f46c88eb9db7bc42a18d8a7922e3491d7f6bcc43dd6b18",
  "f1_hash": "f5c6e0136a8aef6f67b103ba34dc9b18a37f4aba498b227d4387ca266080deab",
  "f0_stats": {
    "shape": [
      5
    ],
    "size": 5,
    "min": 0.28527077372032167,
    "max": 172.0868731487728,
    "mean": 35.60351476405878,
    "std": 68.24731872097415
  },
  "f1_stats": {
    "shape": [
      15
    ],
    "size": 15,
    "min": 0.010724122504205624,
    "max": 466.1892113162298,
    "mean": 64.69529675948989,
    "std": 148.05462572489364
  }
}