MODEL,PRED_DOCKQ
2P3Y_af2m,0.8364007
2P3Y,0.82048583
