{
  "count": 113,
  "ids_hash": "a4d1273abbb95b3b4f29b8f52664447110a7e3802cfe0b09c48ff8990c2e9b76",
  "coords_hash": "208f9bf06315c1221e73dd0c070c777e6b04786b5f8780d5397b929faa429c34",
  "coords_stats": {
    "shape": [
      113,
      3
    ],
    "size": 339,
    "min": -40.03499984741211,
    "max": 31.996999740600586,
    "mean": 3.939710937770067,
    "std": 27.634329189567374
  }
}