{
  "hash": "9fdbb0d51da9544f6fe3d01d430219ee59df60777121fa5e1cd910131b6e5830",
  "stats": {
    "shape": [
      76,
      76
    ],
    "size": 5776,
    "min": 0.0,
    "max": 15.456651945595977,
    "mean": 7.600983576024368,
    "std": 3.1491749916659537
  }
}