{
  "f0_hash": "9f0b21d6e6a5ec90bbde387d4387e97b51bedc6c3a42f21990418b02f0ccf4f2",
  "f1_hash": "d7254383dda802a349482e9495e8daef8b3a3b9025f7151f5476e8c94180e582",
  "f0_stats": {
    "shape": [
      5
    ],
    "size": 5,
    "min": 0.3668047033063879,
    "max": 99.67751094276277,
    "mean": 21.262766806674946,
    "std": 39.22355809840968
  },
  "f1_stats": {
    "shape": [
      15
    ],
    "size": 15,
    "min": 0.01135671008413297,
    "max": 219.48994219333466,
    "mean": 31.204547682407767,
    "std": 70.00306948021479
  }
}