MODEL,PRED_DOCKQ
4D79_af2m,0.8546014
4D79,0.8543891
