MODEL,PRED_DOCKQ
5UE1_af2m,0.9267178
5UE1,0.90737593
