{
  "f0_hash": "8dff808a1a8685a22cd1d6da7e0bb9d5cc163563fb5a6fb2bd99916f4b930119",
  "f1_hash": "7ad141678bae5df2619eac92ecaf0e4a43bd04684ac495405a1243db0339e83e",
  "f0_stats": {
    "shape": [
      5
    ],
    "size": 5,
    "min": 0.595999631130299,
    "max": 130.8674878002023,
    "mean": 27.757048281069405,
    "std": 51.57214420306474
  },
  "f1_stats": {
    "shape": [
      15
    ],
    "size": 15,
    "min": 0.012560211173650693,
    "max": 364.0674436636409,
    "mean": 51.27037027330736,
    "std": 116.60175631512588
  }
}