MODEL,PRED_DOCKQ
3A2F_af2m,0.10411263
3A2F,0.012244534
