{
  "hash": "e1c2d3743322d06902b170145a6ed7ab7f0e3c3e34a24277d2b1e696c45981e9",
  "stats": {
    "shape": [
      103,
      103
    ],
    "size": 10609,
    "min": 0.0,
    "max": 15.7656059882747,
    "mean": 7.757253501139711,
    "std": 3.054840557692554
  }
}