{
  "hash": "52789a30eae233dffda1eaf23fca1e5e544f59c89be283dae28074569e72c1cc",
  "stats": {
    "shape": [
      111,
      111
    ],
    "size": 12321,
    "min": 0.0,
    "max": 15.410260435443723,
    "mean": 7.96566945748042,
    "std": 3.0284467927413976
  }
}