MODEL,PRED_DOCKQ
1OC2,0.8122475
1OC2_af2m,0.7614531
