MODEL,PRED_DOCKQ
5ABV_af2m,0.8958131
5ABV,0.86289304
