{
  "count": 73,
  "ids_hash": "ac155168eb9166dffb1fcce6e97401dbecd7ec6a3136928e911cf12ccd7daeca",
  "coords_hash": "4e944cf8dcbe6e8f69831cf59d8b6738560242c04bbe7cc698973069275b2858",
  "coords_stats": {
    "shape": [
      73,
      3
    ],
    "size": 219,
    "min": 11.670999526977539,
    "max": 49.93899917602539,
    "mean": 31.949840158088023,
    "std": 10.472022369875791
  }
}