MODEL,PRED_DOCKQ
4ML9,0.89831495
4ML9_af2m,0.8455529
