{
  "count": 110,
  "ids_hash": "4e3ee6e436f8237060db5cbcd312de8041afc90323af7782451540775030c5e4",
  "coords_hash": "2afddfcf34b31dc6c05f6590ab973963d93d00c09603a2bae2cc72826c82a083",
  "coords_stats": {
    "shape": [
      110,
      3
    ],
    "size": 330,
    "min": 8.501999855041504,
    "max": 101.51899719238281,
    "mean": 45.263875753229314,
    "std": 35.05101977401113
  }
}