{
  "hash": "11769ed8719d2d663c172fd8c42e8dbbfc0c954f25c7360c3985a049569963c8",
  "stats": {
    "shape": [
      97,
      97
    ],
    "size": 9409,
    "min": 0.0,
    "max": 15.141893238254594,
    "mean": 8.09259587051447,
    "std": 3.137226991736934
  }
}