{
  "f0_hash": "c31dbc7f3a6e05958e644d927725c812750bc75966c7c2a4232906d4ebc463c1",
  "f1_hash": "e9b375baad97b524f79012d49113302f76b2d85b052c253ddae17d99a56fdb5b",
  "f0_stats": {
    "shape": [
      5
    ],
    "size": 5,
    "min": 0.39483862599239017,
    "max": 101.25498511094456,
    "mean": 21.480893570471718,
    "std": 39.89591527037102
  },
  "f1_stats": {
    "shape": [
      15
    ],
    "size": 15,
    "min": 0.01106070313317753,
    "max": 286.4533559400685,
    "mean": 41.08520119354143,
    "std": 91.6649170493073
  }
}