MODEL,PRED_DOCKQ
5AJS_af2m,0.7701723
5AJS,0.39316595
