{
  "f0_hash": "bb89c9cf9bd5611d710a52851127abd702ed3f3e7514b562f7e3a4d073d89215",
  "f1_hash": "9d2efabaf9fdd90d68379574c1e42891a13eb2de6dff125ac3677a211b413845",
  "f0_stats": {
    "shape": [
      5
    ],
    "size": 5,
    "min": 0.5067800549491086,
    "max": 168.89321543599036,
    "mean": 35.22857798604757,
    "std": 66.84221955144528
  },
  "f1_stats": {
    "shape": [
      15
    ],
    "size": 15,
    "min": 0.01011143571191453,
    "max": 522.921067386819,
    "mean": 72.51202231559735,
    "std": 165.72990749189154
  }
}