{
  "count": 95,
  "ids_hash": "f09f20f81d2b735bb52d90291d2b16a44eeb5e2173cbac1cb9b483fde8627747",
  "coords_hash": "b09b05f3b9026a6ae03f5855776c8c1d70606842278c02042e62ef9fa3f4d783",
  "coords_stats": {
    "shape": [
      95,
      3
    ],
    "size": 285,
    "min": -15.685999870300293,
    "max": 40.4010009765625,
    "mean": 12.740108816247238,
    "std": 17.758239552577805
  }
}