MODEL,PRED_DOCKQ
4E0E,0.59692514
4E0E_af2m,0.48063588
