{
  "hash": "c0dc63e522594d291ee700832cf5ab63ac80eae6d30724cd512bd29574a03cc7",
  "stats": {
    "shape": [
      116,
      116
    ],
    "size": 13456,
    "min": 0.0,
    "max": 15.574256206595939,
    "mean": 8.145056433910316,
    "std": 3.065551165420619
  }
}