{
  "f0_hash": "67c0b3d50e6e70715c936c71156af40217f0fb51edeb800c8d3b1a944614d3bc",
  "f1_hash": "b6650eb7d5dafe372f334e776e2fa023bc34ee6b06b152478bf920a1db91fe01",
  "f0_stats": {
    "shape": [
      5
    ],
    "size": 5,
    "min": 0.5876996130823788,
    "max": 137.75944427677416,
    "mean": 29.067938402385444,
    "std": 54.35920104328238
  },
  "f1_stats": {
    "shape": [
      15
    ],
    "size": 15,
    "min": 0.012147404540188145,
    "max": 389.2975268196467,
    "mean": 54.94308673303239,
    "std": 123.14701539109856
  }
}