{
  "f0_hash": "d68237117078af48d8d7e66ce0920cc48c2daf8859a5dfcf2c5d7eb7cd096ac8",
  "f1_hash": "0314cb3eff203ea3e230849827294c09e6a11ac82ff5622bbda7d8d46c5c85ab",
  "f0_stats": {
    "shape": [
      5
    ],
    "size": 5,
    "min": 0.5873041592173277,
    "max": 128.02260271832608,
    "mean": 27.062594653501144,
    "std": 50.492516063542304
  },
  "f1_stats": {
    "shape": [
      15
    ],
    "size": 15,
    "min": 0.010573293677478723,
    "max": 369.15632237344266,
    "mean": 51.66726279695889,
    "std": 117.28150691375835
  }
}