{
  "count": 49,
  "ids_hash": "353d575fc87c788277ecf251dd082c64e64659de0c3050ae6b47b24918d777bf",
  "coords_hash": "4efd40a0d60310f84376de6ddd875b187fbbe224f78ad418a1194f3b97953b0b",
  "coords_stats": {
    "shape": [
      49,
      3
    ],
    "size": 147,
    "min": -29.24799919128418,
    "max": 17.416000366210938,
    "mean": -3.139945570962364,
    "std": 15.221140276053298
  }
}