{
  "hash": "97920fa963a2a5f9fad717a487a529ad4aaa1dddacb9d475b6f24007aa506826",
  "stats": {
    "shape": [
      76,
      76
    ],
    "size": 5776,
    "min": 0.0,
    "max": 15.595024913807944,
    "mean": 7.120774633324751,
    "std": 2.8892648626232065
  }
}