MODEL,PRED_DOCKQ
2NS1_af2m,0.8734916
2NS1,0.107465036
