MODEL,PRED_DOCKQ
2GU9_af2m,0.88575494
2GU9,0.79017377
