{
  "count": 110,
  "ids_hash": "df58e8ada334de96cb435ca9ae315f94bfa99244488de876919e1135ab21e772",
  "coords_hash": "8400a7a9047d718ab8d22a5ad3298dbbdcfb59ad24e08cc80a2b88e94ea014b9",
  "coords_stats": {
    "shape": [
      110,
      3
    ],
    "size": 330,
    "min": -5.855999946594238,
    "max": 94.87899780273438,
    "mean": 30.105000021884386,
    "std": 41.11462560559779
  }
}