{
  "hash": "7fab8846562784fbd06a8b0b0d61413f555910757aa7671cec8e1bce6f5f19ce",
  "stats": {
    "shape": [
      39,
      39
    ],
    "size": 1521,
    "min": 0.0,
    "max": 11.883654765558571,
    "mean": 5.465893569863108,
    "std": 2.3781329170944896
  }
}