MODEL,PRED_DOCKQ
2X4D_af2m,0.90249985
2X4D,0.8916418
