{
  "f0_hash": "f93cb3f8769a472c1ddad27ddbb7b57d73773b2032b1b019a66c8186b3021656",
  "f1_hash": "47affe6f70fc916cf79bcbddf6b4724c3f00b3bc93a3ca4f4bd39377cf7854ee",
  "f0_stats": {
    "shape": [
      5
    ],
    "size": 5,
    "min": 0.5579784410798883,
    "max": 122.04618895439815,
    "mean": 26.07474062342728,
    "std": 48.010990800545066
  },
  "f1_stats": {
    "shape": [
      15
    ],
    "size": 15,
    "min": 0.010076820705986478,
    "max": 291.6157580935183,
    "mean": 41.584940405255104,
    "std": 93.2953101928711
  }
}