{
  "f0_hash": "609a8eefe537e1adc5317bede45a0f13fcc5dcc34efd48e624979a4550ca8b4b",
  "f1_hash": "05974df5da5df0d909d508d474aad179e358bf20bb9c025baa8c836e1ee92f4a",
  "f0_stats": {
    "shape": [
      5
    ],
    "size": 5,
    "min": 0.6062681624988079,
    "max": 127.90131819463788,
    "mean": 26.9799809941807,
    "std": 50.469812667533944
  },
  "f1_stats": {
    "shape": [
      15
    ],
    "size": 15,
    "min": 0.010276346575627926,
    "max": 410.69119023025326,
    "mean": 57.24815663307504,
    "std": 131.90005110636247
  }
}