{
  "count": 62,
  "ids_hash": "fb5d675d519a1fa374e5e25cffaba54f31808e574aca4c2f7d7bb8ed774fc211",
  "coords_hash": "c675a315a7fd0e01e97568d82d14c0e177f56574b4c06fd77d2f64a00505244d",
  "coords_stats": {
    "shape": [
      62,
      3
    ],
    "size": 186,
    "min": -0.1379999965429306,
    "max": 98.35900115966797,
    "mean": 43.167521625276535,
    "std": 37.68885994127387
  }
}