{
  "hash": "c250b4a832be05330adad70a1ffcbb669007c40b9050b5575bc2ec0a947aaf66",
  "stats": {
    "shape": [
      109,
      109
    ],
    "size": 11881,
    "min": 0.0,
    "max": 15.740680307008972,
    "mean": 7.870302024489034,
    "std": 3.0041470016811633
  }
}