{
  "count": 107,
  "ids_hash": "b8fda9fb33afce31f8661bfa5fce4cf5a86b5c8479739486fac6e6eff0c4f32f",
  "coords_hash": "d9775ec9162e49195df9bba2c5ad216ad922fa5abe9c52ff7bd23a2b879ab90e",
  "coords_stats": {
    "shape": [
      107,
      3
    ],
    "size": 321,
    "min": -38.78099822998047,
    "max": 37.895999908447266,
    "mean": -0.03604674307234887,
    "std": 25.867491728827616
  }
}