{
  "hash": "7bf1138a877e5dd7fdd37d68d759aec340119b9ef49b337681f8a618f118366f",
  "stats": {
    "shape": [
      95,
      95
    ],
    "size": 9025,
    "min": 0.0,
    "max": 15.64896164671392,
    "mean": 7.839821381211159,
    "std": 3.159926771718794
  }
}