{
  "f0_hash": "a7f171dc56f3a9ebcdf7a02853d991d4b6af1592aa5bfa4103d103b74ea1d84d",
  "f1_hash": "1e32aa055e176f92ea5ed90237e7f62062a978682a65f3c97b5b6f47ba82cbad",
  "f0_stats": {
    "shape": [
      5
    ],
    "size": 5,
    "min": 0.9927176944258412,
    "max": 107.86224121982109,
    "mean": 23.510521646846296,
    "std": 42.20838343585004
  },
  "f1_stats": {
    "shape": [
      15
    ],
    "size": 15,
    "min": 0.010472771607000553,
    "max": 369.17735596913656,
    "mean": 53.90010360362126,
    "std": 118.7820757336313
  }
}