{
  "f0_hash": "1914eba51bd5ef10f08c9714fb864226aae9902dcd06fa41797e4ea6ce2cd5ed",
  "f1_hash": "11088efd21d151885346e848be4ce27006f3f010de9bc485586e6c28abc619d6",
  "f0_stats": {
    "shape": [
      5
    ],
    "size": 5,
    "min": 0.5028336070319863,
    "max": 139.69051196250217,
    "mean": 29.32603223429072,
    "std": 55.19206368822803
  },
  "f1_stats": {
    "shape": [
      15
    ],
    "size": 15,
    "min": 0.010092551301508212,
    "max": 353.93065741946543,
    "mean": 49.688140769101686,
    "std": 112.47421499020535
  }
}