{
  "count": 59,
  "ids_hash": "ce936061a2548a431ecd17e5f1c22d5d4670641c3510f3d65a576804c70c16e2",
  "coords_hash": "3e3c3585a966a39bba683c86d7675894bfa3dcb3019749df7162d814757ab7ef",
  "coords_stats": {
    "shape": [
      59,
      3
    ],
    "size": 177,
    "min": -34.665000915527344,
    "max": 84.0989990234375,
    "mean": 12.365073509808987,
    "std": 47.07087362936526
  }
}