MODEL,PRED_DOCKQ
6DLO_af2m,0.09707865
6DLO,2.1399615e-05
