{
  "hash": "055702b9faa0ef7311142c41b888107c0b3e7e009a8475f56466015907d3897a",
  "stats": {
    "shape": [
      98,
      98
    ],
    "size": 9604,
    "min": 0.0,
    "max": 15.43467980957491,
    "mean": 8.053077818680585,
    "std": 3.0962453576680473
  }
}