{
  "f0_hash": "72b101d95bb77476efca9e035a49a8e604a82a9532eb35c44f88830124bfcb49",
  "f1_hash": "df3214d1bf48e1da80ba9502916447d4d595c01707d214353ae456f88b0703e9",
  "f0_stats": {
    "shape": [
      5
    ],
    "size": 5,
    "min": 0.6113184377085281,
    "max": 157.20847177801784,
    "mean": 32.87255400167933,
    "std": 62.177257347995905
  },
  "f1_stats": {
    "shape": [
      15
    ],
    "size": 15,
    "min": 0.01191474140014348,
    "max": 451.22273535222774,
    "mean": 62.27957742215385,
    "std": 142.7179795355521
  }
}