MODEL,PRED_DOCKQ
2P8Q_af2m,0.78936255
2P8Q,0.02890856
