MODEL,PRED_DOCKQ
2F4M,0.82596356
2F4M_af2m,0.80128604
