{
  "hash": "4c800d56923eff1b3ea913ecdaae6c491c7ea0c11e9aced040b95b7cd9312ade",
  "stats": {
    "shape": [
      103,
      103
    ],
    "size": 10609,
    "min": 0.0,
    "max": 15.765788357529708,
    "mean": 7.757237831251391,
    "std": 3.0548424636547167
  }
}