MODEL,PRED_DOCKQ
5U5N_af2m,0.79921275
5U5N,0.74859023
