{
  "hash": "146e75f9fcbfdbafd8cf599eef51e3fb6c8422e9a5e83e89630b2b3ea7e5073d",
  "stats": {
    "shape": [
      90,
      90
    ],
    "size": 8100,
    "min": 0.0,
    "max": 15.242976908134997,
    "mean": 7.532967611124673,
    "std": 3.0026512142010637
  }
}