{
  "hash": "0b5a10fc2dea1e623f4f7aade7ef3ef790252f961123829940b4076dce98aa5f",
  "stats": {
    "shape": [
      62,
      62
    ],
    "size": 3844,
    "min": 0.0,
    "max": 14.489924930889453,
    "mean": 6.494990720201468,
    "std": 2.681667250963042
  }
}