{
  "hash": "16149804d29491847fb62ae563ca5b8ed733d35775a69280441c49ca534473bf",
  "stats": {
    "shape": [
      81,
      81
    ],
    "size": 6561,
    "min": 0.0,
    "max": 14.94477120628391,
    "mean": 7.315258567722725,
    "std": 2.9887628829308817
  }
}