{
  "count": 108,
  "ids_hash": "21c9da2cd1394bd3c8c20a47cf6b9f95777510159d6f5584ce3c8e3635d229bd",
  "coords_hash": "ae458e5fca1ae6cd1ec935aca154e36800d144348bc130025f81a39b156b268d",
  "coords_stats": {
    "shape": [
      108,
      3
    ],
    "size": 324,
    "min": 4.109000205993652,
    "max": 28.054000854492188,
    "mean": 15.387820995884177,
    "std": 5.502048064229247
  }
}