{
  "f0_hash": "6fd5eafcc60f9bfb17b3712d19698d8c6db0b56acd3e42181ca7a647932589d7",
  "f1_hash": "3a06a63d8077d9c3e8c95e68620e2f350d46b14825b3f071821d3a8eb809db74",
  "f0_stats": {
    "shape": [
      5
    ],
    "size": 5,
    "min": 0.5257984431629164,
    "max": 153.092284877716,
    "mean": 32.13446093352737,
    "std": 60.49188573948099
  },
  "f1_stats": {
    "shape": [
      15
    ],
    "size": 15,
    "min": 0.011012948693316149,
    "max": 476.48769183823924,
    "mean": 66.80554645508985,
    "std": 151.65990861703443
  }
}