{
  "f0_hash": "1b3917ed6e461469ebb1c0bfa745afcc3fd7c3a177b2a73f10d0fff6b94495e1",
  "f1_hash": "3c260033f9c45cdfba2efaf811e2ec28bd8d56cf3df7e1c14de52b3a70357982",
  "f0_stats": {
    "shape": [
      5
    ],
    "size": 5,
    "min": 0.2783689759009424,
    "max": 257.0263005308538,
    "mean": 52.43263818519281,
    "std": 102.30205266396472
  },
  "f1_stats": {
    "shape": [
      15
    ],
    "size": 15,
    "min": 0.010477734724953613,
    "max": 722.9306331694295,
    "mean": 98.17468916236207,
    "std": 228.37874955441373
  }
}