MODEL,PRED_DOCKQ
4L6W_af2m,0.8401995
4L6W,0.79268557
