{
  "hash": "afd5402e7ebd29b6bdf76cbd93a74c2f379e382bcaf332ffa8fa15ab5fdae235",
  "stats": {
    "shape": [
      70,
      70
    ],
    "size": 4900,
    "min": 0.0,
    "max": 15.628179160510816,
    "mean": 7.370585446117981,
    "std": 3.245771246287623
  }
}