MODEL,PRED_DOCKQ
3U7R,0.66421425
3U7R_af2m,0.46604
