{
  "f0_hash": "81d88b0673fd167a955937c3b87267279d95d35383b4a25da54c1c69b9f84986",
  "f1_hash": "a67d47b0d080c3a7a4014f37d92942cb6363db1c5927faaf2a2d533ea991d1a6",
  "f0_stats": {
    "shape": [
      5
    ],
    "size": 5,
    "min": 0.5167710537157574,
    "max": 174.7701520822704,
    "mean": 36.36742642221324,
    "std": 69.20994358528519
  },
  "f1_stats": {
    "shape": [
      15
    ],
    "size": 15,
    "min": 0.010029241304094327,
    "max": 492.48859928475423,
    "mean": 68.45156650961277,
    "std": 154.5961180001288
  }
}