{
  "hash": "51932ed988a05d2143222ae674b5525d7295e8ceb49e46b0a218389b864bb95a",
  "stats": {
    "shape": [
      114,
      114
    ],
    "size": 12996,
    "min": 0.0,
    "max": 15.731216395805408,
    "mean": 8.112681353811311,
    "std": 3.134235115544152
  }
}