{
  "hash": "82358e2df8a2303c09d2a0903b4f046deabe2c2402b31c3078596bad6f1103a8",
  "stats": {
    "shape": [
      83,
      83
    ],
    "size": 6889,
    "min": 0.0,
    "max": 15.593053603726608,
    "mean": 7.76737048068847,
    "std": 3.1520757940627804
  }
}