{
  "count": 93,
  "ids_hash": "c09bb7502d11057882b674bb5990eb8f7070ae2d0b551fc042bf02e8214620d3",
  "coords_hash": "05b9592f6f3ea3f00aa6d4d9e65af50fec1f1d65aad2758910a7832dd0848688",
  "coords_stats": {
    "shape": [
      93,
      3
    ],
    "size": 279,
    "min": -14.246000289916992,
    "max": 33.40299987792969,
    "mean": 15.166093202581543,
    "std": 16.40428894002271
  }
}