MODEL,PRED_DOCKQ
3O6Z,0.8562067
3O6Z_af2m,0.6685179
