{
  "count": 111,
  "ids_hash": "343387e56e6921529888cf2cea8c0a02518aa974204d22896812f85b36f163f5",
  "coords_hash": "35140cf78d45780510b6968b0f385ade5a3809d8fec559134af8cb03691e294e",
  "coords_stats": {
    "shape": [
      111,
      3
    ],
    "size": 333,
    "min": -0.04899999871850014,
    "max": 84.6510009765625,
    "mean": 36.940849770017124,
    "std": 30.046373643575087
  }
}