{
  "count": 95,
  "ids_hash": "0ce99196d23402138e5f93a355162f68393e99cd596608faa6b1745ce7c54b0f",
  "coords_hash": "1201db200c1eb59774d6e0b14e98b8675961202d81c6d9050e30714994e23c25",
  "coords_stats": {
    "shape": [
      95,
      3
    ],
    "size": 285,
    "min": -30.273000717163086,
    "max": 83.22100067138672,
    "mean": 23.84958590457314,
    "std": 40.75255252942499
  }
}