{
  "f0_hash": "af0fe03b7eab28b67bf856a9ae7dec3d635214369bb7009c54f2c5aa7166cd47",
  "f1_hash": "22dc57342784865becc134f405a543a3e1b258c114e542e64c8acdcb6f36a3d5",
  "f0_stats": {
    "shape": [
      5
    ],
    "size": 5,
    "min": 0.44830741331906154,
    "max": 176.69940478663878,
    "mean": 36.65039048621182,
    "std": 70.03221661379776
  },
  "f1_stats": {
    "shape": [
      15
    ],
    "size": 15,
    "min": 0.010663824146522671,
    "max": 480.33158177603417,
    "mean": 65.95855800852526,
    "std": 151.87664794898657
  }
}