{
  "count": 107,
  "ids_hash": "579c3059284ba1ca996d9526e1306b7daf77f3b49cc79046da27fc7370272f10",
  "coords_hash": "24e2f9ce04292d1a78726bbcdb190707bb551673f324f79e5ed9a7bc8f7e9f45",
  "coords_stats": {
    "shape": [
      107,
      3
    ],
    "size": 321,
    "min": 1.968000054359436,
    "max": 18.68899917602539,
    "mean": 10.662875387527489,
    "std": 3.4479704393697803
  }
}