{
  "count": 94,
  "ids_hash": "ba325f15a28c6e60007755801e6a2447f0962b0fc057fa3b4120cab75f4069d5",
  "coords_hash": "bbdf389ed9a2386f3fbcdca21695674ae3ff74afbda305414ac6701a14fbc502",
  "coords_stats": {
    "shape": [
      94,
      3
    ],
    "size": 282,
    "min": 8.317000389099121,
    "max": 75.95999908447266,
    "mean": 38.53103533535139,
    "std": 23.280327340576058
  }
}