{
  "hash": "adba47b903288a7d3098339b9b1aedf317f5dd31bf2618731d9724e5c3ea2b0c",
  "stats": {
    "shape": [
      99,
      99
    ],
    "size": 9801,
    "min": 0.0,
    "max": 15.415151097752974,
    "mean": 7.728357751031533,
    "std": 2.9650872754175777
  }
}