{
  "hash": "306db9eeb6bf1b53b1387b10df1f3686cf4bddb8d3b655e0a9ca76ef1e0c3df6",
  "stats": {
    "shape": [
      109,
      109
    ],
    "size": 11881,
    "min": 0.0,
    "max": 15.67511510749033,
    "mean": 8.064998850422038,
    "std": 3.0901121888310814
  }
}