{
  "hash": "5c1ad3584a113131f5a1b424ba1839758d11fcb2c9954f3f19c6aa5f0bce9ffe",
  "stats": {
    "shape": [
      30,
      30
    ],
    "size": 900,
    "min": 0.0,
    "max": 14.292462780565419,
    "mean": 6.086766572316523,
    "std": 2.9539725835536292
  }
}