{
  "count": 62,
  "ids_hash": "c057bedfd90534d51ffa0a264725874712aafaa64fb4db00e70d2c9675ec6221",
  "coords_hash": "5ba3b54e1cc3f96f5cbad929757b19eebad7fbefc1287c0e2751b5393aa189a7",
  "coords_stats": {
    "shape": [
      62,
      3
    ],
    "size": 186,
    "min": -0.1379999965429306,
    "max": 98.35900115966797,
    "mean": 43.167521625276535,
    "std": 37.68885994127387
  }
}