MODEL,PRED_DOCKQ
1OC0_af2m,0.8545336
1OC0,0.0012369627
