{
  "hash": "cce434eb1003026c6db37d2116ec3a90a4fd138f172fbf3340f48959c0622133",
  "stats": {
    "shape": [
      81,
      81
    ],
    "size": 6561,
    "min": 0.0,
    "max": 15.439183422996322,
    "mean": 7.422567109314922,
    "std": 2.961588720896258
  }
}