{
  "f0_hash": "ece1267b8d0648aecef7c5331b1dd36b7f2a4dba9bf7a9f3cc2316663937fc44",
  "f1_hash": "5cc8f8e3bc69046f570f335b47bfa5d20d486a636a812c2fbf7c7db5ee0d63e7",
  "f0_stats": {
    "shape": [
      5
    ],
    "size": 5,
    "min": 0.7284261643000541,
    "max": 63.03119382899871,
    "mean": 14.374575449638504,
    "std": 24.382794768008
  },
  "f1_stats": {
    "shape": [
      15
    ],
    "size": 15,
    "min": 0.010172316618398902,
    "max": 86.44497878682583,
    "mean": 13.995414440367218,
    "std": 27.330208351436937
  }
}