{
  "hash": "9613a4de983988d1d50601bbfa82783a216e2ace998fc94db78d48fbd4841dd9",
  "stats": {
    "shape": [
      102,
      102
    ],
    "size": 10404,
    "min": 0.0,
    "max": 15.444862996254999,
    "mean": 7.9915159501009985,
    "std": 3.077019292500095
  }
}