{
  "f0_hash": "aa9a33a5e9f3db17341cb5d1c17c97552529bd1d187759153c096c65c4093407",
  "f1_hash": "55311f688c93c7fef1bd4b64708f93bdc6c9da547c31b7de329b2cb1a1f9e95c",
  "f0_stats": {
    "shape": [
      5
    ],
    "size": 5,
    "min": 0.40447491263592383,
    "max": 138.29531517760196,
    "mean": 28.98234171368989,
    "std": 54.66600302621509
  },
  "f1_stats": {
    "shape": [
      15
    ],
    "size": 15,
    "min": 0.012547030583820451,
    "max": 350.8576539148203,
    "mean": 50.842235051203495,
    "std": 111.29341027115011
  }
}