{
  "count": 211,
  "ids_hash": "d1f968cc16c98d62e7ad9b8326c92391db11d13cc2ede55045434ef8d5bb0b36",
  "coords_hash": "59f5d0ef697fb335eb48206f442452dba4a859416420066a2a1132da54fb3ab0",
  "coords_stats": {
    "shape": [
      211,
      3
    ],
    "size": 633,
    "min": -25.535999298095703,
    "max": 16.64900016784668,
    "mean": -5.829352310201003,
    "std": 11.925334720251998
  }
}