{
  "hash": "46194ed76025721b811b2004ac4480b5d741648f01247beb6c83fb0b3f52bec5",
  "stats": {
    "shape": [
      98,
      98
    ],
    "size": 9604,
    "min": 0.0,
    "max": 15.53752465366561,
    "mean": 7.846080232481096,
    "std": 3.0521637427887214
  }
}