MODEL,PRED_DOCKQ
2BH1,0.8793628
2BH1_af2m,0.8719604
