MODEL,PRED_DOCKQ
5SY7,0.3515686
5SY7_af2m,0.21540903
