MODEL,PRED_DOCKQ
3U7U_af2m,0.64844275
3U7U,0.116732985
