{
  "f0_hash": "2a0011a1469be8fe5a3df09c2ff592b580dae3c5230ed3907a33a7393807869b",
  "f1_hash": "b2b87b0ba40630ee95dbdcb459bd2c44a3e9c433cff52f5dc0ea806cdf7066ef",
  "f0_stats": {
    "shape": [
      5
    ],
    "size": 5,
    "min": 0.3070968472776277,
    "max": 144.7047422618352,
    "mean": 30.130966414768483,
    "std": 57.293058145570264
  },
  "f1_stats": {
    "shape": [
      15
    ],
    "size": 15,
    "min": 0.010529564660269664,
    "max": 315.40580150627625,
    "mean": 44.78912056824338,
    "std": 98.2410961612634
  }
}