{
  "count": 67,
  "ids_hash": "37a9eac1889e978b58d4ace15fe65f67e43225119d341937a84373c4f61887e6",
  "coords_hash": "8dc7eb449760a2e0b42e14cb94a8b8d1ec6b32fe36351113219720f15dbb2b29",
  "coords_stats": {
    "shape": [
      67,
      3
    ],
    "size": 201,
    "min": 8.925999641418457,
    "max": 84.23600006103516,
    "mean": 47.54963189689674,
    "std": 25.798094721547045
  }
}