MODEL,PRED_DOCKQ
3I6U_af2m,0.6030572
3I6U,0.42086884
