{
  "f0_hash": "a1aeaea0c31261398086d3bcfe89e3f0de10661595bf311ba3d4ede26d9d8f30",
  "f1_hash": "036b46ba106731d4d8520a1911c6b612256b9b89f6f5f5a08c2129dd1808c593",
  "f0_stats": {
    "shape": [
      5
    ],
    "size": 5,
    "min": 0.48952796695258843,
    "max": 160.67229271790998,
    "mean": 33.5583181946305,
    "std": 63.56677822395059
  },
  "f1_stats": {
    "shape": [
      15
    ],
    "size": 15,
    "min": 0.013205767382268085,
    "max": 507.90860233945534,
    "mean": 70.71750113845677,
    "std": 160.99031006142576
  }
}