{
  "hash": "31d887f639b8c303eae44414e888f958b25f0f3cde9e0f5484859010c5399b5b",
  "stats": {
    "shape": [
      104,
      104
    ],
    "size": 10816,
    "min": 0.0,
    "max": 15.591106394264488,
    "mean": 8.050781934682803,
    "std": 3.0978447938195974
  }
}