{
  "f0_hash": "80f05f6d217260ca8ef5b45d2992f4efed3868ebb466463442a44d5687cc4e6e",
  "f1_hash": "6939dde5036e871da8a7f1d23aa7748ccb3a2f643206574086d2e24f8abf11a1",
  "f0_stats": {
    "shape": [
      5
    ],
    "size": 5,
    "min": 0.6027180425300388,
    "max": 150.3373630325125,
    "mean": 31.728215484098293,
    "std": 59.3230487331575
  },
  "f1_stats": {
    "shape": [
      15
    ],
    "size": 15,
    "min": 0.012271067631075994,
    "max": 430.03817188855487,
    "mean": 60.50548772379859,
    "std": 135.71983447163302
  }
}