{
  "count": 63,
  "ids_hash": "dd67fb61e936a9425114e95cae00991212fa20502364c03da8b2c7a671cea143",
  "coords_hash": "804db78dc1843aa523a2a6a9e09bd26fbc453969bfe8284d6d18a4a85b19b1bb",
  "coords_stats": {
    "shape": [
      63,
      3
    ],
    "size": 189,
    "min": 4.173999786376953,
    "max": 83.62000274658203,
    "mean": 40.86695247983176,
    "std": 28.55388082262636
  }
}