{
  "hash": "c85e09dcfe817d7088bb349f56b2c68a533a189b44e7499b84e438a228e5d78d",
  "stats": {
    "shape": [
      95,
      95
    ],
    "size": 9025,
    "min": 0.0,
    "max": 15.782923969389637,
    "mean": 7.562059979946344,
    "std": 2.9973168644809944
  }
}