{
  "hash": "02aaea9097f43ec0ff56cda7523578f473af2f9a256cce748adf8fb8bc63ef36",
  "stats": {
    "shape": [
      86,
      86
    ],
    "size": 7396,
    "min": 0.0,
    "max": 15.638007962028599,
    "mean": 7.643518288149711,
    "std": 3.0460150385423432
  }
}