{
  "count": 91,
  "ids_hash": "c00a0ebce8ec2b7144290b46dd7abd0cd663eb09abb9229c27d22181d68644db",
  "coords_hash": "3665a5ef5f7eb475df841c9260e7170272831f45b5a263657a25fe869d401d89",
  "coords_stats": {
    "shape": [
      91,
      3
    ],
    "size": 273,
    "min": -23.39699935913086,
    "max": 32.46099853515625,
    "mean": 8.22981317401369,
    "std": 17.72572939208967
  }
}