{
  "count": 107,
  "ids_hash": "8b67397f34b8dc3af79e149d54b7a7d6862b550eefe43e295bb1742bffb2d394",
  "coords_hash": "97fbd0966853eaca86d0b43568b284e3953e4e0cfbb7c4dff7fc2c2f5b25d4a1",
  "coords_stats": {
    "shape": [
      107,
      3
    ],
    "size": 321,
    "min": 1.4199999570846558,
    "max": 87.54900360107422,
    "mean": 36.11464798524744,
    "std": 31.504065594671275
  }
}