{
  "hash": "649f763a702126d01ddf8a413d02afd405d704cf87bf9916dbe5229c5966c7c8",
  "stats": {
    "shape": [
      108,
      108
    ],
    "size": 11664,
    "min": 0.0,
    "max": 15.620334952532623,
    "mean": 7.995987210560906,
    "std": 3.0797130086233473
  }
}