{
  "hash": "fd3850585fde7fe2695b341e9bd727c02e219311d4fdb112edb0cd485308d05c",
  "stats": {
    "shape": [
      102,
      102
    ],
    "size": 10404,
    "min": 0.0,
    "max": 15.758371192451552,
    "mean": 8.137124841854636,
    "std": 3.1569517167950827
  }
}