MODEL,PRED_DOCKQ
6J27_af2m,0.9067116
6J27,0.8535098
