{
  "count": 92,
  "ids_hash": "afb2307c786e75f49daaad118507b6518337c8e946a3f59c01cb3b3896f28825",
  "coords_hash": "8b81fece73e25fc0390b210df5db6d62c970144eef0b5840eb82c811b9f1def1",
  "coords_stats": {
    "shape": [
      92,
      3
    ],
    "size": 276,
    "min": -19.542999267578125,
    "max": 33.143001556396484,
    "mean": 12.134500021519868,
    "std": 17.546717785071078
  }
}