{
  "f0_hash": "a7a21ba49b5c54ab369343d443c654b43b1df33da206107c5f6afe24c9647ee9",
  "f1_hash": "8eda2f7081e8f77fc054ef8b62914f64fdaef43850ca11bed95c53c724261906",
  "f0_stats": {
    "shape": [
      5
    ],
    "size": 5,
    "min": 0.48522325873846506,
    "max": 185.54448584145,
    "mean": 38.500439360411605,
    "std": 73.52962982930163
  },
  "f1_stats": {
    "shape": [
      15
    ],
    "size": 15,
    "min": 0.01063983302166438,
    "max": 557.5916186396817,
    "mean": 76.38258748002711,
    "std": 175.6386186658788
  }
}