{
  "count": 128,
  "ids_hash": "d6c39940cd14a47fa23d590e66a96a33434b799748dc95e9c8cbbeea761561a0",
  "coords_hash": "6ab8bb0dec57d745fae59899885919afe1bb98e08347ba041f96dbe7de8726d1",
  "coords_stats": {
    "shape": [
      128,
      3
    ],
    "size": 384,
    "min": -29.072999954223633,
    "max": 14.142000198364258,
    "mean": -11.004325498826802,
    "std": 13.95354310284346
  }
}