{
  "count": 114,
  "ids_hash": "79eec897f6b6fb517582775f84c1f779665016376be932b4acfa9cbfe21da6cc",
  "coords_hash": "283170ed64863b29ecb0fa12cb469a783049a4d7f5677799a52be30b6f97cca2",
  "coords_stats": {
    "shape": [
      114,
      3
    ],
    "size": 342,
    "min": -20.08799934387207,
    "max": 47.91999816894531,
    "mean": 7.4406169910005655,
    "std": 23.773943227963546
  }
}