{
  "f0_hash": "417732faa51504a23a367c80a9f095f3f67e257d7c25cb51f669a3e65bbb0e01",
  "f1_hash": "55a54fef21d35c29ef76e78460f02ddaf25445e7bf2b5a27ece52632d388d510",
  "f0_stats": {
    "shape": [
      5
    ],
    "size": 5,
    "min": 0.25137884238420893,
    "max": 103.14511484260309,
    "mean": 21.82070016156866,
    "std": 40.6718467185569
  },
  "f1_stats": {
    "shape": [
      15
    ],
    "size": 15,
    "min": 0.012695128908046804,
    "max": 189.93872628846347,
    "mean": 27.09184206360597,
    "std": 59.23459253373621
  }
}