{
  "hash": "c9c39a6ccdce81ecf496396771b573c3fe914f1e82720ed9dcc5f59d3677bea5",
  "stats": {
    "shape": [
      81,
      81
    ],
    "size": 6561,
    "min": 0.0,
    "max": 15.750451117608199,
    "mean": 7.377520502054346,
    "std": 3.02858812740146
  }
}