{
  "count": 97,
  "ids_hash": "1c7c0287e8a23aae365fe3a3c12034bad7d546210c6dea6ac94fedb206860491",
  "coords_hash": "20384dfb4e230bf8fa205dcdfc18eb8110e7e5d4f28adce6c9b02a492020c65a",
  "coords_stats": {
    "shape": [
      97,
      3
    ],
    "size": 291,
    "min": 15.190999984741211,
    "max": 59.19900131225586,
    "mean": 34.720927828365994,
    "std": 13.19789080214131
  }
}