{
  "count": 111,
  "ids_hash": "f4f632a38175d273c1fbb01a513da65fcd2eda99519c7e3d0f555244b525e017",
  "coords_hash": "17ba0a567ba27ef689c5688f1f38418696121bc95a5b0ff0004bb790de49f681",
  "coords_stats": {
    "shape": [
      111,
      3
    ],
    "size": 333,
    "min": -12.157999992370605,
    "max": 39.3849983215332,
    "mean": 15.733525573133349,
    "std": 16.66644211082821
  }
}