{
  "count": 105,
  "ids_hash": "f5148830c5a655222a29c9f8f66f0f5f1eb87dd22c512ceca5c37fdc79ab6e25",
  "coords_hash": "dcdde426a260f5dadc06de29bdc2093ac70a930441f4724af7c119077b0d046a",
  "coords_stats": {
    "shape": [
      105,
      3
    ],
    "size": 315,
    "min": -8.152999877929688,
    "max": 43.56100082397461,
    "mean": 18.34754590441192,
    "std": 15.372258441915191
  }
}