{
  "hash": "fee741a213ab0aaaa5670efc0820e6904cdfd1b6e91ab1aca22cf864d112b186",
  "stats": {
    "shape": [
      100,
      100
    ],
    "size": 10000,
    "min": 0.0,
    "max": 15.465114530901632,
    "mean": 7.8967747783683055,
    "std": 3.0918280049377977
  }
}