{
  "hash": "30009946d980087da6bd3bdb0d8126ed35f60dfdff170f5451187648cf650eb2",
  "stats": {
    "shape": [
      80,
      80
    ],
    "size": 6400,
    "min": 0.0,
    "max": 15.297958899707238,
    "mean": 7.55672138291495,
    "std": 3.129930266478677
  }
}