{
  "hash": "2a912fa08f7d7ab7bfa32313d8157b26193065b5e7773bc5cebae858e20835de",
  "stats": {
    "shape": [
      107,
      107
    ],
    "size": 11449,
    "min": 0.0,
    "max": 15.250517192323818,
    "mean": 7.885724699136026,
    "std": 2.988600886750588
  }
}