MODEL,PRED_DOCKQ
6CHJ_af2m,0.84829426
6CHJ,0.4737622
