{
  "hash": "99e42ca7fdbbefddfc51c9c9fee755e2ec2dbe1ad0665401087938b6c44cf79a",
  "stats": {
    "shape": [
      113,
      113
    ],
    "size": 12769,
    "min": 0.0,
    "max": 15.832421679006924,
    "mean": 7.980912445659391,
    "std": 3.0169042967666977
  }
}