{
  "hash": "15c8d4ec4b3c18fac8e992281283ef2bd5db6430ae98ee8fec5a61d55a07b255",
  "stats": {
    "shape": [
      120,
      120
    ],
    "size": 14400,
    "min": 0.0,
    "max": 15.661286908707153,
    "mean": 8.113257090523554,
    "std": 3.0572997779853166
  }
}