{
  "hash": "ca1339d23ab54692b74e5a319f9429b474fc4a3d48a480fdb909ecd7805a67f4",
  "stats": {
    "shape": [
      120,
      120
    ],
    "size": 14400,
    "min": 0.0,
    "max": 15.794613015457065,
    "mean": 8.063358872503898,
    "std": 3.0579206241626933
  }
}