{
  "f0_hash": "569aeb2c94e6c0251472c164b287e86c89fd38a44984739f9d456f0894273032",
  "f1_hash": "c91a1fa358c7ab9a3b21cc39834be392eedbecafd79cd75fc877410aeb512daa",
  "f0_stats": {
    "shape": [
      5
    ],
    "size": 5,
    "min": 0.49005446609196995,
    "max": 172.53974003015196,
    "mean": 35.882737877637126,
    "std": 68.33611303541993
  },
  "f1_stats": {
    "shape": [
      15
    ],
    "size": 15,
    "min": 0.010025655503446806,
    "max": 489.1756013139655,
    "mean": 67.91736936664178,
    "std": 155.51668759716455
  }
}