{
  "hash": "b38d2d23e6556c38c4ed2f9a78e8d1319d4ad4b6383c1349830ea9176d8eab09",
  "stats": {
    "shape": [
      84,
      84
    ],
    "size": 7056,
    "min": 0.0,
    "max": 15.298848178622245,
    "mean": 7.424751251465505,
    "std": 2.9572425543047878
  }
}