{
  "hash": "8d8ac4feeb7528d26a255ae74d96cb10fd22616fc3ac681f97446e0f7077b50f",
  "stats": {
    "shape": [
      115,
      115
    ],
    "size": 13225,
    "min": 0.0,
    "max": 15.786658123670588,
    "mean": 8.059102014562995,
    "std": 3.0509891493875214
  }
}