MODEL,PRED_DOCKQ
2FVU,0.7891828
2FVU_af2m,0.58948827
