{
  "hash": "4a78258baf191e33066079d4a486caa2a6f63d7165338a280d02fa5fc9ba10f3",
  "stats": {
    "shape": [
      63,
      63
    ],
    "size": 3969,
    "min": 0.0,
    "max": 14.84612779253663,
    "mean": 6.601378751018596,
    "std": 2.7468999213530205
  }
}