MODEL,PRED_DOCKQ
3O27_af2m,0.68166417
3O27,0.44367427
