{
  "count": 105,
  "ids_hash": "c2e96b325801736e1c19280a76e1403b250dabe7212db27d628025be240879cf",
  "coords_hash": "47e86e360e1960f4320eff8d40a0398065a794e5c173ce9a67b3372a270b683f",
  "coords_stats": {
    "shape": [
      105,
      3
    ],
    "size": 315,
    "min": 4.109000205993652,
    "max": 28.054000854492188,
    "mean": 15.417425403897724,
    "std": 5.396296543538176
  }
}