MODEL,PRED_DOCKQ
2QQ6_af2m,0.87762266
2QQ6,0.6509176
