{
  "f0_hash": "899e2c1d869db26177b3bf191e44f32715e1c841ccc7feb94b4899a6d0c6ac40",
  "f1_hash": "4b7d880f84f382aa2e0161cc860db9ab652ccc34d690597ae9bdb913898e20e8",
  "f0_stats": {
    "shape": [
      5
    ],
    "size": 5,
    "min": 0.4714957896456499,
    "max": 164.2241059199002,
    "mean": 34.19462360361603,
    "std": 65.02233458009977
  },
  "f1_stats": {
    "shape": [
      15
    ],
    "size": 15,
    "min": 0.010419754573074869,
    "max": 461.35003409712186,
    "mean": 63.66530338846867,
    "std": 145.8211389309511
  }
}