{
  "f0_hash": "b6663d2b643882a8faf041f0f2bf956a01bf4b6e5bc58a3bfefcaa3ad5de74bb",
  "f1_hash": "c9eb2138f55af62bc04d82f88e2234ce2eaff5d93090040328c60f55661ef8f6",
  "f0_stats": {
    "shape": [
      5
    ],
    "size": 5,
    "min": 0.3561926417226598,
    "max": 93.46030673169035,
    "mean": 19.89845783524916,
    "std": 36.79044403575135
  },
  "f1_stats": {
    "shape": [
      15
    ],
    "size": 15,
    "min": 0.010883386746963097,
    "max": 187.84118194411582,
    "mean": 26.888925983407077,
    "std": 59.51232608491058
  }
}