MODEL,PRED_DOCKQ
6A80_af2m,0.89516443
6A80,0.20490405
