{
  "count": 58,
  "ids_hash": "00487c0a38a21bea19cd0d8bf5092319fa8883ce5b3beb75ceebf4201febaefb",
  "coords_hash": "36d3eb030148d1e1b2893ef38078052c3264242ccea30c3f7c7f0ffab905afe4",
  "coords_stats": {
    "shape": [
      58,
      3
    ],
    "size": 174,
    "min": -20.584999084472656,
    "max": 37.45600128173828,
    "mean": 9.570132210336883,
    "std": 17.789109229462724
  }
}