{
  "hash": "dd54f9230dc9576ce08e23692afcc12ae589486979ac4e1ed1694cc86c64db1c",
  "stats": {
    "shape": [
      62,
      62
    ],
    "size": 3844,
    "min": 0.0,
    "max": 15.207938659745237,
    "mean": 6.331087130261853,
    "std": 2.6461147039892645
  }
}