{
  "count": 118,
  "ids_hash": "6914eae96edc763e3d789d2bcea86423f9e5a54581d8ae344a6a9395732e5472",
  "coords_hash": "b85929f99b2e81f369f904aafc2a21491d5bab0aedd98a6f64f730f5c383ffad",
  "coords_stats": {
    "shape": [
      118,
      3
    ],
    "size": 354,
    "min": 6.791999816894531,
    "max": 95.47599792480469,
    "mean": 42.80523732422435,
    "std": 32.9069697652681
  }
}