{
  "hash": "ec33f5720e20fe7834e87e81db82cf737abb8b452da76f1daa9803fc5bde1494",
  "stats": {
    "shape": [
      98,
      98
    ],
    "size": 9604,
    "min": 0.0,
    "max": 15.69873075080683,
    "mean": 7.6995290413936,
    "std": 3.004909706613641
  }
}