{
  "hash": "ad9b35a49ca8dfd54723e60386ebf43af8bdb3a365010c3d5fea19776397b796",
  "stats": {
    "shape": [
      99,
      99
    ],
    "size": 9801,
    "min": 0.0,
    "max": 15.607885834333501,
    "mean": 7.972625696888818,
    "std": 3.113146266077474
  }
}