MODEL,PRED_DOCKQ
6NCS_af2m,0.83564824
6NCS,0.7810685
