{
  "hash": "bacfd5e9e60d48c2b0007f648a2c5c9fb552cfbaaea2f7f1c2f3f2e45a055c58",
  "stats": {
    "shape": [
      93,
      93
    ],
    "size": 8649,
    "min": 0.0,
    "max": 15.660232063579986,
    "mean": 7.6144492451610715,
    "std": 2.9806145334329517
  }
}