{
  "f0_hash": "48d948b664882affc5ee3f29a9562280ffa1b2bbb032d18b5676f3e29e086c1e",
  "f1_hash": "79414db6fd8fb50cc3ddc4b309b3df5f674d0d71d3548a8655e783fcab2c9d87",
  "f0_stats": {
    "shape": [
      5
    ],
    "size": 5,
    "min": 0.5891126975932985,
    "max": 149.96831566455072,
    "mean": 31.47733115491955,
    "std": 59.256434485924295
  },
  "f1_stats": {
    "shape": [
      15
    ],
    "size": 15,
    "min": 0.010753864398388657,
    "max": 441.0863500250658,
    "mean": 62.189247264143184,
    "std": 139.82995311723613
  }
}