{
  "hash": "90b53d68adf459f57283e92163a0417ee2bc069b8157860fd965740491b2c064",
  "stats": {
    "shape": [
      80,
      80
    ],
    "size": 6400,
    "min": 0.0,
    "max": 14.935712946470339,
    "mean": 7.21185545732774,
    "std": 2.912640204549682
  }
}