MODEL,PRED_DOCKQ
3PEV_af2m,0.66424274
3PEV,0.04170946
