MODEL,PRED_DOCKQ
5KBX_af2m,0.8554468
5KBX,0.76750654
