{
  "count": 121,
  "ids_hash": "c0634137a30ad2f665dd06cdf58bb0928a10539d4ba3b2ec9b78713a1d90930c",
  "coords_hash": "bbda5d1a779514bf2d8a270d9872376a331cf29b393044b7261ee774f04bb436",
  "coords_stats": {
    "shape": [
      121,
      3
    ],
    "size": 363,
    "min": 4.614999771118164,
    "max": 37.029998779296875,
    "mean": 23.09579615290828,
    "std": 8.59119030122017
  }
}