{
  "hash": "d409a3aee3e2e04f7cf254da9f1362e3251c8ccebed7492507cd4dea6a83f391",
  "stats": {
    "shape": [
      115,
      115
    ],
    "size": 13225,
    "min": 0.0,
    "max": 15.795110091822435,
    "mean": 7.97242518227699,
    "std": 3.029755996933968
  }
}