{
  "f0_hash": "dd01b21984cf52db4a2f1b568448b4783479ffcf83d3681b204217f5db572d57",
  "f1_hash": "f74c64cc6fe63014d6668405bae409a2f37a49a385cce4cda6d63275410acd2b",
  "f0_stats": {
    "shape": [
      5
    ],
    "size": 5,
    "min": 0.6775134225621836,
    "max": 124.88155670111574,
    "mean": 26.513333706815054,
    "std": 49.19814997916112
  },
  "f1_stats": {
    "shape": [
      15
    ],
    "size": 15,
    "min": 0.010030830447798067,
    "max": 299.6511156874968,
    "mean": 43.84453610503554,
    "std": 94.80345388979022
  }
}