MODEL,PRED_DOCKQ
6CMV_af2m,0.78027105
6CMV,0.70429283
