{
  "hash": "bd8a15f093de4b50308263bf4489eb0699b3628c789aa3f5cef66c430f40e008",
  "stats": {
    "shape": [
      112,
      112
    ],
    "size": 12544,
    "min": 0.0,
    "max": 15.352546237317252,
    "mean": 7.7163127187245735,
    "std": 2.975703473392906
  }
}