{
  "f0_hash": "c2742e8a89d4cd1d95219b2874e346a12d112327ea24ac74ace4ac65adaa241e",
  "f1_hash": "9b6b5d2e8b563b207749927181273fab4218f7324f11eebefef16685ec28fa73",
  "f0_stats": {
    "shape": [
      5
    ],
    "size": 5,
    "min": 0.438226598136297,
    "max": 152.90123755218804,
    "mean": 31.932946652933243,
    "std": 60.493026401554545
  },
  "f1_stats": {
    "shape": [
      15
    ],
    "size": 15,
    "min": 0.01055644370259401,
    "max": 408.6356698600038,
    "mean": 56.78515585828892,
    "std": 129.83810292018498
  }
}