{
  "f0_hash": "67c0b3d50e6e70715c936c71156af40217f0fb51edeb800c8d3b1a944614d3bc",
  "f1_hash": "8b06230e52983c8bfe00eebf2786575bdf3e3fb2199c09702e1b60be63a5f352",
  "f0_stats": {
    "shape": [
      5
    ],
    "size": 5,
    "min": 0.5876996130823788,
    "max": 137.75944427677416,
    "mean": 29.067938402385444,
    "std": 54.35920104328238
  },
  "f1_stats": {
    "shape": [
      15
    ],
    "size": 15,
    "min": 0.012147404540200135,
    "max": 389.2975268196468,
    "mean": 54.943086733032416,
    "std": 123.14701539109858
  }
}