{
  "f0_hash": "0d2e37050c30e4016644a28c64664cf7ed37fb7b84c750810324ebae4820ccc9",
  "f1_hash": "9fb6e9e3536b804d14370d4a54013f8d15e97ddd28223dd2e0fbf897e8874708",
  "f0_stats": {
    "shape": [
      5
    ],
    "size": 5,
    "min": 0.6625432047931163,
    "max": 113.42469997936924,
    "mean": 24.35000354459459,
    "std": 44.560046200962965
  },
  "f1_stats": {
    "shape": [
      15
    ],
    "size": 15,
    "min": 0.010851130011981347,
    "max": 286.15051800265553,
    "mean": 41.51093526451775,
    "std": 89.507097750144
  }
}