{
  "hash": "0de933ffe679d95ba0c34badafd7614ae511a6646b2d7df7a0e6257accd24c23",
  "stats": {
    "shape": [
      110,
      110
    ],
    "size": 12100,
    "min": 0.0,
    "max": 15.728102282849628,
    "mean": 8.071441631135203,
    "std": 3.0607555098269854
  }
}