{
  "hash": "baf90c711d464b475a9ab5b8507531545b6a6c7c14fdae674a55712446058518",
  "stats": {
    "shape": [
      64,
      64
    ],
    "size": 4096,
    "min": 0.0,
    "max": 15.207938659745237,
    "mean": 6.490273256164249,
    "std": 2.7158793934195358
  }
}