{
  "f0_hash": "030568bbdd1eb2c958c3763c6f13feade8f5bdede4c8d50232a65ea09b2469f3",
  "f1_hash": "bd8c238c82f8e69c443c3764e54225a27601b389bd79217b978b78702c273b40",
  "f0_stats": {
    "shape": [
      5
    ],
    "size": 5,
    "min": 0.5279748640047237,
    "max": 148.30877405178668,
    "mean": 31.072120394999054,
    "std": 58.628224064857406
  },
  "f1_stats": {
    "shape": [
      15
    ],
    "size": 15,
    "min": 0.011107459396054509,
    "max": 427.08678485509535,
    "mean": 60.606318090289804,
    "std": 135.88454269255166
  }
}