{
  "count": 93,
  "ids_hash": "2ed32612d34a62061afa21c6e091744de861d87c1779100d640bb8acda89890e",
  "coords_hash": "32a2a983c5f07f3f7fe05d059cd809f59f6eadede848d53a75b594c6119d26f2",
  "coords_stats": {
    "shape": [
      93,
      3
    ],
    "size": 279,
    "min": -7.598999977111816,
    "max": 53.46699905395508,
    "mean": 15.718637948668826,
    "std": 21.235379707565343
  }
}