MODEL,PRED_DOCKQ
1VJL_af2m,0.87174124
1VJL,0.80063677
