{
  "hash": "53ac92a3227034ed785fe038d699f21926bc7aaa838d3f3770c2d79dec2731b4",
  "stats": {
    "shape": [
      104,
      104
    ],
    "size": 10816,
    "min": 0.0,
    "max": 14.96036860036446,
    "mean": 7.908924893907121,
    "std": 3.0849185555660714
  }
}