{
  "count": 65,
  "ids_hash": "7fc81b28dfebe01b54c93da739df749532d219b32e19a55270b03e46b0f4852f",
  "coords_hash": "c0da528eea272005ec515a9b9583d789991080cd4202f7a5595531d9d960a037",
  "coords_stats": {
    "shape": [
      65,
      3
    ],
    "size": 195,
    "min": -9.61299991607666,
    "max": 45.05099868774414,
    "mean": 21.99349232499416,
    "std": 18.674521586473645
  }
}