{
  "hash": "fc0f1b1a95ac3b689515b05b0a72aa45e9df0407b66e5b8a157d6f0cedf4fe3f",
  "stats": {
    "shape": [
      101,
      101
    ],
    "size": 10201,
    "min": 0.0,
    "max": 15.391030124460663,
    "mean": 7.827485132701359,
    "std": 3.0241771398625477
  }
}