MODEL,PRED_DOCKQ
2P35,0.87521696
2P35_af2m,0.83553743
