MODEL,PRED_DOCKQ
2GOP_af2m,0.16492467
2GOP,0.004776827
