{
  "hash": "a7b5e4af5320fbce7803d990f06149e7ce60501bb9dd2aa3b4ddc337d809fb46",
  "stats": {
    "shape": [
      99,
      99
    ],
    "size": 9801,
    "min": 0.0,
    "max": 15.632352995818238,
    "mean": 8.020340041998034,
    "std": 3.114233463736656
  }
}