{
  "hash": "a51fba54985e30ebcb917ae768828ba45c4d29605ab49f175d4221dce6782789",
  "stats": {
    "shape": [
      102,
      102
    ],
    "size": 10404,
    "min": 0.0,
    "max": 15.803605719875142,
    "mean": 7.529942751624978,
    "std": 3.007448274342103
  }
}