{
  "hash": "c68923f61c456424df00ddd4549cd72ec4b7bb649cca414a4998c6e3dfa39474",
  "stats": {
    "shape": [
      91,
      91
    ],
    "size": 8281,
    "min": 0.0,
    "max": 15.318790389431266,
    "mean": 7.734951865027373,
    "std": 3.101562172853326
  }
}