{
  "hash": "d04370dc88d803695c6d3a0988eadc37691a98bebc1acd88aec5bd7b58ab77d2",
  "stats": {
    "shape": [
      81,
      81
    ],
    "size": 6561,
    "min": 0.0,
    "max": 15.536941165203402,
    "mean": 7.519918254215931,
    "std": 3.030350622875955
  }
}