{
  "count": 101,
  "ids_hash": "161576e09d68a1ab414daf1ace8049880f2479b80cfc9c71eb9e26a46b86198b",
  "coords_hash": "55dec34a77fb10ed87ee805295d517309552e3d5622c49c1e1f47fa3eb0cd9bf",
  "coords_stats": {
    "shape": [
      101,
      3
    ],
    "size": 303,
    "min": -21.381000518798828,
    "max": 33.904998779296875,
    "mean": 9.704934013165262,
    "std": 18.193770660692504
  }
}