MODEL,PRED_DOCKQ
1TMQ_af2m,0.8452148
1TMQ,0.005179804
