{
  "f0_hash": "862157ce8cf591b91b0132c4619508c70abadf14b9679e11677b8a9f224174e3",
  "f1_hash": "3b78dfbb1d3af0436be89b991ac624a1719f267bef22857c66f234bb695477db",
  "f0_stats": {
    "shape": [
      5
    ],
    "size": 5,
    "min": 0.5341273439525739,
    "max": 168.0825520948572,
    "mean": 35.078678773305754,
    "std": 66.51201983023985
  },
  "f1_stats": {
    "shape": [
      15
    ],
    "size": 15,
    "min": 0.011194926564979113,
    "max": 563.3081176383309,
    "mean": 77.51497915122157,
    "std": 180.31979845522997
  }
}