{
  "hash": "fb7849dcaa298d291970b7d0c5be4bf2125cb273569218bd7ef5088c2899d44c",
  "stats": {
    "shape": [
      97,
      97
    ],
    "size": 9409,
    "min": 0.0,
    "max": 15.634846710447285,
    "mean": 7.682362782277499,
    "std": 2.9889938761777777
  }
}