{
  "hash": "4dc3e08a940433ac25f0b545b2ba87ee74ad4313a13f8f02601d9801311fe51e",
  "stats": {
    "shape": [
      101,
      101
    ],
    "size": 10201,
    "min": 0.0,
    "max": 15.475997194719895,
    "mean": 7.953687672884645,
    "std": 3.0301956933393566
  }
}