MODEL,PRED_DOCKQ
6A4V_af2m,0.05775752
6A4V,0.051960304
