{
  "f0_hash": "8f9ed4ed5d8557e2cd4ce8e3721b281aca5f64cdc1f1ebca8426eab63156b5d8",
  "f1_hash": "56ed4cc2cc3401429d6292ad11324094b3e13cc74d99659a9449b7c158a586a7",
  "f0_stats": {
    "shape": [
      5
    ],
    "size": 5,
    "min": 0.24439860578860556,
    "max": 292.49429271724085,
    "mean": 59.3058682960982,
    "std": 116.59646633671244
  },
  "f1_stats": {
    "shape": [
      15
    ],
    "size": 15,
    "min": 0.010024225547856425,
    "max": 672.7733024033892,
    "mean": 91.21838187086907,
    "std": 209.73331893874752
  }
}