MODEL,PRED_DOCKQ
4FBL_af2m,0.9026227
4FBL,0.0053142235
