{
  "f0_hash": "e136fa70d2e056e43db224d36c62f5fe6a7b15366c2ddc7a5d1463221142b3fe",
  "f1_hash": "d0c9e8085c9e64bbc49926596dc76b1d840007fc65cee8186e61a789afd4df10",
  "f0_stats": {
    "shape": [
      5
    ],
    "size": 5,
    "min": 0.4446598162907413,
    "max": 143.18692810471174,
    "mean": 29.964867279038902,
    "std": 56.619674214604295
  },
  "f1_stats": {
    "shape": [
      15
    ],
    "size": 15,
    "min": 0.010988078096122234,
    "max": 385.3399599104546,
    "mean": 53.765131362196406,
    "std": 123.2013162944046
  }
}