{
  "count": 103,
  "ids_hash": "da9a001e09589589b3687987e006e5e7a3ce7f0df330b40960efd190d63c88dc",
  "coords_hash": "0b671cb0be2fa31f47241e371037fb265169ed4e87837ea6ac5b2fd9e4a06567",
  "coords_stats": {
    "shape": [
      103,
      3
    ],
    "size": 309,
    "min": 5.941999912261963,
    "max": 80.3759994506836,
    "mean": 42.9366893505973,
    "std": 24.899084914836347
  }
}