{
  "f0_hash": "1c5c272c43b877f930ec9982deef8b6398a3c3e714b3b7d7605c6bb3c07a9e9e",
  "f1_hash": "d294e347106ac615d136f1d5a1cd383600a8ea76269edda8f7054efd1180c397",
  "f0_stats": {
    "shape": [
      5
    ],
    "size": 5,
    "min": 0.668413837361769,
    "max": 100.21748063117593,
    "mean": 21.646959083953565,
    "std": 39.306902782408564
  },
  "f1_stats": {
    "shape": [
      15
    ],
    "size": 15,
    "min": 0.010554614504361126,
    "max": 210.6333773521299,
    "mean": 31.86748980919506,
    "std": 66.46668478366149
  }
}