{
  "hash": "6a97484037ac764fb7e23f568463de6a22aac6303e70620856877b4d46fa321d",
  "stats": {
    "shape": [
      127,
      127
    ],
    "size": 16129,
    "min": 0.0,
    "max": 15.572501544250146,
    "mean": 8.14806696534491,
    "std": 3.094335200540183
  }
}