{
  "hash": "df0126f360f5d200110ac86f503867c51d94b61021f658060faef142086fb81a",
  "stats": {
    "shape": [
      58,
      58
    ],
    "size": 3364,
    "min": 0.0,
    "max": 15.406371350593624,
    "mean": 7.509046673797058,
    "std": 3.305991261213846
  }
}