{
  "f0_hash": "0f90da80db456b243a67cf57479eb80169b04b1e20f02946d63b509b21421f4c",
  "f1_hash": "faa49ec73750a29d84eb40a9d8592126c02cfb7a6d8e358d0e576301851b47d6",
  "f0_stats": {
    "shape": [
      5
    ],
    "size": 5,
    "min": 0.5171315510070217,
    "max": 120.71825848354614,
    "mean": 25.510976522578797,
    "std": 47.61447256033125
  },
  "f1_stats": {
    "shape": [
      15
    ],
    "size": 15,
    "min": 0.012361439647355255,
    "max": 262.239411755463,
    "mean": 39.07263187020188,
    "std": 81.84162088223502
  }
}