{
  "f0_hash": "97198ac2352c50f119aa956c1afee4052cd01500978d4bd70479d8369e866741",
  "f1_hash": "a94aacb16cbf232aa38e76507657441eb2365bd767d348314ebd41fdd53c81dc",
  "f0_stats": {
    "shape": [
      5
    ],
    "size": 5,
    "min": 0.425499003196079,
    "max": 178.46059857150843,
    "mean": 37.061550778371995,
    "std": 70.70751861598168
  },
  "f1_stats": {
    "shape": [
      15
    ],
    "size": 15,
    "min": 0.010740411996857269,
    "max": 541.4236679873758,
    "mean": 74.44653287411309,
    "std": 171.3848733433856
  }
}