MODEL,PRED_DOCKQ
5CGQ_af2m,0.7740871
5CGQ,0.64566195
