MODEL,PRED_DOCKQ
2QM4_af2m,0.34053946
2QM4,0.12245938
