{
  "f0_hash": "83b401869473a4d9e12a888f5cc4ed1d3c6b7c52f2431fdc0cf2c620adda0945",
  "f1_hash": "a6b6bd7159b790c465cdcead4edb306b338a0cd11b3acda703e3985721077d37",
  "f0_stats": {
    "shape": [
      5
    ],
    "size": 5,
    "min": 0.4932124878061969,
    "max": 137.27431201629207,
    "mean": 28.92311764753084,
    "std": 54.18896741271779
  },
  "f1_stats": {
    "shape": [
      15
    ],
    "size": 15,
    "min": 0.010110908514217698,
    "max": 377.86407761476073,
    "mean": 52.87284773632544,
    "std": 119.27918168030054
  }
}