MODEL,PRED_DOCKQ
1WYW_af2m,0.8590512
1WYW,0.33514774
