{
  "hash": "74679c7ecaac9bd21d730b5f39f90639ad19566bbcd24d329289ecaf114c6ec0",
  "stats": {
    "shape": [
      86,
      86
    ],
    "size": 7396,
    "min": 0.0,
    "max": 15.821459878258135,
    "mean": 7.827790066852565,
    "std": 3.1976563627767027
  }
}