{
  "f0_hash": "feb20b57b28b57e6cd906c1997701ffe017d68aa558fbe34be8905dce958c655",
  "f1_hash": "babfc284da058658cb9a6e3beba8ac6289f8e3852688562dd786996981a53362",
  "f0_stats": {
    "shape": [
      5
    ],
    "size": 5,
    "min": 0.7030298479044339,
    "max": 143.63353586979107,
    "mean": 30.36163185018479,
    "std": 56.65199331584737
  },
  "f1_stats": {
    "shape": [
      15
    ],
    "size": 15,
    "min": 0.011795120688860461,
    "max": 454.58017148219113,
    "mean": 63.560629635447974,
    "std": 145.93784114323233
  }
}