{
  "hash": "fecaded0674527a572dc36133504327eaddff84750fa484bf51c10f54f72b004",
  "stats": {
    "shape": [
      89,
      89
    ],
    "size": 7921,
    "min": 0.0,
    "max": 15.358391533367374,
    "mean": 7.469104580039533,
    "std": 2.9117990485578247
  }
}