{
  "hash": "30ec7c9427d5e80839b623490dba28cf34d5cc6e632563ae4c6bb73731e88bc1",
  "stats": {
    "shape": [
      86,
      86
    ],
    "size": 7396,
    "min": 0.0,
    "max": 15.005459152612481,
    "mean": 7.415713953720518,
    "std": 2.911105220175022
  }
}