{
  "hash": "2faf5c60b29faba9e4d2cd3152b10894dd164f47b11a26440ab2d9b384ca4f1c",
  "stats": {
    "shape": [
      115,
      115
    ],
    "size": 13225,
    "min": 0.0,
    "max": 15.717690834014471,
    "mean": 8.092213834169613,
    "std": 3.0887662902260207
  }
}