{
  "count": 79,
  "ids_hash": "7065dc86f256c1d4eaa0708ebc2e26d7f934090b4da26c8f9826502ac8877cf2",
  "coords_hash": "650367ec34b3087edb44e24b8410e28cdfafe6591b5b61c6cdc71495c8722d29",
  "coords_stats": {
    "shape": [
      79,
      3
    ],
    "size": 237,
    "min": 8.501999855041504,
    "max": 97.97899627685547,
    "mean": 44.41629537349009,
    "std": 34.353727521725986
  }
}