{
  "f0_hash": "25c1801b5fd7cb773c3a442cdaa9a25963a4d6f0c67c206b8418c59dfd3cb058",
  "f1_hash": "6836b844423d821dbe2ca2e48232e29dde4d362a51aeefd931e49a03b38317b1",
  "f0_stats": {
    "shape": [
      5
    ],
    "size": 5,
    "min": 0.26020904903918707,
    "max": 87.44490345243402,
    "mean": 18.685799341084454,
    "std": 34.39121259310812
  },
  "f1_stats": {
    "shape": [
      15
    ],
    "size": 15,
    "min": 0.011284144144637409,
    "max": 164.1130377530453,
    "mean": 23.879417647189126,
    "std": 51.79643715894487
  }
}