{
  "count": 90,
  "ids_hash": "fa46205d1b761e9f68bffd95119d6e32165b6b719742e0ba4eaf34c190ffc509",
  "coords_hash": "fc167f3488baedf99d9b207cec994f92c547defcbb0b3dbdae8bb993ed6a456d",
  "coords_stats": {
    "shape": [
      90,
      3
    ],
    "size": 270,
    "min": -10.973999977111816,
    "max": 42.25199890136719,
    "mean": 11.85903333035746,
    "std": 16.78830248263579
  }
}