{
  "count": 70,
  "ids_hash": "0505c17ba9a3a0155e32d8e0424c1100958c7d526c2fb127147058279a94588f",
  "coords_hash": "0168c099f116cdc0ac4d6c1c381128edf87b9aa388bdf38e988a679770ffbb28",
  "coords_stats": {
    "shape": [
      70,
      3
    ],
    "size": 210,
    "min": 5.857999801635742,
    "max": 36.71799850463867,
    "mean": 17.85794280597142,
    "std": 8.632629530495922
  }
}