{
  "hash": "e5146e1f7913755d728ceba7b8ba24083a27016b4d7fb9f646ac8cd989fb60d0",
  "stats": {
    "shape": [
      93,
      93
    ],
    "size": 8649,
    "min": 0.0,
    "max": 15.841329709206924,
    "mean": 7.61071676994503,
    "std": 3.0042851214756863
  }
}