{
  "count": 68,
  "ids_hash": "c93663daef9a5a0efe01c941585de0142c432341cc97e6f30bffae0b4765356f",
  "coords_hash": "4cb9b8f954888f03673d24de512b40191d2ab138333252eed2b7cae45b242132",
  "coords_stats": {
    "shape": [
      68,
      3
    ],
    "size": 204,
    "min": -34.45899963378906,
    "max": 32.72700119018555,
    "mean": 6.425593170465207,
    "std": 24.046619079300026
  }
}