{
  "count": 108,
  "ids_hash": "cac3b8cda7f9b74e8906c217e5f3583310e924008eee2f59377c4bcbf027ae4a",
  "coords_hash": "5501b75173f7bfe2120ca3441e46d46fd9c74e75d1e5aec983747fa4b2a6602c",
  "coords_stats": {
    "shape": [
      108,
      3
    ],
    "size": 324,
    "min": -12.126999855041504,
    "max": 57.071998596191406,
    "mean": 14.342459814008224,
    "std": 25.450587225908134
  }
}