{
  "f0_hash": "57d7c12f8ef7816d1a2e2753bde6b3ecfa213cb76a5a00846cafafdbeb9aa676",
  "f1_hash": "14bc4731f6245947e77793cf2f562a15d554430e6a13c24365afd2370cbaf1a8",
  "f0_stats": {
    "shape": [
      5
    ],
    "size": 5,
    "min": 0.5876336292593687,
    "max": 139.81437296394452,
    "mean": 29.55298658652497,
    "std": 55.147435224012646
  },
  "f1_stats": {
    "shape": [
      15
    ],
    "size": 15,
    "min": 0.010596868753742328,
    "max": 332.06531808510977,
    "mean": 47.315394198741764,
    "std": 104.0836707377285
  }
}