MODEL,PRED_DOCKQ
3NPF_af2m,0.91845423
3NPF,0.86996955
