{
  "count": 73,
  "ids_hash": "0994190357450d067d200c401627373153a53544317c8fae681cd09512d49611",
  "coords_hash": "cbb4bff7ba35ce011ea307a0c04b5a4f42d57ac916d06fc5bc92d49b95d5a014",
  "coords_stats": {
    "shape": [
      73,
      3
    ],
    "size": 219,
    "min": 15.701000213623047,
    "max": 45.78200149536133,
    "mean": 34.03722837091036,
    "std": 7.933146592902032
  }
}