{
  "hash": "27f32de7f76575deff399fbb808158a4441f68c5c20dde23eec3c86196e62e8d",
  "stats": {
    "shape": [
      93,
      93
    ],
    "size": 8649,
    "min": 0.0,
    "max": 15.531916268333998,
    "mean": 8.016892666400096,
    "std": 3.2334015816622297
  }
}