{
  "f0_hash": "e8597378eea046408bb894b4e955d66b099a9b3fe0749a96eaa16edcac8b08ea",
  "f1_hash": "34af4b700b2e3e830fb41acb6115f28c294a809b61c30cb5d7a113458b64de6e",
  "f0_stats": {
    "shape": [
      5
    ],
    "size": 5,
    "min": 0.5015026470135711,
    "max": 110.18261191207348,
    "mean": 23.442406238725006,
    "std": 43.383418125585685
  },
  "f1_stats": {
    "shape": [
      15
    ],
    "size": 15,
    "min": 0.010975217591024489,
    "max": 237.0699246893323,
    "mean": 35.31902397146825,
    "std": 74.59109743219318
  }
}