MODEL,PRED_DOCKQ
1SKR_af2m,0.90955377
1SKR,0.0012932947
