{
  "hash": "4d3533675df0ecee30854b6ff292583682fcb40c78c3ffaf7cb96b917e0c379e",
  "stats": {
    "shape": [
      119,
      119
    ],
    "size": 14161,
    "min": 0.0,
    "max": 15.443652739819171,
    "mean": 7.86595659120371,
    "std": 3.008174501273976
  }
}