{
  "f0_hash": "7f5c40ef6ba1bb30fb177a11560a63cd937235e69c06a68039d122ef9243e6f7",
  "f1_hash": "4ad61e9d914832872337f77a9eef241ad33ab296bd349f6c356f81ea963ca9dd",
  "f0_stats": {
    "shape": [
      5
    ],
    "size": 5,
    "min": 0.5493750546504997,
    "max": 140.73731394531183,
    "mean": 29.558305712944406,
    "std": 55.59933666983584
  },
  "f1_stats": {
    "shape": [
      15
    ],
    "size": 15,
    "min": 0.010588946700160307,
    "max": 344.03165967632344,
    "mean": 49.451017832159195,
    "std": 108.09927011339383
  }
}