MODEL,PRED_DOCKQ
3TVJ_af2m,0.8563851
3TVJ,0.0034918794
