{
  "count": 104,
  "ids_hash": "0069956c97841747b0f30c476b5ca633c03b546f729faff00287df1acdabeba2",
  "coords_hash": "4dcaf96b469365387df785c4f3dab0c2cb7adfdebd06e78c1184998078f1b91e",
  "coords_stats": {
    "shape": [
      104,
      3
    ],
    "size": 312,
    "min": -4.201000213623047,
    "max": 79.63600158691406,
    "mean": 30.125291739981503,
    "std": 30.852522846914017
  }
}