MODEL,PRED_DOCKQ
5FQ1_af2m,0.7288542
5FQ1,0.7046823
