{
  "hash": "3b8c2c6f8b25b7cfcd744e9df9e57a6ea70345a8fe770cbbb8da4857a957f185",
  "stats": {
    "shape": [
      98,
      98
    ],
    "size": 9604,
    "min": 0.0,
    "max": 15.717690834014471,
    "mean": 8.122839870371225,
    "std": 3.1885832619323202
  }
}