{
  "count": 99,
  "ids_hash": "5747ba1103742d411a38695c0aa3d84c45651450a334480f9015dd597ccd58e1",
  "coords_hash": "406a469a952b0116945afed1980852d2ba37cc3c08504d3e297b430e98a267fe",
  "coords_stats": {
    "shape": [
      99,
      3
    ],
    "size": 297,
    "min": -32.97200012207031,
    "max": 42.448001861572266,
    "mean": 8.39622561457984,
    "std": 25.332519125672277
  }
}