{
  "count": 100,
  "ids_hash": "f322957fb8ac56f2af78f6c73eab1bd5f211a27618ecd18a29d14d5a78d47a64",
  "coords_hash": "0619b481fba10527ebef4e59eec4cbf56f9a90b3d70b7e84d2f1d2f47d6e01e6",
  "coords_stats": {
    "shape": [
      100,
      3
    ],
    "size": 300,
    "min": -25.97100067138672,
    "max": 73.58399963378906,
    "mean": 19.466816681226096,
    "std": 36.047571850352185
  }
}