MODEL,PRED_DOCKQ
1U7I,0.8733823
1U7I_af2m,0.83087474
