{
  "count": 102,
  "ids_hash": "8751a75e9f0cf2ac4ada46619fb8bc37d0fd249c848f5cc3bc28bcc7f3a6e11b",
  "coords_hash": "18a36f049dc872bca9938bbde12aef6fd0cb1535e5b339f26f010e5bdda55f47",
  "coords_stats": {
    "shape": [
      102,
      3
    ],
    "size": 306,
    "min": -20.5939998626709,
    "max": 13.640000343322754,
    "mean": -3.896480390832461,
    "std": 8.483638340586175
  }
}