MODEL,PRED_DOCKQ
4XKL_af2m,0.65424454
4XKL,0.0010740161
