{
  "count": 53,
  "ids_hash": "b02a5e60c8902dbb6e896a248f3f5d4bd009bae3ec2be5a770c01cdf2de33a41",
  "coords_hash": "ba39e7e1e9bdf64050cc5cfdbcdd561384a00220c1da400187ebaf9b96415f87",
  "coords_stats": {
    "shape": [
      53,
      3
    ],
    "size": 159,
    "min": 6.24399995803833,
    "max": 62.433998107910156,
    "mean": 28.859238984449853,
    "std": 19.9031378435924
  }
}