{
  "hash": "9849e9e91296efdbfdaaf7dc8fb1be3797d5510b8f0a6cfa95ef2a1f75b78b88",
  "stats": {
    "shape": [
      83,
      83
    ],
    "size": 6889,
    "min": 0.0,
    "max": 15.486725663919584,
    "mean": 8.041494537357329,
    "std": 3.181422415368301
  }
}