{
  "count": 77,
  "ids_hash": "a5f29a88269319d2278d24b4edf3be4da46ff566a7bba141ce3982f619641116",
  "coords_hash": "b3a6156c52321189643e6cfccd7033c309256bb359c1970dd0a8ee69a460df34",
  "coords_stats": {
    "shape": [
      77,
      3
    ],
    "size": 231,
    "min": -12.652000427246094,
    "max": 17.82200050354004,
    "mean": 0.030454535085659522,
    "std": 8.4937120237894
  }
}