{
  "count": 96,
  "ids_hash": "e3b148181270c45254639d8ed029da7487316af02296d633d20ee104a8583247",
  "coords_hash": "cfce5c9d8ada1ed0224c487e2e9fda63af10bb6707c7989610d8294cbb769f67",
  "coords_stats": {
    "shape": [
      96,
      3
    ],
    "size": 288,
    "min": -6.946000099182129,
    "max": 36.65800094604492,
    "mean": 14.045267370632953,
    "std": 12.990959525168725
  }
}