{
  "hash": "903f6702d7ff8665e79b21ca1c81bc4278e2d86c028c513113909a08ddf26baa",
  "stats": {
    "shape": [
      95,
      95
    ],
    "size": 9025,
    "min": 0.0,
    "max": 14.903212373616286,
    "mean": 7.398653502607371,
    "std": 2.9467935795527893
  }
}