{
  "count": 106,
  "ids_hash": "38180c3007a88a4dc5b80551861ed4034df53f9442945055ec4a141dc34d39ab",
  "coords_hash": "54ccc432912a3ed37345ca402f251b480a745b9cd3333de2c5acdab53eab9f3a",
  "coords_stats": {
    "shape": [
      106,
      3
    ],
    "size": 318,
    "min": -28.15399932861328,
    "max": 2.2309999465942383,
    "mean": -14.478698080534455,
    "std": 7.854366326686997
  }
}