{
  "hash": "03d8fb796da297fa2f5185b440f7ab13648a22c209c23000c65a35acbfa3d200",
  "stats": {
    "shape": [
      90,
      90
    ],
    "size": 8100,
    "min": 0.0,
    "max": 15.56520260899597,
    "mean": 7.887511942375016,
    "std": 3.1971973559028073
  }
}