MODEL,PRED_DOCKQ
5VLG_af2m,0.8862909
5VLG,0.83801204
