{
  "f0_hash": "a8a741cf14c1c3495f11f7b23f436f7ed612a1757dc46417d06fae5a0487b275",
  "f1_hash": "06065a80c552233870e7d57a5d1ab9f853b7a1fe3053880a100e6af5d0d31ea8",
  "f0_stats": {
    "shape": [
      5
    ],
    "size": 5,
    "min": 0.46321690837458895,
    "max": 119.73626446023022,
    "mean": 25.327203375498115,
    "std": 47.21716124964822
  },
  "f1_stats": {
    "shape": [
      15
    ],
    "size": 15,
    "min": 0.012237469536045431,
    "max": 326.1116392777864,
    "mean": 45.51465713709936,
    "std": 104.0287266666926
  }
}