{
  "f0_hash": "248616ee50e00810e63631057f1436f194c54ba9f88ac515c6bd7d84e3be0d5f",
  "f1_hash": "bff53d35d418ab767caa2084b4b8ef1bf5d67840e1a4f118e6c451ed53ac7270",
  "f0_stats": {
    "shape": [
      5
    ],
    "size": 5,
    "min": 0.5518724234601001,
    "max": 163.98133793494551,
    "mean": 34.15739214192645,
    "std": 64.91913081662217
  },
  "f1_stats": {
    "shape": [
      15
    ],
    "size": 15,
    "min": 0.010215012258087963,
    "max": 468.9805825134118,
    "mean": 64.83518365055039,
    "std": 148.134443045728
  }
}