{
  "count": 108,
  "ids_hash": "2803e60d8da90fcd7e7c7bce459e5f6c2ca3257b9576328e1f87dab6296359ca",
  "coords_hash": "9a51df6e18b232df37e0276ebe91062e3dc6c8fd39c5da587e6fd6b70a44dff7",
  "coords_stats": {
    "shape": [
      108,
      3
    ],
    "size": 324,
    "min": -33.198001861572266,
    "max": 9.031999588012695,
    "mean": -11.96546295862415,
    "std": 11.603097756148037
  }
}