{
  "f0_hash": "b27e1ebf69f74695ee7527fd24608b6cfaf99f827b6933311c4d95965373eea4",
  "f1_hash": "c761f61918d61fba5e111fb1aa3e131bbedd3cde8c7e9cd38f8b183cb1fb9318",
  "f0_stats": {
    "shape": [
      5
    ],
    "size": 5,
    "min": 0.7775521550450114,
    "max": 122.6557489288351,
    "mean": 26.214385128132584,
    "std": 48.2402598084556
  },
  "f1_stats": {
    "shape": [
      15
    ],
    "size": 15,
    "min": 0.010988078096122234,
    "max": 375.4259681769009,
    "mean": 55.08639904493783,
    "std": 118.06309324004485
  }
}