{
  "hash": "2e9b48e86eb84685d8e14fac6c947198bab713c7c154ec462f6d16d9f5c112f1",
  "stats": {
    "shape": [
      37,
      37
    ],
    "size": 1369,
    "min": 0.0,
    "max": 14.2212666478569,
    "mean": 6.371916677812836,
    "std": 2.8779327722286494
  }
}