{
  "hash": "347b58a143ad56b42fc63dd83c7fd848f091c57597d38ca823f75e186a7b99e7",
  "stats": {
    "shape": [
      104,
      104
    ],
    "size": 10816,
    "min": 0.0,
    "max": 15.70612314115906,
    "mean": 8.23308565370342,
    "std": 3.1436235741224756
  }
}