{
  "count": 207,
  "ids_hash": "69d8e333a636a7ab2649e4385d66eb73559bb176f95c7312c54ab42d02390c47",
  "coords_hash": "7a870ae02bf74e02fcf7147de2d4df6a1839ea65da80b82316b1574147046989",
  "coords_stats": {
    "shape": [
      207,
      3
    ],
    "size": 621,
    "min": -22.645999908447266,
    "max": 7.4629998207092285,
    "mean": -10.156563595638817,
    "std": 7.902940476481254
  }
}