{
  "count": 110,
  "ids_hash": "0f84f1d17bd9030512d30c900820d9a93355e8bd57ccc139160f236a614f0f3c",
  "coords_hash": "8f7f026cc29e753fc85c51f4bafcd7e96a5711be12b912f7c0ac34d30862c6a5",
  "coords_stats": {
    "shape": [
      110,
      3
    ],
    "size": 330,
    "min": -56.387001037597656,
    "max": -5.0329999923706055,
    "mean": -29.09198180689956,
    "std": 16.022369957535687
  }
}