{
  "count": 107,
  "ids_hash": "7aa1d9a1a55ea46ceba0472f39aa4eddd3dd0e9d6a9f12fb7588b343a1d81eec",
  "coords_hash": "d1774ec31d7a70cb828a41ac2cc55741505db9020acf2ad31909ffb76872ca5d",
  "coords_stats": {
    "shape": [
      107,
      3
    ],
    "size": 321,
    "min": -16.003000259399414,
    "max": 53.358001708984375,
    "mean": 10.374604369574618,
    "std": 26.16624086163747
  }
}