{
  "hash": "8a4e6d9583140465174806b88a970d9bf28b77514cf8475ef957898f0bcd0d4e",
  "stats": {
    "shape": [
      46,
      46
    ],
    "size": 2116,
    "min": 0.0,
    "max": 15.361121441475262,
    "mean": 6.452304826481844,
    "std": 3.0554514844655656
  }
}