{
  "hash": "22de8534ef47748f2abc17a7fcf574ec6e18b09251e348477759e23c7dcda4c2",
  "stats": {
    "shape": [
      114,
      114
    ],
    "size": 12996,
    "min": 0.0,
    "max": 15.404617742150814,
    "mean": 8.181697778984104,
    "std": 3.1383797920718948
  }
}