{
  "hash": "4827192136c947c8c9d506fbac55f3e23753cb7a5499ecb8e22462d3fa81f7e6",
  "stats": {
    "shape": [
      46,
      46
    ],
    "size": 2116,
    "min": 0.0,
    "max": 13.19932807607115,
    "mean": 6.109602983292071,
    "std": 2.6647299504475095
  }
}