MODEL,PRED_DOCKQ
3LB5,0.9117119
3LB5_af2m,0.8743053
