{
  "count": 100,
  "ids_hash": "74e86f9fab46e6c60d6230a815f061de2b6401138db36b4fefaa8f0d4262e6f2",
  "coords_hash": "fdf58730bd78392f90754c1f3728db7f163a851776017bea40fe729a5ac50540",
  "coords_stats": {
    "shape": [
      100,
      3
    ],
    "size": 300,
    "min": -6.9730000495910645,
    "max": 111.23600006103516,
    "mean": 45.80151999220252,
    "std": 43.92075295260605
  }
}