{
  "f0_hash": "3e8bb7e147982769b31998c8bb2b819e1da5effc6a58c48e0419d7fecb39c0ee",
  "f1_hash": "f8eb7361637e4bed455ca2202d851b59da05b0497eb349ba13e9f9bbe4447922",
  "f0_stats": {
    "shape": [
      5
    ],
    "size": 5,
    "min": 0.427107517574213,
    "max": 127.20581753098932,
    "mean": 26.80190809912167,
    "std": 50.212866558306466
  },
  "f1_stats": {
    "shape": [
      15
    ],
    "size": 15,
    "min": 0.011273288693213424,
    "max": 354.35816904654524,
    "mean": 50.47304619501874,
    "std": 112.56822550425176
  }
}