MODEL,PRED_DOCKQ
3RNQ_af2m,0.39048475
3RNQ,0.37369922
