{
  "count": 102,
  "ids_hash": "70cdac88809cd706128d4afa46d841df73de3a6109afffc311cdc7caf00abc61",
  "coords_hash": "829b3f9db4982f3436056d0268562cda6fe9413db0583c171a32b430c8b8c42b",
  "coords_stats": {
    "shape": [
      102,
      3
    ],
    "size": 306,
    "min": -16.29400062561035,
    "max": 49.345001220703125,
    "mean": 13.963973868126963,
    "std": 21.701652582032004
  }
}