MODEL,PRED_DOCKQ
2FMM_af2m,0.04262217
2FMM,0.0028201106
