{
  "f0_hash": "625326843cce4717c6b236c122c706081bb948a46d996cd451caa18c2a66527d",
  "f1_hash": "c5d45a998bb22d6ccf012dc87c405b565879bdc2355904aa3453ec507cbab5fa",
  "f0_stats": {
    "shape": [
      5
    ],
    "size": 5,
    "min": 0.4589056065369488,
    "max": 144.80352495850968,
    "mean": 30.531528247596857,
    "std": 57.15399950168067
  },
  "f1_stats": {
    "shape": [
      15
    ],
    "size": 15,
    "min": 0.010414389357432441,
    "max": 426.2911567656882,
    "mean": 59.17728465588689,
    "std": 136.0300707222159
  }
}