{
  "f0_hash": "9d4002a88f4485cae9bfd0d862875834cce1924ce0bccfc1159ca2d24fc6e707",
  "f1_hash": "6209f015138f1d8d5a29287c86496f9ac9fb47e1c29dda1fd2d32f008b776928",
  "f0_stats": {
    "shape": [
      5
    ],
    "size": 5,
    "min": 0.44500165266965336,
    "max": 136.45639262550986,
    "mean": 28.67931454730793,
    "std": 53.89959196397396
  },
  "f1_stats": {
    "shape": [
      15
    ],
    "size": 15,
    "min": 0.010480449486032661,
    "max": 330.94428456466113,
    "mean": 46.8377687035388,
    "std": 104.39540392446963
  }
}