{
  "f0_hash": "741c89cee14b29f939a0604f0be0f4bb177f1a9bbdd4b5c7f1c5f13b1f8b8d10",
  "f1_hash": "4c59e7e6296a05ad9f74875de45a1881fa058fe3a3dbbceae4247b6c4ea3ff64",
  "f0_stats": {
    "shape": [
      5
    ],
    "size": 5,
    "min": 0.5017176118853967,
    "max": 158.58680708608992,
    "mean": 33.126556668945945,
    "std": 62.73954377957572
  },
  "f1_stats": {
    "shape": [
      15
    ],
    "size": 15,
    "min": 0.01011143571191453,
    "max": 463.7007115754424,
    "mean": 64.26110087489987,
    "std": 147.46840751205843
  }
}