{
  "hash": "950eb7085259f3cb59e7b7b4d799485e9681cb398abc614224147ddf92f07a36",
  "stats": {
    "shape": [
      105,
      105
    ],
    "size": 11025,
    "min": 0.0,
    "max": 15.288531870248049,
    "mean": 7.993887469328239,
    "std": 3.0495258519828146
  }
}