{
  "count": 75,
  "ids_hash": "16e6189d45f16b495b55c6a407b1d1336795491644cacc38b811b6cef735a913",
  "coords_hash": "5853a6b0f7eb35989e15321e465393ebe275bf21b1252a904e22d788e1a483ba",
  "coords_stats": {
    "shape": [
      75,
      3
    ],
    "size": 225,
    "min": -0.7950000166893005,
    "max": 31.652999877929688,
    "mean": 13.18365329504013,
    "std": 9.046045369246952
  }
}