MODEL,PRED_DOCKQ
3K40_af2m,0.8209993
3K40,0.7974586
