{
  "f0_hash": "b7739a4f7a0b682e6d0b8192d138b6483de6d78c506f4d58275ebb8349cea7f2",
  "f1_hash": "4aaecfd9b70366caa00bde7998056fe77a93aa9e55a7f78baf0b82aa412b92c9",
  "f0_stats": {
    "shape": [
      5
    ],
    "size": 5,
    "min": 0.37630649072530953,
    "max": 257.01229348022673,
    "mean": 52.487357969364325,
    "std": 102.26788983117241
  },
  "f1_stats": {
    "shape": [
      15
    ],
    "size": 15,
    "min": 0.0100642778732154,
    "max": 593.3600690164869,
    "mean": 80.95209765669713,
    "std": 186.12091534925014
  }
}