{
  "hash": "49079589321cb60982560aec7fb280b8a5708a201114be500bf27920070a7d03",
  "stats": {
    "shape": [
      93,
      93
    ],
    "size": 8649,
    "min": 0.0,
    "max": 15.809359880047818,
    "mean": 7.723822345027739,
    "std": 3.0921444630218344
  }
}