{
  "hash": "2562d63ebe920421dc03e365c5c758805e1f1e502d7e4f20cb535e535162510f",
  "stats": {
    "shape": [
      87,
      87
    ],
    "size": 7569,
    "min": 0.0,
    "max": 15.33571269311219,
    "mean": 7.718290504336263,
    "std": 3.0290876786611007
  }
}