MODEL,PRED_DOCKQ
1OI6_af2m,0.8639029
1OI6,0.8468691
