{
  "count": 104,
  "ids_hash": "63820b7976f51bd4c907fa94230e36ad3771f0d0462456d83c6e7a96f024f8e4",
  "coords_hash": "1b744130159ed124778a862b859217c96dc26de42642131cc1d3c99be6dff1b8",
  "coords_stats": {
    "shape": [
      104,
      3
    ],
    "size": 312,
    "min": -21.16200065612793,
    "max": 30.736000061035156,
    "mean": 10.3245416757388,
    "std": 17.92141636028877
  }
}