MODEL,PRED_DOCKQ
2WU9,0.86007655
2WU9_af2m,0.85686177
