{
  "hash": "37be8510022ca8e6eacf609571d06bede6011ccada4d7ebe0fc93124995e4f17",
  "stats": {
    "shape": [
      67,
      67
    ],
    "size": 4489,
    "min": 0.0,
    "max": 14.964035958228324,
    "mean": 6.712700663033586,
    "std": 2.915745240562117
  }
}