{
  "f0_hash": "f99329919e5bcce1246d82543397f4f26e0d5005a5ffc247c828b14e499405a8",
  "f1_hash": "90838afca159be53ddfe4019a3f3ffd999cc2a6e8561e14ee932ae39f7cf26b6",
  "f0_stats": {
    "shape": [
      5
    ],
    "size": 5,
    "min": 0.6016159173323644,
    "max": 133.84807235269895,
    "mean": 28.27647305959382,
    "std": 52.799110917013216
  },
  "f1_stats": {
    "shape": [
      15
    ],
    "size": 15,
    "min": 0.01054770023185192,
    "max": 376.955998408843,
    "mean": 52.49877066811095,
    "std": 120.26029920143593
  }
}