{
  "hash": "242667ddc98c3484188fadf658eb52bcd3d2891ca2228ea7bc225342a1510ffa",
  "stats": {
    "shape": [
      195,
      195
    ],
    "size": 38025,
    "min": 0.0,
    "max": 15.636384136126026,
    "mean": 8.06622082526298,
    "std": 3.0539300342172706
  }
}