{
  "count": 74,
  "ids_hash": "e37e33831ba55e66357d2b6cea643302c13f21f5e9e52ae1c336784625dcfd98",
  "coords_hash": "334643c00982284a8fc934c7715765d98892d238b2241484fea2358fa434b61c",
  "coords_stats": {
    "shape": [
      74,
      3
    ],
    "size": 222,
    "min": -18.099000930786133,
    "max": 17.774999618530273,
    "mean": 1.6028873849290985,
    "std": 8.935454499537718
  }
}