{
  "hash": "d109eb0f8d7131a623b5e267fb43379594ef800041291268828af7a438968af7",
  "stats": {
    "shape": [
      109,
      109
    ],
    "size": 11881,
    "min": 0.0,
    "max": 15.287701528448332,
    "mean": 7.824499015818857,
    "std": 3.007018985286847
  }
}