{
  "count": 106,
  "ids_hash": "93a97eb49becaa2ae9a7084cf6d0eff0774e522bd7bfe0ccad802080904b5d87",
  "coords_hash": "2f28f560fb8713a267dae7bbe237bc8ab28ad151d817a7e65d4cf6963c1f30b3",
  "coords_stats": {
    "shape": [
      106,
      3
    ],
    "size": 318,
    "min": -5.570000171661377,
    "max": 54.099998474121094,
    "mean": 17.293022033477307,
    "std": 21.19692058298757
  }
}