MODEL,PRED_DOCKQ
4ZOS_af2m,0.8934393
4ZOS,0.83001226
