{
  "count": 117,
  "ids_hash": "1937b962af7b7724331823300fd7f67401d2cf38c9d9d2d00d484f3b23afa0a9",
  "coords_hash": "2f920b8530966364598d7111b384a8df5f9e7c73fd1cac84a1c0ab0312e11175",
  "coords_stats": {
    "shape": [
      117,
      3
    ],
    "size": 351,
    "min": -4.425000190734863,
    "max": 96.4749984741211,
    "mean": 38.31377204679526,
    "std": 37.15031671475867
  }
}