MODEL,PRED_DOCKQ
2OD4_af2m,0.8641152
2OD4,0.80207354
