{
  "hash": "dda07a81f64892ab8a2a547186e606ff76a0afaea01f13b0f4b479070db5d949",
  "stats": {
    "shape": [
      69,
      69
    ],
    "size": 4761,
    "min": 0.0,
    "max": 15.368312932743398,
    "mean": 7.2118547229772725,
    "std": 3.0814891762624304
  }
}