MODEL,PRED_DOCKQ
1WOV_af2m,0.42211166
1WOV,0.16029394
