{
  "count": 88,
  "ids_hash": "971289d0eadc08633344af3f5cb737bbd289e6d1d4bc55070613b16b2f394180",
  "coords_hash": "0eba765bca3f492cb63ba1c355a529761a1f1007187f897ae2526763a29303b9",
  "coords_stats": {
    "shape": [
      88,
      3
    ],
    "size": 264,
    "min": -22.031999588012695,
    "max": 37.138999938964844,
    "mean": 2.2542310492558912,
    "std": 21.23185650339934
  }
}