{
  "hash": "7a26c86b483b093ca3f58a49916765096472968ec5f72d1d30b2c4d06c83e76f",
  "stats": {
    "shape": [
      104,
      104
    ],
    "size": 10816,
    "min": 0.0,
    "max": 15.738711698758578,
    "mean": 7.974324408336626,
    "std": 3.0236090713887185
  }
}