{
  "count": 107,
  "ids_hash": "d72077bf7512a2ac8bfa9b889ccfe54e16c1f00fe3cbfbedb41872d4fc4b77f8",
  "coords_hash": "4fca67f21339a2fae3a672a6a90de30000bba0005736573696b06e9e95b8fefd",
  "coords_stats": {
    "shape": [
      107,
      3
    ],
    "size": 321,
    "min": -50.2140007019043,
    "max": 62.38999938964844,
    "mean": 14.56471657678717,
    "std": 41.42906816159272
  }
}