{
  "f0_hash": "c77ccf28e58a10d3cdaf666836fbbdd2e0196e7729627f6384b21d1d0e293447",
  "f1_hash": "1301722d773b93789d0a41570d234de80798be9dced886a49d714cc9026d6a0a",
  "f0_stats": {
    "shape": [
      5
    ],
    "size": 5,
    "min": 0.6165661494063496,
    "max": 103.22750084041917,
    "mean": 22.39489829984605,
    "std": 40.44971837546763
  },
  "f1_stats": {
    "shape": [
      15
    ],
    "size": 15,
    "min": 0.021974141022427673,
    "max": 198.17647900719533,
    "mean": 28.851421546595528,
    "std": 62.11656732701718
  }
}