{
  "count": 110,
  "ids_hash": "f5dfc12b05ced674c3080b6dfa626497636b731e5979bed386ac53388f9e7ab1",
  "coords_hash": "7cca070957fba6e317852d65bc4aaffe533df36d70408d52adab58e53c421d18",
  "coords_stats": {
    "shape": [
      110,
      3
    ],
    "size": 330,
    "min": -18.922000885009766,
    "max": 41.935001373291016,
    "mean": 14.073478802767667,
    "std": 19.911401241966928
  }
}