{
  "hash": "c11c14563bbc4b292b0fa7498106cb10ce71b28024e4de8e6f1d49a52dd022f8",
  "stats": {
    "shape": [
      79,
      79
    ],
    "size": 6241,
    "min": 0.0,
    "max": 15.57051126115096,
    "mean": 8.000289918312598,
    "std": 3.2165483484589177
  }
}