{
  "hash": "e772cf5ae7ed0749e173a88546b3da9896dcde58261d6b3deba30d4116af6b86",
  "stats": {
    "shape": [
      110,
      110
    ],
    "size": 12100,
    "min": 0.0,
    "max": 15.563246292576963,
    "mean": 8.152190325774834,
    "std": 3.139970271975629
  }
}