{
  "f0_hash": "8f50a0a019df094514f89228344c438547b1f35f45b321c32f7ad12f0f580275",
  "f1_hash": "4fd2186aa892b25d85a7951f1d0d29c9f0cd0403848c08169117f6646752020f",
  "f0_stats": {
    "shape": [
      5
    ],
    "size": 5,
    "min": 0.4016277476045174,
    "max": 129.11788891092513,
    "mean": 27.189054581380322,
    "std": 50.97578940980092
  },
  "f1_stats": {
    "shape": [
      15
    ],
    "size": 15,
    "min": 0.012187544597907163,
    "max": 336.5848672295829,
    "mean": 47.42406542987534,
    "std": 107.11461053625864
  }
}