{
  "count": 61,
  "ids_hash": "63666acad0ee7df21749909312e4d42e1ca34cbb85253f95bee5c7f6c1bb1669",
  "coords_hash": "2bb9e9c266e37add28eef165144576694311dabf02db311ef6133d3d0e79b92f",
  "coords_stats": {
    "shape": [
      61,
      3
    ],
    "size": 183,
    "min": -40.48400115966797,
    "max": 1.2699999809265137,
    "mean": -14.73316939394982,
    "std": 13.090505193153962
  }
}