{
  "count": 69,
  "ids_hash": "c9facdecf7a8457b6153bc11e17dda22cd2b7e7188b7e1c0f1bfd86bf67443fa",
  "coords_hash": "19121c6b9e33b14629f0216bafa304608fdb1678ca670b00efb50fd7e06c0501",
  "coords_stats": {
    "shape": [
      69,
      3
    ],
    "size": 207,
    "min": -17.347999572753906,
    "max": 11.918000221252441,
    "mean": -2.374975845685616,
    "std": 7.739460620835008
  }
}