{
  "hash": "21e3703a813a27872f783d7ad80ae3cd74b259b158e9def32edc31b6fae645e5",
  "stats": {
    "shape": [
      96,
      96
    ],
    "size": 9216,
    "min": 0.0,
    "max": 15.700050230010545,
    "mean": 8.193599681262242,
    "std": 3.1996795819397192
  }
}