MODEL,PRED_DOCKQ
5FFX_af2m,0.84050304
5FFX,0.79671705
