MODEL,PRED_DOCKQ
4HR1_af2m,0.6350154
4HR1,0.5091919
