{
  "hash": "eafa6a2a32114d2e65a15616a7bc3546d04f0ffe80c815995434bd7857331701",
  "stats": {
    "shape": [
      93,
      93
    ],
    "size": 8649,
    "min": 0.0,
    "max": 15.510667845390694,
    "mean": 7.838589510052028,
    "std": 3.069274998489883
  }
}