MODEL,PRED_DOCKQ
3AJF_af2m,0.88375217
3AJF,0.015826952
