{
  "f0_hash": "7a85de83f145b45f14382299da4052d24cd842e544833b843c5033065b42dfee",
  "f1_hash": "c979bc0f807f9ba2f1416c26cac1d7bd1f0bf5642d2abf7edc0a926e23b0562e",
  "f0_stats": {
    "shape": [
      5
    ],
    "size": 5,
    "min": 0.5526474788467408,
    "max": 123.14768136695467,
    "mean": 26.04228778488902,
    "std": 48.56390982250732
  },
  "f1_stats": {
    "shape": [
      15
    ],
    "size": 15,
    "min": 0.01198572244379359,
    "max": 332.632363797579,
    "mean": 46.740805064820314,
    "std": 105.82048610740732
  }
}