{
  "count": 127,
  "ids_hash": "feeca77819acba3e46bb8b6ad2f8a5e7d29ead3400c1ce1a4c5df2296439583e",
  "coords_hash": "a42b0d7ee461bd53c6185eea17d28a8b29d5a67bc4461cfca4acb438694bd3d1",
  "coords_stats": {
    "shape": [
      127,
      3
    ],
    "size": 381,
    "min": -1.5720000267028809,
    "max": 35.92399978637695,
    "mean": 19.760354373672502,
    "std": 10.584295883300754
  }
}