{
  "f0_hash": "a36d75a6279206af0f7430ca57677a15852c46571e83133afbb5bb9e3884a878",
  "f1_hash": "ff9394bf7cf200bd2cc4c368b26639860f329b7fce1631eea92e63555fee82bb",
  "f0_stats": {
    "shape": [
      5
    ],
    "size": 5,
    "min": 0.5148896656637665,
    "max": 184.90528000602583,
    "mean": 38.384768239512724,
    "std": 73.26784824674621
  },
  "f1_stats": {
    "shape": [
      15
    ],
    "size": 15,
    "min": 0.010385018780665334,
    "max": 634.9922668680817,
    "mean": 87.071171508942,
    "std": 202.662025357802
  }
}