{
  "f0_hash": "2ccf5a0863b4841147d586befd463deeaefc3e97d6a5a53f237a50724194f6ab",
  "f1_hash": "b93809290b2aacf0395fbe9df428a27588c0c1b36554db694d7af40eae8cd51d",
  "f0_stats": {
    "shape": [
      5
    ],
    "size": 5,
    "min": 0.5622770863451687,
    "max": 168.43228223133465,
    "mean": 35.14341083122293,
    "std": 66.65364739158872
  },
  "f1_stats": {
    "shape": [
      15
    ],
    "size": 15,
    "min": 0.010381450640837286,
    "max": 501.4049344930054,
    "mean": 68.91871377153362,
    "std": 158.24112837940072
  }
}