MODEL,PRED_DOCKQ
3C3P_af2m,0.86916775
3C3P,0.48988646
