MODEL,PRED_DOCKQ
4WEM_af2m,0.8120415
4WEM,0.0012720338
