MODEL,PRED_DOCKQ
2R78_af2m,0.90796256
2R78,0.8426219
