{
  "count": 86,
  "ids_hash": "1e14f145fa65d97981bf407b582a9f4767f6b248581f26654d3a9111df8d174a",
  "coords_hash": "69262203ba0d8056bb3c79e38363cbe6459ddc3b789114e91575eeac90390a5b",
  "coords_stats": {
    "shape": [
      86,
      3
    ],
    "size": 258,
    "min": -17.016000747680664,
    "max": 32.54100036621094,
    "mean": 10.16736043978107,
    "std": 14.788973942367848
  }
}