{
  "hash": "b226d12841f7512098d3af8a4d52c13758907a2a9fa14e27b85d4b51b310ffb7",
  "stats": {
    "shape": [
      93,
      93
    ],
    "size": 8649,
    "min": 0.0,
    "max": 15.505200450748562,
    "mean": 7.811463546877815,
    "std": 3.084260458695852
  }
}