MODEL,PRED_DOCKQ
5N06,0.27398327
5N06_af2m,0.10016669
