{
  "hash": "b5665d01c30b9915c2ef23505dbfa411fb4e1ba81aa824c64f64254d3e09c7b6",
  "stats": {
    "shape": [
      113,
      113
    ],
    "size": 12769,
    "min": 0.0,
    "max": 15.773078107052024,
    "mean": 8.079487309866952,
    "std": 3.059819577557194
  }
}