{
  "f0_hash": "96d066e421045a4f470a2fbe38150db7d875127d7f753fe780a4f7dd2b4aa5ec",
  "f1_hash": "75ddc723a071431d576a27cbcb4ba8299bb874c9d4922e484a098055982d3b76",
  "f0_stats": {
    "shape": [
      5
    ],
    "size": 5,
    "min": 0.28875868938095095,
    "max": 126.42966163941912,
    "mean": 26.366818009078422,
    "std": 50.04092306515051
  },
  "f1_stats": {
    "shape": [
      15
    ],
    "size": 15,
    "min": 0.01050546846404421,
    "max": 293.57522707160564,
    "mean": 41.32508581314448,
    "std": 93.44254402744086
  }
}