{
  "count": 99,
  "ids_hash": "297bf57f76003c822c559ea259f590b7d1952d8bad8d10b88034ba2ed19ae66c",
  "coords_hash": "99755f52a137a971803d74a350e29b2e20b0b3c7cb30505ffcd1a42b10708c30",
  "coords_stats": {
    "shape": [
      99,
      3
    ],
    "size": 297,
    "min": -24.01799964904785,
    "max": 43.12699890136719,
    "mean": 2.8660403622521295,
    "std": 24.510921136958316
  }
}