{
  "f0_hash": "e1eaf2489e585548b081aa849b553910403965e139f6d54b6cf33cd3175b8b8d",
  "f1_hash": "0af4ab369a8e9aa955e00241581be932bf8259050258bbcc93764511eaf658eb",
  "f0_stats": {
    "shape": [
      5
    ],
    "size": 5,
    "min": 0.6725275008789238,
    "max": 123.25182651468485,
    "mean": 26.357352507876833,
    "std": 48.47135214136836
  },
  "f1_stats": {
    "shape": [
      15
    ],
    "size": 15,
    "min": 0.010658905775641436,
    "max": 305.1994086133195,
    "mean": 43.709182887123085,
    "std": 95.87175752732813
  }
}