{
  "hash": "6f13121fa5c13238d419e615a63899395ca604c4d52789775822ec65231ce28e",
  "stats": {
    "shape": [
      171,
      171
    ],
    "size": 29241,
    "min": 0.0,
    "max": 15.58781103360837,
    "mean": 7.5988888291753875,
    "std": 2.9411035209113208
  }
}