{
  "hash": "bb7adc200207a39315649a3a108ed010e214172098c418251f38be0a97f3729c",
  "stats": {
    "shape": [
      100,
      100
    ],
    "size": 10000,
    "min": 0.0,
    "max": 15.49217195471639,
    "mean": 7.82388650312724,
    "std": 3.0119482384328604
  }
}