{
  "f0_hash": "170f6959d8ba5f2d36ec3020d2565c343ca8d283598c4948a1ef1910e130f69d",
  "f1_hash": "df37b6800aa8853d9579d97d389b67a5f2a1611830e91a1baad58e0a39c8c092",
  "f0_stats": {
    "shape": [
      5
    ],
    "size": 5,
    "min": 0.42324828378280066,
    "max": 177.19308602786822,
    "mean": 36.71823325240553,
    "std": 70.245587702853
  },
  "f1_stats": {
    "shape": [
      15
    ],
    "size": 15,
    "min": 0.010229186185955363,
    "max": 556.7176332284965,
    "mean": 76.29443510113104,
    "std": 177.0649959196172
  }
}