MODEL,PRED_DOCKQ
6AM7,0.88430375
6AM7_af2m,0.83950204
