{
  "f0_hash": "4157b39d521cc35114d955f6a07089cdf98697b2a27ed4fbb993c2ca164ad304",
  "f1_hash": "e04f8918d8bda1af8c21131f3b411d22e3926ec7daf13f9e83c119660eccd9f8",
  "f0_stats": {
    "shape": [
      5
    ],
    "size": 5,
    "min": 0.41734485608265137,
    "max": 155.83337004629476,
    "mean": 32.587677167351934,
    "std": 61.63429139108329
  },
  "f1_stats": {
    "shape": [
      15
    ],
    "size": 15,
    "min": 0.011225645615617452,
    "max": 436.4045398068518,
    "mean": 60.808720882062765,
    "std": 138.12547661439828
  }
}