{
  "count": 90,
  "ids_hash": "0e045c8ab977f43aea4da214a74d1b0fe3baaeb7d33b6ca49537b93972cf8390",
  "coords_hash": "295cad67d21c10b90159bf56279469d06e1ffcea512c2a87a1f93a32e3be9183",
  "coords_stats": {
    "shape": [
      90,
      3
    ],
    "size": 270,
    "min": 17.06599998474121,
    "max": 92.63400268554688,
    "mean": 48.854585287306044,
    "std": 27.23226444455421
  }
}