{
  "hash": "3a9dff5670c70a54516c1faebeb46ad07bd233bd5528c8349dd58e6e7a009c44",
  "stats": {
    "shape": [
      65,
      65
    ],
    "size": 4225,
    "min": 0.0,
    "max": 15.484804517234009,
    "mean": 7.0794921491383995,
    "std": 2.9848634824915345
  }
}