{
  "hash": "2c3cd578ccd3567b4e4ca57cfd391a7058d23c489a8a3ed9c7d45c8116cddcdf",
  "stats": {
    "shape": [
      59,
      59
    ],
    "size": 3481,
    "min": 0.0,
    "max": 14.57928621746136,
    "mean": 6.393776377361677,
    "std": 2.704837410628199
  }
}