{
  "count": 122,
  "ids_hash": "046135640671f5e7dfba38966cc995a86731fd53933fb5ab7c9308bc4cf0fff3",
  "coords_hash": "c36276317f1c8acc2d5db51ac6c55c99344f682f85d65866e976b83229ed2556",
  "coords_stats": {
    "shape": [
      122,
      3
    ],
    "size": 366,
    "min": 4.614999771118164,
    "max": 39.930999755859375,
    "mean": 23.929325155873116,
    "std": 9.240949378401545
  }
}