{
  "f0_hash": "ad6cffdce76cd0e4ddd29f5d19e9e16873acacac26de26d5a0417b5032f983b7",
  "f1_hash": "83246ee1cb60c714d14293f55d7b8e7986fd74a15d91a99e0eff2943a3e0006a",
  "f0_stats": {
    "shape": [
      5
    ],
    "size": 5,
    "min": 0.42664580647766925,
    "max": 82.3881883413869,
    "mean": 17.860440267318296,
    "std": 32.28246012902911
  },
  "f1_stats": {
    "shape": [
      15
    ],
    "size": 15,
    "min": 0.01595986575082975,
    "max": 142.4152260467724,
    "mean": 21.310504832882035,
    "std": 44.535673461951895
  }
}