{
  "hash": "22d69a6e13724f32cc62d29ec5b70d2cfb127d164fd4fa8a32eb539174c8ebae",
  "stats": {
    "shape": [
      33,
      33
    ],
    "size": 1089,
    "min": 0.0,
    "max": 14.141790381696135,
    "mean": 6.181890149505645,
    "std": 3.0624795557994733
  }
}