{
  "f0_hash": "4a3f9df7b68ac8d8338df7cc410d860f7dfbc3fc0e2952a9f422a51305be7c77",
  "f1_hash": "21f6ba54a7edea777300b891ccba1574f6ad76add02cd3f1cd1d268ca106da93",
  "f0_stats": {
    "shape": [
      5
    ],
    "size": 5,
    "min": 0.3272179020460102,
    "max": 103.76582909736582,
    "mean": 21.96174305463816,
    "std": 40.911506241732134
  },
  "f1_stats": {
    "shape": [
      15
    ],
    "size": 15,
    "min": 0.011324591831593622,
    "max": 201.10456841978413,
    "mean": 28.91709098653735,
    "std": 63.9367970446744
  }
}