{
  "f0_hash": "884fed8892d6fa704942907b85e5b061862fda35b1bee007826c880cc96a054f",
  "f1_hash": "6ed14229f29a23b7df427643e2b71d78d0a93a8f7922457836bd96dc98d839d1",
  "f0_stats": {
    "shape": [
      5
    ],
    "size": 5,
    "min": 0.43126873848348146,
    "max": 166.03962569985703,
    "mean": 34.53680921441207,
    "std": 65.75910930981873
  },
  "f1_stats": {
    "shape": [
      15
    ],
    "size": 15,
    "min": 0.011393246604576746,
    "max": 476.3699908904257,
    "mean": 65.74592895954378,
    "std": 151.10558673516337
  }
}