{
  "f0_hash": "013c2e255735638d10fbc15d64516dd8d53bd9de17235e6ccdd0c7082f2b61b6",
  "f1_hash": "8f85871cda973867bf52b8899ad22ef1de2ed888cc692529c4bb9bbe723fd99e",
  "f0_stats": {
    "shape": [
      5
    ],
    "size": 5,
    "min": 0.49348401308610756,
    "max": 150.6993136447083,
    "mean": 31.54718139090628,
    "std": 59.586025917425225
  },
  "f1_stats": {
    "shape": [
      15
    ],
    "size": 15,
    "min": 0.011228670186097744,
    "max": 380.31962858334117,
    "mean": 52.92340821750182,
    "std": 120.23355683588241
  }
}