{
  "f0_hash": "496bb195568851e4c904ab097ff0c4dc3903865f24975d8de152091a82226f66",
  "f1_hash": "0bb167df9692ddf3fba7e261364e53291898f6797f827728a55a73828cdd8428",
  "f0_stats": {
    "shape": [
      5
    ],
    "size": 5,
    "min": 0.4145933057864395,
    "max": 164.3573301167272,
    "mean": 34.21325729563536,
    "std": 65.08018151958268
  },
  "f1_stats": {
    "shape": [
      15
    ],
    "size": 15,
    "min": 0.010961834343684806,
    "max": 455.6285390806731,
    "mean": 62.959196051431064,
    "std": 144.0599862414733
  }
}