{
  "f0_hash": "7bbccee76fc86b66c03c10c8405133849047519fe1260191e1b2245fead48355",
  "f1_hash": "54513a6fdb203e7466291c8ef56828e4c37ec9cea8a199fde770f693520257ad",
  "f0_stats": {
    "shape": [
      5
    ],
    "size": 5,
    "min": 0.5261206020917287,
    "max": 112.05873084681089,
    "mean": 24.089009310605952,
    "std": 44.013060444596164
  },
  "f1_stats": {
    "shape": [
      15
    ],
    "size": 15,
    "min": 0.012356019748721359,
    "max": 246.83740837978934,
    "mean": 35.30681886472369,
    "std": 78.04865959011588
  }
}