{
  "hash": "5258166bbb971181c3c1f3c3b6066165a587b59a8f739d5a2d84b6a63a61f10a",
  "stats": {
    "shape": [
      87,
      87
    ],
    "size": 7569,
    "min": 0.0,
    "max": 15.536968064018996,
    "mean": 7.479073639844216,
    "std": 3.0047445875254044
  }
}