{
  "hash": "882e48b89d5da2c983f1b2d55ac63e9a07e6594963458f7478deb08a5cefe45d",
  "stats": {
    "shape": [
      85,
      85
    ],
    "size": 7225,
    "min": 0.0,
    "max": 15.564732577242312,
    "mean": 7.624202400985864,
    "std": 3.053984236368458
  }
}