MODEL,PRED_DOCKQ
4LJ3_af2m,0.16762426
4LJ3,0.1430295
