{
  "hash": "221a6d6a214c3959b6365ed1252b09e5a72098789c7482d40c0346ad249cd0f2",
  "stats": {
    "shape": [
      84,
      84
    ],
    "size": 7056,
    "min": 0.0,
    "max": 15.501314836000676,
    "mean": 7.568304138611547,
    "std": 3.1385904217741913
  }
}