{
  "f0_hash": "ac12ed059b1dd513543569dfc1034a9d9860a9d153a769f27bb60d5bfa67243c",
  "f1_hash": "921b61bfad31abf3a21b6af6df39aa8c78d245144cb457a8ce7e664db432757b",
  "f0_stats": {
    "shape": [
      5
    ],
    "size": 5,
    "min": 0.42420653292461374,
    "max": 155.02466891575716,
    "mean": 32.35010961507899,
    "std": 61.34581720935556
  },
  "f1_stats": {
    "shape": [
      15
    ],
    "size": 15,
    "min": 0.010120922013299172,
    "max": 474.4899706019928,
    "mean": 65.86403250645769,
    "std": 151.083432428279
  }
}