{
  "hash": "f1955b618f64291c92a3fbed74cd998288fab531e3b9a7ac7cc12e79e6eaa3ed",
  "stats": {
    "shape": [
      128,
      128
    ],
    "size": 16384,
    "min": 0.0,
    "max": 15.766250942171729,
    "mean": 7.349197798926101,
    "std": 2.9394115271831063
  }
}