{
  "f0_hash": "16bb1d9412cf166132e98d0f68113d0977e7270e4b0bc5892fc2539dabb86d81",
  "f1_hash": "cd14c9987023ed1f85e6776984be19aed25471d5d5f6a0756f401e76fccc4dbb",
  "f0_stats": {
    "shape": [
      5
    ],
    "size": 5,
    "min": 0.6492724272259481,
    "max": 109.89764594499051,
    "mean": 23.58245727752089,
    "std": 43.17867676153385
  },
  "f1_stats": {
    "shape": [
      15
    ],
    "size": 15,
    "min": 0.010949513666295374,
    "max": 266.63579250475186,
    "mean": 38.01328052640334,
    "std": 84.1415008414731
  }
}