MODEL,PRED_DOCKQ
5YNX,0.16741204
5YNX_af2m,0.0144782
