{
  "f0_hash": "e09494da984a9801af9041f1f0d56a2c709d507c582eda8636875c1cad4cb819",
  "f1_hash": "d3d79a1fc1c384ef4af2e9c4abac8c0953da7a31103a71d85a6185f3d231f4d4",
  "f0_stats": {
    "shape": [
      5
    ],
    "size": 5,
    "min": 0.41162261402904965,
    "max": 170.99107014876674,
    "mean": 35.4953584335519,
    "std": 67.75456760998138
  },
  "f1_stats": {
    "shape": [
      15
    ],
    "size": 15,
    "min": 0.011196793075184175,
    "max": 520.1465167366878,
    "mean": 71.58511650795029,
    "std": 164.27951496201848
  }
}