{
  "f0_hash": "ea38f0455258b566dbdebbb0398481d22b327aeb83dc37479fbe737e8af5a1b1",
  "f1_hash": "c321ea39cb508ca6a113f1de6fa7b0eb7db385e350050576139584c5423cd015",
  "f0_stats": {
    "shape": [
      5
    ],
    "size": 5,
    "min": 0.41595169796230846,
    "max": 184.68417446779355,
    "mean": 38.25062829006687,
    "std": 73.22325333445262
  },
  "f1_stats": {
    "shape": [
      15
    ],
    "size": 15,
    "min": 0.010328888516125012,
    "max": 547.120518525288,
    "mean": 75.42238842550002,
    "std": 173.9927644263343
  }
}