{
  "f0_hash": "f918e0f03ba0a6637e8e32a552325f4caa95d8ecb936e752d4ac8e7efe403171",
  "f1_hash": "938489c3853c800bd00abb827a3dde21d39d20f6046c7d3e52588a20cdd6388d",
  "f0_stats": {
    "shape": [
      5
    ],
    "size": 5,
    "min": 0.458540655754915,
    "max": 150.44867461535995,
    "mean": 31.464010319725304,
    "std": 59.50152601823408
  },
  "f1_stats": {
    "shape": [
      15
    ],
    "size": 15,
    "min": 0.012344956305522459,
    "max": 366.7126725440549,
    "mean": 51.21275456265844,
    "std": 115.80620360479546
  }
}