MODEL,PRED_DOCKQ
2PN0_af2m,0.79190177
2PN0,0.15691097
