{
  "f0_hash": "b3fb864fefa6d85f8348a0af1d099d66c170048310b0db851bdd6b9303469dbe",
  "f1_hash": "2f15b1d8d1e1f0aad71ff7ab871a740d64faa241f030acfb56b5bbaf6d574e02",
  "f0_stats": {
    "shape": [
      5
    ],
    "size": 5,
    "min": 0.29329050216623204,
    "max": 155.62427774221135,
    "mean": 32.145231660397904,
    "std": 61.74635452638329
  },
  "f1_stats": {
    "shape": [
      15
    ],
    "size": 15,
    "min": 0.010328888516142776,
    "max": 342.3770793365421,
    "mean": 47.76198009183439,
    "std": 107.74255052723805
  }
}