{
  "count": 86,
  "ids_hash": "e2b94472630268c1dd2e2cce2a00074f88e1a9d4cd2e1cc40bb16b0cdcaf5a63",
  "coords_hash": "0a99ca7bc38366d0f3fa3f869b5f3850f2ecaf7e41c16ac33ca743ba750b9b79",
  "coords_stats": {
    "shape": [
      86,
      3
    ],
    "size": 258,
    "min": -37.858001708984375,
    "max": 42.051998138427734,
    "mean": -6.872802324073259,
    "std": 29.127888399561726
  }
}