{
  "count": 86,
  "ids_hash": "5668f17f914e107a5d5273a5852382544934922a3c4b377893149cb02c8fa498",
  "coords_hash": "cafd715fb5a0611c82d2eb3f7c4774d72ed16a2299d4199fbc1b86154c538069",
  "coords_stats": {
    "shape": [
      86,
      3
    ],
    "size": 258,
    "min": -12.503999710083008,
    "max": 30.048999786376953,
    "mean": 11.97095348992089,
    "std": 12.946780387935949
  }
}