{
  "f0_hash": "55551472c324131dfb4f1b1ff617206c4b41a8791925203c6174cf0c1d910c8e",
  "f1_hash": "ec062986cd9d9fcf56612a90662aebfa8bb083b21eb51679f74325fea44a2f88",
  "f0_stats": {
    "shape": [
      5
    ],
    "size": 5,
    "min": 0.4033099387385886,
    "max": 78.60962095088703,
    "mean": 17.20083997934802,
    "std": 30.73221392059282
  },
  "f1_stats": {
    "shape": [
      15
    ],
    "size": 15,
    "min": 0.012437459058324052,
    "max": 157.12182504269066,
    "mean": 22.922802377020048,
    "std": 49.680346370471646
  }
}