MODEL,PRED_DOCKQ
1I2M_af2m,0.08209572
1I2M,0.00024158103
