{
  "f0_hash": "74d322fef15f697dbe851b9e81ed91f1d1edbfc3047733256e936636e6b3c204",
  "f1_hash": "8a7fc984a08a8831586f57ff2d6a81ee3fc056fb08f83207a1cb6a8aa5424fcd",
  "f0_stats": {
    "shape": [
      5
    ],
    "size": 5,
    "min": 0.48494223487924554,
    "max": 162.95109288557165,
    "mean": 34.03371463098737,
    "std": 64.46951421677697
  },
  "f1_stats": {
    "shape": [
      15
    ],
    "size": 15,
    "min": 0.010733994552420079,
    "max": 525.6034482071278,
    "mean": 72.65151505027688,
    "std": 168.7016049190122
  }
}