{
  "f0_hash": "c6284f90cf7cee409b863298103debc77693a6d9ad7f4a900d7d98280be321bc",
  "f1_hash": "f8f2ee673eb4c466ef699f8f2dae6334c00df31ce83247fbf6604821045b0a80",
  "f0_stats": {
    "shape": [
      5
    ],
    "size": 5,
    "min": 0.40573192787299195,
    "max": 151.64882878671534,
    "mean": 31.676762093910263,
    "std": 59.995195075485626
  },
  "f1_stats": {
    "shape": [
      15
    ],
    "size": 15,
    "min": 0.010127918854656137,
    "max": 411.02352826669414,
    "mean": 57.11743773741859,
    "std": 131.08403371326202
  }
}