{
  "hash": "be1cd55a7656178ed5ad448dc70056b890cc457ec5a5e44a92dfe7c3559fec03",
  "stats": {
    "shape": [
      88,
      88
    ],
    "size": 7744,
    "min": 0.0,
    "max": 15.688550943118504,
    "mean": 8.281646297671815,
    "std": 3.354351975839905
  }
}