{
  "count": 74,
  "ids_hash": "472398814b7f43710bd3a47d75d633a1788d4cce37408455db5ea0212f919b59",
  "coords_hash": "01f967614617bed197c62e2c9236c21c95eb47a74f1c8cb95c1956553f89c186",
  "coords_stats": {
    "shape": [
      74,
      3
    ],
    "size": 222,
    "min": 56.132999420166016,
    "max": 102.23100280761719,
    "mean": 81.64780616760254,
    "std": 14.270264506533389
  }
}