{
  "f0_hash": "1a6af98ca69711a9aa739ffdd1070378adbebed148c9650966e7a190249e37cf",
  "f1_hash": "523f7efb5c3c29c37c7964c2ce3473c5b3e6d6d979e5521925993301ece3a9ba",
  "f0_stats": {
    "shape": [
      5
    ],
    "size": 5,
    "min": 0.43166839246257804,
    "max": 164.0196971504411,
    "mean": 34.15487395360684,
    "std": 64.94081947949714
  },
  "f1_stats": {
    "shape": [
      15
    ],
    "size": 15,
    "min": 0.010179003938084463,
    "max": 464.91321126309623,
    "mean": 64.76208931123297,
    "std": 147.26349443641567
  }
}