{
  "count": 74,
  "ids_hash": "ddc1556b51cadc2ec6ac492b27e987d9bea6024a79552a9ad9e622f0b257d344",
  "coords_hash": "a4055971d28bfd365cd5f7142a0c61b855f46ff3b14e095387b29d67b73cba88",
  "coords_stats": {
    "shape": [
      74,
      3
    ],
    "size": 222,
    "min": -17.111000061035156,
    "max": 28.145000457763672,
    "mean": 1.0699099044542055,
    "std": 14.35796024153176
  }
}