{
  "count": 113,
  "ids_hash": "9016b2e0efe934fb9afe13fb15537fc63e6eeca75a9a1ad851b4fe317bf3b47c",
  "coords_hash": "2c51e052209c13cc2559ff6bed5390c43835b0ce81933b7614ae7d8526fc40eb",
  "coords_stats": {
    "shape": [
      113,
      3
    ],
    "size": 339,
    "min": -7.135000228881836,
    "max": 92.8499984741211,
    "mean": 36.287557492224956,
    "std": 36.01283302211145
  }
}