{
  "count": 107,
  "ids_hash": "2f1c8c1ffa8283aa19a843223bb30407346efe518d5a2693eaef15563b7832bd",
  "coords_hash": "1d8c8c2d1d2eeed32ff9eecfa6de4381745ec70e0b5789ad82ab3737ca76fe7e",
  "coords_stats": {
    "shape": [
      107,
      3
    ],
    "size": 321,
    "min": -19.756999969482422,
    "max": 51.68600082397461,
    "mean": 18.28957631357734,
    "std": 24.007608838314948
  }
}