{
  "count": 251,
  "ids_hash": "9d8116afc786b95e246e34ac488c61251c6f5eef571da0d3b3be86c80fc792f9",
  "coords_hash": "949f7782a1dad1194a547391497186b5e09852106eec3979573f040ddea91e00",
  "coords_stats": {
    "shape": [
      251,
      3
    ],
    "size": 753,
    "min": -31.350000381469727,
    "max": 10.020000457763672,
    "mean": -9.229649408479254,
    "std": 11.710989645901865
  }
}