{
  "hash": "302ccbee4363cd15e9c4c0d8ab6977703b72932b0ae481563359285c5f373959",
  "stats": {
    "shape": [
      88,
      88
    ],
    "size": 7744,
    "min": 0.0,
    "max": 15.70820139592794,
    "mean": 7.54273097349436,
    "std": 3.0172691328819283
  }
}