{
  "f0_hash": "8222ea5791d2e4ae5c961ce88adecc68728e5acf452c852d75e780c74d48cc8e",
  "f1_hash": "ae92f0e2f0f1b7b992535a38a54d077e37400cfeb2fc7167ff60c1d6ceb1f8b6",
  "f0_stats": {
    "shape": [
      5
    ],
    "size": 5,
    "min": 0.35075997557307953,
    "max": 248.2716141171808,
    "mean": 50.753781797645885,
    "std": 98.76450505543656
  },
  "f1_stats": {
    "shape": [
      15
    ],
    "size": 15,
    "min": 0.010021746302992796,
    "max": 541.3833258488912,
    "mean": 74.04785975744174,
    "std": 169.32845760079041
  }
}