{
  "hash": "2f7d9d8241ec2906f27057147154dae5ceb821c279cde89e8f71caa0fab09ccb",
  "stats": {
    "shape": [
      106,
      106
    ],
    "size": 11236,
    "min": 0.0,
    "max": 15.288531870248049,
    "mean": 8.019698207486984,
    "std": 3.052858838720849
  }
}