MODEL,PRED_DOCKQ
1PXV_af2m,0.7762583
1PXV,0.0068442444
