{
  "count": 91,
  "ids_hash": "8d23cde4b4ddb339b910e0e777a48bae3b9363bd7926081d33b2940ceb260b95",
  "coords_hash": "981b7e2e3dd577a09eb326e037fd3cbb6280c3ae3813a057517f81b8a5345738",
  "coords_stats": {
    "shape": [
      91,
      3
    ],
    "size": 273,
    "min": -8.567999839782715,
    "max": 40.08700180053711,
    "mean": 13.901102612907197,
    "std": 14.213474281896861
  }
}