{
  "hash": "4265650dd7c015de3239145d47a3096d1c0323c8eafdfa6ea9ad2842e6bedb2c",
  "stats": {
    "shape": [
      75,
      75
    ],
    "size": 5625,
    "min": 0.0,
    "max": 15.203759733115682,
    "mean": 7.013993041655747,
    "std": 2.942188198498332
  }
}