{
  "f0_hash": "2828d34b36d29f887a77bde664f3f19ad33877fe306d0dacf953a5a263b31cf4",
  "f1_hash": "69e281116a7d6c408c603d2124060ae53b1afafd7f9380005573c03e01b55cc9",
  "f0_stats": {
    "shape": [
      5
    ],
    "size": 5,
    "min": 0.471836053885403,
    "max": 152.43735860983276,
    "mean": 31.943136881688154,
    "std": 60.25895241845551
  },
  "f1_stats": {
    "shape": [
      15
    ],
    "size": 15,
    "min": 0.01372505301343141,
    "max": 437.2379575602935,
    "mean": 60.90176951879569,
    "std": 138.1459542355933
  }
}