{
  "hash": "28b4b014756eeb788e2131af3d626dfa0ab561ea09aadb77b3958cf4af8533bd",
  "stats": {
    "shape": [
      95,
      95
    ],
    "size": 9025,
    "min": 0.0,
    "max": 14.95954868896354,
    "mean": 7.872578043226325,
    "std": 3.0581385018281977
  }
}