{
  "f0_hash": "cc386a6f89bbd0974ef8d329b8549b928c977b6ca575689205809abbde367f9e",
  "f1_hash": "20a6e1c8833a27acc79aabfd271fca8031caefa9b1b013448069c972fb761135",
  "f0_stats": {
    "shape": [
      5
    ],
    "size": 5,
    "min": 0.4658994265722752,
    "max": 158.5822367270799,
    "mean": 33.09613810316767,
    "std": 62.75188720880083
  },
  "f1_stats": {
    "shape": [
      15
    ],
    "size": 15,
    "min": 0.010013067608587889,
    "max": 405.01839302577486,
    "mean": 56.35044747792906,
    "std": 128.0113915993783
  }
}