{
  "hash": "256366b6cc997c858e1a21f24980c586d94f07b5434bab6e1f513b8b26509ae7",
  "stats": {
    "shape": [
      56,
      56
    ],
    "size": 3136,
    "min": 0.0,
    "max": 14.989131673173748,
    "mean": 6.791486994517603,
    "std": 2.977455573273286
  }
}