{
  "count": 117,
  "ids_hash": "f8830842c6e69ac4169888d0a69e899a1d1716cf8ac408d8247fb970a8541f77",
  "coords_hash": "7c7b1e544eff8569d1b190ed8612fb6139afa35bad875c8efca181e4ceb8862d",
  "coords_stats": {
    "shape": [
      117,
      3
    ],
    "size": 351,
    "min": 4.723999977111816,
    "max": 95.04100036621094,
    "mean": 40.89777213963348,
    "std": 33.29813868849828
  }
}