{
  "f0_hash": "c8baaedf9418f44f3cbeb8b3e45359f3ae9d49d9a27bc2287fe307b3d8b0ef72",
  "f1_hash": "52308419a73dc3a3a7559172e964784cba2f4e6e7abb12a7365f7e8b8c905cfa",
  "f0_stats": {
    "shape": [
      5
    ],
    "size": 5,
    "min": 0.30720644612170506,
    "max": 221.6422726606178,
    "mean": 45.33853940479848,
    "std": 88.15740003929272
  },
  "f1_stats": {
    "shape": [
      15
    ],
    "size": 15,
    "min": 0.010500180982957907,
    "max": 498.1721370617555,
    "mean": 68.05542578693813,
    "std": 156.82925206994253
  }
}