MODEL,PRED_DOCKQ
3P8K_af2m,0.9097484
3P8K,0.82648116
