MODEL,PRED_DOCKQ
6IE0,0.86277413
6IE0_af2m,0.85237795
