{
  "count": 116,
  "ids_hash": "3c3f918aa992dab117798a3d9d4393f4935e06fac25febeafdce189590d1de34",
  "coords_hash": "7967f3ffc4f4659c4d28bc4970b0fbfa26c0bb5f5feb6fdeef7aa465ecda2fcf",
  "coords_stats": {
    "shape": [
      116,
      3
    ],
    "size": 348,
    "min": 5.276000022888184,
    "max": 91.6520004272461,
    "mean": 37.93858336032122,
    "std": 33.17865543631206
  }
}