MODEL,PRED_DOCKQ
3OC3_af2m,0.27639273
3OC3,0.0017562849
