{
  "count": 96,
  "ids_hash": "26c0124df61c1c69b18c494ad95924812764bacee056796e2e394024c3a49514",
  "coords_hash": "37a115b3d0a06c9077d4b3bb2523829d2d3c998b89c9dcc041a1ea8f77286b82",
  "coords_stats": {
    "shape": [
      96,
      3
    ],
    "size": 288,
    "min": -4.184999942779541,
    "max": 59.42499923706055,
    "mean": 28.44328127443118,
    "std": 20.671978695569194
  }
}