{
  "hash": "cf423cfc3dccfedf5cf932bd5ca9b98024774a581e838208db7cd18bbc581034",
  "stats": {
    "shape": [
      72,
      72
    ],
    "size": 5184,
    "min": 0.0,
    "max": 15.206824854196613,
    "mean": 6.970715109130405,
    "std": 2.8999033021845664
  }
}