{
  "hash": "823a4a3c54ba42e980f8a92deeffe159f494494c035d8a4f6ebf41f214af848d",
  "stats": {
    "shape": [
      94,
      94
    ],
    "size": 8836,
    "min": 0.0,
    "max": 15.388605126902489,
    "mean": 7.7976352722880815,
    "std": 3.0928928469906967
  }
}