{
  "hash": "e4633726cb78f1b55ea40718386774c5e21fa3f6e3341522d4565376735b1bac",
  "stats": {
    "shape": [
      117,
      117
    ],
    "size": 13689,
    "min": 0.0,
    "max": 15.681901522295778,
    "mean": 8.11701085423766,
    "std": 3.0560630380564353
  }
}