{
  "f0_hash": "db7d13ffe0da8d887fed34b762ce8af5cd6e3787406503a7163afec40331cac2",
  "f1_hash": "da61c14b4472f7de138f3f1861c09b281ed8d537d721fcc92835c5cbd1952481",
  "f0_stats": {
    "shape": [
      5
    ],
    "size": 5,
    "min": 0.46677176443542084,
    "max": 143.90260999211185,
    "mean": 30.14598349219534,
    "std": 56.88765570756079
  },
  "f1_stats": {
    "shape": [
      15
    ],
    "size": 15,
    "min": 0.01040061969802597,
    "max": 404.7291469190786,
    "mean": 56.0926402601139,
    "std": 128.75357517877188
  }
}