MODEL,PRED_DOCKQ
2J3T,0.76220804
2J3T_af2m,0.07498412
