MODEL,PRED_DOCKQ
1ZBD_af2m,0.5341697
1ZBD,0.03379331
