{
  "hash": "10310d0a37fc11b4b1b87d841ffea6afbd0d0adf62e5e4e7eb681e12f8999dca",
  "stats": {
    "shape": [
      112,
      112
    ],
    "size": 12544,
    "min": 0.0,
    "max": 15.436839620646476,
    "mean": 7.949209174207625,
    "std": 2.9930728484447267
  }
}