{
  "hash": "5c1939f123c2ac835240fc11a17009ce664c2770482f468d94baa3399eb4d93f",
  "stats": {
    "shape": [
      92,
      92
    ],
    "size": 8464,
    "min": 0.0,
    "max": 15.800943468128292,
    "mean": 7.476727512272539,
    "std": 2.9892208386717707
  }
}