{
  "hash": "59b4ad4f5dfce67753fdbf450e9f02b3e54f45a49e3501da10b2f6d62767d9b5",
  "stats": {
    "shape": [
      65,
      65
    ],
    "size": 4225,
    "min": 0.0,
    "max": 13.826084164914594,
    "mean": 6.569028559701995,
    "std": 2.734453159087074
  }
}