{
  "hash": "78a3b88f31eb3ff68832409a15cee4568cb30bc8def707d3de1ea6b8f36036d0",
  "stats": {
    "shape": [
      106,
      106
    ],
    "size": 11236,
    "min": 0.0,
    "max": 15.563866547478208,
    "mean": 8.08250981996727,
    "std": 3.140165318123847
  }
}