{
  "f0_hash": "5c16db813d55b928c4cebc6e187ead9a3a6a10438bb0ef47a3d33ef2811906ca",
  "f1_hash": "530c7ecc5553ef477655c7662454f91abc303bf882c71859cbe1b5b690623160",
  "f0_stats": {
    "shape": [
      5
    ],
    "size": 5,
    "min": 0.6074126174914547,
    "max": 163.64933433782448,
    "mean": 34.2253676435253,
    "std": 64.72224205196801
  },
  "f1_stats": {
    "shape": [
      15
    ],
    "size": 15,
    "min": 0.01069212848038692,
    "max": 491.53782664770875,
    "mean": 68.05841068858304,
    "std": 155.12915312574242
  }
}