MODEL,PRED_DOCKQ
2GA1_af2m,0.21601015
2GA1,0.08053977
