{
  "hash": "b759ec1d355b2541cb7e79dd499369259d90a2acc8172f44cf7f4e3e467d9672",
  "stats": {
    "shape": [
      104,
      104
    ],
    "size": 10816,
    "min": 0.0,
    "max": 15.582495618598509,
    "mean": 7.829084444516524,
    "std": 3.0223480928418014
  }
}