{
  "count": 81,
  "ids_hash": "6de4fc02b67e57fca908697ea46009a3202bf6256e2a8ad6f19ee863bc0b3e88",
  "coords_hash": "812c2cb4239427568714cd44c5aa813fee4e4420a4431a3b681492920b8d65d8",
  "coords_stats": {
    "shape": [
      81,
      3
    ],
    "size": 243,
    "min": -4.730999946594238,
    "max": 37.207000732421875,
    "mean": 13.745543226722337,
    "std": 12.972109136182304
  }
}