{
  "count": 98,
  "ids_hash": "8954ac56c874fb517820404adc2c6741bc6307629796dedc16a1ade8c1a1dd40",
  "coords_hash": "b829987d77b1d1eda23a637d469c7bbcf21d8379eb1f40380ecd6c8e6e750165",
  "coords_stats": {
    "shape": [
      98,
      3
    ],
    "size": 294,
    "min": -15.300000190734863,
    "max": 17.836999893188477,
    "mean": 2.168693881925373,
    "std": 8.701740975309924
  }
}