{
  "f0_hash": "7a55c2e1d08c22ee77207c264f3fb094c293ab6b7a56037051c0f01d51e57f33",
  "f1_hash": "a1f0947aa1fc43ab062e9537fab2973485769f484ec985a6a915d8123ed6baee",
  "f0_stats": {
    "shape": [
      5
    ],
    "size": 5,
    "min": 0.5275733841771746,
    "max": 153.5183489160861,
    "mean": 32.14313472560867,
    "std": 60.69771868786158
  },
  "f1_stats": {
    "shape": [
      15
    ],
    "size": 15,
    "min": 0.011604833330611353,
    "max": 370.9646432816024,
    "mean": 52.24516685082391,
    "std": 115.2153413293354
  }
}