{
  "f0_hash": "1d2aa8d82ae4da006b643bb8ebe47cee887c56cbcb02c7b2b86e2bd999dac1d7",
  "f1_hash": "af72efeeee9b2eb4b86235f777d6215a47ba338b4995c87649a3951e90030bb4",
  "f0_stats": {
    "shape": [
      5
    ],
    "size": 5,
    "min": 0.5974061982102736,
    "max": 135.82565698707785,
    "mean": 28.634816240129517,
    "std": 53.60807347545719
  },
  "f1_stats": {
    "shape": [
      15
    ],
    "size": 15,
    "min": 0.010913238628076805,
    "max": 447.35320849858584,
    "mean": 62.60601007625966,
    "std": 143.15721657247215
  }
}