{
  "count": 166,
  "ids_hash": "241cdd61d5288aef581698e3d678cd29327cb6879a6446f179c915abbf923981",
  "coords_hash": "410bd9afbf7ace95ce10f5a9a5a1a9557ffaa6851e8579cf75ed47ff8c7766ff",
  "coords_stats": {
    "shape": [
      166,
      3
    ],
    "size": 498,
    "min": -50.176998138427734,
    "max": 36.20100021362305,
    "mean": -1.5347751671051884,
    "std": 30.29194806850583
  }
}