{
  "count": 103,
  "ids_hash": "05632d6d3d5d9423ad8f7d3121e4a4f7ba8d1e40af2d70882810830c98c3ea65",
  "coords_hash": "e667eedde6715399eb4b005f595dec9221aca888063bf857dad48d6840fdc26e",
  "coords_stats": {
    "shape": [
      103,
      3
    ],
    "size": 309,
    "min": -22.02899932861328,
    "max": 17.375,
    "mean": -0.10778966167501647,
    "std": 11.59665542231935
  }
}