{
  "count": 69,
  "ids_hash": "ff9e52fc07eb5e1078d827d1317eebcda661b0e5ed46dd4f25f29b85b2ea4ae0",
  "coords_hash": "5d6dc3014a5294eadeafeeec838e602afc76448147f6a160f7d5409289273049",
  "coords_stats": {
    "shape": [
      69,
      3
    ],
    "size": 207,
    "min": -15.232000350952148,
    "max": 42.44599914550781,
    "mean": 19.17264733798262,
    "std": 20.266182127146077
  }
}