MODEL,PRED_DOCKQ
4OTM_af2m,0.8245012
4OTM,0.78376526
