MODEL,PRED_DOCKQ
5IM5,0.07401796
5IM5_af2m,0.04829403
