{
  "count": 81,
  "ids_hash": "ab792b1030fbd5253cdbaa5edbe6dac972ba6d00de35e4865d997d00dca16508",
  "coords_hash": "ac297ba42c6c297f9f4bef7461efa69f510ced85a2c0adcd0aebfb0b128fb4eb",
  "coords_stats": {
    "shape": [
      81,
      3
    ],
    "size": 243,
    "min": -44.1510009765625,
    "max": 28.767000198364258,
    "mean": -0.3744156331191828,
    "std": 27.314993209905907
  }
}