{
  "hash": "8892936fa6bd3dfb428a1408da3317fe9914f6544f7df7c8093c446049f9139d",
  "stats": {
    "shape": [
      69,
      69
    ],
    "size": 4761,
    "min": 0.0,
    "max": 15.010699229747306,
    "mean": 7.005270591138376,
    "std": 3.0702347523300855
  }
}