{
  "count": 72,
  "ids_hash": "76d27291b7e2ddd1e7ffa68f20f9e1632f6cf17208f7e6b87adc59df8b53d7f0",
  "coords_hash": "a00ddab07a5793182f96e566fb7b4cc15214e9ed28b45cd90a0ce215c75e2062",
  "coords_stats": {
    "shape": [
      72,
      3
    ],
    "size": 216,
    "min": -2.1040000915527344,
    "max": 67.61000061035156,
    "mean": 25.6177500105394,
    "std": 25.23881058787233
  }
}