{
  "count": 82,
  "ids_hash": "2e0fe9d9d7364bff2c158b3118292a9d5fafb6a2126ae565d778b3bc1e5e5761",
  "coords_hash": "4de90775ba8ba67f708977003c954d2d589c31e079f0fe4d96b8fadc038ba127",
  "coords_stats": {
    "shape": [
      82,
      3
    ],
    "size": 246,
    "min": 7.242000102996826,
    "max": 94.60800170898438,
    "mean": 46.06239046895407,
    "std": 30.140126190626354
  }
}