{
  "f0_hash": "208f3f32ee3c0c9f1d20e19e8ab0d3ed530bba91f2050a51bed45725abd8e3c9",
  "f1_hash": "6277bc2a0a48714a2c24521a909ad789f3557007d6322471cbc99cdbd49e0ee3",
  "f0_stats": {
    "shape": [
      5
    ],
    "size": 5,
    "min": 0.99276980038799,
    "max": 107.8626449590487,
    "mean": 23.51056895602612,
    "std": 42.208566831816235
  },
  "f1_stats": {
    "shape": [
      15
    ],
    "size": 15,
    "min": 0.010380360167296487,
    "max": 369.1755953886711,
    "mean": 53.90018675633935,
    "std": 118.7816542873128
  }
}