{
  "count": 119,
  "ids_hash": "88b98a6a7f3f4d69af0abd8873fec7d3be13f8c65cc9214f670df6629e44c56e",
  "coords_hash": "ba9133bc714e35488c88c3f686dd9b2a368640316982cbf95460603cbb57f4de",
  "coords_stats": {
    "shape": [
      119,
      3
    ],
    "size": 357,
    "min": -7.250999927520752,
    "max": 36.867000579833984,
    "mean": 11.161238101569294,
    "std": 13.80643616322207
  }
}