{
  "hash": "85501316f7e330df254b8d73f3bdf1e755e63dc7ae30044dc91bfee121291c54",
  "stats": {
    "shape": [
      111,
      111
    ],
    "size": 12321,
    "min": 0.0,
    "max": 15.677636529274135,
    "mean": 8.055817636297528,
    "std": 3.0607980647240094
  }
}