MODEL,PRED_DOCKQ
3PVL_af2m,0.8394448
3PVL,0.05707595
