MODEL,PRED_DOCKQ
2QYC_af2m,0.7909313
2QYC,0.74784046
