MODEL,PRED_DOCKQ
4G3V_af2m,0.832783
4G3V,0.7582776
