{
  "hash": "d65c4188ac26f8fc877a6699f5cf7c6598a9471bdd48410c19f403de967b6c37",
  "stats": {
    "shape": [
      117,
      117
    ],
    "size": 13689,
    "min": 0.0,
    "max": 15.737624971136764,
    "mean": 7.977616635103849,
    "std": 3.0257375687912123
  }
}