MODEL,PRED_DOCKQ
5DUK_af2m,0.7860229
5DUK,0.51199675
