MODEL,PRED_DOCKQ
4EIV,0.77590483
4EIV_af2m,0.111462906
