MODEL,PRED_DOCKQ
2EK5_af2m,0.8728732
2EK5,0.72834474
