{
  "count": 81,
  "ids_hash": "719b79555a4fbd4a0c35285e0b1bcca8e7852755a547f3ec7f979874fcafb37e",
  "coords_hash": "202cfc94a638f88671cc1745807dc5acdf5f68d8446895505a589e62a493b380",
  "coords_stats": {
    "shape": [
      81,
      3
    ],
    "size": 243,
    "min": -0.04600000008940697,
    "max": 54.402000427246094,
    "mean": 20.759530839192156,
    "std": 18.43713817835292
  }
}