{
  "count": 112,
  "ids_hash": "907556ec6fcf82e79857c545d869f07577c87790ee91c8344448adf984bfeed6",
  "coords_hash": "76ec1c23460f9c260e1bf119e2e89f95a8934235c4e872c23320383d9abca3e3",
  "coords_stats": {
    "shape": [
      112,
      3
    ],
    "size": 336,
    "min": -9.288999557495117,
    "max": 92.52300262451172,
    "mean": 29.15680655954583,
    "std": 39.704426579746986
  }
}