{
  "count": 79,
  "ids_hash": "d46c16df8fbcca5929ba9737b51c9df82813731ff3b07af0ad322ebcf122db2e",
  "coords_hash": "0b165fa03d864c33757b1285836dea80a7b878760e304e9b75005ee266d27065",
  "coords_stats": {
    "shape": [
      79,
      3
    ],
    "size": 237,
    "min": 8.501999855041504,
    "max": 97.97899627685547,
    "mean": 44.41629537349009,
    "std": 34.353727521725986
  }
}