MODEL,PRED_DOCKQ
1ID1_af2m,0.84297746
1ID1,0.6842653
