{
  "f0_hash": "86f236fec6a0990c473aaa1c786809780c9a7a7cdff35d9dc583c7f174aa756f",
  "f1_hash": "50821692a96997fc204c7deed2bf34c57f180780a3a3ac775a320027ad6854a3",
  "f0_stats": {
    "shape": [
      5
    ],
    "size": 5,
    "min": 0.4770650633093709,
    "max": 162.8466932202413,
    "mean": 34.02349616364153,
    "std": 64.42236923343025
  },
  "f1_stats": {
    "shape": [
      15
    ],
    "size": 15,
    "min": 0.012072623120930714,
    "max": 451.8848550289863,
    "mean": 63.081027484559165,
    "std": 143.53498205985193
  }
}