{
  "hash": "c05b4fedaaaeeba37360abcde431433602b8bcd7f76f4a76ca3d3475c2754a8e",
  "stats": {
    "shape": [
      100,
      100
    ],
    "size": 10000,
    "min": 0.0,
    "max": 15.544472818843706,
    "mean": 7.744556294243086,
    "std": 3.0017611942982
  }
}