MODEL,PRED_DOCKQ
5IIB_af2m,0.8572467
5IIB,0.0014431785
