{
  "hash": "7cec56749770d434113f0cae2d24a5e207c11a6626bd8de6a4cb219922660337",
  "stats": {
    "shape": [
      113,
      113
    ],
    "size": 12769,
    "min": 0.0,
    "max": 15.81706232036232,
    "mean": 7.774081452565711,
    "std": 2.954758415704487
  }
}