{
  "f0_hash": "3386f96b5ba99a63cd4599dbee3587309178eadb1fc6e11085dd9d0411ac746f",
  "f1_hash": "f9fa1f641d800705e9bf01bda71eb0aa7fc2f4351ed780005f7802c892c5cd23",
  "f0_stats": {
    "shape": [
      5
    ],
    "size": 5,
    "min": 0.4850972011097087,
    "max": 169.4052680917507,
    "mean": 35.27408651782368,
    "std": 67.07405988092988
  },
  "f1_stats": {
    "shape": [
      15
    ],
    "size": 15,
    "min": 0.011974464187860079,
    "max": 473.91127325828234,
    "mean": 66.18403396697657,
    "std": 148.89707813503125
  }
}