{
  "f0_hash": "398ca53167fad6945a6cd3f1f79ccf5de9a4f595c294492b960cd1502a3c5d86",
  "f1_hash": "13dbc7eb70ef078e4de4f1948f78d8fa2d4f478ce2733451a0e1aa830cca2d70",
  "f0_stats": {
    "shape": [
      5
    ],
    "size": 5,
    "min": 0.4753159440986223,
    "max": 136.67499701256077,
    "mean": 28.7633154951556,
    "std": 53.96814135753345
  },
  "f1_stats": {
    "shape": [
      15
    ],
    "size": 15,
    "min": 0.010639817111211869,
    "max": 431.69873073745896,
    "mean": 60.4765319128709,
    "std": 138.0432372911624
  }
}