{
  "hash": "8497128f312b2b757e21ec5430b036fab33109c783fe9fa0a5b8dcea8dd61cf6",
  "stats": {
    "shape": [
      84,
      84
    ],
    "size": 7056,
    "min": 0.0,
    "max": 15.554120453212663,
    "mean": 7.559500097554998,
    "std": 3.0907627547555228
  }
}