{
  "hash": "ef11b9a060fdedd2a99ac1180231163eba4072d3b15f3d4d83dd0417c696ea46",
  "stats": {
    "shape": [
      79,
      79
    ],
    "size": 6241,
    "min": 0.0,
    "max": 15.469254868132818,
    "mean": 7.644255043752782,
    "std": 3.1317876392728285
  }
}