{
  "f0_hash": "d6f2618cea98056aa4b4022adfce55a5dd8bd9070bc4fd181620be461c17dce1",
  "f1_hash": "081022a934e9bdf09018122c988152f1489e6ffe887ee9743ee38512fe0b9d24",
  "f0_stats": {
    "shape": [
      5
    ],
    "size": 5,
    "min": 0.6054022341047288,
    "max": 127.18177005033755,
    "mean": 26.97054754558159,
    "std": 50.12040081426165
  },
  "f1_stats": {
    "shape": [
      15
    ],
    "size": 15,
    "min": 0.011905480733412688,
    "max": 329.9137895613319,
    "mean": 46.37502077085548,
    "std": 104.84046864632296
  }
}