{
  "f0_hash": "eb6787cfe379379d891f78b4f2ab0232718b72e05922adf6909c3591a1cbccb8",
  "f1_hash": "fcdede5c9239932f02fc2ca7cab57f5f3234d37a772a3f619c03674b6afe5af1",
  "f0_stats": {
    "shape": [
      5
    ],
    "size": 5,
    "min": 0.5852453406901515,
    "max": 142.86281523253078,
    "mean": 30.003811219000443,
    "std": 56.43927044587101
  },
  "f1_stats": {
    "shape": [
      15
    ],
    "size": 15,
    "min": 0.01152470317026566,
    "max": 363.00831645711185,
    "mean": 50.50437794887266,
    "std": 114.83962216550522
  }
}