{
  "hash": "1d244c13b890ba5809495ce9248c20bb5eb94683eb45e4f835b21667304ba635",
  "stats": {
    "shape": [
      93,
      93
    ],
    "size": 8649,
    "min": 0.0,
    "max": 15.566918015193163,
    "mean": 7.867804764129283,
    "std": 3.1551475473259427
  }
}