{
  "f0_hash": "b353d6adce7a0c8db709c3a1f049b5cc21d3f851e3d8f0801f74673ca79d066f",
  "f1_hash": "a34c09ff17c22f5ffad3907ca501feb5658bf050ae7ecb2dca3aca6c17f70959",
  "f0_stats": {
    "shape": [
      5
    ],
    "size": 5,
    "min": 0.5493335116672318,
    "max": 140.73962980675415,
    "mean": 29.55900379133643,
    "std": 55.60015174565235
  },
  "f1_stats": {
    "shape": [
      15
    ],
    "size": 15,
    "min": 0.01060242073561124,
    "max": 344.01997504881047,
    "mean": 49.449394652406035,
    "std": 108.09526785762822
  }
}