{
  "count": 89,
  "ids_hash": "fe586d42fa15f339ca6bf88cc5839775a623f7c9555e67ac79566f6d019665fb",
  "coords_hash": "baadcab6fca01a56306b5abbe5c926316ac6dc17a708dfcaa0b61539978b67d4",
  "coords_stats": {
    "shape": [
      89,
      3
    ],
    "size": 267,
    "min": -14.045000076293945,
    "max": 57.74100112915039,
    "mean": 13.80518723891748,
    "std": 26.432013536969123
  }
}