{
  "count": 80,
  "ids_hash": "08e654defc09f005932d820ac2cf1f265e389d2700ec48340b133901fe4c4b84",
  "coords_hash": "63065a103d33fa2c8c5062500240b267be1d074964beaa065c2ffa81ef9c8a49",
  "coords_stats": {
    "shape": [
      80,
      3
    ],
    "size": 240,
    "min": -21.424999237060547,
    "max": 86.38099670410156,
    "mean": 22.425454222845534,
    "std": 41.2250201727197
  }
}