{
  "hash": "6803ab0c9bb274fed27febbe7c320879147359a588201c0dd0bf88c2fcd5501b",
  "stats": {
    "shape": [
      73,
      73
    ],
    "size": 5329,
    "min": 0.0,
    "max": 15.60660901450841,
    "mean": 7.3292787592904345,
    "std": 2.9927174762621975
  }
}