{
  "count": 107,
  "ids_hash": "edc192588af4fb52619f6f16079327e7c3dd93f65ee67f432e1e0d286763fa0c",
  "coords_hash": "5f945ead6646ff21eff7ef955a01fd77d9efb88eaef5b84bec8bf65f8ec3d414",
  "coords_stats": {
    "shape": [
      107,
      3
    ],
    "size": 321,
    "min": -14.02400016784668,
    "max": 17.00200080871582,
    "mean": 1.459919003380979,
    "std": 7.354026728392087
  }
}