{
  "hash": "3c73cd6b6fd23da2a2d844dca4ea5b3a353f307e7d54d9d920f2e3eb2f5f6803",
  "stats": {
    "shape": [
      72,
      72
    ],
    "size": 5184,
    "min": 0.0,
    "max": 15.3718982940077,
    "mean": 7.214686283364,
    "std": 3.057862627488478
  }
}