{
  "f0_hash": "c533bf3dfcf141a8f17dc3dbd8f9911a0f670baf7edbbfb8f8ccb66c7806cceb",
  "f1_hash": "c4501bbd6f2b095f7bc86e2a06130b1adef742e3e36bb97e69332a026eb6f48a",
  "f0_stats": {
    "shape": [
      5
    ],
    "size": 5,
    "min": 0.7064190161287167,
    "max": 116.47258411926681,
    "mean": 25.139783830952275,
    "std": 45.70087186749416
  },
  "f1_stats": {
    "shape": [
      15
    ],
    "size": 15,
    "min": 0.010729421640435888,
    "max": 286.79010650351813,
    "mean": 42.007132754359255,
    "std": 90.47479894218598
  }
}