{
  "hash": "6b505ae1a5e8cc446f9c66366b406ce36980e5134ef9b126393cd1ad6bcae2d6",
  "stats": {
    "shape": [
      62,
      62
    ],
    "size": 3844,
    "min": 0.0,
    "max": 15.166271223427938,
    "mean": 6.831443451897414,
    "std": 2.901293034448628
  }
}