MODEL,PRED_DOCKQ
2NX4_af2m,0.88932353
2NX4,0.8239944
