{
  "hash": "a630caff6b798b166f24a98d17c415b56035d6526df3f7ae1a8cf51951c6a9c7",
  "stats": {
    "shape": [
      67,
      67
    ],
    "size": 4489,
    "min": 0.0,
    "max": 13.82543828987393,
    "mean": 6.658577303668147,
    "std": 2.7357828610367863
  }
}