MODEL,PRED_DOCKQ
3TC1,0.89075446
3TC1_af2m,0.8281572
