{
  "hash": "b06a380c7e09f46a4a2f5cd2fb626a64a4394d29af4ded93676b8f8797e3467b",
  "stats": {
    "shape": [
      134,
      134
    ],
    "size": 17956,
    "min": 0.0,
    "max": 15.67945242024131,
    "mean": 8.22903627082549,
    "std": 3.0853763402118926
  }
}