{
  "count": 85,
  "ids_hash": "f2aa83d8f678ed36652ac14adb2488ff8cb7a3314b5223a66650ab3e0eb5dcf5",
  "coords_hash": "8a65f5e3c1acd7ac0c570cb1752562c60d7c63cb79ef7e8358e5507d3b533688",
  "coords_stats": {
    "shape": [
      85,
      3
    ],
    "size": 255,
    "min": 12.371000289916992,
    "max": 96.88700103759766,
    "mean": 44.466941246331906,
    "std": 32.744217840907965
  }
}