{
  "f0_hash": "cd7832834a1ffe0383ead1421ef747127b6bdd146d300220e9c6e8bf33892d63",
  "f1_hash": "2279122d2ab220efda1f1dc7774317772d0df103f096663541238ce752ecb4c8",
  "f0_stats": {
    "shape": [
      5
    ],
    "size": 5,
    "min": 0.41824418895722526,
    "max": 147.87090436599695,
    "mean": 30.898705827192437,
    "std": 58.49463432177793
  },
  "f1_stats": {
    "shape": [
      15
    ],
    "size": 15,
    "min": 0.011699436928932272,
    "max": 378.19025849417574,
    "mean": 52.857768414333265,
    "std": 119.43148574853781
  }
}