{
  "count": 98,
  "ids_hash": "39dd4af71a3ba4553d4220912dab35c55c87a32f4c787e185887ff929db2e17c",
  "coords_hash": "92768388a4c47fee6510f7b1a74c2259f2548f008e54dccee248415ff3a0e1d3",
  "coords_stats": {
    "shape": [
      98,
      3
    ],
    "size": 294,
    "min": -13.263999938964844,
    "max": 42.54800033569336,
    "mean": 17.678238123351214,
    "std": 18.405154881908068
  }
}