MODEL,PRED_DOCKQ
1ZNO,0.82988346
1ZNO_af2m,0.80410826
