{
  "f0_hash": "b102b0d8189a0034357f5f75c4a5a811b75d3234154bb48eee9b372f4e2298e7",
  "f1_hash": "7ca8443145bc06be401e0526688ef50b2c2453a2bcf7cdf393c714d983f37a78",
  "f0_stats": {
    "shape": [
      5
    ],
    "size": 5,
    "min": 0.6168016939936716,
    "max": 155.1271476333643,
    "mean": 32.494763180319445,
    "std": 61.32628118520612
  },
  "f1_stats": {
    "shape": [
      15
    ],
    "size": 15,
    "min": 0.010992035676906653,
    "max": 456.90078612181713,
    "mean": 64.2284131589035,
    "std": 144.07228901204272
  }
}