{
  "hash": "fe4e3f5c3d1cdfd37a8bb19aadacc72361bbdf0fdf70b373b5c1930ac0323a8d",
  "stats": {
    "shape": [
      94,
      94
    ],
    "size": 8836,
    "min": 0.0,
    "max": 15.32969143207277,
    "mean": 7.537950926910414,
    "std": 2.9979859436181613
  }
}