{
  "hash": "525c72aa1c069770fbf9ef8ad8fbcf98077136709acfbe2f8fec6518232c6aef",
  "stats": {
    "shape": [
      73,
      73
    ],
    "size": 5329,
    "min": 0.0,
    "max": 15.439660176939514,
    "mean": 7.103120736245176,
    "std": 3.053295820133075
  }
}