{
  "count": 55,
  "ids_hash": "233b06c6358c39b315a501e26d8361fbf393eb8055dc4732dac4c1ce7006c5f5",
  "coords_hash": "9135aee544a5ffbabf139ac5bdd9b50c478a79211db5021629d4a9d7927eed52",
  "coords_stats": {
    "shape": [
      55,
      3
    ],
    "size": 165,
    "min": 2.38100004196167,
    "max": 66.68000030517578,
    "mean": 31.781660741748233,
    "std": 22.596384239894626
  }
}