{
  "count": 114,
  "ids_hash": "2dbfeff2a7e257ab4c09251dd47481fa835928cf2f9e37f9858d0a5065a65cdb",
  "coords_hash": "976aeda78256a0001b0dfc8899a196e4e2d1f7790b8f71deb7627b90397a592c",
  "coords_stats": {
    "shape": [
      114,
      3
    ],
    "size": 342,
    "min": -52.43299865722656,
    "max": 24.983999252319336,
    "mean": -14.546944428605643,
    "std": 25.674840288318695
  }
}