{
  "hash": "22b5b9e65607cfcd5b1d64f2613baaacd7f4f4bdfde7df499a67750b56cb6d75",
  "stats": {
    "shape": [
      107,
      107
    ],
    "size": 11449,
    "min": 0.0,
    "max": 15.649402083648239,
    "mean": 8.032746436556227,
    "std": 3.0731383747098295
  }
}