{
  "hash": "ff9270ae036078b2f123a0635056d452e9d5d6a62ef5c2253dbf05cb19294833",
  "stats": {
    "shape": [
      110,
      110
    ],
    "size": 12100,
    "min": 0.0,
    "max": 15.467937600925858,
    "mean": 8.094117004418212,
    "std": 3.079825293122973
  }
}