{
  "f0_hash": "9c1b22717877e58b847a3289fca65c8302640a782d20266d74078c83908f6f79",
  "f1_hash": "79ddbcd5f98355a88693675e23adb32bc7f71f3444d18c0a5fdb2507fda8bbe3",
  "f0_stats": {
    "shape": [
      5
    ],
    "size": 5,
    "min": 0.40517933960405583,
    "max": 121.22168161507918,
    "mean": 25.506230647196393,
    "std": 47.865893537901655
  },
  "f1_stats": {
    "shape": [
      15
    ],
    "size": 15,
    "min": 0.010229149647003943,
    "max": 320.9226052735097,
    "mean": 44.984280738887286,
    "std": 101.4561874901565
  }
}