{
  "f0_hash": "b1ea08ac5bcaf24005e063f20df9e4b3960aad6f04c6dd72395139566c83257c",
  "f1_hash": "647235afd24dbb94e01677c78ec539c5257f263b9bc9b945e83d129bda9d886d",
  "f0_stats": {
    "shape": [
      5
    ],
    "size": 5,
    "min": 0.4561302598706275,
    "max": 150.55826374388295,
    "mean": 31.53910690261559,
    "std": 59.52057213782046
  },
  "f1_stats": {
    "shape": [
      15
    ],
    "size": 15,
    "min": 0.01154648808748071,
    "max": 408.25002063386836,
    "mean": 57.014011484310224,
    "std": 128.28880791667163
  }
}