{
  "count": 160,
  "ids_hash": "b4d0b7b613bbd3c00c9d3afb7adafd4e198d42c54fdd613bbedb460588954c8b",
  "coords_hash": "ecd93a2a8de4a6c1dbc73d8ee53a032d86369140d2563c05c185c6a861422e31",
  "coords_stats": {
    "shape": [
      160,
      3
    ],
    "size": 480,
    "min": -15.187999725341797,
    "max": 23.77400016784668,
    "mean": 3.1219020736558982,
    "std": 11.082529249942878
  }
}