MODEL,PRED_DOCKQ
2AUH_af2m,0.66233647
2AUH,0.016879277
