{
  "hash": "caf11abc8f7c8e1d7b785a0c53ebb7b73805dbfa2309f7515a9c7a3c5aaf5da1",
  "stats": {
    "shape": [
      90,
      90
    ],
    "size": 8100,
    "min": 0.0,
    "max": 15.40935356334527,
    "mean": 7.7289223249297665,
    "std": 3.0783571051319942
  }
}