{
  "hash": "e1d539bd2eb4a2b590cb9a3f015c0a4390f259b3182b2497f2aba84cf667ad1d",
  "stats": {
    "shape": [
      60,
      60
    ],
    "size": 3600,
    "min": 0.0,
    "max": 15.51558259956903,
    "mean": 7.32481717978054,
    "std": 3.222413425601135
  }
}