{
  "count": 57,
  "ids_hash": "9472ba555add909fb1b98d49396cf37c6921487ccb681e7698e99902b70a7d05",
  "coords_hash": "c933b25b500ee6d4f8812cd4d4d719cac000d3d0656ea1647e3b13cfa0cfaa5b",
  "coords_stats": {
    "shape": [
      57,
      3
    ],
    "size": 171,
    "min": 2.3919999599456787,
    "max": 41.564998626708984,
    "mean": 19.923210499579447,
    "std": 12.343725120141402
  }
}