MODEL,PRED_DOCKQ
2HZG,0.86741585
2HZG_af2m,0.86492026
