{
  "hash": "6ddd4bb24ee57c7b7938ec20d9ba149ae6d13da84f1191264280b8ceafbf37e3",
  "stats": {
    "shape": [
      48,
      48
    ],
    "size": 2304,
    "min": 0.0,
    "max": 13.182434228131912,
    "mean": 5.890004047257826,
    "std": 2.4599939621509286
  }
}