MODEL,PRED_DOCKQ
3UV1_af2m,0.7923345
3UV1,0.0023256408
