MODEL,PRED_DOCKQ
4ZUR_af2m,0.8789266
4ZUR,0.87870276
