MODEL,PRED_DOCKQ
6HS0,0.8566662
6HS0_af2m,0.82715684
