{
  "hash": "f7424e9438f0851f0cd11b9f2770affec8a8fc424e2cab24b5c7c91085e04a07",
  "stats": {
    "shape": [
      69,
      69
    ],
    "size": 4761,
    "min": 0.0,
    "max": 14.992065690807136,
    "mean": 7.015231743581337,
    "std": 2.8948549058324655
  }
}