{
  "f0_hash": "43fe233cab3d8233a160d7e49f16d2dfb8778e511eb1d19e12f8c689c10dcf0e",
  "f1_hash": "80854fde4eeb88050fdc335768c573371e30b994d72840aa2396713f3e91179a",
  "f0_stats": {
    "shape": [
      5
    ],
    "size": 5,
    "min": 0.10414434338501896,
    "max": 163.9346355311329,
    "mean": 33.70755951026205,
    "std": 65.12032094479308
  },
  "f1_stats": {
    "shape": [
      15
    ],
    "size": 15,
    "min": 0.010023234313635276,
    "max": 383.1343573954546,
    "mean": 52.846673657031715,
    "std": 120.73735118587977
  }
}