{
  "count": 96,
  "ids_hash": "b07d5dc5d5aa1cd0435b584741dd3752607dfd0196cf17ccf3b03e0087714ff6",
  "coords_hash": "9dd6ba920974badc9e46c5a25814e406a332061704ceb7c54a7a47b8e30dfe1d",
  "coords_stats": {
    "shape": [
      96,
      3
    ],
    "size": 288,
    "min": -3.4579999446868896,
    "max": 49.14400100708008,
    "mean": 21.509611143749982,
    "std": 16.55701922516166
  }
}