{
  "count": 96,
  "ids_hash": "00bfc3304cb30ef47c49346cd151a855276d00c3215a231429e4c6082d41c682",
  "coords_hash": "83f004fdf65c06b6036dd01ed8dce592d7f1ef5bd3752676ce6756e5151410b2",
  "coords_stats": {
    "shape": [
      96,
      3
    ],
    "size": 288,
    "min": 4.361999988555908,
    "max": 60.731998443603516,
    "mean": 30.284135414494408,
    "std": 17.316615338819595
  }
}