MODEL,PRED_DOCKQ
2E1N,0.7554204
2E1N_af2m,0.6572358
