{
  "hash": "f7766fceef352620cf0e70addd2a872ad65be22148c21916568a67ba086b3915",
  "stats": {
    "shape": [
      52,
      52
    ],
    "size": 2704,
    "min": 0.0,
    "max": 14.497972432048103,
    "mean": 6.338884290518705,
    "std": 2.8279471894978396
  }
}