{
  "f0_hash": "75ceb35d7986e06c7c62b13e4f2a19e2af7eb1cc247e4d2a37b3934afddd87f6",
  "f1_hash": "f5d4ee755f079ee06f75187c5c46659ae53d62c9a4db8116986e425f04eb41e3",
  "f0_stats": {
    "shape": [
      5
    ],
    "size": 5,
    "min": 0.6386543638489867,
    "max": 124.40176522379203,
    "mean": 26.364145642585203,
    "std": 49.031015298962856
  },
  "f1_stats": {
    "shape": [
      15
    ],
    "size": 15,
    "min": 0.010276346575627926,
    "max": 366.05870330690533,
    "mean": 51.41832024523712,
    "std": 116.72980464046348
  }
}