{
  "hash": "da240fa1573847ba7d3f7c7420d3d802026d3758234ee4294dea63c8b0a18a39",
  "stats": {
    "shape": [
      105,
      105
    ],
    "size": 11025,
    "min": 0.0,
    "max": 15.673647042281942,
    "mean": 8.09852673270504,
    "std": 3.135083996620707
  }
}