{
  "hash": "84dde32b6ee02d12b8ee797189f548bd24b2c2524ba16e142fb6bb2261d893bb",
  "stats": {
    "shape": [
      106,
      106
    ],
    "size": 11236,
    "min": 0.0,
    "max": 15.592474937119313,
    "mean": 7.8806260628799585,
    "std": 3.0355816440174763
  }
}