{
  "hash": "1497ec183dd20ed493fdaa531170b65c56909b2605877e2f33a01340c2a3f700",
  "stats": {
    "shape": [
      122,
      122
    ],
    "size": 14884,
    "min": 0.0,
    "max": 15.57521831735463,
    "mean": 7.6435600576583855,
    "std": 2.930179585753585
  }
}