{
  "hash": "af5de6002fd556fab7203248dfd4e51de35a48e52ef1854d650c9bd767110060",
  "stats": {
    "shape": [
      115,
      115
    ],
    "size": 13225,
    "min": 0.0,
    "max": 15.267408105483034,
    "mean": 7.933712894139888,
    "std": 3.001342604808009
  }
}