{
  "count": 96,
  "ids_hash": "651eb240422b3a7ee25aa5ddfb35274d87ed39011538dc9273991a74cf7477a6",
  "coords_hash": "171c64e8167b001eef6c6e30377cf2a419db13a634f2ec7558666e90468feeaa",
  "coords_stats": {
    "shape": [
      96,
      3
    ],
    "size": 288,
    "min": -6.797999858856201,
    "max": 32.069000244140625,
    "mean": 11.801940957511155,
    "std": 10.789210365166705
  }
}