{
  "count": 89,
  "ids_hash": "85d8d8d31643ab1959d0ef394941040540ed2d2d52d5b3c5719da2e9e9ab1d62",
  "coords_hash": "a38745f89566e565c6ca06c7b36bffc730c7c42b1a38c445e46896abb8d2af23",
  "coords_stats": {
    "shape": [
      89,
      3
    ],
    "size": 267,
    "min": -29.31800079345703,
    "max": 23.920000076293945,
    "mean": 3.2979138567206565,
    "std": 19.161941082013996
  }
}