{
  "count": 101,
  "ids_hash": "46a7a9e2d8ae231e6f09c6a2c52e6962be5bc8d68cf96aa055a813377b0fa38c",
  "coords_hash": "83a726842c1ac027df8a34b90a4f217753736016efd6dede32fe94a7854e4324",
  "coords_stats": {
    "shape": [
      101,
      3
    ],
    "size": 303,
    "min": 13.199000358581543,
    "max": 46.551998138427734,
    "mean": 28.606445598917038,
    "std": 8.957652703116468
  }
}