{
  "hash": "31d893335de7f4a09f2c3e3bd9a079d69560b5b86084fd99d4425388a9d6dd4f",
  "stats": {
    "shape": [
      101,
      101
    ],
    "size": 10201,
    "min": 0.0,
    "max": 15.0602156068767,
    "mean": 7.57595074499141,
    "std": 2.9178695042597957
  }
}