{
  "f0_hash": "fb76077ad18cfe1f3ae309a8dbd7887d9d01003edb51a5f5af0e2dd2381e9ca9",
  "f1_hash": "826b78bbeadbc388d61c8d1ddf709e10e93f0eb7d912549ddfa0a9d21a01cc6a",
  "f0_stats": {
    "shape": [
      5
    ],
    "size": 5,
    "min": 0.12272434372638016,
    "max": 93.2396023462429,
    "mean": 19.514321955533525,
    "std": 36.866134421185194
  },
  "f1_stats": {
    "shape": [
      15
    ],
    "size": 15,
    "min": 0.010074045017683275,
    "max": 158.07304348287303,
    "mean": 22.978194421055218,
    "std": 50.06629917205058
  }
}