{
  "count": 69,
  "ids_hash": "16a44613874661e110b6fa53be921543cd311d7c0931b0ec1ff64e2ee1c0a0e1",
  "coords_hash": "e0e21dd5aa2d0f748e78d74b16d08954cecb4ba0941a39daecbc10a8354ca67e",
  "coords_stats": {
    "shape": [
      69,
      3
    ],
    "size": 207,
    "min": -5.11299991607666,
    "max": 49.132999420166016,
    "mean": 23.703154681911826,
    "std": 17.325191497145376
  }
}