{
  "f0_hash": "f75576ab744981773f497615c7d8e3fb2b0e1404c1c907b382f143a7a1983f04",
  "f1_hash": "f09aa67b3cc4cede123cd85a90e829ad69fe30409cb49cf99a103da46fcfc512",
  "f0_stats": {
    "shape": [
      5
    ],
    "size": 5,
    "min": 0.5623103492153011,
    "max": 108.761514173907,
    "mean": 23.111226786655056,
    "std": 42.837867728308126
  },
  "f1_stats": {
    "shape": [
      15
    ],
    "size": 15,
    "min": 0.010172024761876397,
    "max": 288.7434350802792,
    "mean": 41.15198295133255,
    "std": 91.47596101184598
  }
}