{
  "count": 82,
  "ids_hash": "9a0e9b8135fc9883fb6dabfe8b2a63500f0e9391c0ed2997a7dcdf596cec6fab",
  "coords_hash": "be1b48f80164765d3a6615e1a9af2f146e95c9c8ea81f49c53fb1dffb3169ba8",
  "coords_stats": {
    "shape": [
      82,
      3
    ],
    "size": 246,
    "min": 12.90999984741211,
    "max": 96.20600128173828,
    "mean": 48.14861800418637,
    "std": 29.688531447686444
  }
}