{
  "hash": "05ae1acb285fbefa8fc2357f21ba2d588e9f83196786e003182acf540f75c4c8",
  "stats": {
    "shape": [
      93,
      93
    ],
    "size": 8649,
    "min": 0.0,
    "max": 15.593484167885073,
    "mean": 7.501181496057244,
    "std": 2.9034605258542516
  }
}