MODEL,PRED_DOCKQ
4BD8_af2m,0.7070764
4BD8,0.49168748
