{
  "hash": "e0c23036d5b9cc5b17a69335f7a356002c80d8317e86b4d1f8bb825427e46068",
  "stats": {
    "shape": [
      108,
      108
    ],
    "size": 11664,
    "min": 0.0,
    "max": 15.455989474217779,
    "mean": 7.963716762213692,
    "std": 3.0388364109604913
  }
}