{
  "count": 122,
  "ids_hash": "bb02b40ab2f561ce8c9b09b6e46586d34ee16db17d727383af22f0e5ca36ad70",
  "coords_hash": "adfa3a7a69c08bc5728f54c4ea2321060a37484c964efc4c683ac68440fe4319",
  "coords_stats": {
    "shape": [
      122,
      3
    ],
    "size": 366,
    "min": -5.7270002365112305,
    "max": 77.5479965209961,
    "mean": 28.335841503442147,
    "std": 30.84996019076423
  }
}