MODEL,PRED_DOCKQ
2I3T_af2m,0.8969149
2I3T,0.6472933
