{
  "f0_hash": "0e479df2913326f7b3540de95fb5a63d36281268f639cd3abdfb149f671859fd",
  "f1_hash": "7b43981dc16defce8c247bc39df54efcbce8690d1c0573b3bddb368153fad03e",
  "f0_stats": {
    "shape": [
      5
    ],
    "size": 5,
    "min": 0.39583426335788363,
    "max": 72.4521217148249,
    "mean": 15.858764625914617,
    "std": 28.318299898770064
  },
  "f1_stats": {
    "shape": [
      15
    ],
    "size": 15,
    "min": 0.01072078999878423,
    "max": 158.41723683728478,
    "mean": 23.02674644889765,
    "std": 51.13801304876333
  }
}