{
  "hash": "0557fbe98fa2ba09fa4e47ba7daf78730e8e39d790f8168645cbc010c30f4854",
  "stats": {
    "shape": [
      55,
      55
    ],
    "size": 3025,
    "min": 0.0,
    "max": 14.429556018552198,
    "mean": 6.156061391059646,
    "std": 2.605021049522994
  }
}