{
  "count": 114,
  "ids_hash": "9d9030b2ab0ee6083dc3baf46bc8b9d70b30a7cbf7c20ada5325552c32a2ccd4",
  "coords_hash": "325129db03ad39a7f40b897e83c4ca616118b5a0f49933f76962fdee4da6fae5",
  "coords_stats": {
    "shape": [
      114,
      3
    ],
    "size": 342,
    "min": 13.904999732971191,
    "max": 104.3239974975586,
    "mean": 50.94598242553354,
    "std": 32.99805428697161
  }
}