{
  "f0_hash": "76e971ae97b8ccd677dd28e3ceec8dce98a3d458358240416a7b917eb19f1122",
  "f1_hash": "4ded9b6de8789a032ff23844146fa7d89ab206f925b64fecd92e0eb004c9eb6d",
  "f0_stats": {
    "shape": [
      5
    ],
    "size": 5,
    "min": 0.4875422512101289,
    "max": 162.7666263276468,
    "mean": 33.926223438399305,
    "std": 64.43141285725025
  },
  "f1_stats": {
    "shape": [
      15
    ],
    "size": 15,
    "min": 0.010076820705986478,
    "max": 445.71283132439726,
    "mean": 61.634856193917535,
    "std": 142.21325719690125
  }
}