MODEL,PRED_DOCKQ
4X83_af2m,0.5820649
4X83,0.0015582555
