{
  "count": 66,
  "ids_hash": "c5977ec86753470a1a30062e83b8655f0f8d13354b1fe61907599b6f0e265fcb",
  "coords_hash": "807e3e6244298a4fe37ffbba8392c50900f763a89865de7d1c4234e1ee736d55",
  "coords_stats": {
    "shape": [
      66,
      3
    ],
    "size": 198,
    "min": 6.068999767303467,
    "max": 97.97899627685547,
    "mean": 43.6981262823548,
    "std": 35.67479529792996
  }
}