{
  "f0_hash": "c6db3881cb6cbfa40aed8af22e0db47d0cc7321b78894cc7d1fcdb13ca419f6d",
  "f1_hash": "266e660ed5dd1489c3eea4297f516ca299f235c6911e4709af0a5fea8e6bbc3b",
  "f0_stats": {
    "shape": [
      5
    ],
    "size": 5,
    "min": 0.8226643856680325,
    "max": 81.23078614187699,
    "mean": 17.973175329557055,
    "std": 31.661167122535176
  },
  "f1_stats": {
    "shape": [
      15
    ],
    "size": 15,
    "min": 0.010048550139954315,
    "max": 209.53789603107919,
    "mean": 31.488897120299406,
    "std": 66.32440342491422
  }
}