{
  "count": 71,
  "ids_hash": "8fbccb694277ce2825d46f1bc9aff7e431416cc4052cbb7f5561be38e47b9054",
  "coords_hash": "cd0f163bc764ecda2ab020e1c31bbec4c74353f58212c3fc3127507b13811834",
  "coords_stats": {
    "shape": [
      71,
      3
    ],
    "size": 213,
    "min": -21.454999923706055,
    "max": 18.684999465942383,
    "mean": 2.5970610497703013,
    "std": 13.16531198452125
  }
}