MODEL,PRED_DOCKQ
3TVI,0.4541732
3TVI_af2m,0.034805037
