{
  "hash": "a487d9095bfa02f1f62262fe6ea34b6dcbc79e1fd52643f90a28a269f5c1f4bd",
  "stats": {
    "shape": [
      74,
      74
    ],
    "size": 5476,
    "min": 0.0,
    "max": 15.179855952085681,
    "mean": 7.536283284587542,
    "std": 3.044890336231415
  }
}