MODEL,PRED_DOCKQ
3A1P_af2m,0.45649445
3A1P,0.25735635
