{
  "count": 71,
  "ids_hash": "4027346bb4b0e61cc4bbbf198c65186e5b23a4026ab265a55de5daf3a60fb8f3",
  "coords_hash": "b40e1c49a8c8c9f7f87b0b5f89e214552e18740296d8fa6e8af1f098ee6f9cbc",
  "coords_stats": {
    "shape": [
      71,
      3
    ],
    "size": 213,
    "min": 15.48799991607666,
    "max": 36.8380012512207,
    "mean": 25.741868574294685,
    "std": 5.263383170344431
  }
}