{
  "count": 115,
  "ids_hash": "9f1e1a7c0a72adb8c553b408396c2348317c348adebcbab62800199c20ebe14d",
  "coords_hash": "b90b16117857e80e51e4d852a11654739cf422d5d558f52164d5ea82b98e7fc1",
  "coords_stats": {
    "shape": [
      115,
      3
    ],
    "size": 345,
    "min": -20.493999481201172,
    "max": 24.118000030517578,
    "mean": -0.2158840806371924,
    "std": 12.748644778486568
  }
}