{
  "count": 110,
  "ids_hash": "352fcb6fb5bb432cc4b8a6e4e384f95694e5319048d5bd39a0ce8ba65d9cd4d7",
  "coords_hash": "bc8508e5bbf5a61c466d271f2b4c02c2f3d36dd2db51c58946331672cc5fc0d2",
  "coords_stats": {
    "shape": [
      110,
      3
    ],
    "size": 330,
    "min": -7.750999927520752,
    "max": 44.1349983215332,
    "mean": 14.686069744260925,
    "std": 16.564871723044504
  }
}