{
  "f0_hash": "1b9691e008f5fb23f91bb5e0b910a8f91440e6d67ea06f4b636690605db5a9c1",
  "f1_hash": "dd29d65e41bdaddca7a899398b40a68bd4a41e2ae8709355377331b850a25c26",
  "f0_stats": {
    "shape": [
      5
    ],
    "size": 5,
    "min": 0.29709708453306966,
    "max": 146.79749398988025,
    "mean": 30.5846721173319,
    "std": 58.113709764693695
  },
  "f1_stats": {
    "shape": [
      15
    ],
    "size": 15,
    "min": 0.010992035676906653,
    "max": 405.4361739341377,
    "mean": 56.080247772853646,
    "std": 128.68474760768797
  }
}