{
  "count": 111,
  "ids_hash": "a29f5e2b7eb30f335a2204c16ab562dab971ffc36b09f3e680ee640976b202bb",
  "coords_hash": "6fd10cfce1d54b9cdfc69bc327ef72e888079263b800e3d1ea54ac32c9c477ed",
  "coords_stats": {
    "shape": [
      111,
      3
    ],
    "size": 333,
    "min": -0.9580000042915344,
    "max": 85.97200012207031,
    "mean": 35.167966921934045,
    "std": 31.07653122992913
  }
}