MODEL,PRED_DOCKQ
2I51_af2m,0.90273315
2I51,0.89298195
