MODEL,PRED_DOCKQ
4PON_af2m,0.93261933
4PON,0.8434869
