MODEL,PRED_DOCKQ
3IHM,0.027945116
3IHM_af2m,0.022897521
