{
  "hash": "72bc8855b34ed0ab85e27f60d179e4c4f60a9e2ac74a069db1e7ea3263e9b659",
  "stats": {
    "shape": [
      100,
      100
    ],
    "size": 10000,
    "min": 0.0,
    "max": 15.709074348902808,
    "mean": 8.003851487219665,
    "std": 3.240276970469646
  }
}