{
  "f0_hash": "e96d3887ef668812bae3b090a5c7a125016589bb053f9f635f9f2a15da1077a1",
  "f1_hash": "19aae3a8e488b9cf0a1a4344bba78568895a57302214510f199004169d15ac85",
  "f0_stats": {
    "shape": [
      5
    ],
    "size": 5,
    "min": 0.5433939549717682,
    "max": 144.00964307745943,
    "mean": 30.188286477285363,
    "std": 56.91992921483222
  },
  "f1_stats": {
    "shape": [
      15
    ],
    "size": 15,
    "min": 0.01379450487878664,
    "max": 404.3395565960517,
    "mean": 56.22971239031266,
    "std": 128.08182804168104
  }
}