{
  "hash": "af54454bbac89e46eb50dd54049f2a630056ccba3b128b35ca7ee499d49c1860",
  "stats": {
    "shape": [
      73,
      73
    ],
    "size": 5329,
    "min": 0.0,
    "max": 15.562180245085024,
    "mean": 7.378423428961499,
    "std": 3.0775214530122326
  }
}