{
  "hash": "12986840fd0d76af3127a9349a444baeea1f262421885a25ebeb35fef8260971",
  "stats": {
    "shape": [
      106,
      106
    ],
    "size": 11236,
    "min": 0.0,
    "max": 15.12336284525543,
    "mean": 7.731726705494203,
    "std": 2.985504298909375
  }
}