{
  "hash": "be6d76d868f9d8bbab7b203f0dc4ca20282614d5f7fce1c638d55462e5c64103",
  "stats": {
    "shape": [
      66,
      66
    ],
    "size": 4356,
    "min": 0.0,
    "max": 15.331555281578133,
    "mean": 6.785246095800541,
    "std": 2.9016607579930875
  }
}