{
  "f0_hash": "290d0aea5a84600e17679733479614fb729a0b4a85a9af3f4c7a8392a6819c32",
  "f1_hash": "41649326180313a66792eccd42d65cbe639ea8db0a208901f315e7422aff544c",
  "f0_stats": {
    "shape": [
      5
    ],
    "size": 5,
    "min": 0.6119968105434068,
    "max": 190.33428690383818,
    "mean": 39.54150546035568,
    "std": 75.40430782524493
  },
  "f1_stats": {
    "shape": [
      15
    ],
    "size": 15,
    "min": 0.011090768786890859,
    "max": 581.4107521083706,
    "mean": 79.85849169613546,
    "std": 184.10815285391786
  }
}