{
  "f0_hash": "45dda9eb599ac949e10fa5fd393a14c94865ef6679161f5492fce9c70ffd7b9e",
  "f1_hash": "c8b8b302a089f700dda00eac7de52c57707a5c89b3d8a87786da8b5dde4c4f48",
  "f0_stats": {
    "shape": [
      5
    ],
    "size": 5,
    "min": 0.6184276052047125,
    "max": 149.7917727329067,
    "mean": 31.463142181214813,
    "std": 59.17566617816753
  },
  "f1_stats": {
    "shape": [
      15
    ],
    "size": 15,
    "min": 0.010109029284960158,
    "max": 383.1723341451609,
    "mean": 54.0786012863963,
    "std": 119.91767234828197
  }
}