{
  "f0_hash": "ed7096da84e5c57de6d96683a5aa3ce3b506d9b39d948b617ef2efff48048e4c",
  "f1_hash": "53eaab2711644fc11d88bd2b7db8819dcadec492bb4302ff1d2cc157ea2e3dc7",
  "f0_stats": {
    "shape": [
      5
    ],
    "size": 5,
    "min": 0.1839808631152484,
    "max": 380.99395019030635,
    "mean": 77.0503777028402,
    "std": 151.9742363096757
  },
  "f1_stats": {
    "shape": [
      15
    ],
    "size": 15,
    "min": 0.010106899733512975,
    "max": 609.1548355679506,
    "mean": 82.70418365725482,
    "std": 189.4758290573497
  }
}