{
  "hash": "3a7a514b2447bd5bccb46cde34c873552ffebfa42c9edd741085205a3ea0a332",
  "stats": {
    "shape": [
      104,
      104
    ],
    "size": 10816,
    "min": 0.0,
    "max": 15.184686934566779,
    "mean": 7.8902201519194755,
    "std": 3.0564275354697363
  }
}