{
  "count": 92,
  "ids_hash": "faad1fd42aa826f60846465b90e2ad794f70d701c3445324f5be7c414850385b",
  "coords_hash": "f8fc12eab287b595e8ffdac5a60d513b4ba9ef98d8dc9805c7b7a4a3bcc0d578",
  "coords_stats": {
    "shape": [
      92,
      3
    ],
    "size": 276,
    "min": -25.81599998474121,
    "max": 92.49099731445312,
    "mean": 23.652688225684013,
    "std": 44.738870524131286
  }
}