MODEL,PRED_DOCKQ
1M32,0.87282044
1M32_af2m,0.65543294
