{
  "count": 112,
  "ids_hash": "34a389d1fdd83bb61e62f27b33c15c72d61096c4cda7e2cb0c5f7683a83b0215",
  "coords_hash": "87549c5b3f76ac593d6749c039ff60137cccc129ac25e942ff6e0c7b52b7a8a0",
  "coords_stats": {
    "shape": [
      112,
      3
    ],
    "size": 336,
    "min": -37.104000091552734,
    "max": 46.762001037597656,
    "mean": -2.8935863432430087,
    "std": 30.499070108420394
  }
}