{
  "count": 79,
  "ids_hash": "62e88ac9485771659ee6531e4dc129aff6f4bce2ec001ed78653d614d552e284",
  "coords_hash": "b56f5e31ffd5c16531f001e6bba5ae158038d0d6e2cf22f0ab603f0eeef3847e",
  "coords_stats": {
    "shape": [
      79,
      3
    ],
    "size": 237,
    "min": -42.47999954223633,
    "max": 23.1200008392334,
    "mean": -2.4105273781949457,
    "std": 24.247544331620766
  }
}