{
  "f0_hash": "f4c9b4f90c48a7d1a1d4690193757069ac2f7a259db65fc06bb7ef2879d67a0e",
  "f1_hash": "59577f91b09c02b2b17e4818c7565e39f21e33b52873c660b44985a2937f99df",
  "f0_stats": {
    "shape": [
      5
    ],
    "size": 5,
    "min": 0.28468593803118547,
    "max": 136.21307013906232,
    "mean": 28.44228616094383,
    "std": 53.892603744153014
  },
  "f1_stats": {
    "shape": [
      15
    ],
    "size": 15,
    "min": 0.010278310486059539,
    "max": 312.7979338352876,
    "mean": 44.00217587622031,
    "std": 100.09911082705813
  }
}