{
  "hash": "b5eda3e817b9b6bfdac5594b8991c4a5e0fb95d05cba347db8f6ce85d60bdacf",
  "stats": {
    "shape": [
      63,
      63
    ],
    "size": 3969,
    "min": 0.0,
    "max": 15.422150136276215,
    "mean": 7.132170725085214,
    "std": 3.126419528585062
  }
}