{
  "hash": "118e3637bb0e77f4be4f6d472760247fc8ba26eb577037947328d0b1e6704d36",
  "stats": {
    "shape": [
      174,
      174
    ],
    "size": 30276,
    "min": 0.0,
    "max": 15.730350173352637,
    "mean": 8.393752164998608,
    "std": 3.2253346935425093
  }
}