{
  "f0_hash": "8b3361cd88b02c0828a50b146382c1c4c564f8a7021ad946b2f5dfc3b506cee4",
  "f1_hash": "2aab56325aa9aecc6fe00166a8cc4d30ffc4a94f383ce78dc9cfe0355fa73f9f",
  "f0_stats": {
    "shape": [
      5
    ],
    "size": 5,
    "min": 0.5903209231036233,
    "max": 168.0429064217942,
    "mean": 35.05825004740162,
    "std": 66.50175928883111
  },
  "f1_stats": {
    "shape": [
      15
    ],
    "size": 15,
    "min": 0.010426425271598205,
    "max": 612.0705253067483,
    "mean": 84.17998458620124,
    "std": 195.99577619649384
  }
}