{
  "hash": "5b09416e73bfc98d33ea8b4b2bcd12694fc52951aefe0ce29f021f54884e7bec",
  "stats": {
    "shape": [
      112,
      112
    ],
    "size": 12544,
    "min": 0.0,
    "max": 15.531801450501694,
    "mean": 8.07909137244289,
    "std": 3.0427727556919115
  }
}