{
  "hash": "cf44bd99a1121a1a2ed48dc9c46d629b284c984191d304d453460b20859e9d80",
  "stats": {
    "shape": [
      108,
      108
    ],
    "size": 11664,
    "min": 0.0,
    "max": 15.41583029452034,
    "mean": 7.807430432860784,
    "std": 2.9767391638682543
  }
}