{
  "f0_hash": "06779235f85e69db98ea650bd3d7e68187126cdb5732d6ccfbe2dc500e484e9d",
  "f1_hash": "f51925d5ed9a57fee5abb41b767ddec7aff420bd8eaa8c0f74427e6a37161e54",
  "f0_stats": {
    "shape": [
      5
    ],
    "size": 5,
    "min": 0.43457819508794815,
    "max": 175.4607528896146,
    "mean": 36.48103205045901,
    "std": 69.49869125259852
  },
  "f1_stats": {
    "shape": [
      15
    ],
    "size": 15,
    "min": 0.01125747713018832,
    "max": 476.89841022435166,
    "mean": 65.7352568403768,
    "std": 150.5389567038186
  }
}