{
  "hash": "a4a8d50adc6b99055859c00a5fd23f7d7642c6d3d5fff6b3081a05d3f9863e05",
  "stats": {
    "shape": [
      118,
      118
    ],
    "size": 13924,
    "min": 0.0,
    "max": 15.545584227862747,
    "mean": 8.274975635652925,
    "std": 3.1489906955512486
  }
}