{
  "count": 107,
  "ids_hash": "51fef99d7f4ba71ffa2ada9b82768d2610da02008c9d4e241717acdae07e3b11",
  "coords_hash": "77ca8282ed503a26972334897843ab9191dc53f7963106fb251a92b3422d1b64",
  "coords_stats": {
    "shape": [
      107,
      3
    ],
    "size": 321,
    "min": -3.7100000381469727,
    "max": 50.448001861572266,
    "mean": 18.234560723036434,
    "std": 18.31296283103162
  }
}