{
  "count": 105,
  "ids_hash": "4e9d253464532d2840eb3cdebd50fee80627b70571518a37b044311a7bb27e2c",
  "coords_hash": "15c575f07872c804b9311c428ad04ae66d906e1a59cc9f2661661fe24c85e8e8",
  "coords_stats": {
    "shape": [
      105,
      3
    ],
    "size": 315,
    "min": -5.673999786376953,
    "max": 91.64600372314453,
    "mean": 33.33427621731683,
    "std": 37.47192092791282
  }
}