{
  "hash": "04bd228c8eab1b91215ccd9fd21e6cc1198805ebd4e8feeca7032663706b169a",
  "stats": {
    "shape": [
      40,
      40
    ],
    "size": 1600,
    "min": 0.0,
    "max": 12.903426001849567,
    "mean": 6.027772636877189,
    "std": 2.6486857362363123
  }
}