{
  "count": 97,
  "ids_hash": "cade84db1400f5d3d053e7630489d756d77acb97acab163d35a27f16016ce448",
  "coords_hash": "2ac814a5b9e55a8f1722a0046371be1830eb5dd5c96bdde20dd701a444ef2204",
  "coords_stats": {
    "shape": [
      97,
      3
    ],
    "size": 291,
    "min": 4.173999786376953,
    "max": 88.33399963378906,
    "mean": 42.15999678647805,
    "std": 29.81022717585527
  }
}