{
  "hash": "311f1b92aee72fcdd21424b69ebd975e874911260367c83bab6026b23e4a22dc",
  "stats": {
    "shape": [
      111,
      111
    ],
    "size": 12321,
    "min": 0.0,
    "max": 15.653840220625378,
    "mean": 8.12187731529709,
    "std": 3.0847186444955357
  }
}