{
  "hash": "df991c939bf85d352c11eb9f4d181d1a834657eb5d71494d2238c8e8252d7c1c",
  "stats": {
    "shape": [
      76,
      76
    ],
    "size": 5776,
    "min": 0.0,
    "max": 15.542174261887453,
    "mean": 7.507341464878416,
    "std": 3.110137649390956
  }
}