{
  "hash": "d19cca0d024ccc427bf6b8522ce0403b4d2ba5a6c0e85c059b17021d00863ded",
  "stats": {
    "shape": [
      94,
      94
    ],
    "size": 8836,
    "min": 0.0,
    "max": 15.471969297886764,
    "mean": 7.94591351624193,
    "std": 3.1551142359619075
  }
}