{
  "count": 95,
  "ids_hash": "1bb14d35683b9261a232580117a018374e6c436cb443d37846d813a79e74d9e8",
  "coords_hash": "6460e7a469c038e07948591486118426d8223ff2469ce0be7802d28367ca63c2",
  "coords_stats": {
    "shape": [
      95,
      3
    ],
    "size": 285,
    "min": -32.172000885009766,
    "max": 66.39800262451172,
    "mean": 10.755242028757277,
    "std": 36.37535532252734
  }
}