{
  "hash": "6c0c03345ae1cf6e7421bc1519213f775b54626fa9537d82ff8913dd9e6b0202",
  "stats": {
    "shape": [
      62,
      62
    ],
    "size": 3844,
    "min": 0.0,
    "max": 15.77922406870395,
    "mean": 7.245731662195178,
    "std": 3.1596806326503657
  }
}