{
  "hash": "45c345c1643a3b73f8ba018af9b96a1abe1a32e9778270b4476d2395ec1cb4cb",
  "stats": {
    "shape": [
      111,
      111
    ],
    "size": 12321,
    "min": 0.0,
    "max": 15.664515339673976,
    "mean": 8.04158939547999,
    "std": 3.0529695286328846
  }
}