{
  "hash": "c535964a2a43896baff980a07167701879908dc557b91f0d2f01f966e37af24a",
  "stats": {
    "shape": [
      109,
      109
    ],
    "size": 11881,
    "min": 0.0,
    "max": 15.348501972720108,
    "mean": 7.861401811264072,
    "std": 2.981735589500921
  }
}