MODEL,PRED_DOCKQ
5AL7_af2m,0.7604689
5AL7,0.46377638
