MODEL,PRED_DOCKQ
3FCD_af2m,0.8379172
3FCD,0.78948677
