{
  "f0_hash": "e555d639d075b90fa61667f8873ad69f22ad9b3412e7236ecfd44d06ba3f387b",
  "f1_hash": "78dc0dba157865f06975c979d116a73e4af4e7773be491b8c8ae7589753372a1",
  "f0_stats": {
    "shape": [
      5
    ],
    "size": 5,
    "min": 0.5259563966958237,
    "max": 178.0444668540976,
    "mean": 37.05363757756346,
    "std": 70.50444970066424
  },
  "f1_stats": {
    "shape": [
      15
    ],
    "size": 15,
    "min": 0.011217661922643174,
    "max": 610.2791130159823,
    "mean": 84.0377857535125,
    "std": 196.0567411913769
  }
}