{
  "count": 82,
  "ids_hash": "9c77c25b61bfd2f546a1bcbac55525c1814e162fd1f90b727f262789b18812b2",
  "coords_hash": "d85663535b70dcd8adf69bb68f57a1c96a66f93258073ff8c6f294eaedce9f8c",
  "coords_stats": {
    "shape": [
      82,
      3
    ],
    "size": 246,
    "min": 3.493000030517578,
    "max": 83.09500122070312,
    "mean": 39.333524427762846,
    "std": 28.721186610199393
  }
}