MODEL,PRED_DOCKQ
5LKB,0.86360586
5LKB_af2m,0.84839505
