{
  "hash": "115025f3286a6acf81ab1faeee1ce9fe0d6202f0d50cfb55521d60897c8877a4",
  "stats": {
    "shape": [
      91,
      91
    ],
    "size": 8281,
    "min": 0.0,
    "max": 15.413741304913835,
    "mean": 7.613267144260043,
    "std": 2.9394634667264166
  }
}