{
  "f0_hash": "ff646950227dde79954a7673cb8d5da786a55eedbb3ea07e721b092a26a4fea9",
  "f1_hash": "0ee20095b5e9743dc605b92ae2173d434315264dd5bf699060dc9ba59928e470",
  "f0_stats": {
    "shape": [
      5
    ],
    "size": 5,
    "min": 0.4552351430760539,
    "max": 139.70519297324944,
    "mean": 29.284579603286243,
    "std": 55.2191867767264
  },
  "f1_stats": {
    "shape": [
      15
    ],
    "size": 15,
    "min": 0.01060123090922449,
    "max": 395.5081911405594,
    "mean": 56.295588183930604,
    "std": 126.49359226805232
  }
}