{
  "hash": "c9ee15f9ae1c123fa43f1f497de8a81cfa392e24ec8c6bb25719adc1a782ef10",
  "stats": {
    "shape": [
      48,
      48
    ],
    "size": 2304,
    "min": 0.0,
    "max": 14.837604771479041,
    "mean": 5.963274388207357,
    "std": 2.6518181905819564
  }
}