MODEL,PRED_DOCKQ
5F5T,0.8332058
5F5T_af2m,0.66093147
