MODEL,PRED_DOCKQ
3OAK_af2m,0.70732147
3OAK,0.61855704
