{
  "count": 97,
  "ids_hash": "00addd38bcd63dc4750c60d71cdd438f8748a1f5587b8ee00f19edcc984fef85",
  "coords_hash": "49c60f57152619d8d2cee2e15633bf0c14ffb7858995716a0e11a6007059a59b",
  "coords_stats": {
    "shape": [
      97,
      3
    ],
    "size": 291,
    "min": -6.9679999351501465,
    "max": 65.35299682617188,
    "mean": 30.33062195315432,
    "std": 24.281075862716275
  }
}