{
  "hash": "edba7525cb149396d1c761bfb65652a5713cd892276ce14660e3d297eb1daf4d",
  "stats": {
    "shape": [
      111,
      111
    ],
    "size": 12321,
    "min": 0.0,
    "max": 15.404579598236738,
    "mean": 7.854694643528799,
    "std": 2.978854013042975
  }
}