{
  "count": 77,
  "ids_hash": "7eb8a65311a6b0def23c8eacbf631533def49adc72b31ce0a522b7495e741d6e",
  "coords_hash": "3a5a96330596d77178836ca058d054ad6f6a26ed334dd40f9ac789539a00e596",
  "coords_stats": {
    "shape": [
      77,
      3
    ],
    "size": 231,
    "min": -37.02799987792969,
    "max": 21.3439998626709,
    "mean": -4.274978331592563,
    "std": 19.383408817920333
  }
}