MODEL,PRED_DOCKQ
6RO6_af2m,0.88993657
6RO6,0.740387
