{
  "f0_hash": "3e7d6f499037c22ae005afc7197bb01814b27a98f013e578fa817c446de530a2",
  "f1_hash": "b7ba0ed42be76603793cee932343432aea006128060c75f4a0a85892155ab27f",
  "f0_stats": {
    "shape": [
      5
    ],
    "size": 5,
    "min": 0.4297401759773981,
    "max": 121.85746880661992,
    "mean": 25.794815678949114,
    "std": 48.045617680126014
  },
  "f1_stats": {
    "shape": [
      15
    ],
    "size": 15,
    "min": 0.011254763327332551,
    "max": 302.2704595282162,
    "mean": 43.03418833519215,
    "std": 95.41690814743102
  }
}