MODEL,PRED_DOCKQ
5XW4_af2m,0.22899203
5XW4,0.0029551268
