MODEL,PRED_DOCKQ
3DCG,0.7724167
3DCG_af2m,0.77207524
