{
  "count": 111,
  "ids_hash": "5c77f94d56ee18091f3a5b86de4cf27bc2e3419eeb6ac956b8d90de636781387",
  "coords_hash": "37b6ba86131c10efada4c5bb7fee53e8390dee222d938ab4ce6ca949e116cc3a",
  "coords_stats": {
    "shape": [
      111,
      3
    ],
    "size": 333,
    "min": -41.060001373291016,
    "max": 47.474998474121094,
    "mean": 0.5612492265271347,
    "std": 30.853922970303756
  }
}