{
  "f0_hash": "00bcdeb124556d00a831be6fc26ea0944805996da8bb4703653db850ffcd8321",
  "f1_hash": "c3636b5a7ee80a4fb431791ecb0fbb9674e71fff6d2f5f6bfd1577197d2af8d5",
  "f0_stats": {
    "shape": [
      5
    ],
    "size": 5,
    "min": 0.4219522837246264,
    "max": 147.50017868300617,
    "mean": 30.892799810801648,
    "std": 58.31475326182716
  },
  "f1_stats": {
    "shape": [
      15
    ],
    "size": 15,
    "min": 0.010399500450263943,
    "max": 411.12936052750973,
    "mean": 57.24168204343239,
    "std": 130.63516063192876
  }
}