{
  "hash": "cafa43898684b4d4565efde6a43229cf93c913047047d926fa0a186afdc30baf",
  "stats": {
    "shape": [
      82,
      82
    ],
    "size": 6724,
    "min": 0.0,
    "max": 15.238772979656176,
    "mean": 7.343699922585955,
    "std": 2.9916300626280226
  }
}