{
  "count": 223,
  "ids_hash": "9e39f1bb5354fe72c92074b2c9d2fec617623eff0e9bce626a7c9f4635a50358",
  "coords_hash": "ef259c8766aee482cb0d7959b39b8c42f330057fe7038469816a8c0e631ce2a2",
  "coords_stats": {
    "shape": [
      223,
      3
    ],
    "size": 669,
    "min": -9.619000434875488,
    "max": 21.19300079345703,
    "mean": 7.530198789219774,
    "std": 7.984143605503792
  }
}