{
  "count": 109,
  "ids_hash": "12d068d74e16873458c35363463762e746c0064dc5b4ae07452c9a6e7b59d8f9",
  "coords_hash": "ff14b08d6e6be676db6c97a1b82903a9c04f8c9368ea006e70b28d5ef355ef31",
  "coords_stats": {
    "shape": [
      109,
      3
    ],
    "size": 327,
    "min": 6.418000221252441,
    "max": 97.33399963378906,
    "mean": 42.045581091434585,
    "std": 34.93823304927108
  }
}