{
  "hash": "96c9546e2863900e861a669680303d14adc2b74a60f79424c4dfe5f921e73570",
  "stats": {
    "shape": [
      77,
      77
    ],
    "size": 5929,
    "min": 0.0,
    "max": 15.55689332784342,
    "mean": 7.094769609870171,
    "std": 3.014389746888372
  }
}