{
  "hash": "ba308cbc31e9987c6fa6ced11d1f8ffb9b22323d10a4492d0811d7158ff3bbda",
  "stats": {
    "shape": [
      108,
      108
    ],
    "size": 11664,
    "min": 0.0,
    "max": 15.668314332101305,
    "mean": 7.859966294211871,
    "std": 3.009371285088996
  }
}