{
  "hash": "edae0a2b699109817aaad3eb11649effffee1cdf75de55638a7eb6472453ddd7",
  "stats": {
    "shape": [
      89,
      89
    ],
    "size": 7921,
    "min": 0.0,
    "max": 14.855785902399674,
    "mean": 7.4374677772652795,
    "std": 2.92568487930521
  }
}