{
  "hash": "490c8311ef153a1c2bf8e43918062b7e4ba73f21b70748048477e136f02f40b6",
  "stats": {
    "shape": [
      111,
      111
    ],
    "size": 12321,
    "min": 0.0,
    "max": 15.79398096926923,
    "mean": 8.162455862885414,
    "std": 3.1124071715279484
  }
}