{
  "count": 67,
  "ids_hash": "af52264f7b457cd85781bc0958e55021a610fce1478bb077a605ed586caf8f6c",
  "coords_hash": "a8dc27257ba334f41b7c2afc17973cb8232302b2a3c65bcc66b300f83ff0330e",
  "coords_stats": {
    "shape": [
      67,
      3
    ],
    "size": 201,
    "min": 16.167999267578125,
    "max": 43.268001556396484,
    "mean": 28.547796031135825,
    "std": 6.644126768233594
  }
}