{
  "f0_hash": "c5916b3d07f50cd3b55acd3f9aae082cecb480ca55fa5f344009bd347c395156",
  "f1_hash": "29cff92cebb0517241de107cc4c5e8e3ae3960338269fc5a9a7a8e730ad05c53",
  "f0_stats": {
    "shape": [
      5
    ],
    "size": 5,
    "min": 0.49018907956478175,
    "max": 125.54671506171302,
    "mean": 26.591784489515458,
    "std": 49.49313355649847
  },
  "f1_stats": {
    "shape": [
      15
    ],
    "size": 15,
    "min": 0.01021056505595297,
    "max": 326.93247965142,
    "mean": 45.966409533818585,
    "std": 103.94412234453537
  }
}