{
  "count": 193,
  "ids_hash": "a68a1f8641f136a50e7dcf2cf6382fd83aadc4534c89b9721e497a67b3ec4a77",
  "coords_hash": "19ef6eb600ab5050f74a987bdb787bf0e64f21753fa601237064cc9b108f3bed",
  "coords_stats": {
    "shape": [
      193,
      3
    ],
    "size": 579,
    "min": -14.392999649047852,
    "max": 25.968000411987305,
    "mean": 4.122815213008544,
    "std": 12.340367793770817
  }
}