{
  "f0_hash": "fb2549fa5528e119b66a04f4fcb88068e4f4623d84b72f19fa4d313b3b7c8403",
  "f1_hash": "085d7fbbce2d599fd143c98a178c39e1c4540fa0dfb660ebb8dcc80fa532480c",
  "f0_stats": {
    "shape": [
      5
    ],
    "size": 5,
    "min": 0.34512592910356926,
    "max": 141.3596097493788,
    "mean": 29.511745894428504,
    "std": 55.93118344471639
  },
  "f1_stats": {
    "shape": [
      15
    ],
    "size": 15,
    "min": 0.010229149647003943,
    "max": 359.5478547837248,
    "mean": 49.95479740648024,
    "std": 113.88176927220793
  }
}