{
  "count": 96,
  "ids_hash": "e6a91f6204b96efd86e1519ac5485f71aea0817d70b35bf60bd2b60a63205717",
  "coords_hash": "7c9b4f00d37dc4c7c0dde52843dbae6214489583f262ce061df3b87e8b23f75d",
  "coords_stats": {
    "shape": [
      96,
      3
    ],
    "size": 288,
    "min": -12.427000045776367,
    "max": 44.689998626708984,
    "mean": 17.52290970366448,
    "std": 18.521103177127767
  }
}