MODEL,PRED_DOCKQ
6VIG_af2m,0.81512797
6VIG,0.75604796
