{
  "hash": "63367eea3586bbaa826fa5a774f0d94bb39e85abfe31d4282898b833bb92dff3",
  "stats": {
    "shape": [
      99,
      99
    ],
    "size": 9801,
    "min": 0.0,
    "max": 15.54087968581766,
    "mean": 7.886864657266448,
    "std": 3.1543235161763885
  }
}