{
  "f0_hash": "faf88a994f1214dba778867cc16ea2ddea93b7cab976a414a84c1278526573ab",
  "f1_hash": "617dd575dac369d315d01a5b999dda12fb0e7f79310c844e46f9f74ee02d818b",
  "f0_stats": {
    "shape": [
      5
    ],
    "size": 5,
    "min": 0.4655081172002304,
    "max": 152.89108624477515,
    "mean": 32.02960693749843,
    "std": 60.44263998892738
  },
  "f1_stats": {
    "shape": [
      15
    ],
    "size": 15,
    "min": 0.010951147739955758,
    "max": 474.3043531655644,
    "mean": 65.74397681189244,
    "std": 151.22666553184257
  }
}