MODEL,PRED_DOCKQ
2I00_af2m,0.8247585
2I00,0.22023253
