{
  "f0_hash": "e8e2ddd613ac85e5adbabce724381db8e4fac0f39a41b141644cbd65285e3821",
  "f1_hash": "2b312bb1cab15ab8c4fbaab2a0279aac19fa12658557e6d85fac6f6ffbaac4f8",
  "f0_stats": {
    "shape": [
      5
    ],
    "size": 5,
    "min": 0.47598235322885146,
    "max": 168.6458403676013,
    "mean": 35.11882403449154,
    "std": 66.77229078637772
  },
  "f1_stats": {
    "shape": [
      15
    ],
    "size": 15,
    "min": 0.010108834399715771,
    "max": 506.00334856710424,
    "mean": 69.73822642289215,
    "std": 161.49909299410038
  }
}