{
  "f0_hash": "07f89241fb8a80c5e4577a3856b651771a145d989a57ef1da011dfd646307fb2",
  "f1_hash": "49f739693d6199b62ba7cf8af3cebaa3c7b0774829d671f5a5f21eba33727d44",
  "f0_stats": {
    "shape": [
      5
    ],
    "size": 5,
    "min": 0.4541736755194723,
    "max": 173.82197293027434,
    "mean": 36.10482739700443,
    "std": 68.86756221980421
  },
  "f1_stats": {
    "shape": [
      15
    ],
    "size": 15,
    "min": 0.011222328938072401,
    "max": 481.31805719316293,
    "mean": 66.83957690247125,
    "std": 152.44176118576735
  }
}