{
  "count": 110,
  "ids_hash": "86605d227b112d20aafd0e63a5cc09dbb5846c5c25a5f258738ba76bdd983628",
  "coords_hash": "b7dc263e9f6a2d9609ce98dd1271f4e7e08f89399c32edc7bf3a52c4a668d047",
  "coords_stats": {
    "shape": [
      110,
      3
    ],
    "size": 330,
    "min": -39.54800033569336,
    "max": 39.606998443603516,
    "mean": 2.4141302462780114,
    "std": 26.935886865735096
  }
}