{
  "hash": "c8318ad9199754d76a9c6a68b6628843048b16a8ae9380abb2257198cd51865b",
  "stats": {
    "shape": [
      90,
      90
    ],
    "size": 8100,
    "min": 0.0,
    "max": 15.796183431732542,
    "mean": 7.880490545467371,
    "std": 3.1800053392591106
  }
}