{
  "hash": "f73d3afe404667143287b32d62d9ac40bc93a40d62491ae0b54e8d7414065992",
  "stats": {
    "shape": [
      113,
      113
    ],
    "size": 12769,
    "min": 0.0,
    "max": 15.707354776020791,
    "mean": 7.950529123495143,
    "std": 3.0168116216956666
  }
}