{
  "f0_hash": "3b8900d07941433ee0db8ce4e07d1a155478171613bc7c53ba8f275c745db964",
  "f1_hash": "bf872461d64a242af34f5acb74e7e21c101340910a85e93867f85f0610827ec4",
  "f0_stats": {
    "shape": [
      5
    ],
    "size": 5,
    "min": 0.7286478630094139,
    "max": 152.26117041818026,
    "mean": 32.3505837543406,
    "std": 59.98289733428425
  },
  "f1_stats": {
    "shape": [
      15
    ],
    "size": 15,
    "min": 0.010174029571187404,
    "max": 451.63156271762745,
    "mean": 64.3383157789711,
    "std": 142.50818428008154
  }
}