{
  "count": 117,
  "ids_hash": "d0ff610e6a3578508b20beeded47dc6d8bfe58de5d2a415ac42f19bdb2d0648a",
  "coords_hash": "8640e6691f42a5959efa1243aa05d0e3ae20a56ae3ea1eb669279299f7778c1b",
  "coords_stats": {
    "shape": [
      117,
      3
    ],
    "size": 351,
    "min": 12.954999923706055,
    "max": 49.37200164794922,
    "mean": 27.21120792508465,
    "std": 10.99336553184168
  }
}