{
  "f0_hash": "de41c8581255618d52d7f7e235acd4fc56762b915538d78662aceadb62ddb6f4",
  "f1_hash": "6263d9295c86ad27301b560a6af204659e9ba57b95fa425639530cafdd626573",
  "f0_stats": {
    "shape": [
      5
    ],
    "size": 5,
    "min": 0.5493564682085237,
    "max": 140.7382118512789,
    "mean": 29.558464858517322,
    "std": 55.599705732495714
  },
  "f1_stats": {
    "shape": [
      15
    ],
    "size": 15,
    "min": 0.01067264202294993,
    "max": 344.0263309220804,
    "mean": 49.44992072180072,
    "std": 108.09762234813299
  }
}