{
  "hash": "af75951d930a4fa9463db2d37c276da4509b92aef6fe7e16bb615c61892df57f",
  "stats": {
    "shape": [
      81,
      81
    ],
    "size": 6561,
    "min": 0.0,
    "max": 15.187887943916882,
    "mean": 7.1962947048694215,
    "std": 2.957298368950363
  }
}