{
  "f0_hash": "3c3e0c762dbc314d0def8c0ddf891fc7624f1442b472c0f4cb6a0efb1b34d2ae",
  "f1_hash": "cb1b4f4a34625c505604993f6099acde9c2b85b0008016cec1cd104fd94deb7e",
  "f0_stats": {
    "shape": [
      5
    ],
    "size": 5,
    "min": 0.5851260988319346,
    "max": 149.41033418314822,
    "mean": 31.363842220175364,
    "std": 59.03470345720937
  },
  "f1_stats": {
    "shape": [
      15
    ],
    "size": 15,
    "min": 0.012183620000749684,
    "max": 435.7836235759099,
    "mean": 60.89548683871041,
    "std": 137.22318375934552
  }
}