MODEL,PRED_DOCKQ
3CT6,0.71290624
3CT6_af2m,0.24749619
