{
  "hash": "fd8bfe54827e76dfc39ebce98864ba812608c52a9e1d4697ccaa2140b48b7f26",
  "stats": {
    "shape": [
      91,
      91
    ],
    "size": 8281,
    "min": 0.0,
    "max": 15.483309823874794,
    "mean": 7.459535038938008,
    "std": 2.9712296600351062
  }
}