{
  "hash": "01d59d9a840c07e3ca42785d7328c20860e5226fa84b7a95ffe24700e315b502",
  "stats": {
    "shape": [
      69,
      69
    ],
    "size": 4761,
    "min": 0.0,
    "max": 15.651616875765415,
    "mean": 7.272981995439857,
    "std": 3.1268277193162213
  }
}