MODEL,PRED_DOCKQ
1Z2C_af2m,0.8422239
1Z2C,0.7790984
