{
  "count": 67,
  "ids_hash": "e460a9d562e6d0cf1be52dbea3f2c71f81410b8846027ff646e3329af6d578d2",
  "coords_hash": "104268c92ce872460c81cd915ffaa6940db527c97cec49c0913d910f4135b840",
  "coords_stats": {
    "shape": [
      67,
      3
    ],
    "size": 201,
    "min": -28.1560001373291,
    "max": 32.51599884033203,
    "mean": -4.323109489175217,
    "std": 20.852394463994923
  }
}