MODEL,PRED_DOCKQ
3E6M_af2m,0.8791227
3E6M,0.7785239
