{
  "count": 107,
  "ids_hash": "25c9d70b4b99ac44c4374168152a98e129e8ea107be7f454299ff0ca19c79866",
  "coords_hash": "a35efe60e4fb834be192655b181140c61e7b6428093a9724b3fdaf134c85e46c",
  "coords_stats": {
    "shape": [
      107,
      3
    ],
    "size": 321,
    "min": -14.543999671936035,
    "max": 37.41699981689453,
    "mean": 15.399757051393621,
    "std": 16.76126880022403
  }
}