{
  "f0_hash": "1244f0087780196372a54dd0afa91ab67528da907920d38c3b6b62527e616436",
  "f1_hash": "9305f429c3ff1b0ce75ff04d0f4bc1b5f41f35c9548b78f32e6275251ddbf701",
  "f0_stats": {
    "shape": [
      5
    ],
    "size": 5,
    "min": 0.5244747825139137,
    "max": 161.02578251496956,
    "mean": 33.585733313102715,
    "std": 63.72778163109712
  },
  "f1_stats": {
    "shape": [
      15
    ],
    "size": 15,
    "min": 0.01166258393710784,
    "max": 550.3260430791917,
    "mean": 76.51791865300574,
    "std": 174.57804014633206
  }
}