{
  "hash": "b0b2adc3a53f86ca9f04b4e400b54509b22f0a9f8bfc702aa7b0f80fee232b81",
  "stats": {
    "shape": [
      90,
      90
    ],
    "size": 8100,
    "min": 0.0,
    "max": 15.407820183723892,
    "mean": 7.797914847252992,
    "std": 3.069550836371339
  }
}