{
  "f0_hash": "6b2ab102e6c348fc3cf95d714f9ba057fc2a20105c3100143103ba429bc84426",
  "f1_hash": "1757455d45747460bcb71b09f064249604cbc061f23dfb7d9004b8e632f8b447",
  "f0_stats": {
    "shape": [
      5
    ],
    "size": 5,
    "min": 0.5852965446007286,
    "max": 121.57781266835761,
    "mean": 25.796978972161885,
    "std": 47.90411750817027
  },
  "f1_stats": {
    "shape": [
      15
    ],
    "size": 15,
    "min": 0.010007357544488116,
    "max": 333.4921833045976,
    "mean": 47.10752544300194,
    "std": 106.06956689927229
  }
}