{
  "hash": "a55b0a8bd0b19e4cf537dc39e5a5f9ada3276518e62b8f563c524b12c928da78",
  "stats": {
    "shape": [
      100,
      100
    ],
    "size": 10000,
    "min": 0.0,
    "max": 15.33984291844449,
    "mean": 7.68733005634598,
    "std": 2.9777531515388866
  }
}