{
  "hash": "a3abd389a6e85523b9547769d8d80d1d95ed2c093e8e1bb354280c23b3c64a61",
  "stats": {
    "shape": [
      103,
      103
    ],
    "size": 10609,
    "min": 0.0,
    "max": 15.428199161443995,
    "mean": 7.677044626972805,
    "std": 3.020631036263894
  }
}