{
  "count": 103,
  "ids_hash": "cec53a7491b133db2fb5d3cf825effca10c6709dd31d2c31ea3f1057f0832acc",
  "coords_hash": "68a83faf69bdbf7adec67594e3063952f60e53269a505879c9a889bd13b20b9e",
  "coords_stats": {
    "shape": [
      103,
      3
    ],
    "size": 309,
    "min": 17.402000427246094,
    "max": 84.87799835205078,
    "mean": 42.643676362762946,
    "std": 25.59564897457261
  }
}