{
  "f0_hash": "41e1b5f26237ba1dace8f284144b82d7f9a339e12b9e3da06ee5d9002070509a",
  "f1_hash": "6c838de251e764d9727f9cd92118c4b95b7ac8246eb2362d51a9b622c7168644",
  "f0_stats": {
    "shape": [
      5
    ],
    "size": 5,
    "min": 0.4730301673184278,
    "max": 104.47119693126378,
    "mean": 22.31130648719144,
    "std": 41.095136136235254
  },
  "f1_stats": {
    "shape": [
      15
    ],
    "size": 15,
    "min": 0.010381623379135618,
    "max": 255.66291030185045,
    "mean": 36.88536480399183,
    "std": 80.94550504991697
  }
}