{
  "count": 106,
  "ids_hash": "a7b8b89465626e06dc90457bfd95cdd5295e3aaebee6ce2e7a172c372a705694",
  "coords_hash": "35c809f473b4200a06a0417ac5b5d21d3c2b6b62976269f0505381d20013491f",
  "coords_stats": {
    "shape": [
      106,
      3
    ],
    "size": 318,
    "min": -1.5499999523162842,
    "max": 35.7859992980957,
    "mean": 16.346393070942224,
    "std": 10.29103238343423
  }
}