{
  "f0_hash": "b8f0692e31920dc033e4aaa554d64ba23223347e632aa93fbad9db366493cfe7",
  "f1_hash": "8c7afd05e060de94a832db16b4b36044d133e6093281abe550745cd413c1fc14",
  "f0_stats": {
    "shape": [
      5
    ],
    "size": 5,
    "min": 0.5212066999335189,
    "max": 160.50622713787484,
    "mean": 33.58028235235729,
    "std": 63.474100478804345
  },
  "f1_stats": {
    "shape": [
      15
    ],
    "size": 15,
    "min": 0.011352668377929476,
    "max": 487.290270515476,
    "mean": 67.69791882994758,
    "std": 154.23221037554308
  }
}