{
  "count": 112,
  "ids_hash": "f4bacac86a20dcd618acb7db7073e58d31ec669da56a3a4f3ba02a719b476b33",
  "coords_hash": "534f883e50dc9103af5b2f2018c0c6a976cc514450c5f119a0e0e8221f62f586",
  "coords_stats": {
    "shape": [
      112,
      3
    ],
    "size": 336,
    "min": -11.883999824523926,
    "max": 62.874000549316406,
    "mean": 24.73046727997384,
    "std": 24.65385294263251
  }
}