{
  "f0_hash": "cd489098935bb92a66669fc8d551dd989eca4c0b494f2e07f3306f484bc5d1fc",
  "f1_hash": "8a9ade1b4a20ae68320fa9df3d2eeb8ff3288f2f521d326a85209fe9883fa2e8",
  "f0_stats": {
    "shape": [
      5
    ],
    "size": 5,
    "min": 0.47065786298221907,
    "max": 135.86345262002166,
    "mean": 28.62379582135862,
    "std": 53.632878736241835
  },
  "f1_stats": {
    "shape": [
      15
    ],
    "size": 15,
    "min": 0.010037530811375817,
    "max": 347.95299518163296,
    "mean": 48.78894190367158,
    "std": 110.53800656328526
  }
}