{
  "count": 67,
  "ids_hash": "68e0fe98e4d63b102f840ff3eb3ee44b83c014d29a56c4b09ebca33b2510224a",
  "coords_hash": "513fe12f775b62d4db29d9bb2ad7c5900a75aa7d41e9ffa1727e852135e026bd",
  "coords_stats": {
    "shape": [
      67,
      3
    ],
    "size": 201,
    "min": -6.4120001792907715,
    "max": 74.11599731445312,
    "mean": 36.31958703566991,
    "std": 28.308175913134974
  }
}