MODEL,PRED_DOCKQ
6TUG_af2m,0.68107307
6TUG,0.5943677
