{
  "hash": "1d3a734012c49ccacb23e2374e047040e52ecde24f603ef9f4fa2b92512f48db",
  "stats": {
    "shape": [
      62,
      62
    ],
    "size": 3844,
    "min": 0.0,
    "max": 15.689739045516573,
    "mean": 6.719518389796504,
    "std": 2.9084329525289427
  }
}