{
  "hash": "0ab14d0b8c17963ea0047e9d70bafff93e3e336d7c9eddd862f093b75d808841",
  "stats": {
    "shape": [
      90,
      90
    ],
    "size": 8100,
    "min": 0.0,
    "max": 15.795574407766384,
    "mean": 7.880516610007438,
    "std": 3.179990545276033
  }
}