{
  "f0_hash": "a223399d270e1ea08d79506c65de6b474f130ea96747dc91cf21c4bd59984a04",
  "f1_hash": "cf34345d39ee8d9cb687edfae7b776fe9c174072fa9e1f0ce1f218b51e35439d",
  "f0_stats": {
    "shape": [
      5
    ],
    "size": 5,
    "min": 0.4552455765975741,
    "max": 139.7067833118812,
    "mean": 29.284898819970117,
    "std": 55.21982072657211
  },
  "f1_stats": {
    "shape": [
      15
    ],
    "size": 15,
    "min": 0.01039441132730623,
    "max": 395.5040165580654,
    "mean": 56.29520255724207,
    "std": 126.49193455761633
  }
}