{
  "f0_hash": "8e2406266fc1cefa5ea652611b80b2c31bb7d3d67e479528aa55709cd6be07e4",
  "f1_hash": "9fc28dca086457251d60827109d258ffdd1cb9bf080f2b5092287bfeccfa347b",
  "f0_stats": {
    "shape": [
      5
    ],
    "size": 5,
    "min": 0.5852878452231325,
    "max": 161.77454813117436,
    "mean": 33.85859271946258,
    "std": 63.96900323337204
  },
  "f1_stats": {
    "shape": [
      15
    ],
    "size": 15,
    "min": 0.010989352466940883,
    "max": 494.37626196896525,
    "mean": 68.18596439588322,
    "std": 156.504511609347
  }
}