{
  "hash": "fc78be381d0a488b57dbbd3612c6319546ec821de268480090dce5f557552e51",
  "stats": {
    "shape": [
      72,
      72
    ],
    "size": 5184,
    "min": 0.0,
    "max": 14.902674149980044,
    "mean": 7.123872666267314,
    "std": 2.999196576209006
  }
}