{
  "hash": "0f577a4edb88e5f46d10ee8481d2f081330124a39fd5afa6d4ac65e7865885fc",
  "stats": {
    "shape": [
      91,
      91
    ],
    "size": 8281,
    "min": 0.0,
    "max": 15.483309823874794,
    "mean": 7.459535038938008,
    "std": 2.9712296600351062
  }
}