{
  "count": 110,
  "ids_hash": "725ff70e1a840e20868a9d12600123486472fcddda69d793bf889a76583f8456",
  "coords_hash": "f586ea6c2692686c7938b8d69d9d62602479358586ed1fc2ee41ffe7f64aa825",
  "coords_stats": {
    "shape": [
      110,
      3
    ],
    "size": 330,
    "min": -2.3399999141693115,
    "max": 96.69300079345703,
    "mean": 39.96935446217205,
    "std": 35.86433821410252
  }
}