{
  "hash": "04c4cfddcf5f7db0bdeaf8cea4c7d4e36d2ddbc8003b7b1b8d974ea7f38b3261",
  "stats": {
    "shape": [
      96,
      96
    ],
    "size": 9216,
    "min": 0.0,
    "max": 15.054893132324423,
    "mean": 7.558077814474747,
    "std": 3.022063463658761
  }
}