{
  "count": 109,
  "ids_hash": "4b0996dcc6197ca7e09fce6e3b2b00ffdd273ab6114a66fa35ec878869af1b7a",
  "coords_hash": "0d58764dedd93333bd326785ce73911a0c7d74eba526535cc247f6b34f97b15a",
  "coords_stats": {
    "shape": [
      109,
      3
    ],
    "size": 327,
    "min": -21.011999130249023,
    "max": 38.715999603271484,
    "mean": 16.28707340806267,
    "std": 21.78380240758584
  }
}