{
  "hash": "aed2774a792fd227afebd48140859d0a5857f80f72483252048689da65836a5e",
  "stats": {
    "shape": [
      89,
      89
    ],
    "size": 7921,
    "min": 0.0,
    "max": 15.327816793330483,
    "mean": 7.279585103328906,
    "std": 2.9164611335078483
  }
}