{
  "f0_hash": "704e2c30a8f82379e6b42ac701af680557f2500bcb09393abab87f6331878a87",
  "f1_hash": "faf5aeb718f566e5c4dcdbb6d6d8e99ff04ba9c7d697b03de500c3b2b2b8c390",
  "f0_stats": {
    "shape": [
      5
    ],
    "size": 5,
    "min": 0.8069411378438447,
    "max": 102.2294201764106,
    "mean": 22.38644578882709,
    "std": 39.9649749235297
  },
  "f1_stats": {
    "shape": [
      15
    ],
    "size": 15,
    "min": 0.012864823952076776,
    "max": 295.96590196889275,
    "mean": 42.857371110093816,
    "std": 95.32918152752853
  }
}