{
  "count": 109,
  "ids_hash": "37ceab093a58d064dd35e262b674f373d9615dda271f36a5d50b8e7cf2ac84d6",
  "coords_hash": "4f465a54db1a23ff29e62e77da5f6ccce31d9e143412405524109170546d6f81",
  "coords_stats": {
    "shape": [
      109,
      3
    ],
    "size": 327,
    "min": -8.562999725341797,
    "max": 84.052001953125,
    "mean": 35.65288063552265,
    "std": 32.59335305053098
  }
}