MODEL,PRED_DOCKQ
6F8H_af2m,0.8581121
6F8H,0.797699
