{
  "f0_hash": "68e9df8b810bffbcd5fe6be784676b8a9389b9e081d0fc6f2ab3d04ca5f24486",
  "f1_hash": "0c6390a9692a4b2967334ed5270b86b76b3acab22dd52f9151c1266e57c973d2",
  "f0_stats": {
    "shape": [
      5
    ],
    "size": 5,
    "min": 0.4902479965184296,
    "max": 164.9351427081978,
    "mean": 34.393457387987304,
    "std": 65.28013372397938
  },
  "f1_stats": {
    "shape": [
      15
    ],
    "size": 15,
    "min": 0.010584237276563435,
    "max": 501.0875004434875,
    "mean": 68.895735891318,
    "std": 159.83149289466647
  }
}