{
  "f0_hash": "f0875b051693a61d2b4bdd67969f14c7ff0bf044947c15908c42143cf5a0090e",
  "f1_hash": "ee782b676650c2169c97b87304b968f3342772f09cf2cbae5990f4c0e7cf156a",
  "f0_stats": {
    "shape": [
      5
    ],
    "size": 5,
    "min": 0.5358001434419501,
    "max": 175.90695426078673,
    "mean": 36.620835547711685,
    "std": 69.65191801697082
  },
  "f1_stats": {
    "shape": [
      15
    ],
    "size": 15,
    "min": 0.010281593590893756,
    "max": 591.6391661254893,
    "mean": 81.51684284993962,
    "std": 188.292392560986
  }
}