{
  "count": 48,
  "ids_hash": "d8c528ffd266a5fcdb3396a7863a82f163e4fa8ed64091193bbb6c0a992829f1",
  "coords_hash": "15179331212040a90ad74286eaa11c53ed0fa659ab696e156b8af942e6fb6316",
  "coords_stats": {
    "shape": [
      48,
      3
    ],
    "size": 144,
    "min": -0.014999999664723873,
    "max": 87.98899841308594,
    "mean": 32.881020860028606,
    "std": 35.654721423136
  }
}