{
  "count": 101,
  "ids_hash": "98e679b61dcb659c9b5825a83156f6892dbbecfd853a48c9a505219806243f08",
  "coords_hash": "4cf1e581fa235e8fb5b23f5fa80b7db5d972a68df96268147296447b00be486d",
  "coords_stats": {
    "shape": [
      101,
      3
    ],
    "size": 303,
    "min": 10.038000106811523,
    "max": 64.46299743652344,
    "mean": 33.97132343191518,
    "std": 17.344116875943467
  }
}