{
  "f0_hash": "5e0fc0b554ce2f7ee63c5e669902f6fcc53dc6767612fa4b598f1c0295d7a3de",
  "f1_hash": "9653423f2af6f84612c3bc3d609ed2ca956e8989076b0c4e836d8456b1dda207",
  "f0_stats": {
    "shape": [
      5
    ],
    "size": 5,
    "min": 0.5365640522860625,
    "max": 116.78950944917763,
    "mean": 24.878572601194314,
    "std": 45.97280371134508
  },
  "f1_stats": {
    "shape": [
      15
    ],
    "size": 15,
    "min": 0.011473213719384923,
    "max": 283.18872247816773,
    "mean": 40.016366845562054,
    "std": 89.37258442674381
  }
}