MODEL,PRED_DOCKQ
3ZYL_af2m,0.20753437
3ZYL,0.034209907
