MODEL,PRED_DOCKQ
6R2F_af2m,0.31360635
6R2F,0.043637298
