{
  "f0_hash": "bc78a4a84660df53c4c253225f3fc4969bc5b2a3681647b509655774c622bde3",
  "f1_hash": "0e19b769cd91e618862339250313d45eb1b9ed79f5c932394bd2a5dcc18f6e1b",
  "f0_stats": {
    "shape": [
      5
    ],
    "size": 5,
    "min": 0.5081700343345151,
    "max": 164.81079814653862,
    "mean": 34.362353503850436,
    "std": 65.23293266170036
  },
  "f1_stats": {
    "shape": [
      15
    ],
    "size": 15,
    "min": 0.010108834399715771,
    "max": 467.9115585505997,
    "mean": 65.40569225771002,
    "std": 148.19843926801752
  }
}