{
  "count": 107,
  "ids_hash": "cd98a92ff03e2dbb2b781520602cf5c0bab9ed26404fe8a148c01d951456e8e3",
  "coords_hash": "8815d510e25b64445d98d1be7e59dbe500826d76a491d1d21eaa20a53a5200e7",
  "coords_stats": {
    "shape": [
      107,
      3
    ],
    "size": 321,
    "min": -12.340999603271484,
    "max": 83.98100280761719,
    "mean": 32.528408027570286,
    "std": 34.20508496033063
  }
}