{
  "count": 107,
  "ids_hash": "96c5660b854003c8ec44c294ae9037cba02eea2cabea2f40b78570285304de98",
  "coords_hash": "3fc66eae4f05e98d84aca628d36f00808f003541a57be2ff8628c863e33fa928",
  "coords_stats": {
    "shape": [
      107,
      3
    ],
    "size": 321,
    "min": 1.4199999570846558,
    "max": 87.54900360107422,
    "mean": 36.11464798524744,
    "std": 31.504065594671278
  }
}