{
  "count": 112,
  "ids_hash": "a47a31698bd6cda8ad52b64cc9585654f2f72f45a39f8ee4487b2b8b3bc5360f",
  "coords_hash": "c7a23941c68a2ee4d496c8560fad3bf6fc9ef4e916d05b45c5d65b1777e656b5",
  "coords_stats": {
    "shape": [
      112,
      3
    ],
    "size": 336,
    "min": 13.262999534606934,
    "max": 81.58499908447266,
    "mean": 42.1667292373521,
    "std": 23.539390667846728
  }
}