{
  "hash": "1d1503cbcd86351ac5efa501511ac51f0ba1c01808e86b3c9bc6129b85383bd7",
  "stats": {
    "shape": [
      96,
      96
    ],
    "size": 9216,
    "min": 0.0,
    "max": 15.700050230010545,
    "mean": 8.193599681262242,
    "std": 3.1996795819397192
  }
}