{
  "count": 92,
  "ids_hash": "b97d8537eec32c645a798fe90a651c860c757a109dac9285992ba551200f211a",
  "coords_hash": "565106e8ddee669dc6f0425258afbde455f126371cdb7e973bece2542512e944",
  "coords_stats": {
    "shape": [
      92,
      3
    ],
    "size": 276,
    "min": -42.369998931884766,
    "max": 35.4900016784668,
    "mean": 0.038855114546806915,
    "std": 26.806411578435
  }
}