{
  "count": 97,
  "ids_hash": "a22f75224aaf4293566559be7ddf865e6d0dde9e990c1ce0429c599c32050dbe",
  "coords_hash": "978bba5bb9baff97d5c1fe6a2fadc8b867657726d9e08b94b692a9c614589f0c",
  "coords_stats": {
    "shape": [
      97,
      3
    ],
    "size": 291,
    "min": 10.517000198364258,
    "max": 35.224998474121094,
    "mean": 23.87721305860277,
    "std": 6.31107609237435
  }
}