{
  "f0_hash": "b762ad0ea2103b62da39e2a2274df4928af02496adc5160d7e246aa6268e9249",
  "f1_hash": "0f8f3d0042809fb2c2441fbc55b12c7d95b932db54e2540ef037872279f66245",
  "f0_stats": {
    "shape": [
      5
    ],
    "size": 5,
    "min": 0.48271034414273545,
    "max": 133.10433227587177,
    "mean": 28.037651397850993,
    "std": 52.54577759226869
  },
  "f1_stats": {
    "shape": [
      15
    ],
    "size": 15,
    "min": 0.012237469536053425,
    "max": 395.08088715520205,
    "mean": 56.466009438519436,
    "std": 125.80925006647175
  }
}