{
  "count": 105,
  "ids_hash": "09eec227fb6653e50205c4367a13fd36107563ee862fbbe651974ca18890ef42",
  "coords_hash": "ef9dbed511ed6213c9c14268a4136048710d9b3917446c1099f074371a2f048e",
  "coords_stats": {
    "shape": [
      105,
      3
    ],
    "size": 315,
    "min": 6.638999938964844,
    "max": 55.85200119018555,
    "mean": 27.327806377410887,
    "std": 15.831605460396599
  }
}