{
  "count": 107,
  "ids_hash": "d4e839d96831a898cd30dcf9875864ce0d95f139d41e2f10a6929b7c431ca069",
  "coords_hash": "123d2708b1edc8387c9b7369f7451db6e8a30c10d6a488dc532976b7107e0499",
  "coords_stats": {
    "shape": [
      107,
      3
    ],
    "size": 321,
    "min": 9.376999855041504,
    "max": 97.97899627685547,
    "mean": 43.60462309044098,
    "std": 34.27006318807602
  }
}