{
  "hash": "b4b5713d653085d9c97b39143b9bcd503905d819b4992f6dcbc403b36443d0e8",
  "stats": {
    "shape": [
      100,
      100
    ],
    "size": 10000,
    "min": 0.0,
    "max": 15.441236382316504,
    "mean": 7.908854717557038,
    "std": 3.073069254095688
  }
}