{
  "f0_hash": "467330c5735dd4ce5676a5119eb05ccec132cd23799cb96ef8bb156d10212275",
  "f1_hash": "f666b0dc61a2758ca45fa823761878e9520fa201510e2510c9f67cb5850e81c1",
  "f0_stats": {
    "shape": [
      5
    ],
    "size": 5,
    "min": 0.5767681187185636,
    "max": 105.06808550463809,
    "mean": 22.48636402115902,
    "std": 41.30687758791053
  },
  "f1_stats": {
    "shape": [
      15
    ],
    "size": 15,
    "min": 0.010317053924081332,
    "max": 258.69318209708234,
    "mean": 36.684151751440794,
    "std": 81.96505297358597
  }
}