{
  "hash": "247ce94e9eaf80ea9ec266b2ce66ffba11660c26d5bdceb71f0cb46b92fc26aa",
  "stats": {
    "shape": [
      102,
      102
    ],
    "size": 10404,
    "min": 0.0,
    "max": 15.263652819677212,
    "mean": 7.874070736696285,
    "std": 3.063098894419659
  }
}