MODEL,PRED_DOCKQ
2XTS,0.74720573
2XTS_af2m,0.6677438
