{
  "count": 95,
  "ids_hash": "54d0d80b82bb77de1101124308f196f0f5410f0b49c60572f67f102ebd77f75b",
  "coords_hash": "43bbbe2f6837e7e9dfd799246b566a275891debbb71232246e5b366df5104be9",
  "coords_stats": {
    "shape": [
      95,
      3
    ],
    "size": 285,
    "min": -4.323999881744385,
    "max": 34.67300033569336,
    "mean": 10.944824522913418,
    "std": 12.665687854252296
  }
}