{
  "hash": "c1530d1e5746a7f3c1a2ae680a14b4a02c748d183b9e5a80d85bedfb8bc70391",
  "stats": {
    "shape": [
      71,
      71
    ],
    "size": 5041,
    "min": 0.0,
    "max": 14.596032449918331,
    "mean": 6.945123138454435,
    "std": 2.860020243349717
  }
}