{
  "f0_hash": "f93e0dc412cc953b8fbfe4da9e092e93d83cdecd215c8c93eeb3da78ab42279a",
  "f1_hash": "fdc2367198e5271b902dd411fbca7c220239681adad4c51ba69c81cd12b3215c",
  "f0_stats": {
    "shape": [
      5
    ],
    "size": 5,
    "min": 0.54884275752081,
    "max": 164.21656499943296,
    "mean": 34.48441333835024,
    "std": 64.88367317485627
  },
  "f1_stats": {
    "shape": [
      15
    ],
    "size": 15,
    "min": 0.010416928736000308,
    "max": 552.6581064651065,
    "mean": 76.41818856401383,
    "std": 176.37479306862846
  }
}