{
  "f0_hash": "85c961f5c9047cd8194d44a7d2da5c9e720f31f46006633de662b9cca8ef92f1",
  "f1_hash": "9239d6eda371d695052735497307c4c551e82508ba44ea75f302eb44138166be",
  "f0_stats": {
    "shape": [
      5
    ],
    "size": 5,
    "min": 0.6976046624543517,
    "max": 111.52979979252741,
    "mean": 23.98816206576646,
    "std": 43.79474998656235
  },
  "f1_stats": {
    "shape": [
      15
    ],
    "size": 15,
    "min": 0.011318033709372344,
    "max": 232.0178510671571,
    "mean": 33.492916813530364,
    "std": 72.69400009073613
  }
}