{
  "hash": "4e946afba2a3aa39a2164529b8770e0f23719211f6452ced8b36cf09ace5a13e",
  "stats": {
    "shape": [
      85,
      85
    ],
    "size": 7225,
    "min": 0.0,
    "max": 15.432423906060423,
    "mean": 7.655393434780508,
    "std": 3.0370179543862084
  }
}