{
  "f0_hash": "10d6559a72ee71b31298893dcf93b3872264a2514cf85eb93d676078583a85ae",
  "f1_hash": "2edcebc20a7698017ffe8005853d67ac9b28b8fbafb66b243fb01a2f9cc3240c",
  "f0_stats": {
    "shape": [
      5
    ],
    "size": 5,
    "min": 0.5778970931530898,
    "max": 131.9814036907012,
    "mean": 27.950667252029007,
    "std": 52.031556965867125
  },
  "f1_stats": {
    "shape": [
      15
    ],
    "size": 15,
    "min": 0.013329058489316203,
    "max": 378.4722879102496,
    "mean": 53.27374323010729,
    "std": 121.241398661191
  }
}