MODEL,PRED_DOCKQ
5OKA_af2m,0.88900214
5OKA,0.87422013
