{
  "count": 62,
  "ids_hash": "3606de7aa9445bc248808b5a6b24af30483c8d65aa64615117ac491bf4f555ad",
  "coords_hash": "6784042562c7675ccf80ea9fdec3f7d5715708e97127b818f4cf90624535dc60",
  "coords_stats": {
    "shape": [
      62,
      3
    ],
    "size": 186,
    "min": 13.015999794006348,
    "max": 64.76899719238281,
    "mean": 35.39510753590574,
    "std": 16.907855195711253
  }
}