{
  "hash": "2b16e08897903af4249be7da7bdb1ec673f94c9670ac2ac3a1198f069ed09efd",
  "stats": {
    "shape": [
      105,
      105
    ],
    "size": 11025,
    "min": 0.0,
    "max": 15.172153005526981,
    "mean": 7.68012657539368,
    "std": 3.0011900319985187
  }
}