{
  "f0_hash": "e09d4eb971ae624662d43fb523cbd47cde619ca425aee0dbd5ac8c283e3c664b",
  "f1_hash": "f21267ac75b47e284f64317d0ce6126858d3ba9c47d22ea2beb778d50be79ed8",
  "f0_stats": {
    "shape": [
      5
    ],
    "size": 5,
    "min": 0.5593430467631143,
    "max": 169.7512429769871,
    "mean": 35.444109163132474,
    "std": 67.16404015528725
  },
  "f1_stats": {
    "shape": [
      15
    ],
    "size": 15,
    "min": 0.0102229483447136,
    "max": 497.9207847164349,
    "mean": 68.72894553245894,
    "std": 157.99743496864653
  }
}