{
  "hash": "ff5aed3e08f3c7d648d1c57111b697629cfce65dc61829f85ba7890bbf209bac",
  "stats": {
    "shape": [
      107,
      107
    ],
    "size": 11449,
    "min": 0.0,
    "max": 15.740109342388088,
    "mean": 7.844774522774159,
    "std": 3.013488836783841
  }
}