{
  "f0_hash": "4efee1525f2f497a57fafc99351b5d7d5eee20bfb256722a92de7339e6169697",
  "f1_hash": "ed8f22a355377ab3edb87b89315d36acabe1e9cd0824a6b762507d0d0be54a32",
  "f0_stats": {
    "shape": [
      5
    ],
    "size": 5,
    "min": 0.4040620891565541,
    "max": 160.5305556475755,
    "mean": 33.38581191262235,
    "std": 63.5788863940988
  },
  "f1_stats": {
    "shape": [
      15
    ],
    "size": 15,
    "min": 0.010844524514513232,
    "max": 480.779680697461,
    "mean": 66.64285858878705,
    "std": 152.35007204164356
  }
}