{
  "count": 64,
  "ids_hash": "822890019bd7d4f3980fa1502b5cfd7cf072416c2e363ea66e90239fba3fc4f7",
  "coords_hash": "38fc926e30d967c80a2f35c863719130cb3205032bf628fd5dc634bdb8fe024c",
  "coords_stats": {
    "shape": [
      64,
      3
    ],
    "size": 192,
    "min": -26.847999572753906,
    "max": 53.46099853515625,
    "mean": 6.497229206065337,
    "std": 29.709816464885055
  }
}