MODEL,PRED_DOCKQ
1S3O,0.7247059
1S3O_af2m,0.57461464
