{
  "hash": "36c023269fd1efed14553662f961066bc577ae0f012dc4e7f7b232322905542b",
  "stats": {
    "shape": [
      114,
      114
    ],
    "size": 12996,
    "min": 0.0,
    "max": 15.617430869872303,
    "mean": 8.219285861806656,
    "std": 3.1175110826832597
  }
}