{
  "hash": "75a8a9347704adbd92f1caf7c655fdd8e279cad0c95b7955e81670fa1326be29",
  "stats": {
    "shape": [
      73,
      73
    ],
    "size": 5329,
    "min": 0.0,
    "max": 14.998906161138576,
    "mean": 7.162938177308971,
    "std": 2.974099006737687
  }
}