{
  "hash": "3af91fde30e00fd9caacd422e6dbc15a148174fe01f41518087d449c1c12a808",
  "stats": {
    "shape": [
      89,
      89
    ],
    "size": 7921,
    "min": 0.0,
    "max": 15.442605919545686,
    "mean": 7.459587171849617,
    "std": 3.0134356865205003
  }
}