{
  "f0_hash": "6c2db02710674df2cdfea36a94b5a4162fe3a6d25bfd3ba91196bee203fd9e49",
  "f1_hash": "fa1e90d2bc03ce5177b9e411df8a3b099745ed9afe048023d6936386a7238de2",
  "f0_stats": {
    "shape": [
      5
    ],
    "size": 5,
    "min": 0.4839370727556691,
    "max": 138.8865254017508,
    "mean": 29.198042401136583,
    "std": 54.85558029340002
  },
  "f1_stats": {
    "shape": [
      15
    ],
    "size": 15,
    "min": 0.010317204283177617,
    "max": 371.88260504242874,
    "mean": 52.32117473721906,
    "std": 117.86712810694387
  }
}