{
  "count": 208,
  "ids_hash": "7ba6f98a74ee687a04004b3bdcf777d38a478828ee0112dc88c8e3d1309eff8d",
  "coords_hash": "35326fd32efd6f9bd9cea79ae443800394d407cf2558c5bbd3e8d47c8f65b971",
  "coords_stats": {
    "shape": [
      208,
      3
    ],
    "size": 624,
    "min": -36.77199935913086,
    "max": 7.436999797821045,
    "mean": -17.461532056376225,
    "std": 13.19871061931017
  }
}