{
  "hash": "ea57f70bc646967e687a0f1e5c150c1c97d8b8b762f844ce1c397ed6326a75e0",
  "stats": {
    "shape": [
      65,
      65
    ],
    "size": 4225,
    "min": 0.0,
    "max": 15.484804517234009,
    "mean": 7.0794921491383995,
    "std": 2.9848634824915345
  }
}