{
  "count": 46,
  "ids_hash": "f0f13f74153e846203989db17cf04d8a7673140c1f456326f173f3577216e9f0",
  "coords_hash": "4523087d23a4d1108776a53bc88fe7a791f37599d698f6a84174528ae727cf30",
  "coords_stats": {
    "shape": [
      46,
      3
    ],
    "size": 138,
    "min": 2.7639999389648438,
    "max": 24.656999588012695,
    "mean": 12.987623188806618,
    "std": 5.30418864483626
  }
}