{
  "hash": "b1ff36efeb168a4abb70c511dd10ae76b928849fd2390ac8f70b1b64321d96cb",
  "stats": {
    "shape": [
      116,
      116
    ],
    "size": 13456,
    "min": 0.0,
    "max": 15.546987655256425,
    "mean": 7.684416081934387,
    "std": 3.023444006972934
  }
}