{
  "count": 80,
  "ids_hash": "13f71d5a27910e2fa2c351672345b65412dce2b54df4317f6b70893111d65a4f",
  "coords_hash": "3d5a1930f7afe43db71469adcd9f2066e515c0ed0566b50b5ea154236d7bd816",
  "coords_stats": {
    "shape": [
      80,
      3
    ],
    "size": 240,
    "min": 10.741000175476074,
    "max": 44.28799819946289,
    "mean": 30.62084584236145,
    "std": 9.594043586131956
  }
}