{
  "hash": "6978a9fa34b0351a3e92d56a8ba8f087dd041e82a77c8aaf17fb20b977d012b0",
  "stats": {
    "shape": [
      99,
      99
    ],
    "size": 9801,
    "min": 0.0,
    "max": 15.646764020870313,
    "mean": 7.75837454958176,
    "std": 3.0686242782726576
  }
}