{
  "count": 110,
  "ids_hash": "b9586a8e92a4ed20265406ee88a2e8265cc91c88169617e0a5cb323d80f0f719",
  "coords_hash": "cbbdb95f0b75e87e2589f0b608ad2cc8c6bcb22a74e4e7bc41be332f0ad6f6c7",
  "coords_stats": {
    "shape": [
      110,
      3
    ],
    "size": 330,
    "min": -12.640000343322754,
    "max": 9.321999549865723,
    "mean": -0.5776121194276845,
    "std": 4.815413653789975
  }
}