{
  "f0_hash": "469f39f80bf4fe428408e1f50c692d625b7ae4356b9e3e8613e268c25e74554b",
  "f1_hash": "30a6d75f97e253db686640a66764a9e8014a12319d9462b29e5696f3fd3bc993",
  "f0_stats": {
    "shape": [
      5
    ],
    "size": 5,
    "min": 0.43383232664524046,
    "max": 90.49054905845145,
    "mean": 19.451891606014726,
    "std": 35.53445620709761
  },
  "f1_stats": {
    "shape": [
      15
    ],
    "size": 15,
    "min": 0.010412074618423084,
    "max": 132.98359119125897,
    "mean": 20.89942650112171,
    "std": 41.96239544539063
  }
}