{
  "hash": "af6093a6c2153e0e2ad20d85c56799cf8237403bcc548cef71e6e2b2275e8fb0",
  "stats": {
    "shape": [
      114,
      114
    ],
    "size": 12996,
    "min": 0.0,
    "max": 15.440604775354423,
    "mean": 7.7421198092922925,
    "std": 3.001965025576983
  }
}