MODEL,PRED_DOCKQ
4UAF_af2m,0.051013984
4UAF,0.03999829
