{
  "hash": "844a6caa670a14d5928fd37db159e4740f7ad66d6d42252e616532db91573f6e",
  "stats": {
    "shape": [
      84,
      84
    ],
    "size": 7056,
    "min": 0.0,
    "max": 15.719330906267837,
    "mean": 7.80811658426606,
    "std": 3.198424947988647
  }
}