MODEL,PRED_DOCKQ
5WQV_af2m,0.57709813
5WQV,0.28948364
