{
  "count": 59,
  "ids_hash": "0d996d1b90a23c33e1dc6fc8ff226dafe2587ada04656483e4a5d7fb6cdf2793",
  "coords_hash": "ba23d9ef3681e5cea90a9db5c304c8322d3fc72c0a25d4c94200dbff533dd82b",
  "coords_stats": {
    "shape": [
      59,
      3
    ],
    "size": 177,
    "min": -10.003000259399414,
    "max": 49.28200149536133,
    "mean": 13.56128247831501,
    "std": 22.240690520849995
  }
}