MODEL,PRED_DOCKQ
3SB1_af2m,0.8853437
3SB1,0.8080367
