MODEL,PRED_DOCKQ
5Y9Q,0.8163633
5Y9Q_af2m,0.76677966
