{
  "f0_hash": "259be6fdf3e12852331bb3fdd19d07d80af45677a964f9e38dfdfa511b67f275",
  "f1_hash": "d5a746fff3ed524a973f71c50719de369260044626df1a5c0e5ea72e03f819c7",
  "f0_stats": {
    "shape": [
      5
    ],
    "size": 5,
    "min": 0.3375935955701907,
    "max": 120.68905003358515,
    "mean": 25.357277828572073,
    "std": 47.67395275638503
  },
  "f1_stats": {
    "shape": [
      15
    ],
    "size": 15,
    "min": 0.01017231661839002,
    "max": 356.6487432327358,
    "mean": 49.75310306512054,
    "std": 114.2879285076357
  }
}