{
  "f0_hash": "cd091ef422369649dcd9699d3d562950239481f8de6e4fd0d0d3dfd85e876a4e",
  "f1_hash": "a4640e7f9cd75ea8a6f6cd3dfb3a7f6146276f856e3c9d6964414928345aba62",
  "f0_stats": {
    "shape": [
      5
    ],
    "size": 5,
    "min": 0.37045191340234906,
    "max": 156.88637820264216,
    "mean": 32.662038407259004,
    "std": 62.119987258638304
  },
  "f1_stats": {
    "shape": [
      15
    ],
    "size": 15,
    "min": 0.011570050523527442,
    "max": 410.22915468789296,
    "mean": 57.441409088359734,
    "std": 129.45296470562775
  }
}