MODEL,PRED_DOCKQ
2WBL_af2m,0.26738328
2WBL,0.03468126
