MODEL,PRED_DOCKQ
4MB0_af2m,0.8966357
4MB0,0.86306894
