{
  "count": 114,
  "ids_hash": "aac9d43376085f1354d8917f4fce478d3b233f80e2fddf072b9c9307400930d6",
  "coords_hash": "4e863525691fa21437b831a633e60d282479d16d0da6a1de28076ef45dd559b9",
  "coords_stats": {
    "shape": [
      114,
      3
    ],
    "size": 342,
    "min": -11.211999893188477,
    "max": 85.66699981689453,
    "mean": 34.089546670222234,
    "std": 34.04596368973652
  }
}