{
  "count": 76,
  "ids_hash": "4b5b932e8e2c653ebeb58c0ee1b5812e1de186623a0d06315ab23886a8f64d4b",
  "coords_hash": "79fad2e757d49315d0bd26088312171cde4662b7d59ac641b09e5bf18d715568",
  "coords_stats": {
    "shape": [
      76,
      3
    ],
    "size": 228,
    "min": -13.519000053405762,
    "max": 47.96099853515625,
    "mean": 16.993793838248965,
    "std": 19.95924379417126
  }
}