MODEL,PRED_DOCKQ
2E5F,0.90268564
2E5F_af2m,0.8524731
