{
  "f0_hash": "1129b2870dc483dab64aace5f471602a41a06936e0a347f25c4a174ec1f08c56",
  "f1_hash": "e60f3a226ae0f4e9aee366aa4228c9cf9acaeaa837bb8cff1c6a1c2b35c8acaf",
  "f0_stats": {
    "shape": [
      5
    ],
    "size": 5,
    "min": 0.354927038553647,
    "max": 172.60741353728025,
    "mean": 35.80193422840802,
    "std": 68.40963542853163
  },
  "f1_stats": {
    "shape": [
      15
    ],
    "size": 15,
    "min": 0.010154255076221474,
    "max": 412.81654722905404,
    "mean": 57.44734445933701,
    "std": 129.43524223709713
  }
}