{
  "hash": "b81e6ba81ba3cf6840892f3104ab27601aa3f0c9bf778d24341e77afba5ebdc6",
  "stats": {
    "shape": [
      92,
      92
    ],
    "size": 8464,
    "min": 0.0,
    "max": 15.353202687906636,
    "mean": 7.717049089335654,
    "std": 3.025360269838553
  }
}