{
  "count": 113,
  "ids_hash": "14aa44e5856e3d8c9f4856984dd54c65f4b249d9e0ed83dbd83a8982489c309a",
  "coords_hash": "2e921033f23cd8d3aefc43d759f18d168b9c73a150a3764d6475638aa94668f9",
  "coords_stats": {
    "shape": [
      113,
      3
    ],
    "size": 339,
    "min": -3.5380001068115234,
    "max": 31.04400062561035,
    "mean": 15.70970798848653,
    "std": 9.43303669776487
  }
}