{
  "f0_hash": "e2a041e52023f95bec3bc3d9ab9c2844244f156896fdd05f6ade7fd229f4ec84",
  "f1_hash": "7b89289e2d4eb61f56a064fa1d73b67339f090574e2e282a53236edd4024a30f",
  "f0_stats": {
    "shape": [
      5
    ],
    "size": 5,
    "min": 0.6072629305551864,
    "max": 89.03124400859457,
    "mean": 19.41380709264096,
    "std": 34.83555235639442
  },
  "f1_stats": {
    "shape": [
      15
    ],
    "size": 15,
    "min": 0.011812493781493849,
    "max": 196.46203818839135,
    "mean": 28.30586263952302,
    "std": 63.08324201190032
  }
}