{
  "hash": "45d9721a640c0cfb723ee648963df089450ed9b5d516027496711fd6ac9b7492",
  "stats": {
    "shape": [
      71,
      71
    ],
    "size": 5041,
    "min": 0.0,
    "max": 15.131212388804617,
    "mean": 6.877506021653936,
    "std": 2.868767190525263
  }
}