{
  "hash": "16aa39ed3dd75306c1d0eb6fd0181dc242552e23867b9510b21da1dc78df04f1",
  "stats": {
    "shape": [
      63,
      63
    ],
    "size": 3969,
    "min": 0.0,
    "max": 15.32002999654456,
    "mean": 7.090770515564199,
    "std": 3.0878110402073164
  }
}