{
  "f0_hash": "a24938fc53c46562b7a1e8ac665b743ef880b5189eda8fb81096484eb0065a4f",
  "f1_hash": "1612fde181039058c71da405e4d17b1016f0cad7b1a3ba5d8f46d2344a0bda1f",
  "f0_stats": {
    "shape": [
      5
    ],
    "size": 5,
    "min": 0.5823782212270691,
    "max": 118.47789437611448,
    "mean": 25.119356910239482,
    "std": 46.69078561122308
  },
  "f1_stats": {
    "shape": [
      15
    ],
    "size": 15,
    "min": 0.011002439396221586,
    "max": 270.41994294342675,
    "mean": 38.719718608994405,
    "std": 84.66496456506013
  }
}