{
  "f0_hash": "20b490fa8028d428e2b15a8f796d1ae9167267a9d6511e7a58e878716961c675",
  "f1_hash": "6917d21bd7af651990296c0fccf4d6be3d640ab9fad416eca49dc544b91db1eb",
  "f0_stats": {
    "shape": [
      5
    ],
    "size": 5,
    "min": 0.4606638271540547,
    "max": 87.66704932936331,
    "mean": 18.875519427263537,
    "std": 34.4102578781795
  },
  "f1_stats": {
    "shape": [
      15
    ],
    "size": 15,
    "min": 0.010467502708975118,
    "max": 184.79104680220715,
    "mean": 26.743321195000238,
    "std": 58.95221971650797
  }
}