{
  "count": 68,
  "ids_hash": "55dbf70257edb46c5512048656c4a518777a76cc1e9a8a2f77c8586a7c7ed5dd",
  "coords_hash": "d92e634de7bf503fc1646ea443c13204023828fe57bc6296d0ebc44d9347af09",
  "coords_stats": {
    "shape": [
      68,
      3
    ],
    "size": 204,
    "min": -1.694000005722046,
    "max": 105.13400268554688,
    "mean": 44.388627478524164,
    "std": 38.6370076817867
  }
}