{
  "hash": "27ee0a2f816e95d2db65e64897f970735390c0009c42d2f16138fc01dc0f1b80",
  "stats": {
    "shape": [
      111,
      111
    ],
    "size": 12321,
    "min": 0.0,
    "max": 15.620894319257859,
    "mean": 7.997448687259467,
    "std": 3.0286328175958643
  }
}