{
  "hash": "2eebba0b5662ba1e8cf5a65c3325d3b8d85dc3feac4e810b48cf1de66d3670ac",
  "stats": {
    "shape": [
      93,
      93
    ],
    "size": 8649,
    "min": 0.0,
    "max": 15.404722389164405,
    "mean": 7.707719104310946,
    "std": 3.023670142345478
  }
}