{
  "count": 90,
  "ids_hash": "9deff2e89b0e6ef33c29aa8980739e3d0d21a53ab88a32cb6ebd19a2f30af73e",
  "coords_hash": "955a93bd90e2e57e155808fa762a09ba26b8db79c80d7d03094889c92348f3ac",
  "coords_stats": {
    "shape": [
      90,
      3
    ],
    "size": 270,
    "min": 17.167999267578125,
    "max": 48.72999954223633,
    "mean": 33.04484825134277,
    "std": 7.9181450705559095
  }
}