{
  "f0_hash": "96f5addc2298d26c483989372fa6a34944b9834018308740a0ae82b09fbf4d50",
  "f1_hash": "7ea7416fb19852fb4d9a7d3092d2e4f78654997051f9048ef72007629dc237b2",
  "f0_stats": {
    "shape": [
      5
    ],
    "size": 5,
    "min": 0.28127891945967887,
    "max": 145.90262973736154,
    "mean": 30.463736529249864,
    "std": 57.72891884790583
  },
  "f1_stats": {
    "shape": [
      15
    ],
    "size": 15,
    "min": 0.010285417315735401,
    "max": 389.6699719573314,
    "mean": 54.183628725881334,
    "std": 123.39384163099771
  }
}