{
  "count": 108,
  "ids_hash": "7bad0ef28a549543c15d471f9dad667e286177417397e6ed5f62771973b330b1",
  "coords_hash": "ee1176e4cf848801e5ac71c2750b371cd749ccefa206ce42cfdbae6864d62692",
  "coords_stats": {
    "shape": [
      108,
      3
    ],
    "size": 324,
    "min": -10.843999862670898,
    "max": 18.530000686645508,
    "mean": 4.6006296261179225,
    "std": 7.530942412083988
  }
}