MODEL,PRED_DOCKQ
3H3M_af2m,0.7602311
3H3M,0.28806725
