{
  "hash": "1f10b537a2bda27abf12a01d6889785ddbc8b240bec580816ac5ed32644a5749",
  "stats": {
    "shape": [
      96,
      96
    ],
    "size": 9216,
    "min": 0.0,
    "max": 15.287718968691186,
    "mean": 7.9012207787541335,
    "std": 3.1017095259820273
  }
}