MODEL,PRED_DOCKQ
2JEE_af2m,0.77554286
2JEE,0.67964375
