{
  "f0_hash": "0bf97a9898b79d2c3ad88cecabbb278cdcca5e3a1e80704d0fd2ce3f6dd1293f",
  "f1_hash": "15cdbbd57f78626e6ca11f49c646b1f754f972ea83edbd28bb46f72184d82567",
  "f0_stats": {
    "shape": [
      5
    ],
    "size": 5,
    "min": 0.3871678730520281,
    "max": 93.1363339947477,
    "mean": 19.97728122287669,
    "std": 36.59521667706525
  },
  "f1_stats": {
    "shape": [
      15
    ],
    "size": 15,
    "min": 0.017871301352967883,
    "max": 155.84253306833796,
    "mean": 23.11370913741335,
    "std": 48.31289366303934
  }
}