{
  "count": 106,
  "ids_hash": "c14a740e271dae9c6694f323f771fbb4ebd00a7d9e82cc7edfb6d1726a511e00",
  "coords_hash": "f1cb408f99840374f63c3573e3e770492b760592a81c9eae417ae87eb484d59e",
  "coords_stats": {
    "shape": [
      106,
      3
    ],
    "size": 318,
    "min": -20.34600067138672,
    "max": 10.006999969482422,
    "mean": -6.660122666789113,
    "std": 8.121960318120026
  }
}