{
  "count": 94,
  "ids_hash": "e9956f4014058f3128996a1b9d72d49227378558376856fe170216823d9098ff",
  "coords_hash": "92956684f129d3a9da752fc9844a98baa532f21548fc6699e9932edd534a0c5f",
  "coords_stats": {
    "shape": [
      94,
      3
    ],
    "size": 282,
    "min": -3.5380001068115234,
    "max": 31.13800048828125,
    "mean": 15.658333369022143,
    "std": 9.054729991911149
  }
}