{
  "count": 101,
  "ids_hash": "0623e5f864bfb396e1c595e691324794f57387f393502d1a0c526aca7e799a4d",
  "coords_hash": "5936491fc46d38b86d72744da1a371e3866a9771720bcad5625ef7a9e4f6be01",
  "coords_stats": {
    "shape": [
      101,
      3
    ],
    "size": 303,
    "min": -13.519000053405762,
    "max": 49.23400115966797,
    "mean": 15.891769037830947,
    "std": 20.357450453285985
  }
}