{
  "hash": "44c5750fe715a201da08292205bd7d9c9d4260c1ca58dfa0b826810ccfed6f19",
  "stats": {
    "shape": [
      83,
      83
    ],
    "size": 6889,
    "min": 0.0,
    "max": 15.600776297097656,
    "mean": 7.515749996553667,
    "std": 3.0576967545763334
  }
}