{
  "count": 107,
  "ids_hash": "17117b6ea83e0373f2b835250de2e4c8ff5d366cf848238d94508f24a1f695d8",
  "coords_hash": "fc707ceb966580bbd719f13bfee8c761255d6e53cb43c2cc6cbb2d4288af4216",
  "coords_stats": {
    "shape": [
      107,
      3
    ],
    "size": 321,
    "min": 2.0739998817443848,
    "max": 50.01599884033203,
    "mean": 21.511460996491145,
    "std": 15.917634075723923
  }
}