{
  "count": 59,
  "ids_hash": "5cf4accf07118eafc8eed38ce9c55bd0f182e05d4cb14c65bf92ce00aae6b447",
  "coords_hash": "5b973e27a6f5da6496d70a67d850ebf601d6cb1e2d71b0978ff59d827276f838",
  "coords_stats": {
    "shape": [
      59,
      3
    ],
    "size": 177,
    "min": -16.2189998626709,
    "max": 52.57099914550781,
    "mean": 18.9604123419961,
    "std": 23.90856731209868
  }
}