{
  "hash": "df816701b3f4e5ab06976afc857dc0b5e8840a273ad241b08c9e08a6b4d5accf",
  "stats": {
    "shape": [
      106,
      106
    ],
    "size": 11236,
    "min": 0.0,
    "max": 15.462356001356666,
    "mean": 7.7530345251180535,
    "std": 2.992247044012274
  }
}