{
  "hash": "8aef19b7d8ba76684e7b4a5cc011d6a980325e6fc7078b3c2df5cfa29572ced3",
  "stats": {
    "shape": [
      116,
      116
    ],
    "size": 13456,
    "min": 0.0,
    "max": 15.601005239293572,
    "mean": 8.171768799507332,
    "std": 3.0765405775458703
  }
}