{
  "count": 118,
  "ids_hash": "7cdac3354f0a4e07c063665fc8a0e0eefc5a7e70f70de542ad38c68a33f280de",
  "coords_hash": "8abe4873bdaff4e1da9807bd810d80d79048daf8a8611329da551631b6e16cb9",
  "coords_stats": {
    "shape": [
      118,
      3
    ],
    "size": 354,
    "min": 1.2330000400543213,
    "max": 26.809999465942383,
    "mean": 15.920680815217185,
    "std": 6.514723291290275
  }
}