{
  "hash": "d480c28b4530662444a5df9179ade751bdbd0cac23ebcbeaf6665aa7540da367",
  "stats": {
    "shape": [
      104,
      104
    ],
    "size": 10816,
    "min": 0.0,
    "max": 15.62833942876626,
    "mean": 8.018727607096183,
    "std": 3.214074510479656
  }
}