{
  "f0_hash": "1db12f4ce06474b46ebf3d684402f13b7fa35c63ed9295c180f0bb203f92d8cb",
  "f1_hash": "fb6d69ed7000dd15fa1f2da936eb8a1f62ab5f2ec595f7257400aaf8884abff1",
  "f0_stats": {
    "shape": [
      5
    ],
    "size": 5,
    "min": 0.31184103938439983,
    "max": 246.49770106540444,
    "mean": 50.32253780273249,
    "std": 98.09250376298903
  },
  "f1_stats": {
    "shape": [
      15
    ],
    "size": 15,
    "min": 0.010143092486751826,
    "max": 666.2605413015666,
    "mean": 90.91482362268412,
    "std": 211.6486766642999
  }
}