{
  "f0_hash": "0e7988e8be787dc881b3a2591155fa3ef2f25804431c60c8e99e9c1eb520e9b2",
  "f1_hash": "c5bababaa8a89e8ccb682edf43118f9263f1950f96264aeab39e33acbc37b5f8",
  "f0_stats": {
    "shape": [
      5
    ],
    "size": 5,
    "min": 0.4518261034547124,
    "max": 145.92033212471003,
    "mean": 30.595514883666606,
    "std": 57.673474615137785
  },
  "f1_stats": {
    "shape": [
      15
    ],
    "size": 15,
    "min": 0.011882744676120716,
    "max": 401.78710646354614,
    "mean": 56.277235186582956,
    "std": 127.1837167706101
  }
}