{
  "f0_hash": "b320cb7b07ae9f2fdb9925be3f830a143c8f15d3b7cda59757f945b443666fe3",
  "f1_hash": "1bee8e180b5d57d65c3b7d90470624fab58ff5038164829b872d0c5c090076f0",
  "f0_stats": {
    "shape": [
      5
    ],
    "size": 5,
    "min": 0.3253562239451664,
    "max": 165.1311654991448,
    "mean": 34.38269957316948,
    "std": 65.38399917900269
  },
  "f1_stats": {
    "shape": [
      15
    ],
    "size": 15,
    "min": 0.01042018969314995,
    "max": 506.1834074589493,
    "mean": 69.53713596501157,
    "std": 160.91798472104122
  }
}