MODEL,PRED_DOCKQ
3WUR_af2m,0.011372067
3WUR,0.0012510892
