{
  "f0_hash": "d54eece8a7f27d9f1a5387c51441a6da356338de18af2f7b9df44ab7c84dbcc0",
  "f1_hash": "d40c64efbb3d0cc15c99a7520bac5716aba518e170706bb1e4a6f50962ea056a",
  "f0_stats": {
    "shape": [
      5
    ],
    "size": 5,
    "min": 0.45757694070860233,
    "max": 154.2272967757522,
    "mean": 32.20372425548367,
    "std": 61.02044248511093
  },
  "f1_stats": {
    "shape": [
      15
    ],
    "size": 15,
    "min": 0.013239774226063261,
    "max": 411.19104743721033,
    "mean": 57.40686669861237,
    "std": 129.69710220274732
  }
}