{
  "hash": "d3e91fb13898cfc97e0ae3f8c444dbd1026c3e37904bc1479a3337c2ccba4cea",
  "stats": {
    "shape": [
      113,
      113
    ],
    "size": 12769,
    "min": 0.0,
    "max": 15.524068213590402,
    "mean": 7.812954629197064,
    "std": 2.984077564877256
  }
}