MODEL,PRED_DOCKQ
3P71_af2m,0.85973305
3P71,0.65730035
