MODEL,PRED_DOCKQ
3U1J_af2m,0.9292363
3U1J,0.00075271993
