{
  "count": 86,
  "ids_hash": "a04794e53b044cd35a2072535d194079e6c0d12172e901c191492ceab6f6f127",
  "coords_hash": "290d622d20206dacc8563a1d24dbe2ab1905d2f872262eb69a3c4f14c1710ed2",
  "coords_stats": {
    "shape": [
      86,
      3
    ],
    "size": 258,
    "min": -7.23799991607666,
    "max": 31.878000259399414,
    "mean": 10.345174437634242,
    "std": 11.23325136391643
  }
}