{
  "count": 112,
  "ids_hash": "53b77a9bf64d2e771d5628ad908a5f60af681d630f23345cead10fda1c2de89d",
  "coords_hash": "82e8e370c3eb83d41cbace45e20d595a5fc153b6977afeedde0fffeec409cf52",
  "coords_stats": {
    "shape": [
      112,
      3
    ],
    "size": 336,
    "min": -10.925000190734863,
    "max": 49.946998596191406,
    "mean": 17.70459522989889,
    "std": 19.53596188923032
  }
}