{
  "f0_hash": "c1cabc887a3547a33f79853bbe713cb4dbbdc26068d74ac640737f25ddd2d6b0",
  "f1_hash": "82fb0c32ad3847dabeaf2b9e3bb95efc9f847dca77346f09654ed6d82f5d2d93",
  "f0_stats": {
    "shape": [
      5
    ],
    "size": 5,
    "min": 0.5011218434788584,
    "max": 158.79849224697648,
    "mean": 33.204332085024085,
    "std": 62.807626501800215
  },
  "f1_stats": {
    "shape": [
      15
    ],
    "size": 15,
    "min": 0.010657322710731165,
    "max": 406.10063577726413,
    "mean": 56.66582919789928,
    "std": 127.50655705382742
  }
}