{
  "count": 118,
  "ids_hash": "36218edb4c0ec6fac0e55e425249bafb0e9a4cd962ba5a3569203f6dd0be0311",
  "coords_hash": "0fca38402b2be4a9f5287475180a3c3271b77c814b0b4b7d39d0c06078ff934b",
  "coords_stats": {
    "shape": [
      118,
      3
    ],
    "size": 354,
    "min": 9.109999656677246,
    "max": 49.57500076293945,
    "mean": 27.72115818390065,
    "std": 11.754251357373311
  }
}