{
  "count": 110,
  "ids_hash": "e9906ff5d36db38e18fab3d38dc7523761e3ff7bb9d0150a094215324a96c1c1",
  "coords_hash": "d258f4243a2e0f22b90fda843138fafd6a79870a7373d3e74d317bb72de087bf",
  "coords_stats": {
    "shape": [
      110,
      3
    ],
    "size": 330,
    "min": -22.993999481201172,
    "max": 33.452999114990234,
    "mean": 11.469421175754432,
    "std": 19.391297109358952
  }
}