MODEL,PRED_DOCKQ
2F2C_af2m,0.87595713
2F2C,0.19907987
