{
  "count": 94,
  "ids_hash": "080e680fd33c54a7b183dbf7162a168a966648a12ab9fbe42a85efd1a8b724bb",
  "coords_hash": "b09b6386fda8a291e1b366b091a7f1e1b03c1825a366fa6bdb0177459ca1c8ed",
  "coords_stats": {
    "shape": [
      94,
      3
    ],
    "size": 282,
    "min": 19.150999069213867,
    "max": 107.69400024414062,
    "mean": 54.21098228887463,
    "std": 33.28884778524625
  }
}