{
  "hash": "a243cf33ff66ca387a1a740dd1fac42a74d7c8fb068970f37b8e570ab1755557",
  "stats": {
    "shape": [
      111,
      111
    ],
    "size": 12321,
    "min": 0.0,
    "max": 15.492598548832449,
    "mean": 7.81866082463307,
    "std": 2.978547833759865
  }
}