MODEL,PRED_DOCKQ
2ZCM,0.80285347
2ZCM_af2m,0.72172207
