{
  "hash": "8772fa4e95db31b9f9ff79b27fdee96c3f6efb1afd8974f6ec9db664a76afa29",
  "stats": {
    "shape": [
      84,
      84
    ],
    "size": 7056,
    "min": 0.0,
    "max": 15.52098317710359,
    "mean": 7.428938581805922,
    "std": 3.011547987450277
  }
}