{
  "count": 76,
  "ids_hash": "9966f007f579b240d0fedbd8f35f6b0191157e91e50c04026a346bdea7d17c16",
  "coords_hash": "4ff924987f1712ba25b9a712cdc53b7a3363fdec2e4523f39ff507c7d53c865b",
  "coords_stats": {
    "shape": [
      76,
      3
    ],
    "size": 228,
    "min": 10.741000175476074,
    "max": 45.09000015258789,
    "mean": 30.800749962789972,
    "std": 9.72715807167061
  }
}