{
  "count": 90,
  "ids_hash": "a4e66688d0c6e2582f63571aa8cf657a83978b79ec3caec3e09607e741e6ad71",
  "coords_hash": "0260f345a51f4039567c2a4e9937c0960ec1a9cc77f0e81e335e9cbc765346de",
  "coords_stats": {
    "shape": [
      90,
      3
    ],
    "size": 270,
    "min": 7.197000026702881,
    "max": 38.54800033569336,
    "mean": 20.318403704961142,
    "std": 8.53980021000538
  }
}