{
  "f0_hash": "0731cd633845236fe52e6bcaa9f68de64661d16aa8eaa55a52d630ec274609d5",
  "f1_hash": "5939e954882f723418e0fb67e11416182d9bb9d79311b07e4ca0bd3c2bfff7ed",
  "f0_stats": {
    "shape": [
      5
    ],
    "size": 5,
    "min": 0.5229882518763665,
    "max": 153.24252888431408,
    "mean": 32.079453618785855,
    "std": 60.59148576690319
  },
  "f1_stats": {
    "shape": [
      15
    ],
    "size": 15,
    "min": 0.0100657867957743,
    "max": 414.3577411118232,
    "mean": 57.54059295447501,
    "std": 130.89127368904983
  }
}