MODEL,PRED_DOCKQ
3IT3,0.87598616
3IT3_af2m,0.776449
