{
  "f0_hash": "cb6bcf63d045c5d3d93c5d81bc428a50e47b6a8bc73e3483d3012c0ab41bf31e",
  "f1_hash": "68554c63561c3174f2244e2f630cf5db8ae5dd7ef36bae1340f1718247b4cc1b",
  "f0_stats": {
    "shape": [
      5
    ],
    "size": 5,
    "min": 0.5142079525067396,
    "max": 166.11690246805125,
    "mean": 34.6978352722402,
    "std": 65.72030402470335
  },
  "f1_stats": {
    "shape": [
      15
    ],
    "size": 15,
    "min": 0.01077058573683587,
    "max": 477.7489866036175,
    "mean": 65.9388808738747,
    "std": 151.20492546649825
  }
}