MODEL,PRED_DOCKQ
3KPH,0.1107246
3KPH_af2m,0.019603606
