MODEL,PRED_DOCKQ
4RS1_af2m,0.27527562
4RS1,0.00035583088
