{
  "f0_hash": "ccd76bba2248167ef8eab4ab409e98b9c3bfc901bfb2075ffbd19ec723e8032f",
  "f1_hash": "d01d45c55034db103eb2a1d219d24de16358c2862d9f1adf493ed1425667aca1",
  "f0_stats": {
    "shape": [
      5
    ],
    "size": 5,
    "min": 0.5318865319635583,
    "max": 152.30851657947449,
    "mean": 31.879105246799195,
    "std": 60.22423877828371
  },
  "f1_stats": {
    "shape": [
      15
    ],
    "size": 15,
    "min": 0.010541400043073246,
    "max": 425.00139234792874,
    "mean": 58.978500365727676,
    "std": 134.67127692890264
  }
}