{
  "hash": "995399d6e6552d6e9a7d633e2081e1a8a67abb3f2e3fb60f4aa1c802fd83bea4",
  "stats": {
    "shape": [
      80,
      80
    ],
    "size": 6400,
    "min": 0.0,
    "max": 15.378070036992922,
    "mean": 7.621955704807574,
    "std": 3.1315442498588815
  }
}