{
  "count": 77,
  "ids_hash": "4d045f89369a90c09ee69adc9b1dfb6e98f945494e08041a1423dd8da8b1d5ab",
  "coords_hash": "576827bf3e45b1d8d648d95cf4082313d0750b79f2ab5ae0c543e678a69d2e0a",
  "coords_stats": {
    "shape": [
      77,
      3
    ],
    "size": 231,
    "min": -5.275000095367432,
    "max": 11.86299991607666,
    "mean": 3.3351818161907714,
    "std": 3.9750340724934943
  }
}