MODEL,PRED_DOCKQ
1IK9_af2m,0.8738553
1IK9,0.7301003
