{
  "f0_hash": "bc0e5963b1a6844413c20f757db39e3202de340bc3f49ed4caf67a406282d535",
  "f1_hash": "5bddbf67d1c329430ef0c3fe8d2eb9c1d4518c2980d85267e19a9f778b58fa8c",
  "f0_stats": {
    "shape": [
      5
    ],
    "size": 5,
    "min": 0.5926005950043798,
    "max": 169.43003450845978,
    "mean": 35.37449189116092,
    "std": 67.03777517561383
  },
  "f1_stats": {
    "shape": [
      15
    ],
    "size": 15,
    "min": 0.010390904293997139,
    "max": 524.2584023054088,
    "mean": 72.51487498840898,
    "std": 166.59636003145172
  }
}