MODEL,PRED_DOCKQ
4JIS_af2m,0.8530098
4JIS,0.74244297
