{
  "f0_hash": "18f08b2c2d043722c1ae56087471370f04be14596490b3b8b257aefa33b7a81b",
  "f1_hash": "469baafcbbf3978ea4b069654bc903f90d3135fb1da41013b7bba17712775437",
  "f0_stats": {
    "shape": [
      5
    ],
    "size": 5,
    "min": 1.177973858851691,
    "max": 83.7431190114588,
    "mean": 19.005651590620033,
    "std": 32.440109262151346
  },
  "f1_stats": {
    "shape": [
      15
    ],
    "size": 15,
    "min": 0.011166959160723522,
    "max": 240.96997893081152,
    "mean": 36.10917739139361,
    "std": 76.83633829813164
  }
}