{
  "f0_hash": "1580617d4a06c71bdf9cc7930a08ea704cb0315fba5e201d7b2d9bee1dc5b6d8",
  "f1_hash": "4bcaab8fff72b6e8a91b4dee4283e007eed33f441658c056cea9798d4fa47b27",
  "f0_stats": {
    "shape": [
      5
    ],
    "size": 5,
    "min": 0.5948353268187878,
    "max": 182.67422283972132,
    "mean": 37.969032881228586,
    "std": 72.36028152294418
  },
  "f1_stats": {
    "shape": [
      15
    ],
    "size": 15,
    "min": 0.010526773195909556,
    "max": 599.6378302371869,
    "mean": 82.17877806305349,
    "std": 190.16974271187584
  }
}