MODEL,PRED_DOCKQ
6KJU,0.257281
6KJU_af2m,0.028582793
