{
  "hash": "31ead6628e4a4826f71241087abf439a74c4b916c8926229454a03607ecfbfbd",
  "stats": {
    "shape": [
      84,
      84
    ],
    "size": 7056,
    "min": 0.0,
    "max": 15.433698067282599,
    "mean": 7.606167655474153,
    "std": 2.995311120090572
  }
}