{
  "hash": "cbe17d3454875fbac0fee44f320b468ca827d30f92d08a5ab8f5ff3d775a485b",
  "stats": {
    "shape": [
      99,
      99
    ],
    "size": 9801,
    "min": 0.0,
    "max": 15.707112304666188,
    "mean": 7.959104506359227,
    "std": 3.0825395535690023
  }
}