{
  "count": 113,
  "ids_hash": "98749873f6414af890f7ee06563cbbbd36b4dd56704f719732f1eb3398762c86",
  "coords_hash": "387c8e620618b7bed7084eb515348b377aeae4b80f554fa75cf865ca5e7105bd",
  "coords_stats": {
    "shape": [
      113,
      3
    ],
    "size": 339,
    "min": -23.14900016784668,
    "max": 51.53499984741211,
    "mean": 16.36497340863433,
    "std": 24.861063004074833
  }
}