{
  "f0_hash": "e0a71d9415bdb9f35c93f3b3a57165cba33d1f0d62bce4c919c4f262dd565b37",
  "f1_hash": "e133a35ad1342b5b7bec8b2f25bec8993ec51dd988c37f69b27bf1d698c4e5cd",
  "f0_stats": {
    "shape": [
      5
    ],
    "size": 5,
    "min": 0.44831908046325375,
    "max": 168.1034295531168,
    "mean": 35.01931535216765,
    "std": 66.55108068715134
  },
  "f1_stats": {
    "shape": [
      15
    ],
    "size": 15,
    "min": 0.011672311774569621,
    "max": 517.566898705737,
    "mean": 71.69554906799866,
    "std": 164.631456891053
  }
}