{
  "hash": "22206acaf90b4f18304c9b85e610cc5bcea19a2b20b55e65fb8c51f128c9ba2f",
  "stats": {
    "shape": [
      80,
      80
    ],
    "size": 6400,
    "min": 0.0,
    "max": 14.70539739038649,
    "mean": 7.176370463132651,
    "std": 2.8340449562873355
  }
}