{
  "hash": "e77b9935528229b9eda54721d9221742f07cac02365cf35ec2173df9c16df1d0",
  "stats": {
    "shape": [
      91,
      91
    ],
    "size": 8281,
    "min": 0.0,
    "max": 15.545882269449123,
    "mean": 7.876759625474615,
    "std": 3.069073328824419
  }
}