{
  "f0_hash": "1932b03f2c055670570b562d4cb2ef2937f07b6bdc7cc21ef7d4d33bbb1ca202",
  "f1_hash": "d2dd797cfbb33b29255609e69ef61da86d6a2343c769448ca974facc52c264d2",
  "f0_stats": {
    "shape": [
      5
    ],
    "size": 5,
    "min": 0.5524224008292777,
    "max": 140.43547662836883,
    "mean": 29.48751652866552,
    "std": 55.483329650328145
  },
  "f1_stats": {
    "shape": [
      15
    ],
    "size": 15,
    "min": 0.010022690477525131,
    "max": 353.5924168962677,
    "mean": 49.950554047477695,
    "std": 111.01218131225015
  }
}