{
  "hash": "f44945a3367e80a77b4b7386435bb4882ab76f3de088fdeaa6e72fd28265a916",
  "stats": {
    "shape": [
      81,
      81
    ],
    "size": 6561,
    "min": 0.0,
    "max": 15.699747499525719,
    "mean": 7.5446965663958006,
    "std": 3.069471013637978
  }
}