{
  "f0_hash": "4dfed1b642877548a52749b7c145de488340728751c7f4a546153647d877f958",
  "f1_hash": "2935330e73533de92d0667be9227755253c321a30991699ecd3ed99912ea1d05",
  "f0_stats": {
    "shape": [
      5
    ],
    "size": 5,
    "min": 0.5080932103120073,
    "max": 156.23819001167044,
    "mean": 32.5701265457948,
    "std": 61.84097984890725
  },
  "f1_stats": {
    "shape": [
      15
    ],
    "size": 15,
    "min": 0.010833089946287622,
    "max": 415.2881033315004,
    "mean": 58.51654961414424,
    "std": 130.878543015899
  }
}