{
  "count": 85,
  "ids_hash": "8f03f50df6ea8c85d95ee80ccb764d947eb7d3fb515bf0db8e6c2e79ae038905",
  "coords_hash": "3104c704c1b991f13377af86d65633afb5e5a9c2a0091cac0e75975f97971730",
  "coords_stats": {
    "shape": [
      85,
      3
    ],
    "size": 255,
    "min": -30.350000381469727,
    "max": 25.52199935913086,
    "mean": 2.9646235035915,
    "std": 19.446064517014065
  }
}