{
  "hash": "d932ff2ba148c6de42013ddf8d40442cef59fd259cb19091d3acacf7a76d4c7f",
  "stats": {
    "shape": [
      99,
      99
    ],
    "size": 9801,
    "min": 0.0,
    "max": 15.804761350330836,
    "mean": 7.873472750587324,
    "std": 3.0305740860159527
  }
}