{
  "hash": "bb86be40c0141b623f211b4d89b50e8c3c0284d1f871061b79677cbb3cd7c356",
  "stats": {
    "shape": [
      65,
      65
    ],
    "size": 4225,
    "min": 0.0,
    "max": 15.484804517234009,
    "mean": 7.0794921491383995,
    "std": 2.9848634824915345
  }
}