{
  "hash": "e5b2067366d9cbfed694b1b1c8160c733357cab054bb104c4018eb7e890a1f43",
  "stats": {
    "shape": [
      101,
      101
    ],
    "size": 10201,
    "min": 0.0,
    "max": 15.34127307247224,
    "mean": 7.635023612824745,
    "std": 2.9571147037871848
  }
}