{
  "f0_hash": "5c2c325cad9922c87e15d80634601ab73ecccda506b8f8804ee63ab4b1b13e4f",
  "f1_hash": "76a0b132669878ad765251418f07ec6d236353229e373f5c167e4c8421660f20",
  "f0_stats": {
    "shape": [
      5
    ],
    "size": 5,
    "min": 0.42522429342727147,
    "max": 139.09826474025306,
    "mean": 29.131202360518124,
    "std": 54.99163895468853
  },
  "f1_stats": {
    "shape": [
      15
    ],
    "size": 15,
    "min": 0.010072809408214312,
    "max": 329.34873001761946,
    "mean": 46.76254924732539,
    "std": 103.16414058813994
  }
}