MODEL,PRED_DOCKQ
3AGC_af2m,0.9006378
3AGC,0.86652136
