{
  "count": 61,
  "ids_hash": "988d82795fbabc9e37775d3cd5e7277713cfc62c0c9bbd49dc28f067b2f105e3",
  "coords_hash": "6553448e9acde0314fa5c609af3a906e54be225e402dd3c196dfd1bed4626e4a",
  "coords_stats": {
    "shape": [
      61,
      3
    ],
    "size": 183,
    "min": -40.36600112915039,
    "max": 37.327999114990234,
    "mean": 1.1265956733396145,
    "std": 26.73737453813727
  }
}