{
  "count": 116,
  "ids_hash": "8ea8622655094ac773a7994453ffcc116aa646529b0fa370631748f8053031bc",
  "coords_hash": "eccf0af7500884916100176a6814c88b4f4d7806a88dca010fea426304aaa44c",
  "coords_stats": {
    "shape": [
      116,
      3
    ],
    "size": 348,
    "min": 17.402000427246094,
    "max": 84.87799835205078,
    "mean": 42.55972697817046,
    "std": 25.290745824835977
  }
}