MODEL,PRED_DOCKQ
1VLJ_af2m,0.92762077
1VLJ,0.8752799
