{
  "count": 110,
  "ids_hash": "c9192a941544e3d22017e446ed3fec5c84b5121a393f8b0bc3ec3c6cc9b442d1",
  "coords_hash": "2c283ff4130074a76c37baaf7e9da57745fa09290902e46cef49310c18424e68",
  "coords_stats": {
    "shape": [
      110,
      3
    ],
    "size": 330,
    "min": -15.567000389099121,
    "max": 21.305999755859375,
    "mean": 5.148457582791647,
    "std": 10.888190826730236
  }
}