{
  "f0_hash": "b75a61030f396b70a18bd6e8153a28b3095ea5a57d3402c9d7591072c99666d8",
  "f1_hash": "e69b43f80b0d3f43862357218319aced02220b2a542a4387ef7cfc7e5f4f417c",
  "f0_stats": {
    "shape": [
      5
    ],
    "size": 5,
    "min": 0.5979697155192267,
    "max": 106.57947957113035,
    "mean": 23.038603657874212,
    "std": 41.805743238310605
  },
  "f1_stats": {
    "shape": [
      15
    ],
    "size": 15,
    "min": 0.011001539736523291,
    "max": 265.0586019677479,
    "mean": 38.38147954540003,
    "std": 83.95882037152431
  }
}