MODEL,PRED_DOCKQ
4JCV_af2m,0.6838738
4JCV,0.012841618
