{
  "f0_hash": "02ab76ab9c79982cb0cb4fb75099eda4031839252878d080c9156c44bc8fabca",
  "f1_hash": "e1b3ea09c9a0d282a3d92be1a0e686d75d82dd41c3e2b7ebc204db9733089427",
  "f0_stats": {
    "shape": [
      5
    ],
    "size": 5,
    "min": 0.5328352385801095,
    "max": 89.44640760222484,
    "mean": 19.458584644205963,
    "std": 35.020829376053285
  },
  "f1_stats": {
    "shape": [
      15
    ],
    "size": 15,
    "min": 0.011510108317610346,
    "max": 144.80088203974088,
    "mean": 22.411947677644218,
    "std": 44.65739424857039
  }
}