{
  "f0_hash": "e0fc2dc23b5ced99133f96dbaec1b5e36d45cee5aee9eeebf2ad624a4c6c089b",
  "f1_hash": "b5851d21063363e9022c88bcc4a00cf14188ff29b31690c54125f41cdc3728de",
  "f0_stats": {
    "shape": [
      5
    ],
    "size": 5,
    "min": 0.6190139955697482,
    "max": 152.54118691214376,
    "mean": 31.930064628490477,
    "std": 60.3137461621876
  },
  "f1_stats": {
    "shape": [
      15
    ],
    "size": 15,
    "min": 0.014554386610290848,
    "max": 439.88779087737,
    "mean": 61.22857893240276,
    "std": 138.3980567540833
  }
}