{
  "count": 92,
  "ids_hash": "b4551294709b4c6a0b27252f8fac2d7c6f8d52eb5f89624719ae28fd60be4d24",
  "coords_hash": "5a4a5a5aadce14759113e36fe8ebd17db4f6a49e74f2da860f94928adcbc4eed",
  "coords_stats": {
    "shape": [
      92,
      3
    ],
    "size": 276,
    "min": -33.132999420166016,
    "max": 34.66600036621094,
    "mean": 8.393449278845303,
    "std": 25.970514750175262
  }
}