{
  "count": 82,
  "ids_hash": "20f76f69fb5ec7aba7e93805fc7a7fc6ee4578062f57c6de0fa95653f0acf58c",
  "coords_hash": "b82f3514e439543a333c6079ffc1a18113755a0d26cb6462033742e30d857b6c",
  "coords_stats": {
    "shape": [
      82,
      3
    ],
    "size": 246,
    "min": -6.383999824523926,
    "max": 58.85100173950195,
    "mean": 20.444256027691004,
    "std": 23.252047276857322
  }
}