{
  "f0_hash": "7ad28b7de3fcf5ec0c023a89c38bda574851e8e6f49afd5c4f202befda3d6352",
  "f1_hash": "15bc37f4f13a0d06036d8c942694038f8366b085b5c54c3f1857600f1c903683",
  "f0_stats": {
    "shape": [
      5
    ],
    "size": 5,
    "min": 0.5225326719246017,
    "max": 160.2338189378745,
    "mean": 33.42187957225862,
    "std": 63.4138356113447
  },
  "f1_stats": {
    "shape": [
      15
    ],
    "size": 15,
    "min": 0.01142686624253031,
    "max": 486.9287598332416,
    "mean": 67.00212041332712,
    "std": 155.2667706984697
  }
}