{
  "count": 95,
  "ids_hash": "78d2f0c68f0c9747d39f31175e6787fa9729977c06d42e5ca03c37d2c5a02645",
  "coords_hash": "ed8bda2dc179ee903669ed16a146a483c609059614a6378b2d5c1cf9edd7117c",
  "coords_stats": {
    "shape": [
      95,
      3
    ],
    "size": 285,
    "min": 6.3460001945495605,
    "max": 41.599998474121094,
    "mean": 24.910859676829556,
    "std": 10.13366193493946
  }
}