{
  "hash": "bd0ee99e732639070ac04572311c6e099daf213b12194f0cf9e9aa4e28027d00",
  "stats": {
    "shape": [
      80,
      80
    ],
    "size": 6400,
    "min": 0.0,
    "max": 15.698294843511428,
    "mean": 7.212459682163148,
    "std": 2.986585586360858
  }
}