{
  "f0_hash": "c1446e2ddeba1648be922a76ed76194f366b9943262b2bd53051a5b05e9c46b4",
  "f1_hash": "1782c23c1e5c93fc85cc3c80ae482de02a91aa20f2a675555e9cc08e7d1a6812",
  "f0_stats": {
    "shape": [
      5
    ],
    "size": 5,
    "min": 0.4930566662712801,
    "max": 148.39585732939466,
    "mean": 31.030806244306397,
    "std": 58.69075863509291
  },
  "f1_stats": {
    "shape": [
      15
    ],
    "size": 15,
    "min": 0.011279696752146684,
    "max": 421.8271087037916,
    "mean": 58.814347611546346,
    "std": 134.00598209953154
  }
}