{
  "count": 62,
  "ids_hash": "bafbc51abb0cfdfd02ecc81055014130aee976414d9fa8e06db40247f95e8df1",
  "coords_hash": "c0be1d9178277cf56360e6da0e9646e8755908898770825567ef99b867d4ba67",
  "coords_stats": {
    "shape": [
      62,
      3
    ],
    "size": 186,
    "min": -21.753000259399414,
    "max": 13.914999961853027,
    "mean": -0.9019408563592581,
    "std": 10.700781788812805
  }
}