{
  "f0_hash": "29a583b1feb2d4f7a0fa116fe3b60a0bac6fbc92cfaf2305521465030cac4618",
  "f1_hash": "0698cd00906866138c61f74d91f8588cfe1b52d1473f608b5662d4a47dec9b0d",
  "f0_stats": {
    "shape": [
      5
    ],
    "size": 5,
    "min": 0.4994353022844553,
    "max": 168.71905567057672,
    "mean": 35.164416989124256,
    "std": 66.78626511360827
  },
  "f1_stats": {
    "shape": [
      15
    ],
    "size": 15,
    "min": 0.011908244614065921,
    "max": 570.9014015896537,
    "mean": 78.93067671604595,
    "std": 182.09611599077235
  }
}