MODEL,PRED_DOCKQ
5C7Q_af2m,0.91482294
5C7Q,0.8857725
