{
  "count": 113,
  "ids_hash": "0e04f62fe1b7cc00782772933390185fb3eff82e20d86cdf569d4a2dacb91620",
  "coords_hash": "bb0d60060fcce468d9589d14daf8cbc435cc24e838fbf93ba6ac30ee1400ee1d",
  "coords_stats": {
    "shape": [
      113,
      3
    ],
    "size": 339,
    "min": 6.418000221252441,
    "max": 98.08899688720703,
    "mean": 42.04091154790557,
    "std": 35.07031617777798
  }
}