{
  "f0_hash": "801460c96f8e260c643c3c1c5de5d26e6a09283dea11f6f89039946f26c2c8f5",
  "f1_hash": "31a04483639640bd6ee06049b67949b2847d90b476cda6c279c99cbae0ec34db",
  "f0_stats": {
    "shape": [
      5
    ],
    "size": 5,
    "min": 0.4608226147486267,
    "max": 116.31596836343599,
    "mean": 24.663299613764217,
    "std": 45.83945222483331
  },
  "f1_stats": {
    "shape": [
      15
    ],
    "size": 15,
    "min": 0.014349857944161215,
    "max": 319.8935651280219,
    "mean": 44.62636264926258,
    "std": 102.82670792372272
  }
}