{
  "count": 151,
  "ids_hash": "6f8a1c127413aa0f4dc9bdbe74b0103442c50a240b1530f8e1cc5ec5991b0c5e",
  "coords_hash": "50da17ca4fa95e801ddd3fcad98fe8e464589689cae655111448d146c9c19a03",
  "coords_stats": {
    "shape": [
      151,
      3
    ],
    "size": 453,
    "min": -21.829999923706055,
    "max": 25.006000518798828,
    "mean": 0.3906777301272809,
    "std": 13.907772394774142
  }
}