MODEL,PRED_DOCKQ
5XGW_af2m,0.8470399
5XGW,0.69173396
