{
  "hash": "d876dacda8fb04568b4c5b7d011b819a639c9c306669c22758a520493aef2e14",
  "stats": {
    "shape": [
      67,
      67
    ],
    "size": 4489,
    "min": 0.0,
    "max": 15.542883437697908,
    "mean": 7.3800639960264975,
    "std": 3.136026685083162
  }
}