{
  "hash": "8edf2ebdd1340513d227bc7aa597a29f35a36ed62eee63e95c6a30aebcbc609f",
  "stats": {
    "shape": [
      109,
      109
    ],
    "size": 11881,
    "min": 0.0,
    "max": 15.550065356744255,
    "mean": 7.888549091812434,
    "std": 3.0139481557958065
  }
}