{
  "f0_hash": "58353112654de779c4927dc0d4e2ec6a17e5cad37703127fd95683e40192a71b",
  "f1_hash": "ab9c152ec460ef225a714f3d354f93080497c1eea9fb28395c61cffe7cb6c661",
  "f0_stats": {
    "shape": [
      5
    ],
    "size": 5,
    "min": 0.6555110530285174,
    "max": 147.06310827141724,
    "mean": 30.877072438615944,
    "std": 58.10239867132333
  },
  "f1_stats": {
    "shape": [
      15
    ],
    "size": 15,
    "min": 0.010988078096122234,
    "max": 450.81959280637295,
    "mean": 63.39149465772191,
    "std": 143.13207591873146
  }
}