{
  "count": 86,
  "ids_hash": "1aad4733c93057b4da01805f27f7bca403293ae4a5dc2a7f485b2ca66fe8f43d",
  "coords_hash": "0962fcc6fdd074d00cb1590f06518038046d47d909f9f5f9201db114f59faf3e",
  "coords_stats": {
    "shape": [
      86,
      3
    ],
    "size": 258,
    "min": 21.327999114990234,
    "max": 42.08399963378906,
    "mean": 31.544422497120937,
    "std": 5.111802427894134
  }
}