{
  "f0_hash": "ba3c669396657a777084b37263161c24fc00628d3488cd388fac0c13e69d3819",
  "f1_hash": "0679ae0e014ec7ef10fa2134e685d754b5006901c06f4ed5d6da78d4dcbcab1d",
  "f0_stats": {
    "shape": [
      5
    ],
    "size": 5,
    "min": 0.4452823279259655,
    "max": 153.33622067665942,
    "mean": 32.04717870956073,
    "std": 60.65430528733086
  },
  "f1_stats": {
    "shape": [
      15
    ],
    "size": 15,
    "min": 0.011098905784482582,
    "max": 466.9213573541093,
    "mean": 65.3582141970623,
    "std": 148.7739794807251
  }
}