{
  "count": 174,
  "ids_hash": "d7bf8befa61f18d61608e14a2e5dc2185e662388b32b9b22f754b25a2c31a178",
  "coords_hash": "0694d26968df70ce3d936f7d7e8eaf8048d2e961ff9142906604b59053a72ba2",
  "coords_stats": {
    "shape": [
      174,
      3
    ],
    "size": 522,
    "min": -27.260000228881836,
    "max": 12.628000259399414,
    "mean": -6.32865710347361,
    "std": 11.249838466132763
  }
}