{
  "count": 87,
  "ids_hash": "a14d10ac7fb7cc94705c946759f2b9de935079282e4ee8b572151bac9c430c33",
  "coords_hash": "1a06e80d0e479c03ae52b8516ab65a327579ecd978ee747dfb3b57da587b6a09",
  "coords_stats": {
    "shape": [
      87,
      3
    ],
    "size": 261,
    "min": -21.297000885009766,
    "max": 25.56100082397461,
    "mean": 7.149976987948363,
    "std": 15.363488763961703
  }
}