{
  "f0_hash": "460750d31964229442195cdc597769d977a9d805c4160cc0f1bbdc7fc32675a3",
  "f1_hash": "4b7d6355a7558b429434667292d2fcf854ea0cdcb8fab67d3b47ad1f60051bda",
  "f0_stats": {
    "shape": [
      5
    ],
    "size": 5,
    "min": 0.4617678983494996,
    "max": 174.00156663167724,
    "mean": 36.165279266174736,
    "std": 68.92582943252717
  },
  "f1_stats": {
    "shape": [
      15
    ],
    "size": 15,
    "min": 0.010448387753164923,
    "max": 541.8294321973246,
    "mean": 75.13324618423339,
    "std": 172.46730755116968
  }
}