{
  "f0_hash": "3fe4f5a93dfcfe828fc71047fccf3157123d551bcbd07d3aa16325db5436b969",
  "f1_hash": "558f31b63e51120cfae716a250f9c94ce9833a282c7f1f19f707e4a880fa7013",
  "f0_stats": {
    "shape": [
      5
    ],
    "size": 5,
    "min": 0.48381769866237817,
    "max": 171.94649314047572,
    "mean": 35.80673234075384,
    "std": 68.07899728073318
  },
  "f1_stats": {
    "shape": [
      15
    ],
    "size": 15,
    "min": 0.011198992609175562,
    "max": 550.7653843943845,
    "mean": 75.69456287069251,
    "std": 175.4759696438304
  }
}