{
  "f0_hash": "50619d667b0ed83883f1cb1eac58785a4f68626cfdc453453b49ff370ab6e6b3",
  "f1_hash": "892b0a6f293697f2ff5e6d47398fa39de2c07d32146fdf9fb13ee637b70f2a68",
  "f0_stats": {
    "shape": [
      5
    ],
    "size": 5,
    "min": 0.3427712737788285,
    "max": 143.0977564211457,
    "mean": 29.841799514269077,
    "std": 56.63446508435628
  },
  "f1_stats": {
    "shape": [
      15
    ],
    "size": 15,
    "min": 0.010763362279421429,
    "max": 340.36058535305074,
    "mean": 47.4330427946774,
    "std": 107.13555153199346
  }
}