{
  "count": 198,
  "ids_hash": "713246367e6443da28a5f5257f602420f11ffd010a68dcd6f12a43f11cd292b0",
  "coords_hash": "06b6dc260947ef70d21cab635b8594988945d48505cad84fc9926b4949d9fd52",
  "coords_stats": {
    "shape": [
      198,
      3
    ],
    "size": 594,
    "min": -4.4720001220703125,
    "max": 19.03700065612793,
    "mean": 6.138239063490308,
    "std": 4.7649905077717305
  }
}