{
  "count": 218,
  "ids_hash": "065d8d19724572e05cabd208c51f80059a8608dfc40f4505d99eb0ffb498bccd",
  "coords_hash": "f843087fa4afc8eb86c62355edf2df1266b92a1e4840c7d5df1979984fdb3d44",
  "coords_stats": {
    "shape": [
      218,
      3
    ],
    "size": 654,
    "min": -28.055999755859375,
    "max": 9.777999877929688,
    "mean": -12.207967887720839,
    "std": 10.551067583971914
  }
}