MODEL,PRED_DOCKQ
3BAS_af2m,0.8296758
3BAS,0.51083565
