{
  "count": 113,
  "ids_hash": "7a323638167a9e3ca225cef08deb3e53dccdcd168c5682bcb25527a0e146739b",
  "coords_hash": "1042532e43daad11b37f0c6cf2aed8feda7348315633e0adc9dbb5271883e2e2",
  "coords_stats": {
    "shape": [
      113,
      3
    ],
    "size": 339,
    "min": -38.5989990234375,
    "max": 8.152999877929688,
    "mean": -15.623713804337479,
    "std": 13.987000508708862
  }
}