{
  "hash": "a6a1fe4d3fe7423093ad1308e0e20ecc304f8d0af3ce3f1cc41da9d3a2f6c4b6",
  "stats": {
    "shape": [
      99,
      99
    ],
    "size": 9801,
    "min": 0.0,
    "max": 15.49538000256092,
    "mean": 7.807276581648694,
    "std": 2.988373850028873
  }
}