{
  "f0_hash": "cb5965f62f59418cefcd56271a3c2eda366ac402e092d8811f3449e83bcf1189",
  "f1_hash": "e30ae968c52d5348475f48881275fd117ca827ad759ef3d25f8552c76d4637af",
  "f0_stats": {
    "shape": [
      5
    ],
    "size": 5,
    "min": 0.5354543359306424,
    "max": 104.68705027491154,
    "mean": 22.36278577548901,
    "std": 41.17619022480699
  },
  "f1_stats": {
    "shape": [
      15
    ],
    "size": 15,
    "min": 0.010791250087086368,
    "max": 250.18465805571682,
    "mean": 35.62852193026194,
    "std": 80.01251238038122
  }
}