{
  "count": 178,
  "ids_hash": "4c7b4c5f69148ab129fd2c0c2cc72e402eb45a87443dea1dd12ade79020db79a",
  "coords_hash": "c3dc435426a2361a4f16ace7d3dbe65cc36aa0a185a0cc3a13980c95e5fc5e02",
  "coords_stats": {
    "shape": [
      178,
      3
    ],
    "size": 534,
    "min": -27.849000930786133,
    "max": 14.932999610900879,
    "mean": -4.941271521716138,
    "std": 12.281711144650815
  }
}