{
  "hash": "a7cb6c83589ac8f139bdf6296430ab24fc0726f7b4b6f6a453168f4fac7b8a4a",
  "stats": {
    "shape": [
      80,
      80
    ],
    "size": 6400,
    "min": 0.0,
    "max": 15.157454948636856,
    "mean": 7.154898350083724,
    "std": 3.0387696440630894
  }
}