MODEL,PRED_DOCKQ
3QGU,0.85178185
3QGU_af2m,0.83511233
