{
  "count": 106,
  "ids_hash": "d7e512c14d0c27e9517150d953a2f346572237d22a719617f3614cc1d676c2be",
  "coords_hash": "e180da54883e4c9ab7297b4e451beef73e4d5e3fe2dca3d460d975d56033aeba",
  "coords_stats": {
    "shape": [
      106,
      3
    ],
    "size": 318,
    "min": 42.845001220703125,
    "max": 92.8949966430664,
    "mean": 66.32515729748228,
    "std": 15.23180581234977
  }
}