{
  "count": 106,
  "ids_hash": "c12f2e3b1acac36e9605eba8f4e31a5ea91990254777f479ab32a57c93fdbee7",
  "coords_hash": "45162f4f728ff9b9f9fdff6a8020b0ac5c5933df7206c2e117cc6b8875bff717",
  "coords_stats": {
    "shape": [
      106,
      3
    ],
    "size": 318,
    "min": -29.954999923706055,
    "max": 32.154998779296875,
    "mean": 7.281399381985454,
    "std": 21.216808264631183
  }
}