{
  "hash": "0cbd5a252de3cfa07355faf12e4f2045c303d378f9245d14e4f41266daaee56e",
  "stats": {
    "shape": [
      113,
      113
    ],
    "size": 12769,
    "min": 0.0,
    "max": 15.64925859363108,
    "mean": 7.86469257515722,
    "std": 3.0124225574410404
  }
}