{
  "count": 100,
  "ids_hash": "700fae6e73f72992e298103917aff6ca4a81c99173ee2f9d45e4147e9028f69e",
  "coords_hash": "1d5280e3011554dac87db66a7857793627fdc41cc7f6dd2b468d531a15d10f3e",
  "coords_stats": {
    "shape": [
      100,
      3
    ],
    "size": 300,
    "min": -4.752999782562256,
    "max": 81.49500274658203,
    "mean": 33.80919329838206,
    "std": 30.17199112174506
  }
}