{
  "f0_hash": "0cd7eeea3863ff609fc1ef68161333e02890962f0e44accb9075e174902c109c",
  "f1_hash": "ab66c9548f21393f07adea7f16c633c654e16e70717863ab8aea811047953f1c",
  "f0_stats": {
    "shape": [
      5
    ],
    "size": 5,
    "min": 0.4727540613066045,
    "max": 174.74222834514399,
    "mean": 36.35717266055153,
    "std": 69.201329850022
  },
  "f1_stats": {
    "shape": [
      15
    ],
    "size": 15,
    "min": 0.01054770023185192,
    "max": 529.2285553934945,
    "mean": 73.09997950485699,
    "std": 167.99765487488241
  }
}