{
  "f0_hash": "b814a9580564905c5907642f7918f7f9cc49401ad08be697275693a19fab9ad5",
  "f1_hash": "b0ee915fda0c8574bde4ac465a92be8d8ca0b8ffc29f0feed00216a0816bd9ae",
  "f0_stats": {
    "shape": [
      5
    ],
    "size": 5,
    "min": 0.5225488316246082,
    "max": 133.8265431097859,
    "mean": 28.240899580988962,
    "std": 52.80600214110144
  },
  "f1_stats": {
    "shape": [
      15
    ],
    "size": 15,
    "min": 0.014048501788722856,
    "max": 382.09893608986795,
    "mean": 53.42850595315979,
    "std": 121.41820249763755
  }
}