MODEL,PRED_DOCKQ
3H1N_af2m,0.8548723
3H1N,0.82735634
