{
  "count": 107,
  "ids_hash": "5d664f91be61329c8dfb8190054828032045608923798441670f6fbdaa21d51b",
  "coords_hash": "341aa909a55332ae453e8ddb723c31e27eaa205967e2c06a2e4b87f0be098fbb",
  "coords_stats": {
    "shape": [
      107,
      3
    ],
    "size": 321,
    "min": -17.50200080871582,
    "max": 33.1870002746582,
    "mean": 13.81392838279035,
    "std": 18.036289446688798
  }
}