{
  "hash": "4cd9f08dc0e9b22839f069b95446c18311cb30f46c109719af3688f9404a8fce",
  "stats": {
    "shape": [
      113,
      113
    ],
    "size": 12769,
    "min": 0.0,
    "max": 15.816876449980434,
    "mean": 7.774078944869864,
    "std": 2.9547548098137875
  }
}