{
  "hash": "abb6d6f828d8d4e982e8ed3c5ed419d30c9a4ae273ab5765cf05d965e8831774",
  "stats": {
    "shape": [
      114,
      114
    ],
    "size": 12996,
    "min": 0.0,
    "max": 15.552576772514724,
    "mean": 8.114771177508604,
    "std": 3.086813969591966
  }
}