MODEL,PRED_DOCKQ
4ZIL_af2m,0.89971346
4ZIL,0.84682333
