{
  "f0_hash": "29e7880391d35fba074ab2acf1305e3cb9bd173684614d4d68406ba335c57cb6",
  "f1_hash": "917e3d958ef0a1ff31743e925c7168f2330cd57432c743ef99581e123f437c8b",
  "f0_stats": {
    "shape": [
      5
    ],
    "size": 5,
    "min": 0.4949757998653532,
    "max": 113.80169722732784,
    "mean": 24.1430523286449,
    "std": 44.84146947284386
  },
  "f1_stats": {
    "shape": [
      15
    ],
    "size": 15,
    "min": 0.01284091012932187,
    "max": 267.5794925748219,
    "mean": 37.74973267765575,
    "std": 84.82970453103151
  }
}