{
  "count": 104,
  "ids_hash": "e7ec78e680c0f617cbe970f31a62646084cab758cd387f5e23796f929fb72d67",
  "coords_hash": "145d5608b8ffdbec72d86b4c0bc920f36db6df11f3ad657d232ed1bef6fa71c3",
  "coords_stats": {
    "shape": [
      104,
      3
    ],
    "size": 312,
    "min": 11.270999908447266,
    "max": 42.095001220703125,
    "mean": 26.50826918773162,
    "std": 7.566229899705099
  }
}