{
  "hash": "5a3a6a801f2cbfb436744a412ef758ea79a6f5a0ece674cb51d6f76bca0e0eb2",
  "stats": {
    "shape": [
      80,
      80
    ],
    "size": 6400,
    "min": 0.0,
    "max": 15.402468566102723,
    "mean": 7.525207919305282,
    "std": 3.060365400964763
  }
}