{
  "count": 86,
  "ids_hash": "fb9a2edba2c2c28b294bd6dbb7c78ec0cba1d08f8156c5411efdbc524076ec83",
  "coords_hash": "f26eb0331d077a49bd9856685003a8300026c78800d2c4c2c38bf0d294f7a8e7",
  "coords_stats": {
    "shape": [
      86,
      3
    ],
    "size": 258,
    "min": -39.15299987792969,
    "max": 6.035999774932861,
    "mean": -12.029255757166087,
    "std": 15.158801147876458
  }
}