{
  "hash": "ac0dc36f86621c613536750d24fe8878ba66ea2045ca1b585f99feaa30308cde",
  "stats": {
    "shape": [
      71,
      71
    ],
    "size": 5041,
    "min": 0.0,
    "max": 15.040079986938975,
    "mean": 7.219588862995167,
    "std": 2.9593632649582755
  }
}