{
  "f0_hash": "dc96c3dd9a6561b744fe042e92253f84417b693336de6dfdcd80e1ba6b597603",
  "f1_hash": "c3a2d4fbc3931b8100d07e49123c8855037609736dd6e33e4b45c34e6390e016",
  "f0_stats": {
    "shape": [
      5
    ],
    "size": 5,
    "min": 0.2870620134664418,
    "max": 80.78087503539561,
    "mean": 17.33081368969103,
    "std": 31.736154740274234
  },
  "f1_stats": {
    "shape": [
      15
    ],
    "size": 15,
    "min": 0.01420362506229278,
    "max": 144.8198602228701,
    "mean": 21.008983139018856,
    "std": 45.621171582618956
  }
}