{
  "count": 225,
  "ids_hash": "84ef94261055ead844c9ee24eb03b70f5578d4549c2a3e5d73df4d3f5d7c4a80",
  "coords_hash": "e9fd6223009e5f7b156b0b5c01ae579e4a2d9869df0042392ab0848c5ece3b83",
  "coords_stats": {
    "shape": [
      225,
      3
    ],
    "size": 675,
    "min": -19.003000259399414,
    "max": 21.538999557495117,
    "mean": -2.3417600077169913,
    "std": 12.352786093788193
  }
}