MODEL,PRED_DOCKQ
1Z4E_af2m,0.9105615
1Z4E,0.84200436
