{
  "hash": "a3fa2a1c79c960ab0235757b8f5edd04d5b3c83ae92f84a87acb492e7feb840a",
  "stats": {
    "shape": [
      56,
      56
    ],
    "size": 3136,
    "min": 0.0,
    "max": 15.180531228521879,
    "mean": 6.445349855811146,
    "std": 2.7583236003565523
  }
}