{
  "count": 108,
  "ids_hash": "f452abcfa863df9eebb6cc23e73279e85028eafa81a792bfa357b468dd0b95e2",
  "coords_hash": "6b9a7b7eacc82bc764fe45cde9da3a751af09cede05de47e7c03050eecc71c2f",
  "coords_stats": {
    "shape": [
      108,
      3
    ],
    "size": 324,
    "min": -16.051000595092773,
    "max": 24.360000610351562,
    "mean": 6.939145065384147,
    "std": 12.187590890157672
  }
}