{
  "f0_hash": "53eeac0eefb2d0ac02c192a123ebac54e8e0be96e7a09876950f9e814f7c609f",
  "f1_hash": "2fcbc50a6262ca5c426da3b4d0e1cea634ca38cb0809a35844c480add5586650",
  "f0_stats": {
    "shape": [
      5
    ],
    "size": 5,
    "min": 0.4209803086690022,
    "max": 124.18856877402104,
    "mean": 26.168547617631038,
    "std": 49.02010678666488
  },
  "f1_stats": {
    "shape": [
      15
    ],
    "size": 15,
    "min": 0.010404709353286634,
    "max": 349.5080264672002,
    "mean": 48.72380164988095,
    "std": 111.7762756772522
  }
}