MODEL,PRED_DOCKQ
3HE0_af2m,0.81101304
3HE0,0.76284087
