{
  "f0_hash": "4d8e177ed75d2a1ed650716ed38ce890d4c22430305a24e7f29f3849c3357df5",
  "f1_hash": "72deb61c6a112661389f5de1e428a174263af3e46a4418d88918cf3710df59d9",
  "f0_stats": {
    "shape": [
      5
    ],
    "size": 5,
    "min": 0.3624662990723507,
    "max": 147.7717851547329,
    "mean": 30.761454597373927,
    "std": 58.51097415374073
  },
  "f1_stats": {
    "shape": [
      15
    ],
    "size": 15,
    "min": 0.010261033063569514,
    "max": 368.7477682356514,
    "mean": 51.91213601226736,
    "std": 117.0013737423255
  }
}