{
  "hash": "f7b2596c5355fb985e053db6625f968f00eabe46d6c505e35ebd4d95d06743f6",
  "stats": {
    "shape": [
      98,
      98
    ],
    "size": 9604,
    "min": 0.0,
    "max": 15.676312834068936,
    "mean": 8.002003299514106,
    "std": 3.1063717259191863
  }
}