{
  "hash": "e434ae0feccd391465a917850584ead36ef1fff03b933fde4c32757da85ea9a4",
  "stats": {
    "shape": [
      99,
      99
    ],
    "size": 9801,
    "min": 0.0,
    "max": 15.375883335967284,
    "mean": 7.58271108193113,
    "std": 2.973099824046433
  }
}