{
  "count": 57,
  "ids_hash": "6051ca610d59f5e706588c65f6382cc717ae7a8d6590ef4c048271543983ddc0",
  "coords_hash": "16a4c5314482106b7499cfe087270c920deabc9e388d458c0d038c3b8d71c28a",
  "coords_stats": {
    "shape": [
      57,
      3
    ],
    "size": 171,
    "min": -25.104999542236328,
    "max": 13.9350004196167,
    "mean": -4.214029250350612,
    "std": 11.60904056338013
  }
}