{
  "count": 56,
  "ids_hash": "1b25ffa8ce765a8197bfe9068efddfc48d1291e96b6bc701b72d9b5bca8280e3",
  "coords_hash": "514bd66e66ceaa18c04b20222e5f973418cc99ec047f188a8dbe18d9b7aa4345",
  "coords_stats": {
    "shape": [
      56,
      3
    ],
    "size": 168,
    "min": 19.20199966430664,
    "max": 45.03499984741211,
    "mean": 32.62797621318272,
    "std": 6.908429384615738
  }
}