{
  "hash": "dae35b4196aee13b446737586e7211f69edaffcadc5376cb169f01884b489e2a",
  "stats": {
    "shape": [
      90,
      90
    ],
    "size": 8100,
    "min": 0.0,
    "max": 15.76982785033785,
    "mean": 8.06519412491239,
    "std": 3.211892286656417
  }
}