MODEL,PRED_DOCKQ
5ZHC_af2m,0.7919507
5ZHC,0.70350474
