{
  "count": 117,
  "ids_hash": "8eafbf3609ca86b954c5af3537cddf5c6898563d7eae179ade0b461eef4c2f55",
  "coords_hash": "42267e192602b4852e54178f19711d7305cf3186a24de05f0b31806e82c11a04",
  "coords_stats": {
    "shape": [
      117,
      3
    ],
    "size": 351,
    "min": -8.015999794006348,
    "max": 34.52000045776367,
    "mean": 16.70850429485454,
    "std": 13.067394899999648
  }
}