{
  "f0_hash": "97994c29cb1403951e41a9d79c82657835764e52a1f8b6fbe1b394113e2e8466",
  "f1_hash": "0a006aa75fb752654343e1b96b5f761be4b843dcdd7da63f39c1bf3325e3d6f1",
  "f0_stats": {
    "shape": [
      5
    ],
    "size": 5,
    "min": 0.47012990211443334,
    "max": 166.04060335615063,
    "mean": 34.589685466373936,
    "std": 65.73394270877951
  },
  "f1_stats": {
    "shape": [
      15
    ],
    "size": 15,
    "min": 0.010459337282616943,
    "max": 548.9619494656187,
    "mean": 75.45045792227617,
    "std": 174.35436893404102
  }
}