{
  "f0_hash": "d04b648f5a0fb4e9379f751de1b90a5864b4acdb96aac929d174a76aa1297461",
  "f1_hash": "24b7444f633182f66731e31654f64e0867477fe40cfed71db3515bfd0f7346bd",
  "f0_stats": {
    "shape": [
      5
    ],
    "size": 5,
    "min": 0.2781951102139545,
    "max": 65.0902974087116,
    "mean": 14.159276791894438,
    "std": 25.47756541937404
  },
  "f1_stats": {
    "shape": [
      15
    ],
    "size": 15,
    "min": 0.012843004706746708,
    "max": 128.73086847001156,
    "mean": 19.47793347365987,
    "std": 40.54896069317956
  }
}