{
  "count": 120,
  "ids_hash": "e58fce7efe74f71643392bfe119f995e0b53119ebbecedf95057c11193aecd6b",
  "coords_hash": "61ac4a0a4dd34194fe05183ba8051a75996b5b1ee85d223d58d4ccfc956ae1b7",
  "coords_stats": {
    "shape": [
      120,
      3
    ],
    "size": 360,
    "min": -8.015999794006348,
    "max": 36.12099838256836,
    "mean": 19.096555624322757,
    "std": 14.061104179242756
  }
}