MODEL,PRED_DOCKQ
3ME0_af2m,0.8245397
3ME0,0.75883526
