{
  "hash": "1b8c0d77816e4716ffe7f4fbb4106f78284874220f293545905da0b8ce5c3531",
  "stats": {
    "shape": [
      77,
      77
    ],
    "size": 5929,
    "min": 0.0,
    "max": 15.542476997266967,
    "mean": 7.350207634822379,
    "std": 3.068668105556217
  }
}