{
  "f0_hash": "415dd0a4f621178b3086692accfb0eda30e6a53acac2e06b8ed2e9df45a5e6f4",
  "f1_hash": "f4df706d9685df947e506c3dc389f0a17f95b85b1cada6fb69489bc4ec4d5891",
  "f0_stats": {
    "shape": [
      5
    ],
    "size": 5,
    "min": 0.3725992958933196,
    "max": 107.75779550028082,
    "mean": 22.834732224807418,
    "std": 42.47217219380953
  },
  "f1_stats": {
    "shape": [
      15
    ],
    "size": 15,
    "min": 0.011550921511794598,
    "max": 228.93453599645662,
    "mean": 32.6654771734407,
    "std": 72.77916121781293
  }
}