{
  "f0_hash": "bfc25f65f1cb283d5b9a294c9d7f241078e6859c39bb4be2d8ef3d870fab8c9f",
  "f1_hash": "9023b139d9bee697e011e393ff2fb977ec3b91198cfa3bb46abda0ea196da252",
  "f0_stats": {
    "shape": [
      5
    ],
    "size": 5,
    "min": 0.4213494687787656,
    "max": 161.14685553168385,
    "mean": 33.62868176259,
    "std": 63.769065581638785
  },
  "f1_stats": {
    "shape": [
      15
    ],
    "size": 15,
    "min": 0.013174354824116108,
    "max": 507.318053202443,
    "mean": 70.03442664548898,
    "std": 161.62718115701733
  }
}