{
  "hash": "168b747c1e9aa590462d9a374bec59409447985be993208c1272a2428dedf3a0",
  "stats": {
    "shape": [
      103,
      103
    ],
    "size": 10609,
    "min": 0.0,
    "max": 15.519097806933047,
    "mean": 7.854262182290999,
    "std": 2.9955433841017456
  }
}