{
  "hash": "763b87ffca4390f33298e34dbc16952e8d8b513b6a56bed234c2aff6fa98bd94",
  "stats": {
    "shape": [
      122,
      122
    ],
    "size": 14884,
    "min": 0.0,
    "max": 15.729833094149322,
    "mean": 8.099955600010993,
    "std": 3.089369028160289
  }
}