{
  "hash": "5ccfa83dc65aa7526d03d2128732a6a7cb869f7ce30adb0cc81e71bdb5366744",
  "stats": {
    "shape": [
      78,
      78
    ],
    "size": 6084,
    "min": 0.0,
    "max": 14.958660716026268,
    "mean": 7.360485229353574,
    "std": 2.978890623295239
  }
}