{
  "count": 55,
  "ids_hash": "4363be114f4f5f39793ec8755fae391b9f802113d7faf0dce92dd2fbc892b916",
  "coords_hash": "da36d35ed12bca021e63809e9b47244aaf17a8d4d927185c822eac8fcfe51151",
  "coords_stats": {
    "shape": [
      55,
      3
    ],
    "size": 165,
    "min": 2.38100004196167,
    "max": 66.68000030517578,
    "mean": 31.544484907208066,
    "std": 22.327616467816785
  }
}