MODEL,PRED_DOCKQ
4LL1_af2m,0.030704867
4LL1,0.00025722926
