MODEL,PRED_DOCKQ
1CI6_af2m,0.8249913
1CI6,0.170757
