{
  "hash": "1e09b712025d433079e49144f6cccce2f9a47c2694fa58b7de44f42e859d5b9c",
  "stats": {
    "shape": [
      111,
      111
    ],
    "size": 12321,
    "min": 0.0,
    "max": 15.821670392412052,
    "mean": 8.10952861514192,
    "std": 3.1115324132076587
  }
}