{
  "hash": "1a024b260a684ecf32758204dceff0a6226cad033229e56ff7c1653b6ae79ef8",
  "stats": {
    "shape": [
      107,
      107
    ],
    "size": 11449,
    "min": 0.0,
    "max": 15.8274583362717,
    "mean": 7.832727138802737,
    "std": 3.015889089158781
  }
}