{
  "count": 77,
  "ids_hash": "6a110df4c27ae1e1834d3c2ee690b4d549ab93e2fce8f3a491f1a4ac4fd55620",
  "coords_hash": "658afbcf306f0fedbd6cbc27d04d2c5318d633e0ba37f817e6f10fe073f6d3a1",
  "coords_stats": {
    "shape": [
      77,
      3
    ],
    "size": 231,
    "min": -9.805000305175781,
    "max": 30.417999267578125,
    "mean": 12.313874461627625,
    "std": 12.036969456373148
  }
}