{
  "hash": "23e5b88c0806e303b1333edfc913ae03f2987cbc9b8535620cc5887c22623ddd",
  "stats": {
    "shape": [
      108,
      108
    ],
    "size": 11664,
    "min": 0.0,
    "max": 15.883276471376641,
    "mean": 8.200556078821435,
    "std": 3.109293793235151
  }
}