MODEL,PRED_DOCKQ
6F43_af2m,0.8910989
6F43,0.8675476
