{
  "hash": "021fd55b5ebdc362d18d9a39ab383dc1ce64fce370ed3e8ac5fdb95fc0f4ec47",
  "stats": {
    "shape": [
      89,
      89
    ],
    "size": 7921,
    "min": 0.0,
    "max": 15.551599338172169,
    "mean": 7.662161139740841,
    "std": 3.0597690024337716
  }
}