{
  "count": 69,
  "ids_hash": "9f12bca0e4abffe54d7e5c2ad5a112336dbc5258e4094361d631fd7a45760a26",
  "coords_hash": "28164c917b0e554348ed6e63d1d78e0a0203170f18f4d8203a51670bfe88a394",
  "coords_stats": {
    "shape": [
      69,
      3
    ],
    "size": 207,
    "min": 8.25,
    "max": 51.13999938964844,
    "mean": 29.77535741686245,
    "std": 13.432803859464137
  }
}