{
  "f0_hash": "054400645c96063a8bea431fbf9d4c17dda2f90eba7dbcbcfb087c83ba565767",
  "f1_hash": "6c6900fec60383caacca3600489be4ecbc29c830b947a5634a280e5c5b508215",
  "f0_stats": {
    "shape": [
      5
    ],
    "size": 5,
    "min": 0.3827507892881935,
    "max": 143.79040459738727,
    "mean": 30.015756525400093,
    "std": 56.89448826872159
  },
  "f1_stats": {
    "shape": [
      15
    ],
    "size": 15,
    "min": 0.010627522949004486,
    "max": 413.8911075709378,
    "mean": 57.34299211066097,
    "std": 132.02251305544382
  }
}