{
  "hash": "09bb227c6daeb748cacc9dbfe8463ad6313926341715aba11bc2e46a90dac736",
  "stats": {
    "shape": [
      89,
      89
    ],
    "size": 7921,
    "min": 0.0,
    "max": 15.22156865444414,
    "mean": 7.555516832675172,
    "std": 3.009712459210844
  }
}