{
  "hash": "753478303905131489adc817a461dc03ee96514d519e284991480c3ce26be23c",
  "stats": {
    "shape": [
      70,
      70
    ],
    "size": 4900,
    "min": 0.0,
    "max": 15.62761806519305,
    "mean": 7.292378350254487,
    "std": 3.111716043532825
  }
}