MODEL,PRED_DOCKQ
4DCK_af2m,0.83746356
4DCK,0.0098365275
