{
  "count": 75,
  "ids_hash": "5fefb10a3b16d634b041d7818202b527705dd75f92eeccecff363c492efc61eb",
  "coords_hash": "85770446f2df3b3c8d7d2ebf8db37695f20a715125e941745f2e0077e8ab4b98",
  "coords_stats": {
    "shape": [
      75,
      3
    ],
    "size": 225,
    "min": 7.2220001220703125,
    "max": 98.63999938964844,
    "mean": 41.956493303510875,
    "std": 35.925390808019095
  }
}