MODEL,PRED_DOCKQ
2P64_af2m,0.6841314
2P64,0.491839
