{
  "hash": "95b8f93bd170513767ab5a9d963d94aa1bc30e7d3e9d03d99058bb4203593c01",
  "stats": {
    "shape": [
      127,
      127
    ],
    "size": 16129,
    "min": 0.0,
    "max": 15.512784612975164,
    "mean": 6.925859191434473,
    "std": 2.8576824052756775
  }
}