{
  "hash": "3ea102851a8f3e8d0efb6997f0ea2878158309e8ccde5cab4a60a08e1420967b",
  "stats": {
    "shape": [
      93,
      93
    ],
    "size": 8649,
    "min": 0.0,
    "max": 14.786750846075295,
    "mean": 7.714040830485544,
    "std": 3.0643116275494666
  }
}