{
  "count": 96,
  "ids_hash": "344748f84b5e9094d275d043c9d4974cf55064562aceef3e9a1da055c5a92558",
  "coords_hash": "97da7c441cd0f5ef427af497aba407580ec1336bf52e18c612f69d7c346b3616",
  "coords_stats": {
    "shape": [
      96,
      3
    ],
    "size": 288,
    "min": -15.093999862670898,
    "max": 89.84500122070312,
    "mean": 31.68371880799532,
    "std": 38.29623626253868
  }
}