{
  "count": 112,
  "ids_hash": "ef5882511b91dc0d317927194e732a5a61546a5eff7c23c5c3d64849c7342cae",
  "coords_hash": "aa5d20507dd69e0b3762c992e67b7281573f8f043963c4b052353b141e031ffb",
  "coords_stats": {
    "shape": [
      112,
      3
    ],
    "size": 336,
    "min": -42.0369987487793,
    "max": 60.42100143432617,
    "mean": 7.7146399338463585,
    "std": 36.20295524597913
  }
}