MODEL,PRED_DOCKQ
4AG0_af2m,0.07787872
4AG0,0.013193257
