{
  "hash": "4e1756ee95bdc6f497015cd879740608f35390b7d092e775ccea660c800e1a08",
  "stats": {
    "shape": [
      65,
      65
    ],
    "size": 4225,
    "min": 0.0,
    "max": 15.77350745637416,
    "mean": 6.863006163580836,
    "std": 2.9687533137600055
  }
}