{
  "hash": "6c40e9976c197c3bab9984a973beab0d3cca184a6db01e1839c5477c103f5b9e",
  "stats": {
    "shape": [
      62,
      62
    ],
    "size": 3844,
    "min": 0.0,
    "max": 15.166271223427938,
    "mean": 6.831443451897412,
    "std": 2.901293034448628
  }
}