{
  "f0_hash": "de592b052a5036314cfe356c5f3ce1c201c7dfb70aa74bda9c5d3847af847eb3",
  "f1_hash": "d378677af8319e6fcbd27dafbc4a4bb1ef2616d17fe94d2c3ca5d8d550040783",
  "f0_stats": {
    "shape": [
      5
    ],
    "size": 5,
    "min": 0.447483167949434,
    "max": 136.3957978281308,
    "mean": 28.658615439752566,
    "std": 53.87920578795865
  },
  "f1_stats": {
    "shape": [
      15
    ],
    "size": 15,
    "min": 0.01014314253940407,
    "max": 324.221989523899,
    "mean": 45.85712975855338,
    "std": 101.19665955165836
  }
}