{
  "count": 118,
  "ids_hash": "4192d6fd0650cd004c3f0791dd3bd241377f32f81bffafe8f2c065d35b713410",
  "coords_hash": "3b210811a3020d1610bd3d1a2893e124b3f7cf7d04cddc728ddc51264677f851",
  "coords_stats": {
    "shape": [
      118,
      3
    ],
    "size": 354,
    "min": -2.871999979019165,
    "max": 53.15399932861328,
    "mean": 22.270502831150203,
    "std": 17.60150734403497
  }
}