{
  "count": 114,
  "ids_hash": "3f88c1178669e15c4c4f9f39693c073afda4dc1358a0e1d94336125f253b1fc0",
  "coords_hash": "41d0fc73116d4670a9ed988307c292f48ea319b071014eb9bda029d0826cda16",
  "coords_stats": {
    "shape": [
      114,
      3
    ],
    "size": 342,
    "min": -11.211999893188477,
    "max": 85.66699981689453,
    "mean": 34.089546670222234,
    "std": 34.04596368973652
  }
}