{
  "f0_hash": "19f88a6d59a233695d111fe5082bcbed667c902934868dcc3942b89496a35ab2",
  "f1_hash": "e2e0a2faaf12cceee543f28de6418b3dba095ddecbc33af95f2a44ae28f84aad",
  "f0_stats": {
    "shape": [
      5
    ],
    "size": 5,
    "min": 0.4937803999102697,
    "max": 172.71491718366852,
    "mean": 35.89131265146904,
    "std": 68.418569378598
  },
  "f1_stats": {
    "shape": [
      15
    ],
    "size": 15,
    "min": 0.010385133736404484,
    "max": 530.5876820828051,
    "mean": 73.0287594714179,
    "std": 168.68549173425055
  }
}