MODEL,PRED_DOCKQ
3KGZ_af2m,0.8971186
3KGZ,0.82883924
