{
  "count": 109,
  "ids_hash": "ee3467f1a77a28ecbd649459cb4195a5f333b8af168c07f7b2f4ed8e23d549cb",
  "coords_hash": "532b4d62ee0b50915209ef3ebaf87044e9f78946b7e98c414d1cd98921d8bab1",
  "coords_stats": {
    "shape": [
      109,
      3
    ],
    "size": 327,
    "min": -18.650999069213867,
    "max": 8.883000373840332,
    "mean": -6.344608554741886,
    "std": 6.128634221351603
  }
}