{
  "f0_hash": "9b380696ec18ddcdf41eda7189d07c02b9362074df7418c5d850405aaa6f2d8c",
  "f1_hash": "045fe2884beea198fd56b2bbdb8f1a6515f343384d55236eaf3dada89c56b677",
  "f0_stats": {
    "shape": [
      5
    ],
    "size": 5,
    "min": 0.5989859271445399,
    "max": 176.8961703431198,
    "mean": 36.833533399814705,
    "std": 70.0396666279235
  },
  "f1_stats": {
    "shape": [
      15
    ],
    "size": 15,
    "min": 0.011167550431002482,
    "max": 493.6651041216553,
    "mean": 68.28155948268234,
    "std": 156.4718789271456
  }
}