{
  "hash": "05640b26e9ecb1fe8d2a7be564021c53f76772db1428846f3f3bd402868a8ea9",
  "stats": {
    "shape": [
      79,
      79
    ],
    "size": 6241,
    "min": 0.0,
    "max": 15.700384833041097,
    "mean": 7.550078094756747,
    "std": 3.086830194692105
  }
}