{
  "hash": "03fd84466eee52b73898e71b2e9a73bad2a8b90708919124ae95a93026b27633",
  "stats": {
    "shape": [
      76,
      76
    ],
    "size": 5776,
    "min": 0.0,
    "max": 15.329843562778342,
    "mean": 7.617472184728599,
    "std": 3.1872574613691564
  }
}