{
  "hash": "8fc5d436742c4b729d78566ae5f2df085278b9a1a9d08d2c6b1124fa3477e799",
  "stats": {
    "shape": [
      83,
      83
    ],
    "size": 6889,
    "min": 0.0,
    "max": 15.808504636307527,
    "mean": 7.049567647608833,
    "std": 2.9000204789395045
  }
}