{
  "f0_hash": "0835ac32e6c2d503a5c06af6fe33595a5d555ad94a5ffbf461d330f2eba9266a",
  "f1_hash": "38ceb5b0b2f5bc57ec473c5077b53eeab2d51ea408b0d843891b9263b566d977",
  "f0_stats": {
    "shape": [
      5
    ],
    "size": 5,
    "min": 0.5055994399923044,
    "max": 129.8640936311001,
    "mean": 27.390985325081175,
    "std": 51.2482914210509
  },
  "f1_stats": {
    "shape": [
      15
    ],
    "size": 15,
    "min": 0.010195426853619516,
    "max": 350.5377658690003,
    "mean": 48.63342331829424,
    "std": 110.78034676829037
  }
}