MODEL,PRED_DOCKQ
2EB1,0.87912565
2EB1_af2m,0.87874305
