{
  "hash": "d600d5ca5b55482d6e546290a7c075ef3e8de2224e12aa90c47a9028c18377c4",
  "stats": {
    "shape": [
      67,
      67
    ],
    "size": 4489,
    "min": 0.0,
    "max": 15.108913129306805,
    "mean": 7.113532468868514,
    "std": 3.0064404916083145
  }
}