{
  "count": 118,
  "ids_hash": "454f9b1000b0e81c6972779c6c048b4925203841cc0af64abdb84646decedbf2",
  "coords_hash": "21901d6c3962872c4543bc3e07620e3216279535da888c638ef3013fb0872b35",
  "coords_stats": {
    "shape": [
      118,
      3
    ],
    "size": 354,
    "min": 8.501999855041504,
    "max": 101.75199890136719,
    "mean": 45.21284755609803,
    "std": 35.058938193871825
  }
}