MODEL,PRED_DOCKQ
3VK5_af2m,0.7300704
3VK5,0.03369938
