MODEL,PRED_DOCKQ
6FPF,0.85300857
6FPF_af2m,0.7837111
