{
  "hash": "5ce8664e118b1e5a6fc71567a05043da7b9bec896c5e101bc76c4e565e766c70",
  "stats": {
    "shape": [
      79,
      79
    ],
    "size": 6241,
    "min": 0.0,
    "max": 14.865785841855443,
    "mean": 7.080578018237191,
    "std": 2.8711164352652405
  }
}