{
  "f0_hash": "7dfc8ea713ecd3fdfb5c27aa7d29aa113bac2cdbeb0856c99cf2c33b98483e3c",
  "f1_hash": "100b7b17bb902e0b65fccdf70ae09b9f79401200b092796a40faa8ddf12c976d",
  "f0_stats": {
    "shape": [
      5
    ],
    "size": 5,
    "min": 0.5494373792372038,
    "max": 140.74402011379306,
    "mean": 29.559944232391018,
    "std": 55.60187391445544
  },
  "f1_stats": {
    "shape": [
      15
    ],
    "size": 15,
    "min": 0.01066900620448763,
    "max": 344.02661131801676,
    "mean": 49.45045796908094,
    "std": 108.0979608106938
  }
}