{
  "hash": "3bb383207950e259cc9a4d9cf38ecf20e1e7ae6b95ccd0f1734c9db06ceaaf49",
  "stats": {
    "shape": [
      116,
      116
    ],
    "size": 13456,
    "min": 0.0,
    "max": 15.822560233399054,
    "mean": 8.016521844763133,
    "std": 3.0458047614308246
  }
}