{
  "hash": "e062527dd1729c8ba155e111d00eb825d70a66698be3e1986e2a62b3c291aabb",
  "stats": {
    "shape": [
      82,
      82
    ],
    "size": 6724,
    "min": 0.0,
    "max": 15.431267549807535,
    "mean": 7.552573652511145,
    "std": 3.1951753144647204
  }
}