MODEL,PRED_DOCKQ
4AFL_af2m,0.5844763
4AFL,0.0016956506
