{
  "f0_hash": "92984e4fdd1079f598e32f3c0808a1cb17dafc81b6449017db75c870bfc9398c",
  "f1_hash": "142b78cf1acaf77be3335857085210d8217492fd4419fb44d8feda123a422d32",
  "f0_stats": {
    "shape": [
      5
    ],
    "size": 5,
    "min": 0.5851589981004641,
    "max": 169.03742706716173,
    "mean": 35.24465876804318,
    "std": 66.90489279807123
  },
  "f1_stats": {
    "shape": [
      15
    ],
    "size": 15,
    "min": 0.010115875868954127,
    "max": 524.7495326248187,
    "mean": 72.39289318074269,
    "std": 165.34590520316908
  }
}