{
  "hash": "26c6bc6d5c2c675307da42f871eae55ef22eba409b0dc8587b76cd955571a6ea",
  "stats": {
    "shape": [
      65,
      65
    ],
    "size": 4225,
    "min": 0.0,
    "max": 15.033143012904148,
    "mean": 7.150398184803677,
    "std": 3.099489486264821
  }
}