{
  "count": 63,
  "ids_hash": "abe960d298447bd30129dc95a2850e76a882be02bcae2e9dbf51833f8f9de770",
  "coords_hash": "f163e744f0c7ec22cfbc5e9316b65960d64892f4209662edbba209f9585aeab5",
  "coords_stats": {
    "shape": [
      63,
      3
    ],
    "size": 189,
    "min": 13.015999794006348,
    "max": 64.76899719238281,
    "mean": 35.351952376189054,
    "std": 16.857728833786098
  }
}