{
  "hash": "f4d76bb744d6d6c53de8670496a25b85e8ccad1a5d86efae5f7c0c86a2527231",
  "stats": {
    "shape": [
      91,
      91
    ],
    "size": 8281,
    "min": 0.0,
    "max": 15.752754477989136,
    "mean": 7.73539771850267,
    "std": 3.10396369411249
  }
}