{
  "hash": "f8dff15160b4c27e1ded0b822ac3d5bba3274a1a229ec8a788c5741a12eace48",
  "stats": {
    "shape": [
      88,
      88
    ],
    "size": 7744,
    "min": 0.0,
    "max": 15.707112304666188,
    "mean": 7.658245213947586,
    "std": 3.037490928322311
  }
}