{
  "hash": "59340042bbf4aa5f6087d264dadb11872a01400fb6a73a9e86b4d44b12bedf90",
  "stats": {
    "shape": [
      45,
      45
    ],
    "size": 2025,
    "min": 0.0,
    "max": 15.201590485323003,
    "mean": 6.441019669393425,
    "std": 2.921414232171478
  }
}