{
  "f0_hash": "0cca5a666e47b285d3e54cdded8d64ddc9cc9c489f43e26e6c16fe1c6b362fd1",
  "f1_hash": "dd63819c0f7fc2e0c2b6aff15193fa976c1d7525816c4a6fb083d9adb7623a11",
  "f0_stats": {
    "shape": [
      5
    ],
    "size": 5,
    "min": 0.5541430884910252,
    "max": 69.6955199745725,
    "mean": 15.279017750675454,
    "std": 27.224303257736164
  },
  "f1_stats": {
    "shape": [
      15
    ],
    "size": 15,
    "min": 0.013800822778367028,
    "max": 103.64867374890602,
    "mean": 15.75812227840209,
    "std": 32.65128155367725
  }
}