MODEL,PRED_DOCKQ
2YIL_af2m,0.29754713
2YIL,0.20466834
