{
  "hash": "066f4deff11b17fd3d0e87a0babe11e494917f009fcbcecb1eae4dc742b77045",
  "stats": {
    "shape": [
      87,
      87
    ],
    "size": 7569,
    "min": 0.0,
    "max": 15.49851448770521,
    "mean": 7.467554878086744,
    "std": 3.067052998160361
  }
}