{
  "count": 76,
  "ids_hash": "4ae7f16d19f8942fb94e6604c5ee9ee341cd98d5d5f5025a5d934d5673c31645",
  "coords_hash": "f3ddc5fabff15ab09980875b7c86d55b1f8bd0b405d3ebbd1495decdb0472017",
  "coords_stats": {
    "shape": [
      76,
      3
    ],
    "size": 228,
    "min": 8.618000030517578,
    "max": 97.76100158691406,
    "mean": 42.34059643327144,
    "std": 34.19649030918322
  }
}