MODEL,PRED_DOCKQ
4GBJ,0.52357423
4GBJ_af2m,0.09398214
