MODEL,PRED_DOCKQ
4XOI_af2m,0.85658187
4XOI,0.008228709
