{
  "count": 112,
  "ids_hash": "94e109c2d9a16fb23dadbc298a7143668e283aa3e3efa5adade09f02711241a3",
  "coords_hash": "564cb2431120b10d53fbfb249826cec81a014b6b23ba7c6bb822e4c51cd1aa58",
  "coords_stats": {
    "shape": [
      112,
      3
    ],
    "size": 336,
    "min": 0.07800000160932541,
    "max": 88.26799774169922,
    "mean": 38.67708333260158,
    "std": 30.811755020805528
  }
}