{
  "count": 107,
  "ids_hash": "58a382e64fdfaf19e9656c037cd0186b402c144c1981bdbf6b0d7f0aef3adc44",
  "coords_hash": "23b58e22b34fa22b33e04f75b7326a6d0475dee5ecccd1967db300ea8e547567",
  "coords_stats": {
    "shape": [
      107,
      3
    ],
    "size": 321,
    "min": -22.32900047302246,
    "max": 36.70800018310547,
    "mean": 8.279501595601115,
    "std": 18.776122187144583
  }
}