{
  "hash": "f560739095b743e49fe8e0cafce0ed58cdc0d2d564c07016e979cb824dbd1d52",
  "stats": {
    "shape": [
      103,
      103
    ],
    "size": 10609,
    "min": 0.0,
    "max": 15.533339991830639,
    "mean": 7.941534687607906,
    "std": 3.052470349647956
  }
}