{
  "hash": "5013122a10c4dd78a3e852bd316eec3d639b9df814f897662473677f49959656",
  "stats": {
    "shape": [
      101,
      101
    ],
    "size": 10201,
    "min": 0.0,
    "max": 15.488552791143505,
    "mean": 7.769007402674293,
    "std": 2.957259697234928
  }
}