{
  "f0_hash": "4d484f60e8a872115dca1cd4af851a49881679188d9fb7ff04dbea96907e41c7",
  "f1_hash": "f5a12d73a858e6280759a9b37f9fe38ade3aa10f0bbb3fca7c77cc78645bbbae",
  "f0_stats": {
    "shape": [
      5
    ],
    "size": 5,
    "min": 0.4765143976290574,
    "max": 101.7673214981996,
    "mean": 21.73327851132583,
    "std": 40.03070727746091
  },
  "f1_stats": {
    "shape": [
      15
    ],
    "size": 15,
    "min": 0.011346826205079985,
    "max": 209.76226955893503,
    "mean": 30.210861573758326,
    "std": 66.12440139799176
  }
}