{
  "hash": "956b4ffe7e7ecadfe2c454ee23a904730d23801bac84ce303d9721d92e2a3098",
  "stats": {
    "shape": [
      110,
      110
    ],
    "size": 12100,
    "min": 0.0,
    "max": 15.811704253576046,
    "mean": 7.927145310661168,
    "std": 3.093935204006839
  }
}