{
  "f0_hash": "031cff4fec7ddf6b01751d0e7a1d1e8586ed8a5479b288bf6f3ff9687b7fba76",
  "f1_hash": "d342bf99aefca785a278093d2133fa051cee7cef200200fab3166d35a595e7e7",
  "f0_stats": {
    "shape": [
      5
    ],
    "size": 5,
    "min": 0.4250757281914419,
    "max": 166.46297101382453,
    "mean": 34.667951359593744,
    "std": 65.90650691091594
  },
  "f1_stats": {
    "shape": [
      15
    ],
    "size": 15,
    "min": 0.01190712085124801,
    "max": 478.68848957629734,
    "mean": 66.3093373397129,
    "std": 151.44331343499314
  }
}