{
  "hash": "ad95a10f1658acdf159f21af142fcd3cd6bcc4ad89cac6382f0c3b1f6230b1ef",
  "stats": {
    "shape": [
      52,
      52
    ],
    "size": 2704,
    "min": 0.0,
    "max": 14.140028348894893,
    "mean": 6.96897788976385,
    "std": 3.0074774390472085
  }
}