{
  "hash": "4f4e5e8607c75d23eb766ba730f0dcecfc3740d8731600ee7afdde2e5cd00b49",
  "stats": {
    "shape": [
      74,
      74
    ],
    "size": 5476,
    "min": 0.0,
    "max": 15.439660176939514,
    "mean": 7.172069514480104,
    "std": 3.075523426303231
  }
}