MODEL,PRED_DOCKQ
1O6A_af2m,0.6397448
1O6A,0.46115282
