{
  "hash": "f6052aac0811e0acceacb8ca934ac30f1e40b8df6ee0d8b96f634be7c7cea7a7",
  "stats": {
    "shape": [
      101,
      101
    ],
    "size": 10201,
    "min": 0.0,
    "max": 15.543665940655623,
    "mean": 7.830515646532581,
    "std": 3.0474062513304747
  }
}