{
  "hash": "07a5e7ccbcf2e336aeee69137fc2d45bc1cfd76dbc1d0f25cde3f646a1e2a3a2",
  "stats": {
    "shape": [
      90,
      90
    ],
    "size": 8100,
    "min": 0.0,
    "max": 15.588409939931427,
    "mean": 7.699711324194479,
    "std": 2.9734913826861704
  }
}