{
  "count": 113,
  "ids_hash": "1f3c6704a03f203b4cc150c316639aaa8d1a6a88f6af02ff439989539d8fd5ab",
  "coords_hash": "93d29a2e42a25044d8228e016d94ac17182a27fc64e6a71d52d26f75373bf97b",
  "coords_stats": {
    "shape": [
      113,
      3
    ],
    "size": 339,
    "min": 5.099999904632568,
    "max": 60.768001556396484,
    "mean": 31.59212977485319,
    "std": 17.432217455781217
  }
}