{
  "count": 77,
  "ids_hash": "cd689d63d17667f2e11b5ce9b2d46724deecfc25139068472f5ac49aa3e3a797",
  "coords_hash": "170a4176d65cf7454b0f18ef46d7d7f9367394a8cd6e2c36be9e8f22856f88bc",
  "coords_stats": {
    "shape": [
      77,
      3
    ],
    "size": 231,
    "min": -12.652000427246094,
    "max": 17.82200050354004,
    "mean": 0.030454535085659522,
    "std": 8.4937120237894
  }
}