{
  "f0_hash": "2e52f0f793f894d5d84b349f5f828b53d56120a8ab2ea0ee37c6ece3f7bf3ca4",
  "f1_hash": "48a891a133169840369b79e2ee5c7f9f9a3dea08a8f922a512bb1a4d742ab8ed",
  "f0_stats": {
    "shape": [
      5
    ],
    "size": 5,
    "min": 0.47762684379657505,
    "max": 97.40772899757403,
    "mean": 20.827388213584243,
    "std": 38.3030603551351
  },
  "f1_stats": {
    "shape": [
      15
    ],
    "size": 15,
    "min": 0.011346826205080873,
    "max": 186.88049619906053,
    "mean": 27.330499124033054,
    "std": 58.58253852567885
  }
}