{
  "count": 65,
  "ids_hash": "5d3418b7e8188f3ff63adc0f3b7df752c8842936d53c31b5712e5bdf5d462397",
  "coords_hash": "1a5a81d826bdbbc32e002e142b959b0da91db77d3d6a4b35fdb9e95bdc4260c2",
  "coords_stats": {
    "shape": [
      65,
      3
    ],
    "size": 195,
    "min": -33.58300018310547,
    "max": 19.26099967956543,
    "mean": -6.800210247589992,
    "std": 16.526936538930705
  }
}