MODEL,PRED_DOCKQ
3HUH_af2m,0.85370827
3HUH,0.15481845
