{
  "count": 86,
  "ids_hash": "26b6dd50196044db726a43a0529eacef93f72621be074e2d507bcd5b8986a478",
  "coords_hash": "54a7dd89f9d5269878fe66b64a4f2ea89a7659132f234c389923e3aefb008329",
  "coords_stats": {
    "shape": [
      86,
      3
    ],
    "size": 258,
    "min": -2.622999906539917,
    "max": 40.70500183105469,
    "mean": 15.325589185046365,
    "std": 13.625988324056665
  }
}