MODEL,PRED_DOCKQ
1I07_af2m,0.8934343
1I07,0.001298692
