{
  "hash": "11e7c2d0563f73c27d567315d75a561b60d9a113e003d0c0fc95cbfc167f4a4e",
  "stats": {
    "shape": [
      94,
      94
    ],
    "size": 8836,
    "min": 0.0,
    "max": 15.534858307591913,
    "mean": 7.884729351387426,
    "std": 3.118386662382091
  }
}