MODEL,PRED_DOCKQ
2OV9,0.8918568
2OV9_af2m,0.78635406
