{
  "count": 106,
  "ids_hash": "9d11e30cf509e6707bc8a44dd7f81838c7b825b2dce9dedd2c813942eff63fcd",
  "coords_hash": "3d4d4a33612848eb600573ac557bf222d6347431af7da665b5f18e700bc1c8c1",
  "coords_stats": {
    "shape": [
      106,
      3
    ],
    "size": 318,
    "min": -14.871999740600586,
    "max": 44.12200164794922,
    "mean": 15.84449061170314,
    "std": 18.846141336804862
  }
}