{
  "count": 92,
  "ids_hash": "a2f4c33a7fb91f4247dfa643cd8f76a3e689d81dd2d4c58372dd1537001900be",
  "coords_hash": "ce58ba83d05f2548de6a1a3b4b1e94bb0f30e83f244d569863d356201c30b81e",
  "coords_stats": {
    "shape": [
      92,
      3
    ],
    "size": 276,
    "min": -18.440000534057617,
    "max": 33.119998931884766,
    "mean": 4.977496407885591,
    "std": 17.30480413051871
  }
}