MODEL,PRED_DOCKQ
6AZ6_af2m,0.85543185
6AZ6,0.7893454
