{
  "f0_hash": "4aa5914ffd23b2d841f17eda87d9ec7dcd889d807e38470a2ed6a86d6a7b96e0",
  "f1_hash": "784f7ee65818c708655fd7a4c4ad3630dc45aff4ac96f567f59734f43f7a2a41",
  "f0_stats": {
    "shape": [
      5
    ],
    "size": 5,
    "min": 0.5525718688315656,
    "max": 179.18892466528476,
    "mean": 37.24627726311479,
    "std": 70.9787299017184
  },
  "f1_stats": {
    "shape": [
      15
    ],
    "size": 15,
    "min": 0.014136832446237868,
    "max": 574.6745113582663,
    "mean": 78.7845742033838,
    "std": 182.51779080844915
  }
}