{
  "hash": "9ec54a53af88992fe04d040822e324aca099a75d85dcc9f2fd37a3e29ca84649",
  "stats": {
    "shape": [
      93,
      93
    ],
    "size": 8649,
    "min": 0.0,
    "max": 15.502707127712792,
    "mean": 7.901399193752804,
    "std": 3.1237309547800125
  }
}