MODEL,PRED_DOCKQ
2DI3,0.83820146
2DI3_af2m,0.8126484
