{
  "count": 61,
  "ids_hash": "6adc6bc90656440f5bfc78605259b8ac593f714942e86ba1e93a895ce88b2787",
  "coords_hash": "896e0676b7e6675dc1ecc68a9c54281f42b3fa692b3016a6117f0237a8f65a61",
  "coords_stats": {
    "shape": [
      61,
      3
    ],
    "size": 183,
    "min": -32.965999603271484,
    "max": 17.836999893188477,
    "mean": -2.636896159662738,
    "std": 17.174260235868925
  }
}