MODEL,PRED_DOCKQ
4KYO_af2m,0.032904744
4KYO,3.3522225e-05
