{
  "hash": "d0d96533985d2775c356183f8a5a48a4304f7d975bc794fa0c8e1b6d98744710",
  "stats": {
    "shape": [
      103,
      103
    ],
    "size": 10609,
    "min": 0.0,
    "max": 15.709040945833273,
    "mean": 7.952428655228612,
    "std": 3.1473303181296903
  }
}