{
  "f0_hash": "eae8ead5a7a613df9e2469511502faadaa79bd28091f0a4e3fc71cabbfd90333",
  "f1_hash": "1087c9b3ae55c01e225933676105ea0a2bbaa62e6e5979f4e9cbfabe524e3131",
  "f0_stats": {
    "shape": [
      5
    ],
    "size": 5,
    "min": 0.47454681427637985,
    "max": 162.29022109576533,
    "mean": 33.858295320979934,
    "std": 64.22507000859403
  },
  "f1_stats": {
    "shape": [
      15
    ],
    "size": 15,
    "min": 0.011787249191006932,
    "max": 414.7544481209752,
    "mean": 57.22219879169306,
    "std": 130.26037117300345
  }
}