{
  "hash": "a732435653080861b09bd284b9c4d644b547c04fe60188656737891f90d75139",
  "stats": {
    "shape": [
      59,
      59
    ],
    "size": 3481,
    "min": 0.0,
    "max": 15.135717918235525,
    "mean": 7.191300761854926,
    "std": 3.223015718066609
  }
}