{
  "f0_hash": "6209befa288edb501c435ec92d52324461abb89001c665383565d0acb32d02bd",
  "f1_hash": "5bacc4f7591f9c758982a0b9b7070f2e0d31b8d194fc11afd3626bf8820b954b",
  "f0_stats": {
    "shape": [
      5
    ],
    "size": 5,
    "min": 0.6071546184394351,
    "max": 95.14548021279768,
    "mean": 20.533115540123408,
    "std": 37.32449928952996
  },
  "f1_stats": {
    "shape": [
      15
    ],
    "size": 15,
    "min": 0.01221020499794001,
    "max": 204.24618429921864,
    "mean": 29.70865927985953,
    "std": 64.97810108371323
  }
}