{
  "f0_hash": "d80b3427276e3a52306c12849ed5f8a10effb976d893de9088286496bccc4046",
  "f1_hash": "089377eb8b745403b7b604dbb5ce35182b351fd04ecc223779a0308b98c9e065",
  "f0_stats": {
    "shape": [
      5
    ],
    "size": 5,
    "min": 0.5597813522866201,
    "max": 136.3207664421821,
    "mean": 28.69291300480923,
    "std": 53.825017906342275
  },
  "f1_stats": {
    "shape": [
      15
    ],
    "size": 15,
    "min": 0.010687967292605904,
    "max": 334.80001273178016,
    "mean": 47.00351979686998,
    "std": 106.78213037300492
  }
}