{
  "count": 116,
  "ids_hash": "89a12f7ad41108d83926f331564ab1ca57b5f00c1abd7ce54afa2d80ceb944c2",
  "coords_hash": "8d45df9c3da085510ca22615caa64afcb06709a41ba33bead1f426f5b48b4872",
  "coords_stats": {
    "shape": [
      116,
      3
    ],
    "size": 348,
    "min": -28.1560001373291,
    "max": 26.73900032043457,
    "mean": -5.161896563124382,
    "std": 17.937812890829367
  }
}