MODEL,PRED_DOCKQ
3FHL_af2m,0.88747174
3FHL,0.8795609
