{
  "count": 79,
  "ids_hash": "63b12734108a135376c6033ea1aebc54e509451dca65ebedcab68393d30ba578",
  "coords_hash": "5a2e972ae1f52f989b49e48688d81d893e4982e5d09ebce0167527c1ead0a8b2",
  "coords_stats": {
    "shape": [
      79,
      3
    ],
    "size": 237,
    "min": -15.739999771118164,
    "max": 20.114999771118164,
    "mean": 5.385451469743302,
    "std": 11.40649979134604
  }
}