{
  "hash": "5be0ba2c12add5f6b8c99c5bb822226fde88a56c466e98129bb101f6db2c4bd9",
  "stats": {
    "shape": [
      82,
      82
    ],
    "size": 6724,
    "min": 0.0,
    "max": 15.240556766875063,
    "mean": 7.50231018376248,
    "std": 3.075256062155634
  }
}