{
  "f0_hash": "a425580171d30f1036eb7f1a2a4d0661b7a66abe5ac0423b6e4b88ec17544e2b",
  "f1_hash": "ff8746452706f10bb011bd2b318d59411eb584f5a06d62922b075bb30598b242",
  "f0_stats": {
    "shape": [
      5
    ],
    "size": 5,
    "min": 0.5954274245722991,
    "max": 162.5482244274207,
    "mean": 34.12525819663447,
    "std": 64.22717450794816
  },
  "f1_stats": {
    "shape": [
      15
    ],
    "size": 15,
    "min": 0.010369392908689434,
    "max": 427.67067412964013,
    "mean": 59.63901031730284,
    "std": 134.67296466456642
  }
}