MODEL,PRED_DOCKQ
6J6L_af2m,0.4329707
6J6L,0.00033675705
