{
  "count": 112,
  "ids_hash": "92ee174656cb145a70a21b6243201efb74ef1d63e3c892f7f5d7a2d84e886e14",
  "coords_hash": "2c898cfef9197f3f02006e77bbc75460696646ab01e848e07665d26b2d3f1264",
  "coords_stats": {
    "shape": [
      112,
      3
    ],
    "size": 336,
    "min": -0.24199999868869781,
    "max": 46.625999450683594,
    "mean": 21.41126488286647,
    "std": 14.387632863443816
  }
}