MODEL,PRED_DOCKQ
3RNR_af2m,0.11382238
3RNR,0.00363926
