{
  "hash": "9aa61d9a74f99cb439bda362b7389ad1eaff607a4ada6840ab5666b634019ee2",
  "stats": {
    "shape": [
      95,
      95
    ],
    "size": 9025,
    "min": 0.0,
    "max": 15.521602191887618,
    "mean": 7.93570396853222,
    "std": 3.0743860001653167
  }
}