{
  "hash": "a419148bf9df89916502bef823bd925ece6b04d32672ecbce686136b88988d11",
  "stats": {
    "shape": [
      92,
      92
    ],
    "size": 8464,
    "min": 0.0,
    "max": 15.497904328210826,
    "mean": 7.648349022355142,
    "std": 3.0480816226331995
  }
}