{
  "f0_hash": "12e8653f7e344ba1843400824b5a27e8c6ba5a36648ea009e37eeb4e3b5c4f78",
  "f1_hash": "f5ed9fed625cd882b3772861fc978bbb0a5ba62227a03659f263e8336ab8f7d8",
  "f0_stats": {
    "shape": [
      5
    ],
    "size": 5,
    "min": 0.5959241971837492,
    "max": 130.8654448147748,
    "mean": 27.75649508333654,
    "std": 51.57139621800921
  },
  "f1_stats": {
    "shape": [
      15
    ],
    "size": 15,
    "min": 0.012494593432931467,
    "max": 364.0606395295906,
    "mean": 51.26916793338845,
    "std": 116.60015699414994
  }
}