{
  "count": 109,
  "ids_hash": "9c1929da88e5c0e25a382d8c88fed61869f1d4ed5c704a08f31f59fc65f26aef",
  "coords_hash": "1c1bc185c07b37edfd9cc6e92586fc55656f9feae07d7d10b61d39dc0d1d54ed",
  "coords_stats": {
    "shape": [
      109,
      3
    ],
    "size": 327,
    "min": -9.762999534606934,
    "max": 86.177001953125,
    "mean": 36.710905060468285,
    "std": 33.17310882193606
  }
}