{
  "hash": "41b8bb2afcc82f95e5a5d64698b3c16c0b8961e401a0f0159a164653efcd29f9",
  "stats": {
    "shape": [
      65,
      65
    ],
    "size": 4225,
    "min": 0.0,
    "max": 15.352064136457194,
    "mean": 7.022746527157815,
    "std": 3.069259950855246
  }
}