{
  "hash": "a3e5c3b936befbf95698da93a3403abc27e2a601246652b9f58dde453507dbf9",
  "stats": {
    "shape": [
      109,
      109
    ],
    "size": 11881,
    "min": 0.0,
    "max": 15.729746539514654,
    "mean": 8.089600854657498,
    "std": 3.0702289206618727
  }
}