{
  "hash": "44f0aa98e2dc76771e1481e3a875a8da5f6a492554ac04d3c2f5fe15a310c2c2",
  "stats": {
    "shape": [
      71,
      71
    ],
    "size": 5041,
    "min": 0.0,
    "max": 14.727126022180594,
    "mean": 7.3029391655552285,
    "std": 2.8850738590849287
  }
}