MODEL,PRED_DOCKQ
6T2B_af2m,0.92507786
6T2B,0.9195997
