MODEL,PRED_DOCKQ
3GPV_af2m,0.71484315
3GPV,0.23921227
