{
  "count": 96,
  "ids_hash": "be4718789a5db014c636a833a42c91dfe99463036a8d06442041828e332631e0",
  "coords_hash": "de64c8ceaf27f2e5103c20d49fc705c62233f55c917165a55622c4cb83923416",
  "coords_stats": {
    "shape": [
      96,
      3
    ],
    "size": 288,
    "min": 8.895999908447266,
    "max": 80.9219970703125,
    "mean": 37.71022908886274,
    "std": 25.89988087129719
  }
}