{
  "f0_hash": "2b7c95215c1b38e6d49cb9367ecc87b8c15956bc4400435f2347761a2fd16606",
  "f1_hash": "3796634a01a2e0daa69568e4ac6c7891debcab4767773a0b66974420e6fd2bc2",
  "f0_stats": {
    "shape": [
      5
    ],
    "size": 5,
    "min": 0.4260232826199323,
    "max": 164.16454877865004,
    "mean": 34.06263700394132,
    "std": 65.05612789556056
  },
  "f1_stats": {
    "shape": [
      15
    ],
    "size": 15,
    "min": 0.010883386746954216,
    "max": 453.03845220541274,
    "mean": 62.83316305765253,
    "std": 143.32849522705664
  }
}