{
  "f0_hash": "f057cc383f8a8eef8ee9f2ea691416e2e0999339eaa80a6d317d2174b10872f5",
  "f1_hash": "9889fa19204a4c43e88411109f4d8f42bd27c65b4f4a2723bdc7de1300853894",
  "f0_stats": {
    "shape": [
      5
    ],
    "size": 5,
    "min": 0.4652704870167315,
    "max": 166.57196256009462,
    "mean": 34.711921632348165,
    "std": 65.93917566868842
  },
  "f1_stats": {
    "shape": [
      15
    ],
    "size": 15,
    "min": 0.010230321126055486,
    "max": 608.8877395165819,
    "mean": 83.62226307778884,
    "std": 195.3735336280706
  }
}