{
  "count": 107,
  "ids_hash": "6aeb0a1846c61db39f9f900cb0a851f65c42278ac8ed29bbdd5a1057ac4e8cb1",
  "coords_hash": "66122050163a2c515c29da787805decdf64c608627e73ead34fdc4a50e2153e3",
  "coords_stats": {
    "shape": [
      107,
      3
    ],
    "size": 321,
    "min": -31.73200035095215,
    "max": 55.090999603271484,
    "mean": 6.1481215012871955,
    "std": 31.439692960459844
  }
}