{
  "f0_hash": "bfeb784526543c7895face64196fb62f638eb03b89eb89bfe74b0ab2196f480e",
  "f1_hash": "24acd7720e5ecd47daddda59f654ffd0ababfac899ec1634a17006918d1012aa",
  "f0_stats": {
    "shape": [
      5
    ],
    "size": 5,
    "min": 0.589695665852431,
    "max": 133.1763987687463,
    "mean": 28.205436301206056,
    "std": 52.502587472625656
  },
  "f1_stats": {
    "shape": [
      15
    ],
    "size": 15,
    "min": 0.010076820705986478,
    "max": 449.277479968529,
    "mean": 63.29400636366084,
    "std": 144.90980470254942
  }
}