{
  "count": 115,
  "ids_hash": "231245b5c9849e806350dad51ce5c5e86227fd46d25f9f4432f4444c936241ae",
  "coords_hash": "11690edbcb1fe2c1ee6f6a0a23e01c190c62c24ec682e3f5fb37b9b1b264f05b",
  "coords_stats": {
    "shape": [
      115,
      3
    ],
    "size": 345,
    "min": -26.239999771118164,
    "max": 36.87799835205078,
    "mean": 9.64484636057978,
    "std": 21.614823429921792
  }
}