{
  "hash": "2b1acef3825c0d16298d13d086e3599ee12457e7231d7bdb3c1a63bb47d7bdd0",
  "stats": {
    "shape": [
      64,
      64
    ],
    "size": 4096,
    "min": 0.0,
    "max": 15.110671777185942,
    "mean": 6.879149205100303,
    "std": 2.8755040871046904
  }
}