{
  "f0_hash": "06d8975d3d23487683f4a6000c3a695cb3f0cc5a82a131b115137ddf27d5afe7",
  "f1_hash": "95e127da06d7809478f73a8f37ae00e7432de642956cd2f37bfb475e349bd970",
  "f0_stats": {
    "shape": [
      5
    ],
    "size": 5,
    "min": 0.5725918039518587,
    "max": 153.02035065905233,
    "mean": 32.028265857253196,
    "std": 60.505530890331755
  },
  "f1_stats": {
    "shape": [
      15
    ],
    "size": 15,
    "min": 0.01038963214736155,
    "max": 497.0208896093048,
    "mean": 69.03356107594735,
    "std": 158.5684536951229
  }
}