MODEL,PRED_DOCKQ
5NVL,0.78228325
5NVL_af2m,0.7794251
