MODEL,PRED_DOCKQ
1Y9B_af2m,0.65211916
1Y9B,0.41447747
