MODEL,PRED_DOCKQ
1WYZ,0.88615733
1WYZ_af2m,0.86124915
