{
  "f0_hash": "6849625059c583ad3011ea7c9d76655f7b16553e4a50eba06cf421087ff23fff",
  "f1_hash": "9c06eb7198c3e3a57d8d0752c30309103adbaa541aa782d78a531464cfc55c53",
  "f0_stats": {
    "shape": [
      5
    ],
    "size": 5,
    "min": 0.4450599266400323,
    "max": 136.46326050503765,
    "mean": 28.680937621735723,
    "std": 53.902221890170026
  },
  "f1_stats": {
    "shape": [
      15
    ],
    "size": 15,
    "min": 0.010460206324768961,
    "max": 330.9489859670245,
    "mean": 46.838807127401616,
    "std": 104.39668624424488
  }
}