{
  "count": 61,
  "ids_hash": "794f7fcad6043f64dd3843e081e49520b954ea969abcd59d2f03b32c381e7867",
  "coords_hash": "2dee6290c36ad0721e38d796eafd6edf790ec20a3a3ac9391166c19525512375",
  "coords_stats": {
    "shape": [
      61,
      3
    ],
    "size": 183,
    "min": -12.390999794006348,
    "max": 42.6510009765625,
    "mean": 18.641836168987503,
    "std": 19.223398611833726
  }
}