{
  "count": 99,
  "ids_hash": "ddad13074cc8bd2a9b9eaa2f15953cf3dea72f8b4bd3d87c75f45249c35a3532",
  "coords_hash": "ddbf06a03e9296481b496a0b0e0aa874745f9d22d245a2ee47a6658a32327540",
  "coords_stats": {
    "shape": [
      99,
      3
    ],
    "size": 297,
    "min": -6.797999858856201,
    "max": 105.65499877929688,
    "mean": 46.54809415302167,
    "std": 40.57715820837618
  }
}