{
  "f0_hash": "a57c98d0a3df042aa107fec47c80b23916b31e082de02bf473fef41b9352d68a",
  "f1_hash": "89971690a3ecd9ed6ef1040f0635919fa8ff593b054c4500774fd1cbb9cef866",
  "f0_stats": {
    "shape": [
      5
    ],
    "size": 5,
    "min": 0.5841193597141523,
    "max": 153.31798223113722,
    "mean": 32.128338420215684,
    "std": 60.605063265088276
  },
  "f1_stats": {
    "shape": [
      15
    ],
    "size": 15,
    "min": 0.011352668377929476,
    "max": 476.7796481442501,
    "mean": 66.07645928608386,
    "std": 151.860345443764
  }
}