{
  "count": 61,
  "ids_hash": "35a67e0158a40cfedebb673dc22f62f60f6fbf7a6affc59b82a3f0d425e9e81d",
  "coords_hash": "07287012d6a16b4b56ccd20d0eb12848bbf3b58f131cee4e32f13e3ebce8e979",
  "coords_stats": {
    "shape": [
      61,
      3
    ],
    "size": 183,
    "min": -14.08899974822998,
    "max": 15.41100025177002,
    "mean": -0.5998524667623916,
    "std": 7.510694936484523
  }
}