{
  "f0_hash": "2e88279be5283e8b792a5eeb44b0f711ebc2846590aa43ec2992b2f30eed3140",
  "f1_hash": "621cb6dc4ec31526855bcce2db7ee59a6204eb0642e6c5f40dab066755eb6c86",
  "f0_stats": {
    "shape": [
      5
    ],
    "size": 5,
    "min": 0.4578802772121613,
    "max": 164.8173151751685,
    "mean": 34.32759001990473,
    "std": 65.2529500451998
  },
  "f1_stats": {
    "shape": [
      15
    ],
    "size": 15,
    "min": 0.010941280964294364,
    "max": 569.7483187130063,
    "mean": 78.90541654749546,
    "std": 181.95742387643907
  }
}