{
  "hash": "cf489916301916e053ac27749390a8ac81e353fbca0128ac2faa327f6eb74f1c",
  "stats": {
    "shape": [
      91,
      91
    ],
    "size": 8281,
    "min": 0.0,
    "max": 15.397950361045071,
    "mean": 7.57899796486865,
    "std": 3.0438341644663853
  }
}