MODEL,PRED_DOCKQ
3WW8_af2m,0.9138158
3WW8,0.8848946
