MODEL,PRED_DOCKQ
2OWL_af2m,0.74797124
2OWL,0.6441637
