MODEL,PRED_DOCKQ
2FNU,0.8822336
2FNU_af2m,0.87948483
