{
  "count": 100,
  "ids_hash": "64291d28fcc795c941c1e57fd8e6a6a0df62f188306c62da2713042232102e92",
  "coords_hash": "12857cad3825ead0ee53d5e93b73a815e42f0bb3d77ea0b3b47036ae37f089e6",
  "coords_stats": {
    "shape": [
      100,
      3
    ],
    "size": 300,
    "min": -59.95199966430664,
    "max": 68.29100036621094,
    "mean": 2.0681133645027874,
    "std": 46.41747383884177
  }
}