{
  "hash": "d44f856c4804466bfa21628b82615884b0478f79ebf9c979301dc80ab97433c5",
  "stats": {
    "shape": [
      97,
      97
    ],
    "size": 9409,
    "min": 0.0,
    "max": 15.589232865634115,
    "mean": 7.93184667266309,
    "std": 3.095335244972856
  }
}