{
  "count": 99,
  "ids_hash": "e6c8cbbf58da328a754f27ab3368929035d71fc917d8eca62611d53e285beca8",
  "coords_hash": "156b129471de32104cf64323672c38fc3504f2961a793bf7a642f4e4654213dd",
  "coords_stats": {
    "shape": [
      99,
      3
    ],
    "size": 297,
    "min": 11.336999893188477,
    "max": 55.763999938964844,
    "mean": 30.803929277542064,
    "std": 13.365598456443502
  }
}