MODEL,PRED_DOCKQ
5L10_af2m,0.8908463
5L10,0.87753296
