{
  "hash": "f87938c857cdf7bf8e591ed10d88199da3c26391b26f62d54f9d1339e973132e",
  "stats": {
    "shape": [
      111,
      111
    ],
    "size": 12321,
    "min": 0.0,
    "max": 15.53832318996847,
    "mean": 7.911524583279698,
    "std": 3.0056320915068837
  }
}