{
  "hash": "5a9747f4296c63b59a71e2f5822ca1ccb8f2882f9ad8bb592e4682cf36b461f4",
  "stats": {
    "shape": [
      109,
      109
    ],
    "size": 11881,
    "min": 0.0,
    "max": 15.283527563814776,
    "mean": 8.049915212670681,
    "std": 3.0698576899356977
  }
}