{
  "f0_hash": "d7f6fdd0ade54d02f8453d2608453e82b65404754f59f36657edf509f09e9f89",
  "f1_hash": "8ff8a1eaa9fc67e217bdb50fcb1487f8fdea2a463044ff577c1ec5f0864b84a1",
  "f0_stats": {
    "shape": [
      5
    ],
    "size": 5,
    "min": 0.5052041545898096,
    "max": 165.55191737981008,
    "mean": 34.57263707373681,
    "std": 65.50055521105989
  },
  "f1_stats": {
    "shape": [
      15
    ],
    "size": 15,
    "min": 0.011629508534930721,
    "max": 474.9277770545126,
    "mean": 65.94857712701585,
    "std": 149.83254839238285
  }
}