{
  "f0_hash": "e4f8953ac165a9a87ac6846e76b9ce0178ec80bb413c3cfec7d6c26948728e70",
  "f1_hash": "daabca7b0b7949ed8ef38f0e1eb223a3591b478a37e8c99d8e47a231ccf4d70d",
  "f0_stats": {
    "shape": [
      5
    ],
    "size": 5,
    "min": 0.35193560927633183,
    "max": 125.71386602382724,
    "mean": 26.39508912955148,
    "std": 49.672315715126246
  },
  "f1_stats": {
    "shape": [
      15
    ],
    "size": 15,
    "min": 0.010966364553572028,
    "max": 297.8236588597288,
    "mean": 41.66007989579568,
    "std": 94.70932646032212
  }
}