{
  "f0_hash": "901b09a081d49bfca5349907dd2b8472a9f3f16f90244a3d5e44acd33fc59a47",
  "f1_hash": "edd76174756586ff95d97568826eb39203885b8c6de350d4e0a616a791fa1926",
  "f0_stats": {
    "shape": [
      5
    ],
    "size": 5,
    "min": 0.3475727842524741,
    "max": 192.88996337103498,
    "mean": 39.81219301604135,
    "std": 76.54437043864151
  },
  "f1_stats": {
    "shape": [
      15
    ],
    "size": 15,
    "min": 0.010558132083611671,
    "max": 521.2342871550572,
    "mean": 71.72027167975948,
    "std": 163.67764090000153
  }
}