{
  "hash": "37c5cca8cc2e5fd91a4b2c17045bf30ea13305cc4edcc771b2759dea9775d48a",
  "stats": {
    "shape": [
      108,
      108
    ],
    "size": 11664,
    "min": 0.0,
    "max": 15.291871315317964,
    "mean": 7.758606316959625,
    "std": 2.9680705732942143
  }
}