{
  "hash": "457893c8a80a9ca15411dfe6c59661be935d6154020fad08872bbae6164d32b1",
  "stats": {
    "shape": [
      66,
      66
    ],
    "size": 4356,
    "min": 0.0,
    "max": 15.636218891293348,
    "mean": 7.2687457996578955,
    "std": 3.1087327184626123
  }
}