{
  "hash": "d633c4bfdd070e17798f370d587dc4ee7837b21ee4b11180da33341b8832df95",
  "stats": {
    "shape": [
      108,
      108
    ],
    "size": 11664,
    "min": 0.0,
    "max": 15.774037138928934,
    "mean": 8.037031327781667,
    "std": 3.0692272250564354
  }
}