{
  "f0_hash": "5c56d332c300241e4cd3ff3651cc4589a26a8ca5e0ec62cd5ae02382b1d5f46b",
  "f1_hash": "234b7e7ece545ce90d9ad3e0a7ac0fc3a5158bc21ead28125a1dc909db83ba0f",
  "f0_stats": {
    "shape": [
      5
    ],
    "size": 5,
    "min": 0.4313403104601304,
    "max": 172.80030057175088,
    "mean": 35.86323290328467,
    "std": 68.47488843775842
  },
  "f1_stats": {
    "shape": [
      15
    ],
    "size": 15,
    "min": 0.01166258393711228,
    "max": 589.7329878853557,
    "mean": 81.15637723398724,
    "std": 187.09361675778985
  }
}