{
  "hash": "8593fbe7f7efd4e99d4ab8bf51ea2c2e8f2e39b39a27cb021ee0fe08cf060e41",
  "stats": {
    "shape": [
      68,
      68
    ],
    "size": 4624,
    "min": 0.0,
    "max": 15.184107199408068,
    "mean": 7.081696518565765,
    "std": 2.9418228108349913
  }
}