{
  "hash": "a1cd78efc31f930de1d5f197af7bc7f12486cb05e048c149a154c7b35be921a8",
  "stats": {
    "shape": [
      110,
      110
    ],
    "size": 12100,
    "min": 0.0,
    "max": 15.658118178091978,
    "mean": 7.9026115491856315,
    "std": 3.022067234643471
  }
}