{
  "f0_hash": "5c8b8017e813dbe5ff5d81ed2150e43997632cd73e9f070bb67e0d79ce761d12",
  "f1_hash": "7b9af2d01d9fe0115ac948741538afe9957b6ceed5e48948ee8a7169ff591d5d",
  "f0_stats": {
    "shape": [
      5
    ],
    "size": 5,
    "min": 0.4875882559707278,
    "max": 151.46782764745117,
    "mean": 31.65679672845851,
    "std": 59.914173447608924
  },
  "f1_stats": {
    "shape": [
      15
    ],
    "size": 15,
    "min": 0.011808045293822733,
    "max": 391.4931154107525,
    "mean": 54.15672675724395,
    "std": 123.71761652287981
  }
}