{
  "count": 187,
  "ids_hash": "314539cb9c7daf61b7f0b2f710f369c676d53ae881340a66923a0f94395eb607",
  "coords_hash": "82e1182d03ec332d03fbf6d2c0d28f831f9fd81078ae068da458f3c333f28bcd",
  "coords_stats": {
    "shape": [
      187,
      3
    ],
    "size": 561,
    "min": -17.073999404907227,
    "max": 8.651000022888184,
    "mean": -5.136162201380905,
    "std": 6.162823399926524
  }
}