{
  "hash": "50031ffda8470ea49e431e26556eaf5959ec70abfc3ed4023678f89af1ebe6ec",
  "stats": {
    "shape": [
      99,
      99
    ],
    "size": 9801,
    "min": 0.0,
    "max": 15.470521644328983,
    "mean": 7.845454517753313,
    "std": 3.071126831206844
  }
}