{
  "count": 82,
  "ids_hash": "5a0530f8270d7bfa7754a6733be7e2533001f939dada789ab4c3dabd73da2c83",
  "coords_hash": "cbae216c41e17046e93039821d399297a126efbf3b0ee36f073a0577c0a9848a",
  "coords_stats": {
    "shape": [
      82,
      3
    ],
    "size": 246,
    "min": -12.300999641418457,
    "max": 46.194000244140625,
    "mean": 20.933235815567215,
    "std": 19.59426250309035
  }
}