{
  "hash": "c654a48d6beb619b8682ef878e3796afd1f9986a173e2fdb98e70a394201a99f",
  "stats": {
    "shape": [
      46,
      46
    ],
    "size": 2116,
    "min": 0.0,
    "max": 13.701914569546252,
    "mean": 6.064395555516639,
    "std": 2.681204752373436
  }
}