MODEL,PRED_DOCKQ
1RH5,0.73926485
1RH5_af2m,0.69548
