{
  "f0_hash": "c087c55db409fe4c16d716219cdedbe25003aace547e716db4e345e35788c6ea",
  "f1_hash": "b51826389fe9c714ed745c9790869308457c9f05c05b0ad5ca272c38aff1e467",
  "f0_stats": {
    "shape": [
      5
    ],
    "size": 5,
    "min": 0.5717816486373805,
    "max": 145.39015836268035,
    "mean": 30.517551143766514,
    "std": 57.446557606510346
  },
  "f1_stats": {
    "shape": [
      15
    ],
    "size": 15,
    "min": 0.010483895930519793,
    "max": 422.1828962256394,
    "mean": 59.14363072733318,
    "std": 133.6548230861441
  }
}