{
  "count": 118,
  "ids_hash": "ef93a316d205b4bd52937ac508fe2ab354f500c22edd153c28574876e0f1914a",
  "coords_hash": "18e2e824de73023da2412f30e032aac998b506ebd7089d33dc804f5bc4af2f1c",
  "coords_stats": {
    "shape": [
      118,
      3
    ],
    "size": 354,
    "min": 5.693999767303467,
    "max": 107.29199981689453,
    "mean": 46.75470620898877,
    "std": 37.895244366215664
  }
}