{
  "hash": "b685eb73c3ca521e39fc77dfc31d31812849e82edfd9264ba5cbe1421a3f564e",
  "stats": {
    "shape": [
      65,
      65
    ],
    "size": 4225,
    "min": 0.0,
    "max": 14.484836179948447,
    "mean": 7.035924539904769,
    "std": 2.8928930817964287
  }
}