{
  "hash": "865265b23075db4d8c0441a3c06a37ef2440cbb2944f16feb137c93f7449e53d",
  "stats": {
    "shape": [
      98,
      98
    ],
    "size": 9604,
    "min": 0.0,
    "max": 15.62190000201363,
    "mean": 7.765084837513333,
    "std": 3.092755338698927
  }
}