{
  "hash": "4095e83d321514fdb1da4b97d9dfbb2b2d4b6f0503cbbfd9f82ed27c8467e33c",
  "stats": {
    "shape": [
      97,
      97
    ],
    "size": 9409,
    "min": 0.0,
    "max": 15.246453671389718,
    "mean": 7.612280647074599,
    "std": 2.9537454576803825
  }
}