{
  "count": 119,
  "ids_hash": "a525d51b38f3be82f6b2265719e93db17143019445e64fbf41c77811c43d8f40",
  "coords_hash": "f8bcfd7d10ea33f786d68279f718f3328de16ea7857cb3f1ee6c972733ab44cd",
  "coords_stats": {
    "shape": [
      119,
      3
    ],
    "size": 357,
    "min": -11.038999557495117,
    "max": 34.55400085449219,
    "mean": 12.641263308603557,
    "std": 13.275014476711862
  }
}