{
  "f0_hash": "8ec3c91823d987e7cb47b04ad5a1df1cd3b36e423217053036cea770de53f9b0",
  "f1_hash": "a7d6fae9b6d91ad3967c58c9e4e0f5bb62b41ea4a9ed0c37b5ab7ce40faa758c",
  "f0_stats": {
    "shape": [
      5
    ],
    "size": 5,
    "min": 0.3263853551816095,
    "max": 156.25136254788364,
    "mean": 32.442668905018195,
    "std": 61.9104431131371
  },
  "f1_stats": {
    "shape": [
      15
    ],
    "size": 15,
    "min": 0.011198592933787666,
    "max": 456.3976934164237,
    "mean": 62.981775944340164,
    "std": 145.72770584243378
  }
}