{
  "hash": "938153f7634694c1829ba7af066883175d90c50281ba85238e19f695a2aa8c67",
  "stats": {
    "shape": [
      102,
      102
    ],
    "size": 10404,
    "min": 0.0,
    "max": 15.464895631738306,
    "mean": 8.040318775666615,
    "std": 3.130094483705497
  }
}