{
  "hash": "9b3cd2f1d1f8a5befcdffb10b0cb7da0b1ab94172584e796db13062c837dde80",
  "stats": {
    "shape": [
      112,
      112
    ],
    "size": 12544,
    "min": 0.0,
    "max": 15.420435369714184,
    "mean": 7.935507450756139,
    "std": 3.038190712749768
  }
}