{
  "hash": "919fb5a3a841dc8836751a49d3093ecb33475501904e9fcdbc6067ffa513b569",
  "stats": {
    "shape": [
      102,
      102
    ],
    "size": 10404,
    "min": 0.0,
    "max": 15.705447330580585,
    "mean": 7.946237671125755,
    "std": 3.056736288031504
  }
}