{
  "f0_hash": "737e484ed2bb8bb6e5ab19ca44ce32bb354cd5cd40ea9fa22cebe8d020b3574c",
  "f1_hash": "7ba9d109028ff30972eed27f1feec6237491206211c9034e6c7cb7ac3c50b209",
  "f0_stats": {
    "shape": [
      5
    ],
    "size": 5,
    "min": 0.38925110540760516,
    "max": 166.7561477282698,
    "mean": 34.69056768124507,
    "std": 66.04106188254259
  },
  "f1_stats": {
    "shape": [
      15
    ],
    "size": 15,
    "min": 0.013239774226066814,
    "max": 446.3342802986323,
    "mean": 62.03781512338175,
    "std": 140.83313377999073
  }
}