{
  "count": 85,
  "ids_hash": "22e50212a5ed8f1326432d90675cd33c8a58cb2625c2b2d1fcfd936f02641ea0",
  "coords_hash": "07b6ae26265fe6abd6c327b573f43b92f2381d42953b2080b180e77f7b1eb257",
  "coords_stats": {
    "shape": [
      85,
      3
    ],
    "size": 255,
    "min": 17.281999588012695,
    "max": 88.6449966430664,
    "mean": 46.49360780902937,
    "std": 25.777662181567692
  }
}