{
  "hash": "f5e19aed65d674ee3956b76492fc7d373dd24d0a6a8399e1f6f5a4f4c4268432",
  "stats": {
    "shape": [
      96,
      96
    ],
    "size": 9216,
    "min": 0.0,
    "max": 15.088884492421485,
    "mean": 7.711431580417466,
    "std": 2.9976888995386997
  }
}