{
  "f0_hash": "3eb9f4eae0ee1cdb63ac6e1f244d6bd48270995a86b1493299944347d098aea5",
  "f1_hash": "1cd328234fcb8b977738eb30bc739c6b3541698a14fbfe497816089519a79bcb",
  "f0_stats": {
    "shape": [
      5
    ],
    "size": 5,
    "min": 0.49069595304023006,
    "max": 142.26709587957967,
    "mean": 29.978738403052965,
    "std": 56.15921455037299
  },
  "f1_stats": {
    "shape": [
      15
    ],
    "size": 15,
    "min": 0.010570674265542479,
    "max": 369.23461541483505,
    "mean": 51.78761849260693,
    "std": 116.85397034025428
  }
}