{
  "count": 40,
  "ids_hash": "663b8b0a40341b4c924cd5c09143e7f0a6d5b19f77c5e8ab8f42bf2687beb759",
  "coords_hash": "deb92afd8637c8960c447493a65184cae60ef625ecf3b0d2d0286614bb18efc2",
  "coords_stats": {
    "shape": [
      40,
      3
    ],
    "size": 120,
    "min": -35.78300094604492,
    "max": 2.006999969482422,
    "mean": -14.659866668780644,
    "std": 12.660754829987031
  }
}