MODEL,PRED_DOCKQ
3F8U_af2m,0.85363257
3F8U,0.037368786
