{
  "f0_hash": "192f872b0cf397f7d4472cd832e681ddaafa230a03429850dd1429035c95e3eb",
  "f1_hash": "db7e9f06ca1f78eef255cf8fae443180017f0bf5007e6abe826cac5b1e09dfcc",
  "f0_stats": {
    "shape": [
      5
    ],
    "size": 5,
    "min": 0.5500984041475488,
    "max": 94.0852301062788,
    "mean": 20.458584573214917,
    "std": 36.84379567302498
  },
  "f1_stats": {
    "shape": [
      15
    ],
    "size": 15,
    "min": 0.012215978383854242,
    "max": 227.93867954249524,
    "mean": 32.31879093208648,
    "std": 72.9196058812909
  }
}