MODEL,PRED_DOCKQ
3ON4_af2m,0.9215866
3ON4,0.8392857
