{
  "count": 107,
  "ids_hash": "e3b0573ebad3d6a9e1282bc10e2030a11f58081ccf29a9663741080feafd1df5",
  "coords_hash": "183aa6192a56f96f99d8c75f978e3e5b6729b57c6f364e0cfb1ef3504d1c1396",
  "coords_stats": {
    "shape": [
      107,
      3
    ],
    "size": 321,
    "min": 8.147000312805176,
    "max": 50.505001068115234,
    "mean": 28.03694085391511,
    "std": 12.354843208275918
  }
}