{
  "count": 68,
  "ids_hash": "5591deee5bc3fffed91f107b14f84e60e442da616eac9975d24a8509969f6249",
  "coords_hash": "79fd967654969fa1f1806f3265730844df2db10d25707d386e4fa4ad20f228a0",
  "coords_stats": {
    "shape": [
      68,
      3
    ],
    "size": 204,
    "min": -55.1879997253418,
    "max": 7.59499979019165,
    "mean": -17.607715773450977,
    "std": 22.68725173907457
  }
}