{
  "f0_hash": "cc2bc3ea04e9d666029c418006a3ebd15d080425c18de5c9f9569fa73b5bd7f3",
  "f1_hash": "3198e931f55c83532d35a7e6b508095fbc415b90a2234e363faeb814181b3ec3",
  "f0_stats": {
    "shape": [
      5
    ],
    "size": 5,
    "min": 0.5154719087625895,
    "max": 155.78720788037182,
    "mean": 32.586672106070765,
    "std": 61.610285045194345
  },
  "f1_stats": {
    "shape": [
      15
    ],
    "size": 15,
    "min": 0.010383960229598088,
    "max": 498.8060189197548,
    "mean": 69.21564049817175,
    "std": 158.2887263875982
  }
}