MODEL,PRED_DOCKQ
5CSF,0.014904732
5CSF_af2m,0.0027346888
