{
  "count": 60,
  "ids_hash": "da6f470402d30b640e710b9fe79e50b5baa1895075f340a839c3535db0881bc8",
  "coords_hash": "1338d1207f60242f5fa5b94f746ac9191fa906bff55910b75fabe27db00101b7",
  "coords_stats": {
    "shape": [
      60,
      3
    ],
    "size": 180,
    "min": -51.595001220703125,
    "max": 39.641998291015625,
    "mean": 1.3687110953860813,
    "std": 34.35160811740143
  }
}