MODEL,PRED_DOCKQ
2GAN_af2m,0.7374913
2GAN,0.27895737
