MODEL,PRED_DOCKQ
4M69_af2m,0.6278249
4M69,0.012407742
