{
  "hash": "ceb164d7b50da9ee2c3e977dffa9838c74625ba2e1ab49426858e87928ac9610",
  "stats": {
    "shape": [
      106,
      106
    ],
    "size": 11236,
    "min": 0.0,
    "max": 15.42394714292647,
    "mean": 8.15244578268367,
    "std": 3.1188910198372892
  }
}