{
  "hash": "511a0db99adfeed5f8e910fb90a1c91edcb141e8bdc4e7f19041171f070f7715",
  "stats": {
    "shape": [
      105,
      105
    ],
    "size": 11025,
    "min": 0.0,
    "max": 15.640527107546761,
    "mean": 8.015899702679787,
    "std": 3.0468664192748953
  }
}