{
  "hash": "94990203027363abbe0d4d271515625b5596863007f8f336829c545223fe845f",
  "stats": {
    "shape": [
      128,
      128
    ],
    "size": 16384,
    "min": 0.0,
    "max": 15.44994363197107,
    "mean": 8.182278688490346,
    "std": 3.063248928168017
  }
}