MODEL,PRED_DOCKQ
2YIN_af2m,0.61776197
2YIN,0.055154167
