{
  "f0_hash": "e7347c3582e853d2ad48cae834676e6cd993beeb973a5cc8d1170d0b48cf170c",
  "f1_hash": "eb0a7bbd5b77dd5212944b36546b315817aac881a6482dfbe558c8fab4b9f4bf",
  "f0_stats": {
    "shape": [
      5
    ],
    "size": 5,
    "min": 0.481000412197931,
    "max": 86.14746222364008,
    "mean": 18.629125528632375,
    "std": 33.777177838360466
  },
  "f1_stats": {
    "shape": [
      15
    ],
    "size": 15,
    "min": 0.010767690804401653,
    "max": 203.11269796208202,
    "mean": 29.066022521296418,
    "std": 64.86447072802113
  }
}