{
  "count": 72,
  "ids_hash": "4ed0dc81319f01cbfbc80738fe432ff62cd690f96373f2634b50b91504661f51",
  "coords_hash": "b824b3378f2c2bcd406c3a97828f654d1c66c0ede938262988add43046033c8b",
  "coords_stats": {
    "shape": [
      72,
      3
    ],
    "size": 216,
    "min": -24.802000045776367,
    "max": 73.62000274658203,
    "mean": 14.494856426699293,
    "std": 37.88541570646392
  }
}