{
  "count": 114,
  "ids_hash": "205ad9714acfd7b06ddb135b50951ceffda28b52fec1f4a50aa0a2965de07e60",
  "coords_hash": "31953437fe337381de4ced3d4419c55fc0a0c7b363c3f6c3e13c35f016c18b6b",
  "coords_stats": {
    "shape": [
      114,
      3
    ],
    "size": 342,
    "min": -18.948999404907227,
    "max": 37.85100173950195,
    "mean": 13.705888916874489,
    "std": 19.20495399514664
  }
}