{
  "count": 96,
  "ids_hash": "095e0286191d587441070b8e15022ef3396d68242ed5370c97c50245c53dc730",
  "coords_hash": "760b080d470168a2ce33d92610d69f91de8aaf7f801d4872638e22ed369c5e65",
  "coords_stats": {
    "shape": [
      96,
      3
    ],
    "size": 288,
    "min": -19.413999557495117,
    "max": 27.02199935913086,
    "mean": 8.315916688905823,
    "std": 15.13258408268072
  }
}