{
  "count": 89,
  "ids_hash": "121262bd301470ef3194a34f5dbbf0c594b02366628df179439d4ba130012e65",
  "coords_hash": "94f4a271e846815b39a0c76d37b1988f7f3d24af6c8527e85196ea7f780b0781",
  "coords_stats": {
    "shape": [
      89,
      3
    ],
    "size": 267,
    "min": -8.85099983215332,
    "max": 29.240999221801758,
    "mean": 10.02993635186221,
    "std": 10.652612379762514
  }
}