{
  "hash": "9d76ac47d11c438b370d70a0ec6d480bcd3769b69a64f792131885e9d7027322",
  "stats": {
    "shape": [
      70,
      70
    ],
    "size": 4900,
    "min": 0.0,
    "max": 15.393723931637336,
    "mean": 7.153827351436342,
    "std": 3.0252123941965525
  }
}