{
  "hash": "2e11db10cd3dc2b2d14f9377ab2b5eb74f21b53d8a094dd5302294ebb5edd4e3",
  "stats": {
    "shape": [
      47,
      47
    ],
    "size": 2209,
    "min": 0.0,
    "max": 15.13623874744538,
    "mean": 6.240535375935752,
    "std": 2.743487008870678
  }
}