MODEL,PRED_DOCKQ
4WZA_af2m,0.015025211
4WZA,0.0026399624
