{
  "count": 120,
  "ids_hash": "da313211292a123730148c87260b3758a68230c7c6b903754675956032d54902",
  "coords_hash": "2ee0e1083a810cb3fa1513b7c4cf3ea5b691341a271d905b61386b840a70d55a",
  "coords_stats": {
    "shape": [
      120,
      3
    ],
    "size": 360,
    "min": -2.0460000038146973,
    "max": 62.21900177001953,
    "mean": 22.727530585167308,
    "std": 22.93287328249859
  }
}