{
  "count": 90,
  "ids_hash": "b6f9444442285798a45f576a83540e993c5775a34a0871bb9c8a48683520c2bc",
  "coords_hash": "73714f6cbb306a8f03083a9f52d356e4b15d682917167c9c51d6c2a357b3e5d0",
  "coords_stats": {
    "shape": [
      90,
      3
    ],
    "size": 270,
    "min": 4.603000164031982,
    "max": 61.6349983215332,
    "mean": 29.118525981903076,
    "std": 18.248673414263703
  }
}