{
  "count": 102,
  "ids_hash": "18d519daf2903a09c59c55623526aa19789a40733ae10622f2ae1ae8a0bd5106",
  "coords_hash": "956333f4e0606470cc06e1c26feb210f32bb7c498bc8e8df4cfda53ed3bb9010",
  "coords_stats": {
    "shape": [
      102,
      3
    ],
    "size": 306,
    "min": 5.110000133514404,
    "max": 106.70999908447266,
    "mean": 47.74841178320592,
    "std": 37.541724280726946
  }
}