{
  "hash": "48c08b2f437e9b41fc3fb289a2535b0bb2c038dece0a31d727892476ce805ded",
  "stats": {
    "shape": [
      64,
      64
    ],
    "size": 4096,
    "min": 0.0,
    "max": 14.72600689339984,
    "mean": 6.689364277570353,
    "std": 2.7795317772551513
  }
}