{
  "hash": "e99636541e80940554d26a4d1a032df1c12c4846144401b30646e5785ab52360",
  "stats": {
    "shape": [
      112,
      112
    ],
    "size": 12544,
    "min": 0.0,
    "max": 15.757693675726086,
    "mean": 7.9569260661582355,
    "std": 2.9909093307844894
  }
}