{
  "f0_hash": "3c713823e43deaa8ef43a42b651d46a83a23dec0fd92a30ca240cc4bfe5a01f4",
  "f1_hash": "8642fe5e15220bbb6e859e6663b9a2d441d8a1fd9473df4c60f4dc123fff3110",
  "f0_stats": {
    "shape": [
      5
    ],
    "size": 5,
    "min": 0.47412405158573395,
    "max": 123.71875397777094,
    "mean": 26.07768456043903,
    "std": 48.82972152296999
  },
  "f1_stats": {
    "shape": [
      15
    ],
    "size": 15,
    "min": 0.011918120316540382,
    "max": 339.2506866834274,
    "mean": 47.80235923957077,
    "std": 107.29581140009742
  }
}