{
  "hash": "b6820cb55d21ee78c47859ef78563e4a8b1dcf637eda0e50f3e2574244bda2f6",
  "stats": {
    "shape": [
      69,
      69
    ],
    "size": 4761,
    "min": 0.0,
    "max": 15.616078058757735,
    "mean": 7.041297022737348,
    "std": 2.947875225866114
  }
}