{
  "count": 106,
  "ids_hash": "53f06f777f5c8f9a41dd03ed7349d4a62236a3d9f01b611b427b6e69279fd099",
  "coords_hash": "a39baf9bbfc8d46dedce6ae404e63e4e4b088443342b195adccbf5be3dd0b7be",
  "coords_stats": {
    "shape": [
      106,
      3
    ],
    "size": 318,
    "min": -22.92300033569336,
    "max": -1.2130000591278076,
    "mean": -11.764657248865884,
    "std": 4.893196432301446
  }
}