{
  "f0_hash": "6074ff08941ebd11371573962f647387c94ab77533e31308247f715139b6f8e3",
  "f1_hash": "4802a86af0068f6b8c9cea44bbb8be03b14df66af1efbbce11ff727a65d4b75a",
  "f0_stats": {
    "shape": [
      5
    ],
    "size": 5,
    "min": 0.5887914821989292,
    "max": 103.85296677870781,
    "mean": 22.243778959085788,
    "std": 40.820121206825526
  },
  "f1_stats": {
    "shape": [
      15
    ],
    "size": 15,
    "min": 0.010406927732301341,
    "max": 234.20530606942708,
    "mean": 33.35308580554952,
    "std": 74.29649984023766
  }
}