{
  "count": 109,
  "ids_hash": "f0461c5d7e4882c5257ebc7e5110a5b54a2ea4dc58e90669a606825794586303",
  "coords_hash": "641651b36dba0b8b7c15a8b4e38c064a3f879ef97dfd2ca2d29def7e7208d63a",
  "coords_stats": {
    "shape": [
      109,
      3
    ],
    "size": 327,
    "min": -25.4060001373291,
    "max": 51.612998962402344,
    "mean": 3.555596332666706,
    "std": 28.796461063637526
  }
}