{
  "hash": "a49918a9dd83b685041ff082b9473f6985c1d685038639ff83e9f24bb6b642e2",
  "stats": {
    "shape": [
      83,
      83
    ],
    "size": 6889,
    "min": 0.0,
    "max": 15.78185731244324,
    "mean": 7.448809010254488,
    "std": 3.044736386091088
  }
}