{
  "count": 83,
  "ids_hash": "fe96ac75a8c42f4763734fd1b468f7338b9fc8adedfd50936f2941ca925d40b7",
  "coords_hash": "88a7c1e59dc860560da4a53c55a061d8e24a1ca0b2c6cd47a4ea810007f395b2",
  "coords_stats": {
    "shape": [
      83,
      3
    ],
    "size": 249,
    "min": -8.131999969482422,
    "max": 42.57899856567383,
    "mean": 17.654602398370283,
    "std": 15.70855506668621
  }
}