{
  "count": 86,
  "ids_hash": "eebc6829d978288ed466ab19b150c495e0710d2c3ebac4d09910ff2a583b4b18",
  "coords_hash": "72126bd5913cfaf67ef2b4c723195a8e4b6740941c971fb9dd0a3a598a82dac4",
  "coords_stats": {
    "shape": [
      86,
      3
    ],
    "size": 258,
    "min": -19.704999923706055,
    "max": 29.750999450683594,
    "mean": 0.4845930638239365,
    "std": 16.072864468332927
  }
}