{
  "hash": "d349e33562ca1fa56d444bd3d6e07ebf486690c93099f881c71fb69ea8507dbb",
  "stats": {
    "shape": [
      83,
      83
    ],
    "size": 6889,
    "min": 0.0,
    "max": 15.424144036690901,
    "mean": 7.667079894801214,
    "std": 3.0374418866689084
  }
}