{
  "f0_hash": "bafb19952e2ccad5349f338abe1974d5c1fe119ddf4816e3b8609b28b89b0699",
  "f1_hash": "4064560911700b36e675120d9edd90afb1b4a0c36be09cb657b22c806c3f98a2",
  "f0_stats": {
    "shape": [
      5
    ],
    "size": 5,
    "min": 0.484159852031039,
    "max": 156.09035181367872,
    "mean": 32.63086149895783,
    "std": 61.73993073179989
  },
  "f1_stats": {
    "shape": [
      15
    ],
    "size": 15,
    "min": 0.01062811442547762,
    "max": 438.3110073466444,
    "mean": 61.31762791937023,
    "std": 138.96994780524554
  }
}