{
  "f0_hash": "116f89e3d3f97b30a63a637dfef0c450fbfe21eb977d4a88bacc2bc6fc2ccabe",
  "f1_hash": "5926363a1ade758a99a3f11f1b1a15c323ae5e8f2013345ee9f17f3a8be23f55",
  "f0_stats": {
    "shape": [
      5
    ],
    "size": 5,
    "min": 0.6774064529097507,
    "max": 163.23035845668423,
    "mean": 34.133509021161856,
    "std": 64.55723740351375
  },
  "f1_stats": {
    "shape": [
      15
    ],
    "size": 15,
    "min": 0.010996981141682127,
    "max": 593.6731830505787,
    "mean": 81.95011965163752,
    "std": 190.37002337727517
  }
}