{
  "count": 70,
  "ids_hash": "c8719522f5569096a60f2cda7c8ba51e6bcd934dec264142643114c30199a8a9",
  "coords_hash": "b58a80e3c849a0492d338ceea7a0c57a96d23a3f749f174628ab829d76c8eb46",
  "coords_stats": {
    "shape": [
      70,
      3
    ],
    "size": 210,
    "min": -34.68000030517578,
    "max": 54.99300003051758,
    "mean": 7.774800063119757,
    "std": 31.824495877376236
  }
}