{
  "f0_hash": "01689b6e0acc1ce69501cada862e5a99ab2c4eed41f5ad2bb277068edc828115",
  "f1_hash": "fd17692a247aae3ecba41c15da38a1fc578eb09bbe588e12845c33bc1d011960",
  "f0_stats": {
    "shape": [
      5
    ],
    "size": 5,
    "min": 0.5542667230209777,
    "max": 145.13273331388444,
    "mean": 30.40823883400093,
    "std": 57.37056566429808
  },
  "f1_stats": {
    "shape": [
      15
    ],
    "size": 15,
    "min": 0.01003277155296134,
    "max": 404.4727997414893,
    "mean": 56.472597685098805,
    "std": 128.13453492229056
  }
}