{
  "hash": "d44ccc970d48c5e21f733e7b3407d093a482cd2a79cf1c254cf9857ccdf06eb6",
  "stats": {
    "shape": [
      103,
      103
    ],
    "size": 10609,
    "min": 0.0,
    "max": 15.232088988398997,
    "mean": 7.821363808866452,
    "std": 2.9891309221592253
  }
}