MODEL,PRED_DOCKQ
3SXO,0.8791346
3SXO_af2m,0.85844433
