MODEL,PRED_DOCKQ
6CBC,0.2264186
6CBC_af2m,0.07991268
