{
  "f0_hash": "82f22921c9b36175f07ca62ec9d5f3176abff1c4b86011e76d4aa21d81551628",
  "f1_hash": "d9b64786a683eb26346fb67c4ccf4c9d097a4cd8f03377b536f1287480e10453",
  "f0_stats": {
    "shape": [
      5
    ],
    "size": 5,
    "min": 0.5343529281637114,
    "max": 168.3227754857008,
    "mean": 35.081480064129266,
    "std": 66.62922469176057
  },
  "f1_stats": {
    "shape": [
      15
    ],
    "size": 15,
    "min": 0.010338451159927153,
    "max": 468.49006997286745,
    "mean": 64.55513463793324,
    "std": 148.20019056079002
  }
}