{
  "count": 89,
  "ids_hash": "dfd3f3c1c168391a0712225df1071437e01264e329a1c5a9a419cced05c042f0",
  "coords_hash": "b0b77792c4c77328acfec21bd4ec38810fd4d073a19f82ebde2f3d65044c07fd",
  "coords_stats": {
    "shape": [
      89,
      3
    ],
    "size": 267,
    "min": -35.92399978637695,
    "max": 50.06700134277344,
    "mean": 9.658629092384366,
    "std": 29.4728323785359
  }
}