MODEL,PRED_DOCKQ
1UC2_af2m,0.054719415
1UC2,0.0041555297
