{
  "f0_hash": "6d8170a58a35b5390cf9e6c3134ca5ac498a21e8f2abca2c116332a8f1ef27be",
  "f1_hash": "32227747bd676cfd095a6f18a022a84c0122d5f5c34d458ca3be0a866fd610cb",
  "f0_stats": {
    "shape": [
      5
    ],
    "size": 5,
    "min": 0.5570782197227008,
    "max": 131.42658281922894,
    "mean": 27.6764434311092,
    "std": 51.884592219335325
  },
  "f1_stats": {
    "shape": [
      15
    ],
    "size": 15,
    "min": 0.01092613084311811,
    "max": 305.978668846279,
    "mean": 43.89893807832068,
    "std": 95.79889555478312
  }
}