{
  "count": 97,
  "ids_hash": "da80329498a019690cb818e51a90533f2ee86b93dc916562d379145a98258534",
  "coords_hash": "48e4d2e9695563823622c23fff63fcbab5997a81e1afdff1f32903256397acb0",
  "coords_stats": {
    "shape": [
      97,
      3
    ],
    "size": 291,
    "min": 4.173999786376953,
    "max": 88.33399963378906,
    "mean": 42.15999678647805,
    "std": 29.81022717585527
  }
}