MODEL,PRED_DOCKQ
4XZ7,0.88334733
4XZ7_af2m,0.8671868
