{
  "f0_hash": "a76c3b3a975d079ccce5156221ca57f2a97de1e5c336ac6fb49629c53f765ddd",
  "f1_hash": "5e633eaf71524291ad802c35ad9b906daea5c4eb9351fd89fc5d6cbf7687e018",
  "f0_stats": {
    "shape": [
      5
    ],
    "size": 5,
    "min": 0.47586588736637675,
    "max": 166.1019902554704,
    "mean": 34.59174569169506,
    "std": 65.763093912866
  },
  "f1_stats": {
    "shape": [
      15
    ],
    "size": 15,
    "min": 0.011771697458648589,
    "max": 510.4955638449034,
    "mean": 71.04174021109364,
    "std": 162.65434326141641
  }
}