{
  "hash": "40ae0d1212066ed1b3d1e80edc2430185e60ab60cd035db842b56f37cf3fe52f",
  "stats": {
    "shape": [
      76,
      76
    ],
    "size": 5776,
    "min": 0.0,
    "max": 14.741690719289426,
    "mean": 6.975867367322744,
    "std": 2.8495996366527403
  }
}