MODEL,PRED_DOCKQ
4HH3_af2m,0.34561372
4HH3,0.088153265
