MODEL,PRED_DOCKQ
2O38,0.77859145
2O38_af2m,0.7335658
