{
  "f0_hash": "be4fb1e9a4f260adbf1ee4e35dfe1d1f9cd0502a02b5065d708fd88b011b7858",
  "f1_hash": "60168990ae275dfd83f1fe88c6a73baa9d82a2d2c7c167cd5b3c9644586545f1",
  "f0_stats": {
    "shape": [
      5
    ],
    "size": 5,
    "min": 0.5979087050931554,
    "max": 126.70739639060028,
    "mean": 26.797790893041366,
    "std": 49.96663286828366
  },
  "f1_stats": {
    "shape": [
      15
    ],
    "size": 15,
    "min": 0.010285778884563612,
    "max": 379.1340850242777,
    "mean": 53.947716875856365,
    "std": 120.59801564025457
  }
}