{
  "f0_hash": "03a09f1a43146d8eed4e6df18fa6c831a8146abc0bfbbcc071f953e0060d7a9b",
  "f1_hash": "a303fd0eb5df8013ce1e00a82cee2aac968acdf8d7eaa3cb149ef851550c426c",
  "f0_stats": {
    "shape": [
      5
    ],
    "size": 5,
    "min": 0.4154454603495328,
    "max": 174.17957749748706,
    "mean": 36.17693133395716,
    "std": 69.00894991495444
  },
  "f1_stats": {
    "shape": [
      15
    ],
    "size": 15,
    "min": 0.010221671471554394,
    "max": 537.2786074679159,
    "mean": 74.20539308168469,
    "std": 170.88663698772126
  }
}