MODEL,PRED_DOCKQ
5Z49_af2m,0.7572255
5Z49,0.6368454
