{
  "f0_hash": "29687d8cee6182a978614a58ff755fec5819112fef52250b2827e8aaaed18972",
  "f1_hash": "399832ee4969e7f1a1c2ad8501186ad23a4054f513d35a0516e86a2d23c03737",
  "f0_stats": {
    "shape": [
      5
    ],
    "size": 5,
    "min": 0.5457044843293318,
    "max": 113.16062986713878,
    "mean": 24.015192423589145,
    "std": 44.58387308594487
  },
  "f1_stats": {
    "shape": [
      15
    ],
    "size": 15,
    "min": 0.010909151084629087,
    "max": 230.11435141765867,
    "mean": 32.795148428846936,
    "std": 71.86129604670268
  }
}