{
  "hash": "c8393f33c4e9d4a077021122ecafccefd8bf19511278d22cef1a7b16e08948a8",
  "stats": {
    "shape": [
      67,
      67
    ],
    "size": 4489,
    "min": 0.0,
    "max": 15.463547843368431,
    "mean": 6.966331825079935,
    "std": 2.9302655360142484
  }
}