{
  "hash": "1739deb2a944d2bf74d77d19a0d64fa2e5be11886274312ff053b11b943bd121",
  "stats": {
    "shape": [
      94,
      94
    ],
    "size": 8836,
    "min": 0.0,
    "max": 15.409582267519848,
    "mean": 7.671667286140907,
    "std": 3.0544584072613494
  }
}