{
  "hash": "31bb69590439013643207f181864583235e0092bf5409f3ef5ceae0d05c0ac4f",
  "stats": {
    "shape": [
      87,
      87
    ],
    "size": 7569,
    "min": 0.0,
    "max": 15.538172769898745,
    "mean": 7.749590786593759,
    "std": 3.0983970970767225
  }
}