{
  "hash": "af07f62b5f9c3375f00936d0c8b45d154339eda2781450ba4b787bf09e12af87",
  "stats": {
    "shape": [
      70,
      70
    ],
    "size": 4900,
    "min": 0.0,
    "max": 15.351043235893643,
    "mean": 7.177074570758076,
    "std": 3.040426027506359
  }
}