MODEL,PRED_DOCKQ
2W2G_af2m,0.062326733
2W2G,0.029751847
