{
  "f0_hash": "894b940e6e23f8a0706ff713d23c1dee8c8aa1d3e2839adcfc948da6b5451186",
  "f1_hash": "a64d9a3a49f9a93e1b6a52caad0ea910a3a2ddf9224107ddc813432b1aea1d99",
  "f0_stats": {
    "shape": [
      5
    ],
    "size": 5,
    "min": 0.4397513106396861,
    "max": 159.57248543613412,
    "mean": 33.22326994455177,
    "std": 63.18177271605238
  },
  "f1_stats": {
    "shape": [
      15
    ],
    "size": 15,
    "min": 0.011268562723680597,
    "max": 460.8143345298348,
    "mean": 64.01887570539772,
    "std": 145.13588247884832
  }
}