{
  "hash": "b19521441340e03e9db17f48d813032ae189533840ab5518e4dfdc6833c1a170",
  "stats": {
    "shape": [
      70,
      70
    ],
    "size": 4900,
    "min": 0.0,
    "max": 15.549831467825758,
    "mean": 7.110332392052886,
    "std": 2.9030856369353644
  }
}