{
  "count": 109,
  "ids_hash": "3623bc589b2fb0d916ea515c00bc54da25cf89ce11c147db00cd8459c7e255b7",
  "coords_hash": "179bda6b4574e44934895e937ff67ed9591cd7c6321c64590cb51339a92ddfa5",
  "coords_stats": {
    "shape": [
      109,
      3
    ],
    "size": 327,
    "min": -10.701000213623047,
    "max": 74.72100067138672,
    "mean": 24.167100945880655,
    "std": 31.461045515733225
  }
}