{
  "f0_hash": "37b857acc9bb318ce8d20d2bf29fb891dff34dbeb0fde49a10940f6128fd2aac",
  "f1_hash": "cf5b7f4e20237bb59fb619ce848f931c69368d3124d2de42330ade0d2e07ad20",
  "f0_stats": {
    "shape": [
      5
    ],
    "size": 5,
    "min": 0.5278832943062517,
    "max": 104.09251509303436,
    "mean": 22.273757890829035,
    "std": 40.92533027991628
  },
  "f1_stats": {
    "shape": [
      15
    ],
    "size": 15,
    "min": 0.013126979304327158,
    "max": 242.2883319679667,
    "mean": 36.60260331097182,
    "std": 76.51497195532289
  }
}