{
  "hash": "3ed971ce4052252ba38d6f56af239ad82d5e2df49d038a0d9d633b4057b8a592",
  "stats": {
    "shape": [
      120,
      120
    ],
    "size": 14400,
    "min": 0.0,
    "max": 15.909224714486886,
    "mean": 7.947858506394183,
    "std": 3.0213851419004834
  }
}