{
  "count": 79,
  "ids_hash": "28f48b939f2e5bde5f59c86ceecb5bcebc5a30241aaadef61b3fd66ca3657bab",
  "coords_hash": "57997dbdc2435253c2047b908ab81fa0166be4defe00a72f66644a49c92b481e",
  "coords_stats": {
    "shape": [
      79,
      3
    ],
    "size": 237,
    "min": -39.45800018310547,
    "max": 24.343000411987305,
    "mean": -4.3480590655456615,
    "std": 20.022870946825098
  }
}