{
  "hash": "e540c06152873a0a1233bdaf3bf02d06582eca8a53795bd3c24c4ceeb4946138",
  "stats": {
    "shape": [
      130,
      130
    ],
    "size": 16900,
    "min": 0.0,
    "max": 15.838280644268423,
    "mean": 8.048472322223478,
    "std": 3.0451186322894537
  }
}