MODEL,PRED_DOCKQ
3ZGX,0.75971246
3ZGX_af2m,0.7268323
