{
  "hash": "2b6d32541f81cb84bf8b071e3a30997d43e5876bf999482344ff77d6c2f9ef7b",
  "stats": {
    "shape": [
      112,
      112
    ],
    "size": 12544,
    "min": 0.0,
    "max": 15.795403119601033,
    "mean": 7.923094515396634,
    "std": 3.0294401437370837
  }
}