{
  "hash": "dc038074248892577b17c6a121d3b2e4d08b101b2d05ba0cdf77528ce6f37925",
  "stats": {
    "shape": [
      76,
      76
    ],
    "size": 5776,
    "min": 0.0,
    "max": 15.55745566244848,
    "mean": 7.271139472663346,
    "std": 3.080179610098968
  }
}