{
  "hash": "d0ea4d77fe9b8ecaf5f8fefe271cc91c180d111bdc603bcd6840fd55988dcb85",
  "stats": {
    "shape": [
      58,
      58
    ],
    "size": 3364,
    "min": 0.0,
    "max": 14.912838335429846,
    "mean": 6.755146282086195,
    "std": 2.7883443424783496
  }
}