{
  "f0_hash": "677b2434416180a6f0ba4fcb09bb7c0aa12e8ce1253270070c929e51591a6d2d",
  "f1_hash": "10b537e5b8c96fd93bc71ee59acf4e0101ec522357a058f327c7680ab28347e8",
  "f0_stats": {
    "shape": [
      5
    ],
    "size": 5,
    "min": 0.4161156042828112,
    "max": 86.81050507613578,
    "mean": 18.67706317241278,
    "std": 34.0808062535514
  },
  "f1_stats": {
    "shape": [
      15
    ],
    "size": 15,
    "min": 0.01060446989939745,
    "max": 161.83946165144036,
    "mean": 24.164528547976452,
    "std": 51.0225485238943
  }
}