{
  "f0_hash": "adc386ccd221945f603a7e57149878e46cadbfd92857a65d93f8bcd16455b4b0",
  "f1_hash": "4c021f0d7e84ae953de38fe2f86531430ed48badb659e9b815f99aba19708842",
  "f0_stats": {
    "shape": [
      5
    ],
    "size": 5,
    "min": 0.37884618299117717,
    "max": 128.69541005480787,
    "mean": 27.08917319675834,
    "std": 50.81439952708708
  },
  "f1_stats": {
    "shape": [
      15
    ],
    "size": 15,
    "min": 0.010900683004152256,
    "max": 356.29435533475566,
    "mean": 49.812513066514164,
    "std": 113.39184685261861
  }
}