{
  "count": 92,
  "ids_hash": "87ff6eb9b99992ed761375be4a9ebbbe16bc2fa9fb935f7f5a2a5f89a1827172",
  "coords_hash": "955ef91766e6c9c9e9686780682f44ef6cb68ee2981dd3b2ebf5ccdefa4d79df",
  "coords_stats": {
    "shape": [
      92,
      3
    ],
    "size": 276,
    "min": -17.216999053955078,
    "max": 33.395999908447266,
    "mean": 8.265297129534293,
    "std": 15.675497614776697
  }
}