{
  "f0_hash": "2616ab172d8c4adae9efb718384b8c2fddbea223c2ae7d21432b498d93c5cf50",
  "f1_hash": "2120da44ce9447895e1338a3436b0a6cdddca36c160d5a0dd69a4ef4fb7af30f",
  "f0_stats": {
    "shape": [
      5
    ],
    "size": 5,
    "min": 0.37948442046218683,
    "max": 160.09291785103417,
    "mean": 33.31431455534838,
    "std": 63.39693705418952
  },
  "f1_stats": {
    "shape": [
      15
    ],
    "size": 15,
    "min": 0.010271458973482694,
    "max": 485.400733269527,
    "mean": 67.3440719613733,
    "std": 154.58849082701818
  }
}