MODEL,PRED_DOCKQ
3KZH,0.82120705
3KZH_af2m,0.5745443
