MODEL,PRED_DOCKQ
4ZR8,0.880945
4ZR8_af2m,0.8105397
