{
  "count": 97,
  "ids_hash": "98175651dc2799712dd2077c88ce727b4cef663e33987832878e8e22579bd43c",
  "coords_hash": "996d4a3b12a285d122eaeb0dbcb7db0370296e04eacb1029933ef07fbeda3394",
  "coords_stats": {
    "shape": [
      97,
      3
    ],
    "size": 291,
    "min": 4.173999786376953,
    "max": 88.33399963378906,
    "mean": 42.15999678647805,
    "std": 29.81022717585527
  }
}