{
  "count": 92,
  "ids_hash": "41569ff62e8c29693ddd6c75472be3a97f7412f6c106ebd1f3961167ddb5236f",
  "coords_hash": "8b822016469d4588ad846038ab5844cc6f783f37f689f08c96873ded1ddd9990",
  "coords_stats": {
    "shape": [
      92,
      3
    ],
    "size": 276,
    "min": -23.375999450683594,
    "max": 9.875,
    "mean": -3.5970180583780333,
    "std": 9.214932722954039
  }
}