{
  "count": 106,
  "ids_hash": "d338ba5c0e68c75d878116bc47ca626d9d63ae7c0a2d597770a526e0c57584b0",
  "coords_hash": "d7f9575e14101bb96687bd8c90014f78469e4ce6c0ac08d0de54addc8ab674c1",
  "coords_stats": {
    "shape": [
      106,
      3
    ],
    "size": 318,
    "min": 5.14300012588501,
    "max": 49.090999603271484,
    "mean": 23.659735765097277,
    "std": 13.941112177106282
  }
}