{
  "count": 122,
  "ids_hash": "3ea6631e5d032c62952f70b95c910409f9ede7de99759eb51bf6990204bf63c2",
  "coords_hash": "fff4c9459c51d8f335db0bb6323531a8273ebf6c72a6bb3a28ddb1227bc361f7",
  "coords_stats": {
    "shape": [
      122,
      3
    ],
    "size": 366,
    "min": -6.953999996185303,
    "max": 41.821998596191406,
    "mean": 19.37406824042644,
    "std": 14.442829214054807
  }
}