{
  "hash": "f68519cf6da3bad61607bc8d3e013bc2de4ee4a7b8c4de3c260890ac22ec3948",
  "stats": {
    "shape": [
      89,
      89
    ],
    "size": 7921,
    "min": 0.0,
    "max": 15.484834174615271,
    "mean": 7.656484339222702,
    "std": 3.052644288662717
  }
}