{
  "count": 112,
  "ids_hash": "9ea4dcaba5fa64e88f158a353c2db1b38bf7af21056fa8461b082612c7df0c2f",
  "coords_hash": "eb5a6ca483badab8070265914a7c9fb08ee59ae04f67c73c43e32c3d4819aff5",
  "coords_stats": {
    "shape": [
      112,
      3
    ],
    "size": 336,
    "min": -6.035999774932861,
    "max": 88.6760025024414,
    "mean": 37.023333209710906,
    "std": 33.74623022974962
  }
}