{
  "f0_hash": "c076db5b8f7c2de91e1649ac34350436e7611435f5511980ba6830a988b19b46",
  "f1_hash": "4676ad672ce82f4cca1118ee753d3b073a2a9ac2d78841214666e68c2f229690",
  "f0_stats": {
    "shape": [
      5
    ],
    "size": 5,
    "min": 0.4829053937534999,
    "max": 158.18648939066702,
    "mean": 33.04145152068735,
    "std": 62.58201550611724
  },
  "f1_stats": {
    "shape": [
      15
    ],
    "size": 15,
    "min": 0.010664019532249824,
    "max": 505.7554648680251,
    "mean": 70.42706708870044,
    "std": 160.46071779893177
  }
}