{
  "count": 85,
  "ids_hash": "8c2cc2f2ce63ff0919d07ebc538f17252e27fb6e1b159c71831f0a2854c9a6d7",
  "coords_hash": "e004bbf9d9dee482a9d54f6345f56b0648d010a5e02c3ce95721b896b6f0ea96",
  "coords_stats": {
    "shape": [
      85,
      3
    ],
    "size": 255,
    "min": 11.170000076293945,
    "max": 50.430999755859375,
    "mean": 28.496286332373526,
    "std": 11.454288727078392
  }
}