{
  "f0_hash": "b758fcb3801172c3fbabd45dfa5a99148b1d73cc12ad719fcf685119ab3faa37",
  "f1_hash": "a75cf1b75d915e5ade593ca7f0960f23cf6c8b8d436b4051e6bfbcc53dfe1e85",
  "f0_stats": {
    "shape": [
      5
    ],
    "size": 5,
    "min": 0.49830072311199336,
    "max": 170.85368279199994,
    "mean": 35.644949421708674,
    "std": 67.61488715533326
  },
  "f1_stats": {
    "shape": [
      15
    ],
    "size": 15,
    "min": 0.012585772781201321,
    "max": 454.41169718485764,
    "mean": 62.560000957413294,
    "std": 142.7693604501207
  }
}