{
  "count": 152,
  "ids_hash": "5e9c539a067306dc04288b3241266d79bd023a728127c4deff1292e0ddd3e651",
  "coords_hash": "3a9cecce4f3e148ae6088c37e625a8f68b5a304b3f052f005bc36f149e7243ba",
  "coords_stats": {
    "shape": [
      152,
      3
    ],
    "size": 456,
    "min": -34.292999267578125,
    "max": 23.554000854492188,
    "mean": -10.330864025835405,
    "std": 18.64796715361135
  }
}