{
  "f0_hash": "e8e8cf744ce9faaa256a861c32f3804a61faf8b46411fbd40729069b1e94d83f",
  "f1_hash": "5b6297bf514a764e647d2f20169d046236bc6c2afc49f1669c72cecbba762778",
  "f0_stats": {
    "shape": [
      5
    ],
    "size": 5,
    "min": 0.40441105064919264,
    "max": 103.15374444393466,
    "mean": 21.93568394061233,
    "std": 40.621143549929386
  },
  "f1_stats": {
    "shape": [
      15
    ],
    "size": 15,
    "min": 0.010375797877771653,
    "max": 211.67322208847634,
    "mean": 30.12331657521468,
    "std": 67.1779387675875
  }
}