MODEL,PRED_DOCKQ
2AXW_af2m,0.070824064
2AXW,0.014046368
