{
  "hash": "9ffbe75bfc26f5ae29e8f746c08806e0609ceb4f5a207a695cc4618cc1f14c8d",
  "stats": {
    "shape": [
      77,
      77
    ],
    "size": 5929,
    "min": 0.0,
    "max": 15.593593058659451,
    "mean": 7.71007304551885,
    "std": 3.214842872997388
  }
}