{
  "f0_hash": "2299c6a430fa6b824c818de55eb3b8854e4909ff1f71cc59959b1047f140ca85",
  "f1_hash": "8dcc052245eb388c4cef2362e236f7990184c42a45a28b28c5b7b3a5b1432e97",
  "f0_stats": {
    "shape": [
      5
    ],
    "size": 5,
    "min": 0.5244286037087399,
    "max": 158.35622930341376,
    "mean": 33.046184768197875,
    "std": 62.66297627341933
  },
  "f1_stats": {
    "shape": [
      15
    ],
    "size": 15,
    "min": 0.01142686624253253,
    "max": 483.6524595317515,
    "mean": 66.56702279755594,
    "std": 154.19745209981994
  }
}