MODEL,PRED_DOCKQ
3AJM_af2m,0.76902825
3AJM,0.20228626
