{
  "hash": "37523420a2f4f0921a158a459ebb48ad1dfa0ada150e02dbf0c8515b56e389fe",
  "stats": {
    "shape": [
      95,
      95
    ],
    "size": 9025,
    "min": 0.0,
    "max": 15.599237472721624,
    "mean": 7.672278458697112,
    "std": 3.018180581407045
  }
}