{
  "f0_hash": "bc3059fae62a425eca1d77959934037ac974ac16343cc90b79c2d6aed6e04d9b",
  "f1_hash": "116bb64d1a9936ebf658ffbfceaf88aa1540c38b2318047b05794bcb2feaa8a7",
  "f0_stats": {
    "shape": [
      5
    ],
    "size": 5,
    "min": 0.2693988881947342,
    "max": 88.79238702078327,
    "mean": 18.912484693610278,
    "std": 34.94941943280099
  },
  "f1_stats": {
    "shape": [
      15
    ],
    "size": 15,
    "min": 0.014310432986280652,
    "max": 148.2826786472021,
    "mean": 22.143146195828486,
    "std": 46.55975829634375
  }
}