{
  "hash": "40e2df8b23e2d785b8a4b18a38ce87cc8dabd11746ab86cda6bd25ce4e249f69",
  "stats": {
    "shape": [
      90,
      90
    ],
    "size": 8100,
    "min": 0.0,
    "max": 14.89212168810827,
    "mean": 7.526477659557412,
    "std": 2.9751803632143616
  }
}