MODEL,PRED_DOCKQ
4P78_af2m,0.8464381
4P78,0.754713
