{
  "f0_hash": "6477c68ae663b2cb35531b06ee61addfba1403cfce7b38425e8fb3411ff94941",
  "f1_hash": "8bbb0a7af6659d876c7dee2d55fb5b0ca14691e69b4723a2b4dfa857cbb34639",
  "f0_stats": {
    "shape": [
      5
    ],
    "size": 5,
    "min": 0.2692992839211001,
    "max": 88.78947965994006,
    "mean": 18.911509052859532,
    "std": 34.94844446387052
  },
  "f1_stats": {
    "shape": [
      15
    ],
    "size": 15,
    "min": 0.014411028395769687,
    "max": 148.28361319481616,
    "mean": 22.14313169465284,
    "std": 46.56095008102451
  }
}