{
  "f0_hash": "2d889e477388b82f7db4570a133ebcd374230625b08d7707ec3f8f1428f7afe2",
  "f1_hash": "e9ea94b6b4e5c5b70a456d13bd54c5255b084bc6369db5131c4866824bfd1210",
  "f0_stats": {
    "shape": [
      5
    ],
    "size": 5,
    "min": 0.47707140485491417,
    "max": 141.41007535744188,
    "mean": 29.772952798020356,
    "std": 55.83288270588431
  },
  "f1_stats": {
    "shape": [
      15
    ],
    "size": 15,
    "min": 0.010195426853619516,
    "max": 386.0910956556355,
    "mean": 54.56810848571177,
    "std": 121.46536637975554
  }
}