MODEL,PRED_DOCKQ
4XZR_af2m,0.31782085
4XZR,0.09592626
