MODEL,PRED_DOCKQ
3ZIH_af2m,0.88871723
3ZIH,0.7655389
