{
  "count": 115,
  "ids_hash": "f0d88c1756eaf5707b93d592a6c36b07314aa164f2643331b182b28de9ba2eaf",
  "coords_hash": "7352471cb27a66d65ad1be5a29b88894b4278321d1ac725173c71f9d68cda0b5",
  "coords_stats": {
    "shape": [
      115,
      3
    ],
    "size": 345,
    "min": -24.124000549316406,
    "max": 33.10499954223633,
    "mean": 10.464901462499647,
    "std": 19.54691386027198
  }
}