{
  "hash": "f00231617e520c6930ee9f86f1435f1e1c0910d94c7c71b007b9bb7d55d1ac74",
  "stats": {
    "shape": [
      79,
      79
    ],
    "size": 6241,
    "min": 0.0,
    "max": 15.537764448964559,
    "mean": 7.2864293786543035,
    "std": 2.9552035795402416
  }
}