{
  "f0_hash": "8ae62857ff7a18411d20b6b9aa0268aef1dcc99f1b49971f077dcee1961efe7a",
  "f1_hash": "0e08462e26c0a69fdf8ecf274d3a335529ed34c5a845c38fd0d3f949d321fbd2",
  "f0_stats": {
    "shape": [
      5
    ],
    "size": 5,
    "min": 0.6386935416446933,
    "max": 141.3886663525565,
    "mean": 29.723013099164216,
    "std": 55.842391706681
  },
  "f1_stats": {
    "shape": [
      15
    ],
    "size": 15,
    "min": 0.010992610870133923,
    "max": 401.83313054331734,
    "mean": 56.16876988437881,
    "std": 128.2284885706856
  }
}