{
  "count": 119,
  "ids_hash": "a9787379250e14594c87a166889c5c0c320c87a314493ff33b9f75fec1b578f7",
  "coords_hash": "e46a83038a5ef720dc27195aab4656716ed56ed5ef8a5eb8eb4a0c234701f18f",
  "coords_stats": {
    "shape": [
      119,
      3
    ],
    "size": 357,
    "min": -15.317000389099121,
    "max": 12.902000427246094,
    "mean": 1.107406154723645,
    "std": 7.267504570958351
  }
}