MODEL,PRED_DOCKQ
6VTV_af2m,0.86968035
6VTV,0.82511747
