{
  "count": 79,
  "ids_hash": "1d4ded8bfd0a6185bf9c06ac200fc470d1f8f368c15c868e184eff5aa38b45ff",
  "coords_hash": "cbab3428e2027169a143e477abebbad94ac45a89874bfcbd7adf96d20ca9433d",
  "coords_stats": {
    "shape": [
      79,
      3
    ],
    "size": 237,
    "min": -1.9709999561309814,
    "max": 18.277999877929688,
    "mean": 7.970978941017848,
    "std": 5.074738652202447
  }
}