{
  "f0_hash": "79c3fdc52a678299012edcd2b4e2fbce0d74f99d856e687a588e4e068bc22147",
  "f1_hash": "455d20764787a24a5d2678209ce237105b0489ce9f87213b453a8ed182aaa52e",
  "f0_stats": {
    "shape": [
      5
    ],
    "size": 5,
    "min": 0.28150585873662853,
    "max": 140.62248153497785,
    "mean": 29.305612964225684,
    "std": 55.66495017273714
  },
  "f1_stats": {
    "shape": [
      15
    ],
    "size": 15,
    "min": 0.010341882465022323,
    "max": 362.06086358655034,
    "mean": 50.48893166359666,
    "std": 114.53822744413338
  }
}