MODEL,PRED_DOCKQ
3PAS,0.76471955
3PAS_af2m,0.49098337
