{
  "hash": "36b96b123f5cd28bb1125061e1f6efa8804f20742a69e23a88c277bcffb03ac2",
  "stats": {
    "shape": [
      112,
      112
    ],
    "size": 12544,
    "min": 0.0,
    "max": 15.438961221965211,
    "mean": 7.8165015590487945,
    "std": 2.957267651931226
  }
}