MODEL,PRED_DOCKQ
1Z0J_af2m,0.8796764
1Z0J,0.12644945
