{
  "f0_hash": "6ff03950ff6912a101b747b7758ad715bec525c8d92fce6497ccefdc94849e6a",
  "f1_hash": "ea1decbb98d2a7285152246ae4eeb7310f9767e119f2e1e95998f67943dfcdee",
  "f0_stats": {
    "shape": [
      5
    ],
    "size": 5,
    "min": 0.4104045540970789,
    "max": 141.1036952900429,
    "mean": 29.56776278179562,
    "std": 55.777958006932494
  },
  "f1_stats": {
    "shape": [
      15
    ],
    "size": 15,
    "min": 0.01021056505595297,
    "max": 333.53823053457137,
    "mean": 47.00898809986472,
    "std": 104.68951103999633
  }
}