{
  "hash": "63abd0f6a3d273d8f3e6dbc01f5af0d17316ac1bc287a276245edc312617b0d3",
  "stats": {
    "shape": [
      110,
      110
    ],
    "size": 12100,
    "min": 0.0,
    "max": 15.549911534688581,
    "mean": 7.9079206429618125,
    "std": 3.0157661360946086
  }
}