{
  "hash": "409890523f5aed3a4b7e258bf9beef46670dfd153494571650b920efaade8aea",
  "stats": {
    "shape": [
      77,
      77
    ],
    "size": 5929,
    "min": 0.0,
    "max": 15.369927148288712,
    "mean": 7.0725450395849325,
    "std": 2.985725213790184
  }
}