{
  "hash": "87a44ac7f540b77822a884a714b9ea88f872b3f4580a6937818abf77605e6f8b",
  "stats": {
    "shape": [
      109,
      109
    ],
    "size": 11881,
    "min": 0.0,
    "max": 15.283527563814776,
    "mean": 8.04991521267068,
    "std": 3.0698576899356973
  }
}