{
  "f0_hash": "67eb7e44af49615a34e4f6e916ad850b67521f35f95da0847bf90ad73b3bfd6d",
  "f1_hash": "e3c3003e93ca6f47d60f72072fc80aada4dbb3c4a48e342d544a48f5ecddd7dc",
  "f0_stats": {
    "shape": [
      5
    ],
    "size": 5,
    "min": 0.5413116428119874,
    "max": 172.05877047163005,
    "mean": 35.871080065390956,
    "std": 68.10348124613229
  },
  "f1_stats": {
    "shape": [
      15
    ],
    "size": 15,
    "min": 0.013489698291200725,
    "max": 556.8102113484879,
    "mean": 76.56104235066927,
    "std": 177.40991976324278
  }
}