{
  "hash": "fa6480af0f4bb2dbbbfc02d0ec3f9b1efb3c322014ffc191fa99ffde812f63fd",
  "stats": {
    "shape": [
      76,
      76
    ],
    "size": 5776,
    "min": 0.0,
    "max": 15.237530434059275,
    "mean": 7.334008102337023,
    "std": 3.032650214191986
  }
}