{
  "count": 100,
  "ids_hash": "0afca48c26bf96fb708975242fdc9547a39be996010f41ea3051e186a39157e9",
  "coords_hash": "ac5506cb80f997694ccf3f6a4738d4eba3ed9c9d604cf926b344eb76bbd99f60",
  "coords_stats": {
    "shape": [
      100,
      3
    ],
    "size": 300,
    "min": 9.352999687194824,
    "max": 61.922000885009766,
    "mean": 29.634683335622153,
    "std": 17.32913465685279
  }
}