{
  "count": 85,
  "ids_hash": "5d1efd467c9b382973f4426ed825d0ecc8e50f013994587f6bcef50adaad8341",
  "coords_hash": "ee7dff59771718c05b9d0fb2290c98dca9efa7c8b1b0910f32cc5ecad42d4f16",
  "coords_stats": {
    "shape": [
      85,
      3
    ],
    "size": 255,
    "min": -34.665000915527344,
    "max": 87.19499969482422,
    "mean": 13.562298022999483,
    "std": 47.95147953059605
  }
}