{
  "f0_hash": "04ca8e1b12473f706936a92993f8f9ceb75d5039f416a6c73cc8d1dfb05b9f46",
  "f1_hash": "b2c947f417c9b1c57f26acffcd249b2a54ef5acc60ba5455d3376b245ba03bb0",
  "f0_stats": {
    "shape": [
      5
    ],
    "size": 5,
    "min": 0.5148423454647043,
    "max": 181.53037713903214,
    "mean": 37.70929306244023,
    "std": 71.91828289043683
  },
  "f1_stats": {
    "shape": [
      15
    ],
    "size": 15,
    "min": 0.010393513581041347,
    "max": 589.7476289420877,
    "mean": 80.86641033700931,
    "std": 187.05894591521673
  }
}