{
  "hash": "27a94c5fdb1287b45c780805a10155ff1a013e8d570bd0f54372c294f7e132bc",
  "stats": {
    "shape": [
      117,
      117
    ],
    "size": 13689,
    "min": 0.0,
    "max": 15.578875280512397,
    "mean": 7.940049473339744,
    "std": 3.0289532786726183
  }
}