{
  "hash": "f44bd770f7fa44352720c91cbb08035eca5bc6f8181af7780e5785afe2b5a3bf",
  "stats": {
    "shape": [
      107,
      107
    ],
    "size": 11449,
    "min": 0.0,
    "max": 15.263158602058652,
    "mean": 7.973238720293219,
    "std": 3.1127384740761768
  }
}