{
  "hash": "ec348cc41e724393feefaa96fe673aaf4e101cb8096e941b6118683245cc77d1",
  "stats": {
    "shape": [
      112,
      112
    ],
    "size": 12544,
    "min": 0.0,
    "max": 15.791708859250896,
    "mean": 8.00633991716989,
    "std": 3.055680914113132
  }
}