{
  "count": 126,
  "ids_hash": "903145ee9f9b5df2698a46e6e7284f28601d3686562ccb903c98750217749c95",
  "coords_hash": "9996eb73f20bfe088c6ef6ed30b6f2f77f373782603794f55279b1053892fd9d",
  "coords_stats": {
    "shape": [
      126,
      3
    ],
    "size": 378,
    "min": -17.125,
    "max": 36.915000915527344,
    "mean": 14.805084688322884,
    "std": 17.548735428281148
  }
}