{
  "count": 105,
  "ids_hash": "e8607c0f210413e0a7205ca6fa640fe1e0e64820f6966fc55dab7d1159834450",
  "coords_hash": "1a7d35aa957ae3a08d95a681c3d9ac53ba87e8f614051171d59c64b268a4f405",
  "coords_stats": {
    "shape": [
      105,
      3
    ],
    "size": 315,
    "min": -4.8520002365112305,
    "max": 89.52899932861328,
    "mean": 40.00653948193741,
    "std": 33.51821674013985
  }
}