{
  "hash": "df0b6544110c26a50748791a5b65ecc9447f8c495ffba0b115e072c5b4635360",
  "stats": {
    "shape": [
      82,
      82
    ],
    "size": 6724,
    "min": 0.0,
    "max": 15.396821392821746,
    "mean": 7.212330681615303,
    "std": 2.8928065124785083
  }
}