{
  "count": 59,
  "ids_hash": "79ff67310348cd6da241b1f8061c066cc361fc96293a065aa28528c698a21da7",
  "coords_hash": "a94e3cfcb199a05917514f56e9f06cd5d2e783c155448df9124ca7ad5c1feba9",
  "coords_stats": {
    "shape": [
      59,
      3
    ],
    "size": 177,
    "min": 23.46500015258789,
    "max": 79.85600280761719,
    "mean": 46.71230514440159,
    "std": 20.292774969677183
  }
}