{
  "count": 110,
  "ids_hash": "8e2c5fb9718b2fb72f276385f8770f37fd7296bfcbb100fc598a16fcc1972a6a",
  "coords_hash": "3fe6c3ad851db87cec83cef33f55685b7bf671c287fecfec9b89df5ec0c46040",
  "coords_stats": {
    "shape": [
      110,
      3
    ],
    "size": 330,
    "min": -18.868000030517578,
    "max": 55.36399841308594,
    "mean": 11.867193955637402,
    "std": 26.13266744979532
  }
}