{
  "count": 51,
  "ids_hash": "c776c9fd5072536dcc1ef4a833290d76f4bf3b49c4c75a3b61f596d9ba38d8f6",
  "coords_hash": "3d9117b60b441e50396e31a6a2c6e4e3f39ba653f3c40490c94f6e1bb24a9431",
  "coords_stats": {
    "shape": [
      51,
      3
    ],
    "size": 153,
    "min": -3.813999891281128,
    "max": 83.50800323486328,
    "mean": 30.984993405061854,
    "std": 33.1562372754483
  }
}