{
  "f0_hash": "4338d5b3a0081a270d63a0a18850f650541c4f0ecdf2c6630205ad946793d138",
  "f1_hash": "f1f2f33a692d78184daf9a887ac98596723cb63746a7b2768afe1dc1bf471dc5",
  "f0_stats": {
    "shape": [
      5
    ],
    "size": 5,
    "min": 0.3734330341439347,
    "max": 125.91134262792778,
    "mean": 26.448973305346122,
    "std": 49.739929352688726
  },
  "f1_stats": {
    "shape": [
      15
    ],
    "size": 15,
    "min": 0.010724348941089534,
    "max": 345.8801135520405,
    "mean": 48.35608749495327,
    "std": 110.49996293088759
  }
}