{
  "f0_hash": "c73d892b08c873ed6b113a2630112eb9e15005b3021d45f1255aa1cbe6fe754f",
  "f1_hash": "66db737484218295ac3ef78d3d0bc9c108363e296dd96ab9f8c2e629e7165838",
  "f0_stats": {
    "shape": [
      5
    ],
    "size": 5,
    "min": 0.6185782108446326,
    "max": 105.36091124049402,
    "mean": 22.67220233388777,
    "std": 41.367762163831046
  },
  "f1_stats": {
    "shape": [
      15
    ],
    "size": 15,
    "min": 0.01634984391705885,
    "max": 210.42202416480708,
    "mean": 30.761420282376296,
    "std": 66.1137008557674
  }
}