{
  "hash": "df3b18d4987d03ccef2f16fb431fdef6f31e2a8648b8ab194d003d9be08d20d1",
  "stats": {
    "shape": [
      121,
      121
    ],
    "size": 14641,
    "min": 0.0,
    "max": 15.44914442509582,
    "mean": 8.005049199063718,
    "std": 3.0603649813278575
  }
}