MODEL,PRED_DOCKQ
3W20_af2m,0.8967453
3W20,0.80067915
