{
  "hash": "1e6a76ad504dcd186b635656ed8ed7ca55424ccc8374b83fdace63a3a7174384",
  "stats": {
    "shape": [
      110,
      110
    ],
    "size": 12100,
    "min": 0.0,
    "max": 15.547058247303092,
    "mean": 8.24660578441851,
    "std": 3.1176652752676444
  }
}