{
  "f0_hash": "3f48f639ad1f4af0336a4415c63b825b72bac1fa528b0b8d22c4d2a0a912c281",
  "f1_hash": "aa6fcd0fd4081103eef612e28d022bf644afedb45a9aa442b96ce652d08f69a3",
  "f0_stats": {
    "shape": [
      5
    ],
    "size": 5,
    "min": 0.4491043513079929,
    "max": 147.36662086705377,
    "mean": 30.868140840450774,
    "std": 58.259630655202415
  },
  "f1_stats": {
    "shape": [
      15
    ],
    "size": 15,
    "min": 0.012960254422846873,
    "max": 392.69937152683644,
    "mean": 55.158529858207515,
    "std": 123.87426124409662
  }
}