{
  "count": 91,
  "ids_hash": "8e3d5850554928b3d094d391670d7af21315ba1583f21e71fccf7fb98ff2495b",
  "coords_hash": "a23a0f0cb68cf5fb2f9c13452e400d226374ce8f05976f039ac7871edb720b92",
  "coords_stats": {
    "shape": [
      91,
      3
    ],
    "size": 273,
    "min": -4.784999847412109,
    "max": 51.641998291015625,
    "mean": 23.14502932329495,
    "std": 17.44386877696278
  }
}