MODEL,PRED_DOCKQ
1YDW,0.87770534
1YDW_af2m,0.81647694
