{
  "hash": "46b64fe9b47264415e8c0dcac6bec863c988be0282e7a025a350479e496a54a2",
  "stats": {
    "shape": [
      101,
      101
    ],
    "size": 10201,
    "min": 0.0,
    "max": 15.546434082767297,
    "mean": 8.057596658707498,
    "std": 3.084675960999574
  }
}