{
  "count": 217,
  "ids_hash": "88de174d9dcdf89ff8251b52ea6c8707be5fdc0bfe7d7d90fcb95c4ab954801b",
  "coords_hash": "8cd5a2d54ffa83a7bc300932600d410d8b9b92b72797b410338bb7e0093d3dff",
  "coords_stats": {
    "shape": [
      217,
      3
    ],
    "size": 651,
    "min": -14.604000091552734,
    "max": 8.873000144958496,
    "mean": -3.793685092987384,
    "std": 5.181633868737036
  }
}