{
  "hash": "c0bca61abd75e9b5415cb0ae5fb2b33290651c575c833e9364aca2bb38899256",
  "stats": {
    "shape": [
      108,
      108
    ],
    "size": 11664,
    "min": 0.0,
    "max": 15.888212195052189,
    "mean": 7.981172565911973,
    "std": 3.1000041305866217
  }
}