MODEL,PRED_DOCKQ
5UA4_af2m,0.82969797
5UA4,0.6975146
