{
  "hash": "fd910b0d0df994180b373edfdd2f23e24ddf79b996e9eacc2cbd665d9cceb927",
  "stats": {
    "shape": [
      117,
      117
    ],
    "size": 13689,
    "min": 0.0,
    "max": 15.70768590028503,
    "mean": 7.88609399060335,
    "std": 3.0052151632468123
  }
}