{
  "count": 71,
  "ids_hash": "c6b6e94a991a3ab14bcee1a43c1f7bf828c58d53b502932763afb9ac84a4031b",
  "coords_hash": "b8c5438884db5137d0808d4586d13bd02c1995e9a4c1c2cb67ac8ea9f757ee85",
  "coords_stats": {
    "shape": [
      71,
      3
    ],
    "size": 213,
    "min": -23.54599952697754,
    "max": 29.582000732421875,
    "mean": 6.021169019976692,
    "std": 16.601371631256747
  }
}