{
  "hash": "cf5cc0728b4f570e67568b2ad375629f2c7cde4de22430cde5bd2e2bffed504a",
  "stats": {
    "shape": [
      87,
      87
    ],
    "size": 7569,
    "min": 0.0,
    "max": 15.072776531476002,
    "mean": 7.228120373800321,
    "std": 2.880436601371153
  }
}