{
  "f0_hash": "18e349e102f2fd316aafde3731190d426e53aef0c1e8d516cd5831cf3a3a4038",
  "f1_hash": "237cece26b54df1ae109932f21dbf61ab265ea89e44cc74a04748825a294a38f",
  "f0_stats": {
    "shape": [
      5
    ],
    "size": 5,
    "min": 0.5310570445416376,
    "max": 168.01796288795637,
    "mean": 35.04374011949638,
    "std": 66.49677885873972
  },
  "f1_stats": {
    "shape": [
      15
    ],
    "size": 15,
    "min": 0.010992035676906653,
    "max": 484.51471083393153,
    "mean": 67.84200556143226,
    "std": 153.44407953862785
  }
}