MODEL,PRED_DOCKQ
4R3N,0.9336482
4R3N_af2m,0.9312675
