MODEL,PRED_DOCKQ
4WL2,0.89185953
4WL2_af2m,0.8587326
