{
  "f0_hash": "f8e59d0922a1b17fcb8893273f503715900cc15b3a355426d9cd7c7a6c037ecc",
  "f1_hash": "41849fd8581f5a644cfdb349a45f35fe32fd6b8aa80bfaa63b48d818cd148996",
  "f0_stats": {
    "shape": [
      5
    ],
    "size": 5,
    "min": 0.39070796435404526,
    "max": 168.26056947504767,
    "mean": 35.019716581975906,
    "std": 66.62953716616504
  },
  "f1_stats": {
    "shape": [
      15
    ],
    "size": 15,
    "min": 0.01168440960382533,
    "max": 486.28133756686185,
    "mean": 66.80519675875621,
    "std": 154.53813011533674
  }
}