{
  "f0_hash": "b7eee7902dfe0245add3c324bdc37e55807c151c79c7d08fb46ef593651676e6",
  "f1_hash": "7bd4f362632a10c2f67089586355698b5904eb3bf129b71e1b6b1e5dd88d1ecf",
  "f0_stats": {
    "shape": [
      5
    ],
    "size": 5,
    "min": 0.637929391313378,
    "max": 171.20694394364858,
    "mean": 35.728496864955126,
    "std": 67.74819522665354
  },
  "f1_stats": {
    "shape": [
      15
    ],
    "size": 15,
    "min": 0.011357993861644822,
    "max": 537.9159746029081,
    "mean": 74.86128503559893,
    "std": 170.50301026888354
  }
}