{
  "f0_hash": "a69c38ca506100ade5cb3cff13144c03c4409593721b3aee2c77471709cbba74",
  "f1_hash": "4aee6553efbe9952876ae33cf59cdbf5c7ba351d7f426a4faf1b9a6191c22021",
  "f0_stats": {
    "shape": [
      5
    ],
    "size": 5,
    "min": 0.39277811476152374,
    "max": 91.0073823396093,
    "mean": 19.50405093774217,
    "std": 35.764956488228336
  },
  "f1_stats": {
    "shape": [
      15
    ],
    "size": 15,
    "min": 0.010812973292091854,
    "max": 220.26623233958696,
    "mean": 32.45669279622276,
    "std": 70.02490639661801
  }
}