{
  "f0_hash": "1bcfa4e8538caa4b570654debcde039d3b299678594a4bf25bc2e48bfac365cb",
  "f1_hash": "88c27b696212596a546d83319889195b7875a7ba0982121ce1334f0b209953e3",
  "f0_stats": {
    "shape": [
      5
    ],
    "size": 5,
    "min": 0.48567170013896255,
    "max": 144.32482057898568,
    "mean": 30.259872881821384,
    "std": 57.042869701036906
  },
  "f1_stats": {
    "shape": [
      15
    ],
    "size": 15,
    "min": 0.012049458164788085,
    "max": 381.6969089699518,
    "mean": 52.959187470862794,
    "std": 121.47376174660198
  }
}