{
  "count": 95,
  "ids_hash": "4bfc9850e1c683c97b0fbf0b329e36ab454fc52e606dc1946077c026bd372f7c",
  "coords_hash": "8bcd3fde0e9f54c532ac28198870bbe20d03618f3868b0cf63f8e0f53c13fb39",
  "coords_stats": {
    "shape": [
      95,
      3
    ],
    "size": 285,
    "min": 1.3339999914169312,
    "max": 34.84400177001953,
    "mean": 19.941996527136418,
    "std": 9.045496226003923
  }
}