MODEL,PRED_DOCKQ
6W40,0.28957003
6W40_af2m,0.15938686
