MODEL,PRED_DOCKQ
5UMH_af2m,0.8593944
5UMH,0.81682616
