MODEL,PRED_DOCKQ
6JVV_af2m,0.90902567
6JVV,0.90229815
