{
  "count": 123,
  "ids_hash": "7a93f90b89afa5a5458ce76ba1322648023205a5ff2386d7034032cc0dd04f9b",
  "coords_hash": "04a269cf25e6defa4c6076a3774b2b15d5d1798672f566f3e89b39bdec14c191",
  "coords_stats": {
    "shape": [
      123,
      3
    ],
    "size": 369,
    "min": 4.614999771118164,
    "max": 37.029998779296875,
    "mean": 23.157842809268775,
    "std": 8.634010950511811
  }
}