MODEL,PRED_DOCKQ
1O0W_af2m,0.92789894
1O0W,0.82300013
