{
  "count": 55,
  "ids_hash": "ac42655bcf3667b8fe9f8337a27718112c6fdc43fcbdcb438033eeb66ce7fdc8",
  "coords_hash": "024dadcdb64eb4b3fc15551d818c73c9aced9ab9b5d688543991c4711d10d7b9",
  "coords_stats": {
    "shape": [
      55,
      3
    ],
    "size": 165,
    "min": -15.805999755859375,
    "max": 82.56099700927734,
    "mean": 30.09256360458605,
    "std": 36.126503210027096
  }
}