{
  "hash": "25590bace6e66c7b5f926024e2bed38c3e51d135906f93bd930930899cb42ba2",
  "stats": {
    "shape": [
      86,
      86
    ],
    "size": 7396,
    "min": 0.0,
    "max": 15.372167887134072,
    "mean": 7.469707011528085,
    "std": 3.020004845135024
  }
}