{
  "hash": "54b663823624e54071d1ba740d9d280175eadf4f96a243e77fb86f7544c6336b",
  "stats": {
    "shape": [
      95,
      95
    ],
    "size": 9025,
    "min": 0.0,
    "max": 15.599287555852015,
    "mean": 7.672317244990613,
    "std": 3.0181796240589227
  }
}