{
  "f0_hash": "5ccd53ceef7b7c83d507e66b8836fea00572fafb4b0cc78ba0d557fa4b925f09",
  "f1_hash": "d97e9e1efd9d761de15e71ce0c84c4d558116cb703449efd5880e8014d56b968",
  "f0_stats": {
    "shape": [
      5
    ],
    "size": 5,
    "min": 0.47182002545473156,
    "max": 146.82911801254525,
    "mean": 30.716968430203025,
    "std": 58.064730341828366
  },
  "f1_stats": {
    "shape": [
      15
    ],
    "size": 15,
    "min": 0.010068452309057285,
    "max": 430.07430919140864,
    "mean": 59.60506470091214,
    "std": 136.26740857065036
  }
}