{
  "hash": "f60bfeb6cd3720341add40c9dac118424e7cab8cad1b78a18738b6356bc588f6",
  "stats": {
    "shape": [
      100,
      100
    ],
    "size": 10000,
    "min": 0.0,
    "max": 15.386730134746168,
    "mean": 7.821470642180316,
    "std": 3.021147661844511
  }
}