{
  "hash": "135018d0175dbb798aa7af265d305222755a5a174054ad27fe2b8cd18df8c7c7",
  "stats": {
    "shape": [
      108,
      108
    ],
    "size": 11664,
    "min": 0.0,
    "max": 15.587398615833242,
    "mean": 7.953480904371017,
    "std": 3.0489163401995443
  }
}