{
  "f0_hash": "b2b120b2c6968a25c30a9e4b334f3cabc754def6bb5a85904ff4974686f1621e",
  "f1_hash": "1f1245891998256e55c4800e046e2ed6ee987dcc474c7e8c8857c2d6ad1a4df0",
  "f0_stats": {
    "shape": [
      5
    ],
    "size": 5,
    "min": 0.46039291945567234,
    "max": 140.4261235965308,
    "mean": 29.518537806000076,
    "std": 55.466448473836564
  },
  "f1_stats": {
    "shape": [
      15
    ],
    "size": 15,
    "min": 0.010187896518613737,
    "max": 397.890558540631,
    "mean": 55.34843494138874,
    "std": 126.39487240438217
  }
}