{
  "hash": "389bc5f29fac71f7b584bceb646f9d9a1ae98d097a801e400182b31177d19425",
  "stats": {
    "shape": [
      104,
      104
    ],
    "size": 10816,
    "min": 0.0,
    "max": 15.407504207358416,
    "mean": 7.812152794022689,
    "std": 3.0448695169208264
  }
}