{
  "f0_hash": "115bef90a201765ca6d978e9d3450425246d2256234a469261419ad6ac82424a",
  "f1_hash": "b6eb88c8e81cc26f33f1ebe6a43da81b83853a49813ebea052de783e0ea0a452",
  "f0_stats": {
    "shape": [
      5
    ],
    "size": 5,
    "min": 0.11375398438145051,
    "max": 88.92097818093251,
    "mean": 18.69021529033961,
    "std": 35.11975821133141
  },
  "f1_stats": {
    "shape": [
      15
    ],
    "size": 15,
    "min": 0.010741630986231598,
    "max": 183.7364865620791,
    "mean": 26.213224165362146,
    "std": 58.027266672375774
  }
}