{
  "count": 101,
  "ids_hash": "c50ac0cc3114f5618db6d744dd58400b81aac32db2e7e7604fe2a8103f0f3a55",
  "coords_hash": "d82304ab0a576531d5d65c16162e5c25b834a98352606350ca9fde66e7b11104",
  "coords_stats": {
    "shape": [
      101,
      3
    ],
    "size": 303,
    "min": -15.567000389099121,
    "max": 17.527000427246094,
    "mean": 3.333036310073271,
    "std": 9.241931391021716
  }
}