{
  "count": 117,
  "ids_hash": "c4741014e0c644a6b8629ad702dcef5499f8eca373367bcbb33aa59ce5b2807e",
  "coords_hash": "077cc5e06ef310ad9fbfd45984b5ff8a710182f4749bd53f300bac679f05b346",
  "coords_stats": {
    "shape": [
      117,
      3
    ],
    "size": 351,
    "min": -6.998000144958496,
    "max": 46.29600143432617,
    "mean": 22.838196562364317,
    "std": 16.878259095077404
  }
}