{
  "f0_hash": "be1c94ee954ca03147ad93c2f98f19e8aef4a8fd65997d90f727e48bfccc38ac",
  "f1_hash": "76b1f7752b4398bbb7d9b14068d7c14b0031cd861237867d3f50730baf338432",
  "f0_stats": {
    "shape": [
      5
    ],
    "size": 5,
    "min": 0.44680706838353024,
    "max": 159.64099429365655,
    "mean": 33.36791270072445,
    "std": 63.14788699125769
  },
  "f1_stats": {
    "shape": [
      15
    ],
    "size": 15,
    "min": 0.010385129072472132,
    "max": 468.8582591003997,
    "mean": 64.99522769113146,
    "std": 148.99015694480073
  }
}