MODEL,PRED_DOCKQ
4EN2_af2m,0.8559836
4EN2,0.07757977
