{
  "hash": "e7defb19e5ee8249ae9b13aaf76e6f7814f97c4a6d8432a496e49f059089bceb",
  "stats": {
    "shape": [
      96,
      96
    ],
    "size": 9216,
    "min": 0.0,
    "max": 15.432736024221088,
    "mean": 7.927662691347554,
    "std": 3.131225212280702
  }
}