MODEL,PRED_DOCKQ
2OMY_af2m,0.7042037
2OMY,0.014813767
