MODEL,PRED_DOCKQ
4CIJ_af2m,0.8608794
4CIJ,0.72435105
