{
  "hash": "7bba6b52006828588372a7d5ba6099ec2e8bf727fb6e0809da59662a2cb67740",
  "stats": {
    "shape": [
      75,
      75
    ],
    "size": 5625,
    "min": 0.0,
    "max": 15.215221146877418,
    "mean": 6.967225107916059,
    "std": 2.8581940031403987
  }
}