{
  "count": 109,
  "ids_hash": "18d21fb3e9acdb82841588214867d624b1948040a15a46fcec736151faa3bf08",
  "coords_hash": "b61bba6d4f5acfbf02a536402ff403d8e784fbb3e2d9feda47457bc0c440b854",
  "coords_stats": {
    "shape": [
      109,
      3
    ],
    "size": 327,
    "min": -45.09199905395508,
    "max": 54.64099884033203,
    "mean": -1.5068380081690051,
    "std": 36.78215380126482
  }
}