{
  "hash": "c7c4af5e0e667172d61a80b0971fb69513dc197472fd1c3a9b4006f08065a29b",
  "stats": {
    "shape": [
      89,
      89
    ],
    "size": 7921,
    "min": 0.0,
    "max": 15.662229091574034,
    "mean": 7.7908955628223175,
    "std": 3.0759228328436117
  }
}