{
  "hash": "a5e0dbaee4df40ac5c451b26de812770ba83708a12f8452e18547ad88ecc55d8",
  "stats": {
    "shape": [
      71,
      71
    ],
    "size": 5041,
    "min": 0.0,
    "max": 15.34378848504561,
    "mean": 7.557971420580197,
    "std": 3.0128652856574645
  }
}