{
  "f0_hash": "cb787c967ec6f253c0f23359c9786e70004e59c048694d4af56b2228d9829b02",
  "f1_hash": "d5a4d1f1bbdca03b6850f4cd365e50e4c13577f42bb0283241ed6c5016c15b5a",
  "f0_stats": {
    "shape": [
      5
    ],
    "size": 5,
    "min": 0.4928491371895454,
    "max": 177.9075420664637,
    "mean": 37.014055039282,
    "std": 70.45608986951287
  },
  "f1_stats": {
    "shape": [
      15
    ],
    "size": 15,
    "min": 0.010115458396692034,
    "max": 500.7424671315648,
    "mean": 68.9284777740704,
    "std": 157.7990938967657
  }
}