{
  "count": 100,
  "ids_hash": "9c12c9c4bb9255c3e62a261757081ae7c15e8d5e38af4aa743acdf69c265f177",
  "coords_hash": "1e6016e2b8284ab04827e28a22fc74fd32755f25ca76d44b93a28aa355cf37b1",
  "coords_stats": {
    "shape": [
      100,
      3
    ],
    "size": 300,
    "min": -10.699000358581543,
    "max": 77.7239990234375,
    "mean": 27.153770086833585,
    "std": 31.558669359619188
  }
}