{
  "f0_hash": "44377926f8950a59c6045c87d633b2b746e0d1eb8496145e3a45f484457a87dd",
  "f1_hash": "3e61c9657159d65b715cfd52a98e2ff7d265fb45bc783bc9403ed748b9ef4043",
  "f0_stats": {
    "shape": [
      5
    ],
    "size": 5,
    "min": 0.3899424655681222,
    "max": 124.3774224561202,
    "mean": 26.178791622807335,
    "std": 49.1092275458541
  },
  "f1_stats": {
    "shape": [
      15
    ],
    "size": 15,
    "min": 0.01520739809369731,
    "max": 277.2208600682102,
    "mean": 39.01760800712024,
    "std": 86.73881293603704
  }
}