MODEL,PRED_DOCKQ
3HHF_af2m,0.76748836
3HHF,0.6851946
