MODEL,PRED_DOCKQ
6AL9_af2m,0.85975665
6AL9,0.839561
