MODEL,PRED_DOCKQ
1T0P_af2m,0.8455058
1T0P,0.05661496
