{
  "count": 101,
  "ids_hash": "fbf917460887b7f66d53fa63fd73f66410405b3f88daf2cd828258744eb1a86d",
  "coords_hash": "e14bc1e2c00928494e87d916a42e081e27aed9257efad2dd452e2f3cb2db9869",
  "coords_stats": {
    "shape": [
      101,
      3
    ],
    "size": 303,
    "min": 10.02400016784668,
    "max": 94.96299743652344,
    "mean": 41.849976917304616,
    "std": 33.366841044106415
  }
}