{
  "count": 97,
  "ids_hash": "08b5a0ab47a13711d1edfa3740df8cf7023356f590ef87ff950ffaa5a9044a79",
  "coords_hash": "30f579174ba7e4ba36cfd56f89b802fdbf4c72022a29a097181c82388b972270",
  "coords_stats": {
    "shape": [
      97,
      3
    ],
    "size": 291,
    "min": -12.62600040435791,
    "max": 33.81800079345703,
    "mean": 10.384316127222428,
    "std": 14.288872403189
  }
}