{
  "hash": "768f2dac885e7293239d51fcabb7b40f195359f2a41906e9fec975623ea9234f",
  "stats": {
    "shape": [
      86,
      86
    ],
    "size": 7396,
    "min": 0.0,
    "max": 15.22734926186667,
    "mean": 7.568367916064315,
    "std": 2.9698421978064067
  }
}