{
  "f0_hash": "f75326be0ea8e9576ee4f62be73ee1695b2e8e59e2a255411efcdb828a79c2e8",
  "f1_hash": "4d683451f4ec1d31b022a09e49e77a9e76422cd7af32ec2d35e71e40a35fd9ef",
  "f0_stats": {
    "shape": [
      5
    ],
    "size": 5,
    "min": 0.35648856832404363,
    "max": 122.72876661301535,
    "mean": 25.74216015895783,
    "std": 48.500354765297075
  },
  "f1_stats": {
    "shape": [
      15
    ],
    "size": 15,
    "min": 0.011329921627148742,
    "max": 265.6414560228535,
    "mean": 37.29402839711169,
    "std": 83.44392960530703
  }
}