MODEL,PRED_DOCKQ
1YAR_af2m,0.06339163
1YAR,0.00012324547
