{
  "count": 103,
  "ids_hash": "121059386a0ae08d6236667c76bd336984264c6f5eb7eda5ec5e44ca4fac225f",
  "coords_hash": "bffeeabeb843e5d374082a75fd039821ec0e396ef8936485d46733a9e732b217",
  "coords_stats": {
    "shape": [
      103,
      3
    ],
    "size": 309,
    "min": -22.02899932861328,
    "max": 17.375,
    "mean": -0.10778966167501647,
    "std": 11.596655422319348
  }
}