{
  "hash": "385834c8c8af6b56b377badc5c18c2ac4cd3f6e01c6a3fdd9a89b2795e795b04",
  "stats": {
    "shape": [
      95,
      95
    ],
    "size": 9025,
    "min": 0.0,
    "max": 15.571687766419007,
    "mean": 7.934727801625955,
    "std": 3.115489405154058
  }
}