{
  "f0_hash": "a4ba1aae7b23b7d378978277307570f9732f2b1d4056caebecc12f7274469424",
  "f1_hash": "ff48fede65bb1e1ce14b0eb747037c1c5b21e9abe43afea5b13676a022c27d42",
  "f0_stats": {
    "shape": [
      5
    ],
    "size": 5,
    "min": 0.44714607666517436,
    "max": 149.03681665845136,
    "mean": 31.201228516603475,
    "std": 58.92806434098026
  },
  "f1_stats": {
    "shape": [
      15
    ],
    "size": 15,
    "min": 0.010502345581631545,
    "max": 383.69961873240305,
    "mean": 53.28860145246722,
    "std": 120.92246307027001
  }
}