{
  "f0_hash": "35a5d05c5f13509dd5b835053ef641ce8b9f84df559a59822d0863cd568cd4d0",
  "f1_hash": "3fe5f77456173b037977b8ac2f89a350f4ffc6b740706e388b2195d7dc48e66f",
  "f0_stats": {
    "shape": [
      5
    ],
    "size": 5,
    "min": 0.24139386328611942,
    "max": 145.2475375203051,
    "mean": 30.1968346925849,
    "std": 57.53122725812569
  },
  "f1_stats": {
    "shape": [
      15
    ],
    "size": 15,
    "min": 0.010328888516133894,
    "max": 323.0648247145565,
    "mean": 45.627529048241634,
    "std": 101.81070131691078
  }
}