{
  "hash": "f5ada0ff41ef89f7317aebc28d8666150722a7f2ecc092120d1f3dbd6ad4c72b",
  "stats": {
    "shape": [
      99,
      99
    ],
    "size": 9801,
    "min": 0.0,
    "max": 15.497103113774216,
    "mean": 7.744430329250361,
    "std": 3.057645936538144
  }
}