{
  "count": 108,
  "ids_hash": "e9dfaf7bb0e4d9594e860715d2957503fc5bf375cc6033c0648bd93f718fbf3b",
  "coords_hash": "0abee11da0c84dfd2fa22329f5b4938587a5d4482d5946cb9d202a2119a4311e",
  "coords_stats": {
    "shape": [
      108,
      3
    ],
    "size": 324,
    "min": -14.13599967956543,
    "max": 80.69100189208984,
    "mean": 32.85004632276149,
    "std": 33.47831598783205
  }
}