{
  "hash": "79b0eed4b59bf26296fa28ac5e7bc38564966a0f966eed6a6ca3c1f16701841b",
  "stats": {
    "shape": [
      102,
      102
    ],
    "size": 10404,
    "min": 0.0,
    "max": 15.498457293983357,
    "mean": 8.24004636562881,
    "std": 3.1562689176541476
  }
}