{
  "count": 115,
  "ids_hash": "db4a6056adfc3253f3c0e51e31538dad138d05cffa0f0a16e5f20d8405822b7b",
  "coords_hash": "43b73461734af173bd49bf1a06d04448c5f5b7ecb3003da998312640f8a4508c",
  "coords_stats": {
    "shape": [
      115,
      3
    ],
    "size": 345,
    "min": -2.6419999599456787,
    "max": 29.676000595092773,
    "mean": 14.417962338570236,
    "std": 8.776446437788827
  }
}