{
  "hash": "9a275756367b66d43eb74f4377216ba86056d1e000af51303e4b1a766c24cdee",
  "stats": {
    "shape": [
      97,
      97
    ],
    "size": 9409,
    "min": 0.0,
    "max": 15.098346059613675,
    "mean": 7.75475994818194,
    "std": 3.026477694742478
  }
}