{
  "hash": "8ee1c26f835d68f46ee3efe9d7b4121a0f6a188695ddaca066ab60dd12472093",
  "stats": {
    "shape": [
      84,
      84
    ],
    "size": 7056,
    "min": 0.0,
    "max": 15.513007541672756,
    "mean": 7.381872319466218,
    "std": 2.9808150749845375
  }
}