{
  "hash": "55837ce0421fc6e22bf742e54792fb87166125b119e26767536155f27b9b917f",
  "stats": {
    "shape": [
      95,
      95
    ],
    "size": 9025,
    "min": 0.0,
    "max": 14.958973673921353,
    "mean": 7.87260990189365,
    "std": 3.0581623951017853
  }
}