MODEL,PRED_DOCKQ
6EL2_af2m,0.89965576
6EL2,0.86916405
