{
  "f0_hash": "6c6bcf2873516cb1f4bd25426cd4adc2965baab86c096102bc6ab28363dc3b96",
  "f1_hash": "40779cbbca0718146b981112b7c6e884b259b1226045e4d4a9c29737f9536ff7",
  "f0_stats": {
    "shape": [
      5
    ],
    "size": 5,
    "min": 0.29436344191508595,
    "max": 144.60615974814928,
    "mean": 30.143598976447656,
    "std": 57.238434489483446
  },
  "f1_stats": {
    "shape": [
      15
    ],
    "size": 15,
    "min": 0.013539759957243547,
    "max": 325.4988229638641,
    "mean": 46.547566892828804,
    "std": 102.2620580398464
  }
}