MODEL,PRED_DOCKQ
3HJV_af2m,0.29637575
3HJV,0.0005770073
