{
  "hash": "00bafd50e34838a650ab82e8af86fc2ee2123603c8d081b902e9b0418aa12bce",
  "stats": {
    "shape": [
      81,
      81
    ],
    "size": 6561,
    "min": 0.0,
    "max": 15.313858623162998,
    "mean": 7.5156934945340135,
    "std": 3.11492240056836
  }
}