MODEL,PRED_DOCKQ
1M0U_af2m,0.86489284
1M0U,0.81398225
