MODEL,PRED_DOCKQ
2D7C_af2m,0.81287676
2D7C,0.06319572
