{
  "hash": "217722816051e84649338fb413739ebe061bc8bd744efa791795ca77d3ebb5e3",
  "stats": {
    "shape": [
      111,
      111
    ],
    "size": 12321,
    "min": 0.0,
    "max": 15.28692796124551,
    "mean": 7.851550958310457,
    "std": 3.034153496826096
  }
}