MODEL,PRED_DOCKQ
3TL8_af2m,0.7052497
3TL8,0.57083976
