MODEL,PRED_DOCKQ
2JJ7_af2m,0.5647632
2JJ7,0.22609618
