{
  "hash": "a1ec895e0e2dee5ea52bc4358dc4a07fa023f4813575f14acd8ac70d71522adc",
  "stats": {
    "shape": [
      87,
      87
    ],
    "size": 7569,
    "min": 0.0,
    "max": 15.3757774176669,
    "mean": 7.511501351679045,
    "std": 3.0205301469744485
  }
}