{
  "f0_hash": "4a64ecdef4aff494b7551429df167654da8bd4b21639536c57cf954feb485bf7",
  "f1_hash": "01d8198080b97facde259d6a25bd9b13cc48a359c3feb7b858d779ca459382b8",
  "f0_stats": {
    "shape": [
      5
    ],
    "size": 5,
    "min": 0.5512572257913492,
    "max": 131.68078600167462,
    "mean": 28.11770153238316,
    "std": 51.81189401465863
  },
  "f1_stats": {
    "shape": [
      15
    ],
    "size": 15,
    "min": 0.010639283248124798,
    "max": 325.8146793388527,
    "mean": 46.84271671174879,
    "std": 103.12903263923714
  }
}