MODEL,PRED_DOCKQ
5N0O,0.7090749
5N0O_af2m,0.6902135
