{
  "hash": "e41197cb8380d1ad293aa12ceef654b92ac79df1bd56a8875fb5b9c4dbc5cd52",
  "stats": {
    "shape": [
      103,
      103
    ],
    "size": 10609,
    "min": 0.0,
    "max": 15.765438205210387,
    "mean": 7.757281698449703,
    "std": 3.0548469653456363
  }
}