{
  "count": 98,
  "ids_hash": "12c6cc833bf9325d32a592ef3b04678711727861f4dfe0d44b15d7c23565c4b4",
  "coords_hash": "388901042cbb4ab1dce3ece08ba6decfe8d7595ad389f9812bca5ea7145b2e9a",
  "coords_stats": {
    "shape": [
      98,
      3
    ],
    "size": 294,
    "min": -12.86299991607666,
    "max": 92.68900299072266,
    "mean": 30.69778229468534,
    "std": 39.985497687737634
  }
}