{
  "hash": "4c970bb69af2190ea8077446f76062f6b71fe2d5149e484c4aa2a8874ed8c602",
  "stats": {
    "shape": [
      98,
      98
    ],
    "size": 9604,
    "min": 0.0,
    "max": 15.264919414878296,
    "mean": 7.798961303920337,
    "std": 3.023944575521836
  }
}