{
  "hash": "8a647d5d497faafe0a8be212461a01db714fadad6f5029dad3655790e1430f9d",
  "stats": {
    "shape": [
      109,
      109
    ],
    "size": 11881,
    "min": 0.0,
    "max": 15.740827212712084,
    "mean": 7.870272478721873,
    "std": 3.0041506247611274
  }
}