MODEL,PRED_DOCKQ
4Y0H,0.90786713
4Y0H_af2m,0.8910463
