MODEL,PRED_DOCKQ
1DHK_af2m,0.6180874
1DHK,0.023227127
