{
  "count": 64,
  "ids_hash": "aabef02f46229093c6450c8d1def6965bb5aa0cb77b09858ebe2a8c9c4a21f5e",
  "coords_hash": "3bcb60244b790712fe9edd19ebed271898bb042d8c09a0152b8bcb9ad3984108",
  "coords_stats": {
    "shape": [
      64,
      3
    ],
    "size": 192,
    "min": -8.520000457763672,
    "max": 81.15799713134766,
    "mean": 35.60902590040738,
    "std": 32.136529082947035
  }
}