{
  "hash": "f6f833b48500639b9622733f2d3ee983863ee4b2aebb7e2bdc197e42dc4f8250",
  "stats": {
    "shape": [
      113,
      113
    ],
    "size": 12769,
    "min": 0.0,
    "max": 15.483483539429383,
    "mean": 7.83880749988282,
    "std": 2.979178814442191
  }
}