{
  "count": 113,
  "ids_hash": "7edfd05881a01b6f6a7ef6a7b17a72b36b5400fa6f7b9c9b1a8225aefaf868bf",
  "coords_hash": "56afbf24df3a88ac15b3641c2108060351f6546416a7099c02d173c5eccc51b3",
  "coords_stats": {
    "shape": [
      113,
      3
    ],
    "size": 339,
    "min": -14.126999855041504,
    "max": 19.785999298095703,
    "mean": 5.3084159511248625,
    "std": 9.84003424459652
  }
}