{
  "count": 136,
  "ids_hash": "cbf5d108341fc51644ad3da4df6dab9aea28e4ff5118e445610a1057d6d6ef2b",
  "coords_hash": "c74cbad8bbdf50417dfcab00b236ec0168a2c2130864bf6d978ccc2c7488ac77",
  "coords_stats": {
    "shape": [
      136,
      3
    ],
    "size": 408,
    "min": -6.091000080108643,
    "max": 18.51300048828125,
    "mean": 5.808085790184765,
    "std": 5.533182656120663
  }
}