{
  "hash": "c00e0f35267f64e8d9d2959430c70ae17fb01cc6c41b6cc40fbd471a8ab1b5fb",
  "stats": {
    "shape": [
      68,
      68
    ],
    "size": 4624,
    "min": 0.0,
    "max": 15.517081437158446,
    "mean": 7.205298928229317,
    "std": 3.1056793848438944
  }
}