{
  "count": 99,
  "ids_hash": "3731042118a9f87db28926f24dd6a5bcc0e3b4764477890e23d5cc77fc7d579c",
  "coords_hash": "89023eb0fa9ba414630244e45e0617dc36eaf500223774b3a7457f81a076a76c",
  "coords_stats": {
    "shape": [
      99,
      3
    ],
    "size": 297,
    "min": -20.934999465942383,
    "max": 53.0099983215332,
    "mean": 9.366266047161838,
    "std": 25.881489132430584
  }
}