{
  "f0_hash": "2a086bdc74f2077906d36fbd1e62ae4d07346e8b0b9560c6b903ac631b8e7e4f",
  "f1_hash": "00002be20b8be9e301ce0f503e2dc29deaf6970955f08f2c620a3a4faaaf8c91",
  "f0_stats": {
    "shape": [
      5
    ],
    "size": 5,
    "min": 0.5828621793439915,
    "max": 143.18984296210473,
    "mean": 30.1103637288248,
    "std": 56.55090495397513
  },
  "f1_stats": {
    "shape": [
      15
    ],
    "size": 15,
    "min": 0.010899394824511077,
    "max": 436.518762654447,
    "mean": 61.65093511766262,
    "std": 139.48074912075907
  }
}