{
  "count": 85,
  "ids_hash": "825132730c28ab286846431d7fe57d61d158ee80941349cf61680e5fb21bf52f",
  "coords_hash": "21ab75b5b8499b4ec3fd589de72b23e3be8533a231d1ae16c6ca58a3c10442cf",
  "coords_stats": {
    "shape": [
      85,
      3
    ],
    "size": 255,
    "min": 6.7220001220703125,
    "max": 28.054000854492188,
    "mean": 16.61005884432325,
    "std": 4.84656809388427
  }
}