{
  "f0_hash": "d9774706f31bd98645ace22e512ab54eca0901c98d7633913a4732ad00e5e9be",
  "f1_hash": "08c82cfaad47dfcdedde7a7bbe4fe0f6702291c48b0703d0cbcc4aae55cfb4c5",
  "f0_stats": {
    "shape": [
      5
    ],
    "size": 5,
    "min": 0.40240316741418963,
    "max": 168.64784025109992,
    "mean": 35.02733455881453,
    "std": 66.81733625232448
  },
  "f1_stats": {
    "shape": [
      15
    ],
    "size": 15,
    "min": 0.010275193955215478,
    "max": 505.6606837321575,
    "mean": 70.08658334601581,
    "std": 160.24892772977992
  }
}