{
  "f0_hash": "83640f838759e221196c6d76a2af0d99fdd1c61d6c26c894a440ad4f44fc8d9a",
  "f1_hash": "09027304cb38fd08a7a28e0b758908a3d5b82508083022a1864967cc225c9f37",
  "f0_stats": {
    "shape": [
      5
    ],
    "size": 5,
    "min": 0.4224505462916586,
    "max": 109.25070175895463,
    "mean": 23.2994543045303,
    "std": 42.99399419761521
  },
  "f1_stats": {
    "shape": [
      15
    ],
    "size": 15,
    "min": 0.01107663689128291,
    "max": 241.83263693890586,
    "mean": 34.558798819619916,
    "std": 78.0347682459329
  }
}