{
  "f0_hash": "dc35dd3bd04978fbd8a65121c269949b97b74e64d829288cca698285afc3df89",
  "f1_hash": "371bdcadf4cf14e7983272df8e0e18e7b06cb8e1192cf42e046f7c0cb1a1506e",
  "f0_stats": {
    "shape": [
      5
    ],
    "size": 5,
    "min": 0.3518864282410452,
    "max": 133.5906070706295,
    "mean": 28.05630220900148,
    "std": 52.77805257574069
  },
  "f1_stats": {
    "shape": [
      15
    ],
    "size": 15,
    "min": 0.010802492646302397,
    "max": 252.49213028532222,
    "mean": 36.54892723457377,
    "std": 78.58426321567252
  }
}