MODEL,PRED_DOCKQ
1Q6O_af2m,0.91858214
1Q6O,0.87911475
