{
  "hash": "98eb05c0f35be60ae64b0d8ef018647cfa016148738b8eeb1cc46d259114a9c3",
  "stats": {
    "shape": [
      108,
      108
    ],
    "size": 11664,
    "min": 0.0,
    "max": 15.469603241775463,
    "mean": 7.903714830612585,
    "std": 3.0352860283836014
  }
}