{
  "count": 109,
  "ids_hash": "d5fc369b10b14eae30990fe2ad127f234eb9b1022ad8574c00a25706bc352913",
  "coords_hash": "7476d2c99217b32d91f9e396050725e8df13e072a677619a6d2aff323f8895c7",
  "coords_stats": {
    "shape": [
      109,
      3
    ],
    "size": 327,
    "min": -8.562999725341797,
    "max": 84.052001953125,
    "mean": 35.65288063552265,
    "std": 32.59335305053098
  }
}