{
  "f0_hash": "b7480b3a3952b9573d31c6a36865c3e9a95e1492c6ccf7c67acc0833f791f045",
  "f1_hash": "69b7a49fbd3156cc502bc7b1cce08bdd5453c64346695b9a96e702dd212413b9",
  "f0_stats": {
    "shape": [
      5
    ],
    "size": 5,
    "min": 0.4577712779448809,
    "max": 166.66380137122732,
    "mean": 34.70301962596854,
    "std": 65.98864187546718
  },
  "f1_stats": {
    "shape": [
      15
    ],
    "size": 15,
    "min": 0.012147404540200135,
    "max": 539.4039939163309,
    "mean": 74.1610038286421,
    "std": 172.1660548235423
  }
}