{
  "hash": "55c2aa03b76548f12d1c2665eaada02c84de4206916bf4e29650bb4844360e6a",
  "stats": {
    "shape": [
      75,
      75
    ],
    "size": 5625,
    "min": 0.0,
    "max": 15.751613724821105,
    "mean": 7.672806312638458,
    "std": 3.2713108650850464
  }
}