{
  "count": 68,
  "ids_hash": "8f243e05dfeae2504203be67333516906a1abbc8f35f7323b797f3bdb18384d8",
  "coords_hash": "21f0af2e131da5bc3299b32514f6d5aa91563d554eb7547e1f1c0cf55b86da86",
  "coords_stats": {
    "shape": [
      68,
      3
    ],
    "size": 204,
    "min": -24.090999603271484,
    "max": 40.0629997253418,
    "mean": 4.81182840174548,
    "std": 22.030199896574825
  }
}