{
  "hash": "88a31e980f06e2f712b5225b56a2d60355f56c8c875e603eb70bde1efe0d36fa",
  "stats": {
    "shape": [
      112,
      112
    ],
    "size": 12544,
    "min": 0.0,
    "max": 15.948815071538322,
    "mean": 8.2632156502782,
    "std": 3.1575824816368043
  }
}