{
  "count": 116,
  "ids_hash": "75783fcf36ffd9c4f5ec0d760ef15271756f11657f2e8fd3486e1f5655c3d58a",
  "coords_hash": "784ba41b1790cacf98d0542752c80a95f94c75031ee4ebf9438a0233cd1e4a2d",
  "coords_stats": {
    "shape": [
      116,
      3
    ],
    "size": 348,
    "min": 5.276000022888184,
    "max": 91.6520004272461,
    "mean": 37.93858336032122,
    "std": 33.17865543631206
  }
}