{
  "hash": "bde26f68af4d56037d78ca820aad811a8eaca72e6dd9e66bdef439f84c9af916",
  "stats": {
    "shape": [
      146,
      146
    ],
    "size": 21316,
    "min": 0.0,
    "max": 15.254946642447663,
    "mean": 7.2196687650928535,
    "std": 2.948783465829056
  }
}