{
  "count": 146,
  "ids_hash": "fe8d5ea5660da6d0d247121ac31d62e5c07740e3bd7878a273f67387c23d53b8",
  "coords_hash": "5fedd13b972db1791b735df4f3b988e5f637346a5ba5cd9226a460d725855919",
  "coords_stats": {
    "shape": [
      146,
      3
    ],
    "size": 438,
    "min": -41.172000885009766,
    "max": 10.831000328063965,
    "mean": -18.801438371306414,
    "std": 16.63117149613676
  }
}