{
  "count": 111,
  "ids_hash": "3a71b3c5f8f4ba4965c5a21bd0f29144dd5821427e117f1c661ba29bb5cfcbc3",
  "coords_hash": "16c7d0e0358b892b44b49d0b859787cd7a04b6473155bc9edc7e1aec18c0e076",
  "coords_stats": {
    "shape": [
      111,
      3
    ],
    "size": 333,
    "min": -0.9580000042915344,
    "max": 85.97200012207031,
    "mean": 35.167966921934045,
    "std": 31.076531229929138
  }
}