{
  "f0_hash": "94293c284202be21d44ed1d59ef032810a8943f050e4141102b1be04d226e27a",
  "f1_hash": "7edea3cdfba6a0cd1ce01fd5cd704b742ffa232b5c8364f4aadb2ca27caa6053",
  "f0_stats": {
    "shape": [
      5
    ],
    "size": 5,
    "min": 0.46908745182611955,
    "max": 166.9581754285156,
    "mean": 34.7906100354092,
    "std": 66.09265795902294
  },
  "f1_stats": {
    "shape": [
      15
    ],
    "size": 15,
    "min": 0.01059994254496388,
    "max": 479.3897289769739,
    "mean": 66.03710456560883,
    "std": 151.55026696825166
  }
}