{
  "f0_hash": "c5dc5531969cf4b084a693b547d316011d00ff56c5749910d88f1c6336ae7b1f",
  "f1_hash": "48b9b9f89edac9d450a0429ff71141b6837de8131c1a9cfbb61d75a146bc06b6",
  "f0_stats": {
    "shape": [
      5
    ],
    "size": 5,
    "min": 0.4522452090297091,
    "max": 129.02307715112838,
    "mean": 27.15360835759238,
    "std": 50.94472707592078
  },
  "f1_stats": {
    "shape": [
      15
    ],
    "size": 15,
    "min": 0.01110483495718384,
    "max": 339.86461001689315,
    "mean": 47.30602604049401,
    "std": 107.92900020121662
  }
}