{
  "count": 90,
  "ids_hash": "a95e6f71ca7ea07f03e6a1514e951437df06142326552d8eea586c821f9719f0",
  "coords_hash": "76b32900b2ce5d9d6ead84a0d8d35bf33d0988e7feba2bb123bcfb83e19d5965",
  "coords_stats": {
    "shape": [
      90,
      3
    ],
    "size": 270,
    "min": -0.8650000095367432,
    "max": 46.54199981689453,
    "mean": 18.478751840470014,
    "std": 15.704528284910303
  }
}