MODEL,PRED_DOCKQ
6C3C_af2m,0.80803925
6C3C,0.80238324
