MODEL,PRED_DOCKQ
2NVW_af2m,0.8415531
2NVW,0.83109474
