{
  "hash": "66597d5cc0686a0d034ad288c6eb269a4c8be4c6b7fd13d916a5e63d85908f62",
  "stats": {
    "shape": [
      94,
      94
    ],
    "size": 8836,
    "min": 0.0,
    "max": 15.642623195225513,
    "mean": 8.021266074372331,
    "std": 3.133304552962363
  }
}