{
  "f0_hash": "f16ed92fbf36babaa094cc80f630e9e63c779f80c19d3bc85dfd036e158d0642",
  "f1_hash": "5624d92d216dabb1ba9a29628958dc301ad3fae59202c32ae881578822f9d27d",
  "f0_stats": {
    "shape": [
      5
    ],
    "size": 5,
    "min": 0.608729622946988,
    "max": 153.55748765574538,
    "mean": 32.150242405472866,
    "std": 60.71264759089649
  },
  "f1_stats": {
    "shape": [
      15
    ],
    "size": 15,
    "min": 0.011788965983426714,
    "max": 471.19602685650796,
    "mean": 65.79860710099686,
    "std": 149.27235691232727
  }
}