{
  "hash": "ef6a87f5ab279f6556564362b6f3900f6032c8db62e55238d2f1209bc04df1d1",
  "stats": {
    "shape": [
      76,
      76
    ],
    "size": 5776,
    "min": 0.0,
    "max": 15.099775768785365,
    "mean": 7.293469886714185,
    "std": 3.097756454926595
  }
}