{
  "count": 106,
  "ids_hash": "845cbed7549f2b2f31755697d4576a3dbbb8010694b7e1e43ce05cabe46f0e49",
  "coords_hash": "50e9426b0bb5d11061ff036f1e530bfb7e1e462e54560d7c57916d775a6720cf",
  "coords_stats": {
    "shape": [
      106,
      3
    ],
    "size": 318,
    "min": -8.015999794006348,
    "max": 36.12099838256836,
    "mean": 18.769880574173147,
    "std": 14.472162887836452
  }
}