{
  "f0_hash": "3332e1ca7a2264e0136dd117d684a8df587f9d000b878cf41383f998cebda8e0",
  "f1_hash": "fc2792b26d405e7189201077b32ce7006aa0f2920f72c5e2704e3c5dd26fd20d",
  "f0_stats": {
    "shape": [
      5
    ],
    "size": 5,
    "min": 0.5819698069004612,
    "max": 163.14454470754353,
    "mean": 34.08684163388831,
    "std": 64.53836090581171
  },
  "f1_stats": {
    "shape": [
      15
    ],
    "size": 15,
    "min": 0.012095607821015264,
    "max": 467.5066404295261,
    "mean": 64.69704868408036,
    "std": 147.7763822946341
  }
}