{
  "f0_hash": "1e580b2e2da2b3e63828ba843c15ccf9677ebf73fe4214a5457118e3ad5c0746",
  "f1_hash": "1b441efc413113563e27c1850fa87b40a2b91fc6ef87541dc184691e5fcd7360",
  "f0_stats": {
    "shape": [
      5
    ],
    "size": 5,
    "min": 0.532731303199915,
    "max": 172.607494471148,
    "mean": 36.03466657329879,
    "std": 68.29787164493432
  },
  "f1_stats": {
    "shape": [
      15
    ],
    "size": 15,
    "min": 0.011722471179482774,
    "max": 515.2942883513109,
    "mean": 70.94020440290765,
    "std": 163.07981553309912
  }
}