{
  "f0_hash": "88295d97ad0b4ff14580bf21edaf6fde755a40cb1522f43fe44c5c824d24f733",
  "f1_hash": "eef5008cdc6059b58e185059ba1ac15f91b096fc4dab8130aa752dcafa7ff481",
  "f0_stats": {
    "shape": [
      5
    ],
    "size": 5,
    "min": 0.3509700757612394,
    "max": 146.5382570311362,
    "mean": 30.542237871917422,
    "std": 58.00750414866707
  },
  "f1_stats": {
    "shape": [
      15
    ],
    "size": 15,
    "min": 0.01146218662284948,
    "max": 430.01877297120154,
    "mean": 60.07100157254126,
    "std": 136.8476305299898
  }
}