{
  "count": 111,
  "ids_hash": "a15ce0ab5423c5264e26086a5ab490ee57b82b9da17263da9060fa7eda9861f5",
  "coords_hash": "9edb90bbf0287c9b94e8591a1801962cd81b408f8dd21b82eea7910d8e448197",
  "coords_stats": {
    "shape": [
      111,
      3
    ],
    "size": 333,
    "min": -5.51200008392334,
    "max": 103.5979995727539,
    "mean": 43.187054087944865,
    "std": 39.44827764807539
  }
}