{
  "count": 112,
  "ids_hash": "10128657f3b1a4d2e26939a3302488846116c0549cedd9442c408439facb884a",
  "coords_hash": "e6830975d4e5a0458a0d8730d58f51cde0f310cd0af0daf981a72da722291011",
  "coords_stats": {
    "shape": [
      112,
      3
    ],
    "size": 336,
    "min": -19.71299934387207,
    "max": 33.1870002746582,
    "mean": 11.869482173806144,
    "std": 17.949824601181326
  }
}