{
  "hash": "a90f90990143a79f12a8782a795fd810edadf1c1b16f5f08ba9e7e54f473e865",
  "stats": {
    "shape": [
      39,
      39
    ],
    "size": 1521,
    "min": 0.0,
    "max": 12.254653293201692,
    "mean": 5.4395978773673965,
    "std": 2.3205372280296555
  }
}