{
  "hash": "ea3bbfbed7a8fae857b2e088087d5bbb5c332444dc232b407f1d792f50c47e41",
  "stats": {
    "shape": [
      110,
      110
    ],
    "size": 12100,
    "min": 0.0,
    "max": 15.596301358356172,
    "mean": 8.006925325069895,
    "std": 3.0327589092139644
  }
}