MODEL,PRED_DOCKQ
4FQ3_af2m,0.78368276
4FQ3,0.005282439
