{
  "hash": "406c7dd64ff7059154b9571f28321d1004d6d08a086728ec4f46393c3db5f413",
  "stats": {
    "shape": [
      107,
      107
    ],
    "size": 11449,
    "min": 0.0,
    "max": 15.247428111897094,
    "mean": 7.687240755414665,
    "std": 2.9966790828771854
  }
}