{
  "hash": "faf2263baeefd0afe7983177d0951cbf857021970e168de14295506b2573f682",
  "stats": {
    "shape": [
      63,
      63
    ],
    "size": 3969,
    "min": 0.0,
    "max": 14.865929133361675,
    "mean": 7.2141609533616915,
    "std": 3.0589948438731374
  }
}