MODEL,PRED_DOCKQ
3HRZ_af2m,0.11271261
3HRZ,0.00069760345
