MODEL,PRED_DOCKQ
5FA1,0.66164696
5FA1_af2m,0.49847585
