{
  "f0_hash": "2d5f64de79ebb28117a4ac32868e83d781d967c293a3b269f6bdaafc5ff10c02",
  "f1_hash": "3e718fa54f7ca87770f1d066f54acbe209c9e3348f2bf33d541cdc9de485abbc",
  "f0_stats": {
    "shape": [
      5
    ],
    "size": 5,
    "min": 0.4462057188211432,
    "max": 154.9387774607492,
    "mean": 32.243913152027275,
    "std": 61.3532003052074
  },
  "f1_stats": {
    "shape": [
      15
    ],
    "size": 15,
    "min": 0.010593568825192357,
    "max": 447.53564328990007,
    "mean": 61.909825939789705,
    "std": 142.2632728429996
  }
}