MODEL,PRED_DOCKQ
2XCI_af2m,0.16955477
2XCI,0.0012369833
