{
  "count": 64,
  "ids_hash": "911be479ba7201c02a49a614cb52d72b8270f466e9ab29480c4802ffed728e03",
  "coords_hash": "0f35814b6b02641911c3566a5255b2585aa5e6d9727259ab252339c6b9de8780",
  "coords_stats": {
    "shape": [
      64,
      3
    ],
    "size": 192,
    "min": -15.805999755859375,
    "max": 84.58999633789062,
    "mean": 29.315718698004883,
    "std": 36.7755620090312
  }
}