{
  "f0_hash": "dc31bfb459cb9fb27035c08f86fe790ae6ab4ba72aa2e3a30793c6347f8e5acf",
  "f1_hash": "0479d760485c1757975d31b513657de12d7db2ccfbc8a638984bc37af325506c",
  "f0_stats": {
    "shape": [
      5
    ],
    "size": 5,
    "min": 0.6541803996386781,
    "max": 85.81575968167307,
    "mean": 19.105490879297086,
    "std": 33.41736518069871
  },
  "f1_stats": {
    "shape": [
      15
    ],
    "size": 15,
    "min": 0.0102097250360913,
    "max": 152.25645024445328,
    "mean": 23.200884222880138,
    "std": 47.18150813088339
  }
}