{
  "count": 58,
  "ids_hash": "76bf658c5d43e5ed5f58e3207e28b7db0d207689e22f2a7fe75920fdeb074df1",
  "coords_hash": "a23e55c31fde99268248a7be3711f72cb2af5928c6a0f0faba5cbee3360d5b1b",
  "coords_stats": {
    "shape": [
      58,
      3
    ],
    "size": 174,
    "min": 14.329999923706055,
    "max": 57.64899826049805,
    "mean": 36.76159187843059,
    "std": 12.955360442326931
  }
}