{
  "count": 106,
  "ids_hash": "0f8c1c0093000dab89030ef016a9df11a797101f7c4158da25d555fe68dd64be",
  "coords_hash": "60400b321d1adc65eb04a0d94db5d47ceada1a2ee8ea5b4e133f964487f3bc1e",
  "coords_stats": {
    "shape": [
      106,
      3
    ],
    "size": 318,
    "min": -18.013999938964844,
    "max": 88.99500274658203,
    "mean": 35.108679287838484,
    "std": 38.23662033447023
  }
}