{
  "hash": "8b382659884b67bd8bc7e37d89acfcd926fef63bd3a8d7ef9c63702769af4be2",
  "stats": {
    "shape": [
      94,
      94
    ],
    "size": 8836,
    "min": 0.0,
    "max": 15.486334554109972,
    "mean": 7.647915425751714,
    "std": 3.059732052217095
  }
}