{
  "hash": "8042d0698203715c27492339d0d05bcfd64dc3e0f92a0d89a5d9d9f184a74ef0",
  "stats": {
    "shape": [
      212,
      212
    ],
    "size": 44944,
    "min": 0.0,
    "max": 15.660701111152825,
    "mean": 7.895680602789359,
    "std": 3.0120879009975514
  }
}