{
  "f0_hash": "ca931b275be204b9be5eaffca80b2de4f53422030ede2730f5fb05dd9b3e472e",
  "f1_hash": "6110934dcc79c759ddaf5b2fa806e1a601a4781a5052cb8909b0a70017307513",
  "f0_stats": {
    "shape": [
      5
    ],
    "size": 5,
    "min": 0.4381312317280995,
    "max": 157.57675855271168,
    "mean": 32.968261374227964,
    "std": 62.31637279676514
  },
  "f1_stats": {
    "shape": [
      15
    ],
    "size": 15,
    "min": 0.010045264276755894,
    "max": 465.35086894956754,
    "mean": 65.4205606003749,
    "std": 148.2859483070167
  }
}