{
  "hash": "f67b21f7b93aaaae7f2d1965532aaba775ef25ce3e6e8c06c20ece623a0ebeff",
  "stats": {
    "shape": [
      114,
      114
    ],
    "size": 12996,
    "min": 0.0,
    "max": 15.645508374731659,
    "mean": 7.955983395536467,
    "std": 3.014155259635794
  }
}