{
  "f0_hash": "c0b8ec9e41abcc1813436dd1e13a346e0a296ebd623ce8b14702e72f224fcfcf",
  "f1_hash": "d7f182401eec64c0a2a0de16dcece41f49412c489e5b2c1d886d6fa951e36705",
  "f0_stats": {
    "shape": [
      5
    ],
    "size": 5,
    "min": 0.3059187383392554,
    "max": 116.97709851850918,
    "mean": 24.341598616878635,
    "std": 46.325330828198446
  },
  "f1_stats": {
    "shape": [
      15
    ],
    "size": 15,
    "min": 0.010012632528166865,
    "max": 205.49527488928007,
    "mean": 28.7044934971678,
    "std": 63.81271404858274
  }
}