{
  "f0_hash": "6563bdcf1117236405a5b9ce1acb0db18610b88d109a1e038cced3b3d36db7b3",
  "f1_hash": "3819d3205aaa27e98d0c557c11d8ea50f91c1911add661b9cdf35ba4c88ec855",
  "f0_stats": {
    "shape": [
      5
    ],
    "size": 5,
    "min": 0.47559133493038785,
    "max": 121.30927503576198,
    "mean": 25.589339991065252,
    "std": 47.86961917283901
  },
  "f1_stats": {
    "shape": [
      15
    ],
    "size": 15,
    "min": 0.010108834399712663,
    "max": 312.56781195598563,
    "mean": 43.74613179202423,
    "std": 100.01199345012273
  }
}