{
  "f0_hash": "c0c64f7312e094840f94c5a419bc4d40a03320919c548bb4b834ca337ac01b71",
  "f1_hash": "d5a07b9ce6969145af34d9607c0381f9b19f0cc1ebc204bba2ecab4f760496dc",
  "f0_stats": {
    "shape": [
      5
    ],
    "size": 5,
    "min": 0.5371141170158364,
    "max": 180.1901767184459,
    "mean": 37.469781978250666,
    "std": 71.368725217631
  },
  "f1_stats": {
    "shape": [
      15
    ],
    "size": 15,
    "min": 0.011654239090927554,
    "max": 546.8603968212077,
    "mean": 75.31414589264647,
    "std": 172.89690848191543
  }
}