{
  "f0_hash": "6a90195839841491630c6031570a824ca62c49d3702dc4f98c1fcc3c070b42ed",
  "f1_hash": "0a074731c7f464f3673a267b279151b2abe6a9e75d877cffa91995072a078e16",
  "f0_stats": {
    "shape": [
      5
    ],
    "size": 5,
    "min": 0.5927572924129435,
    "max": 122.1421089933589,
    "mean": 25.851115083162533,
    "std": 48.156504331010176
  },
  "f1_stats": {
    "shape": [
      15
    ],
    "size": 15,
    "min": 0.010842545914357515,
    "max": 285.4723243643722,
    "mean": 40.576393171080106,
    "std": 90.86917634149371
  }
}