{
  "f0_hash": "c050260b10f0021c6e8678b9b2697e7501ab0900b75319a2d1f759b2e7fb006f",
  "f1_hash": "0a1bc62fc83e3d44d61141239dec231bdfdc6a353a1c74531c7f716f5aedb721",
  "f0_stats": {
    "shape": [
      5
    ],
    "size": 5,
    "min": 0.3996007265181917,
    "max": 149.35378945359906,
    "mean": 31.226194725669938,
    "std": 59.07728724869185
  },
  "f1_stats": {
    "shape": [
      15
    ],
    "size": 15,
    "min": 0.01063551066279711,
    "max": 389.95728269882073,
    "mean": 54.254153956053806,
    "std": 123.07908645612191
  }
}