{
  "hash": "1bc825edcda099e27be465ada9f3a8053df8daa98159da95703281a2bd79b9c3",
  "stats": {
    "shape": [
      64,
      64
    ],
    "size": 4096,
    "min": 0.0,
    "max": 14.21440549976223,
    "mean": 6.820135150633972,
    "std": 2.8297728774874944
  }
}