{
  "count": 59,
  "ids_hash": "bf1eb89cef901ccaf96fface142b30c69d9e2c5b98d1974179abf6d295aefba0",
  "coords_hash": "35c23f951e0d226f384e181826dbee183d5b2da7600982e4daef1f63b37d9e6c",
  "coords_stats": {
    "shape": [
      59,
      3
    ],
    "size": 177,
    "min": 1.9249999523162842,
    "max": 46.2130012512207,
    "mean": 26.484694856708334,
    "std": 14.207043832495645
  }
}