{
  "count": 71,
  "ids_hash": "e93eea83d4280c7c71702d06e3e321a7c7635c9e41931de1e55fc1d1bc777210",
  "coords_hash": "32b379c2222696f13a7ab790d01b7cec8dc15aaed7d24a302223d650f535fb63",
  "coords_stats": {
    "shape": [
      71,
      3
    ],
    "size": 213,
    "min": -32.89699935913086,
    "max": 26.388999938964844,
    "mean": -5.590727700873719,
    "std": 19.06020446585627
  }
}