{
  "count": 89,
  "ids_hash": "148cd6eaf5675d3a8dded9a4396519ea25979bbeffca88ae21d25a4ecf543121",
  "coords_hash": "219996a78b6da60e963e4e908083cfc8bd6ca4b15556cf7ec70ef826a7a34d9b",
  "coords_stats": {
    "shape": [
      89,
      3
    ],
    "size": 267,
    "min": 7.688000202178955,
    "max": 96.41100311279297,
    "mean": 45.539142321111555,
    "std": 32.67363329885295
  }
}