{
  "f0_hash": "eeaec5693cf5b86a01fba78669209cbf4147b44e1c6bd2fd850a7e3f87a28128",
  "f1_hash": "9d1eed7d9b00bc1a056eb34e5dc225dc2c233a8cb69c565a70e29a4d2e987fb5",
  "f0_stats": {
    "shape": [
      5
    ],
    "size": 5,
    "min": 0.6575721398381332,
    "max": 90.29513141820851,
    "mean": 19.591935061520985,
    "std": 35.37170856819736
  },
  "f1_stats": {
    "shape": [
      15
    ],
    "size": 15,
    "min": 0.01153315752375983,
    "max": 181.95396608942167,
    "mean": 27.121579739504618,
    "std": 56.88750144664242
  }
}