{
  "hash": "d3473b2e4823f4c883abfd19ec0a9be6e43c14c4a027851624e0ccf4bf08b33d",
  "stats": {
    "shape": [
      78,
      78
    ],
    "size": 6084,
    "min": 0.0,
    "max": 14.762800230628999,
    "mean": 7.260771207471714,
    "std": 2.9881049832973154
  }
}