{
  "count": 168,
  "ids_hash": "3428c9fcb049ea34eba06d6abcce9f9529644f40eeca8aa33be88fecb8a09e49",
  "coords_hash": "05be9b2cb79a9aa50c2025a6175a0d805e17f74853cb4b5a68b4e1482484f1fb",
  "coords_stats": {
    "shape": [
      168,
      3
    ],
    "size": 504,
    "min": -38.48899841308594,
    "max": -6.513000011444092,
    "mean": -24.087180536890788,
    "std": 8.3537513006845
  }
}