{
  "hash": "0f95b38549112b8b022ed99af8577873a032f0418eeb8f4c3c7503398941593e",
  "stats": {
    "shape": [
      100,
      100
    ],
    "size": 10000,
    "min": 0.0,
    "max": 15.187383641616513,
    "mean": 7.826314215625652,
    "std": 3.0174728355395883
  }
}