{
  "f0_hash": "47ebc2feec8d78a5a77198dff03a125a1f20b086cba640e201cfbade904c81ab",
  "f1_hash": "8571d87b43a39405ed7486411c3f149ad405c62a5a600317df7fccc8f05a65a2",
  "f0_stats": {
    "shape": [
      5
    ],
    "size": 5,
    "min": 0.32811808692051114,
    "max": 122.94460822568993,
    "mean": 25.76841524465275,
    "std": 48.59478148473309
  },
  "f1_stats": {
    "shape": [
      15
    ],
    "size": 15,
    "min": 0.010530741569364288,
    "max": 274.4775771509087,
    "mean": 38.34024319839863,
    "std": 86.55923890836165
  }
}