{
  "count": 107,
  "ids_hash": "9dd03798066540edd552749d5bd5c73109d5ffd221e00518ace9e58b892a1c0f",
  "coords_hash": "ceb7b75c7f90f5140143ec9bfadcbe5c85f20fca8fd9ef9c626f5b93bd1c9b5d",
  "coords_stats": {
    "shape": [
      107,
      3
    ],
    "size": 321,
    "min": -14.02400016784668,
    "max": 17.00200080871582,
    "mean": 1.459919003380979,
    "std": 7.354026728392087
  }
}