MODEL,PRED_DOCKQ
6FDM,0.05580614
6FDM_af2m,0.00079661154
