MODEL,PRED_DOCKQ
2P9H,0.80775315
2P9H_af2m,0.8047822
