MODEL,PRED_DOCKQ
3H6G_af2m,0.7645849
3H6G,0.002015485
