{
  "count": 83,
  "ids_hash": "c9d1750beb22559561b65020375d04cf07d5691061af520c2cf368360d6615dc",
  "coords_hash": "6f89e837f226ef21acbe1ba8b8aa85ef7e26fe1b73e7562c2d3661e20b35fd7f",
  "coords_stats": {
    "shape": [
      83,
      3
    ],
    "size": 249,
    "min": 7.367000102996826,
    "max": 80.38700103759766,
    "mean": 33.5219557543835,
    "std": 28.193985905021627
  }
}