MODEL,PRED_DOCKQ
3GUZ,0.86073714
3GUZ_af2m,0.83884335
