{
  "hash": "4ac36305e69c387f8fc9c2e83a355abb9d73233c416106b6fe1579bf11aa3af9",
  "stats": {
    "shape": [
      64,
      64
    ],
    "size": 4096,
    "min": 0.0,
    "max": 15.538128041976572,
    "mean": 7.2157079431856985,
    "std": 3.1602795606167886
  }
}