{
  "hash": "3c117f5ebbcbc89a9201c3c65ca3cd8b04947c5d787e104750bc5400c0831606",
  "stats": {
    "shape": [
      95,
      95
    ],
    "size": 9025,
    "min": 0.0,
    "max": 15.5994496076658,
    "mean": 7.672321357012496,
    "std": 3.018184949065438
  }
}