{
  "f0_hash": "01c2428460816a3820c0f5c929b3cb2fa6b0acfae74f7173f21765c26a985b32",
  "f1_hash": "37632a7ccf537333b9b454df5fe2c0cc7be0e4852060a64e5728622b70a9c598",
  "f0_stats": {
    "shape": [
      5
    ],
    "size": 5,
    "min": 0.4373000776053134,
    "max": 133.54897935378398,
    "mean": 28.051301521817276,
    "std": 52.75855049638593
  },
  "f1_stats": {
    "shape": [
      15
    ],
    "size": 15,
    "min": 0.010039656767574234,
    "max": 331.3290660162622,
    "mean": 46.45290367720646,
    "std": 104.77328137082468
  }
}