MODEL,PRED_DOCKQ
1XQB,0.24526155
1XQB_af2m,0.113403015
