MODEL,PRED_DOCKQ
4G5A_af2m,0.49756196
4G5A,0.34143397
