{
  "count": 107,
  "ids_hash": "ce73eb32f0b2e95b2e217482fafa5fc69cca9a20f11406e2b83615ab9b52a770",
  "coords_hash": "0697932ce1355049e9de8efcdfdd5dea2802790db28baf910418d348191df227",
  "coords_stats": {
    "shape": [
      107,
      3
    ],
    "size": 321,
    "min": -21.214000701904297,
    "max": 42.87099838256836,
    "mean": 6.02273207190345,
    "std": 22.261276791977505
  }
}