{
  "count": 105,
  "ids_hash": "4332656b9f1889f4ce2dc6f8bff2177dfa503ef456c23390aaeddd13c588615e",
  "coords_hash": "6954f779fe1aed9bc8845f700ffd9341d6730b86430b663d186e02d10ff2a307",
  "coords_stats": {
    "shape": [
      105,
      3
    ],
    "size": 315,
    "min": -19.756999969482422,
    "max": 51.68600082397461,
    "mean": 18.06305078022064,
    "std": 24.039201501065026
  }
}