{
  "hash": "aa38370e51c262bf5d78ca48b5bf3929aa983d935b2b360a88ea1549d218e34e",
  "stats": {
    "shape": [
      46,
      46
    ],
    "size": 2116,
    "min": 0.0,
    "max": 13.624098524595855,
    "mean": 6.247469701681404,
    "std": 2.8067226533803615
  }
}