{
  "f0_hash": "2f30c0445be66f9ff2ca9579baa4faddcaeea06d401f20e7edc452edc048889c",
  "f1_hash": "9432f02aee11a9e0e9506974561abc3360856d600a74471427d374ad56b58129",
  "f0_stats": {
    "shape": [
      5
    ],
    "size": 5,
    "min": 0.4901476865456103,
    "max": 118.61437842559882,
    "mean": 25.09663849011259,
    "std": 46.77009737417754
  },
  "f1_stats": {
    "shape": [
      15
    ],
    "size": 15,
    "min": 0.013837430304332266,
    "max": 276.9274203702358,
    "mean": 39.341006325110506,
    "std": 87.17325764581975
  }
}