{
  "count": 122,
  "ids_hash": "297f1ff2659414705dad350f215732d9f52ecba7689d0b3916ccd6915fe44aee",
  "coords_hash": "1fe2d078e9aa29b46476c321c1d8e19b40becc2f029c1d62f0ed906fcce083e8",
  "coords_stats": {
    "shape": [
      122,
      3
    ],
    "size": 366,
    "min": -16.051000595092773,
    "max": 31.790000915527344,
    "mean": 9.836289644241333,
    "std": 14.48535481753661
  }
}