MODEL,PRED_DOCKQ
2W43_af2m,0.84126025
2W43,0.7522573
