MODEL,PRED_DOCKQ
4D7E_af2m,0.85564005
4D7E,0.839181
