MODEL,PRED_DOCKQ
4FX0_af2m,0.6951025
4FX0,0.52783686
