MODEL,PRED_DOCKQ
3EUH_af2m,0.81704366
3EUH,0.77919704
