MODEL,PRED_DOCKQ
3MTR_af2m,0.79874873
3MTR,0.0001375275
