{
  "f0_hash": "3bb3b0b5511c721c072c3dcad830b093c6293a9dd2802a8868c1d3c9c6d76969",
  "f1_hash": "ebfe4f913e52dc6b9529f8a9e06a9733f991ef656e75d33b71b908714fef7771",
  "f0_stats": {
    "shape": [
      5
    ],
    "size": 5,
    "min": 0.30240968766325377,
    "max": 296.47944065461724,
    "mean": 60.23684617439013,
    "std": 118.12450097309635
  },
  "f1_stats": {
    "shape": [
      15
    ],
    "size": 15,
    "min": 0.010100404970434518,
    "max": 653.4262283802393,
    "mean": 88.88961592415255,
    "std": 204.70965129904081
  }
}