{
  "count": 50,
  "ids_hash": "3188467a162b15b91e2f0395ca6dfdc63df740f7c677cbaca260ea9f53f82154",
  "coords_hash": "ba22f2c5e98b09ab9f6db443d16470e1470f65a9c2e2660e21378b079504cfc6",
  "coords_stats": {
    "shape": [
      50,
      3
    ],
    "size": 150,
    "min": 2.683000087738037,
    "max": 79.177001953125,
    "mean": 34.61487334092458,
    "std": 27.306967314553937
  }
}