{
  "hash": "05d620ead6ad4eabfa32fcb3be33dbeedce8e4412ddfa4b04820034e1e5b3c6e",
  "stats": {
    "shape": [
      77,
      77
    ],
    "size": 5929,
    "min": 0.0,
    "max": 15.293389162079373,
    "mean": 7.883807271032094,
    "std": 3.2170315651081705
  }
}