MODEL,PRED_DOCKQ
3MUQ_af2m,0.060419578
3MUQ,0.004001274
