{
  "f0_hash": "c5d64a39e11483abb78e9b7e85812a5ff7a0d624a29686786a87b5fddc914380",
  "f1_hash": "bc0a1ecf6db4890f97a387dfc50866ec506271ce0da965663fc3cdd5b0c826e5",
  "f0_stats": {
    "shape": [
      5
    ],
    "size": 5,
    "min": 0.28590704026631314,
    "max": 134.72338504244402,
    "mean": 28.111174866207012,
    "std": 53.31236637708471
  },
  "f1_stats": {
    "shape": [
      15
    ],
    "size": 15,
    "min": 0.010909480277562,
    "max": 282.13258012568224,
    "mean": 40.02440048388301,
    "std": 88.51769140313606
  }
}