{
  "count": 101,
  "ids_hash": "ac5df7bc971e9725fdfb2c611f983e9d1ac336c9be8c89f0a3503d0016fb56db",
  "coords_hash": "0392c897e7e6c8d6574309497e27c9cd73beb8ca7c3cd8731630236a27e0df1c",
  "coords_stats": {
    "shape": [
      101,
      3
    ],
    "size": 303,
    "min": 8.420999526977539,
    "max": 43.409000396728516,
    "mean": 28.376970269105616,
    "std": 10.117143406163986
  }
}