MODEL,PRED_DOCKQ
3D3K,0.9007492
3D3K_af2m,0.8843745
