{
  "hash": "afa9d11537320617097b2232d84519c723e216d9e5c8e682c1905c8dcfd3795e",
  "stats": {
    "shape": [
      68,
      68
    ],
    "size": 4624,
    "min": 0.0,
    "max": 15.518448061439871,
    "mean": 7.133231004787943,
    "std": 2.9452038142759593
  }
}