MODEL,PRED_DOCKQ
2BA1,0.9161338
2BA1_af2m,0.9106621
