{
  "count": 114,
  "ids_hash": "29feddee796f4a6ae2949f89ce1f6926f4b3c198d09150a7402f0c74c6228b57",
  "coords_hash": "48108e32799148928f3f12fe0987fbf331aa78856dd2c40e5177cdafd12dbaa1",
  "coords_stats": {
    "shape": [
      114,
      3
    ],
    "size": 342,
    "min": 5.453999996185303,
    "max": 32.71200180053711,
    "mean": 18.9816403709657,
    "std": 6.412956664474569
  }
}