{
  "count": 105,
  "ids_hash": "66c89af62f60562ea99e498b11811581d9c61d6de557af555d846ecd6140be1d",
  "coords_hash": "29a26c1e676de2b5122b546c0f65c1fdbdbe7d66b8a5c163711b6485a18e8bcf",
  "coords_stats": {
    "shape": [
      105,
      3
    ],
    "size": 315,
    "min": 11.032999992370605,
    "max": 53.31100082397461,
    "mean": 29.2596920679486,
    "std": 13.112914728959833
  }
}