MODEL,PRED_DOCKQ
1M1E_af2m,0.50958794
1M1E,0.2176717
