{
  "hash": "aec041d03a7abdb3af158a89c6f7bf274baac3eb10d426e55fe4f2b59b9e61fd",
  "stats": {
    "shape": [
      87,
      87
    ],
    "size": 7569,
    "min": 0.0,
    "max": 15.658129924815807,
    "mean": 7.594844688352398,
    "std": 3.073743114725807
  }
}