{
  "hash": "0e21481ad00a9bc08fb0e6e028ac7db0a1c9ba20a7ef20b3adba6eaab35b4485",
  "stats": {
    "shape": [
      54,
      54
    ],
    "size": 2916,
    "min": 0.0,
    "max": 14.233369235238529,
    "mean": 6.571161958660892,
    "std": 2.8352825541270694
  }
}