{
  "count": 59,
  "ids_hash": "740cd4e64c545abe027709fac4f0e0bce7c70016ed0b48138ffbe80703c68dae",
  "coords_hash": "c7ab80aeae800cc93457b539322e130b6b6e7f8c4ac6f38bb05ee9c9fd3458de",
  "coords_stats": {
    "shape": [
      59,
      3
    ],
    "size": 177,
    "min": 26.736000061035156,
    "max": 84.45500183105469,
    "mean": 49.24403948164256,
    "std": 21.36586304944509
  }
}