{
  "f0_hash": "eb685ca01ac7e6dc7cf21109e8e2f530f46e69529dc380181581cdac3109774d",
  "f1_hash": "7aa4b6ec21b80397a36a34757eda4d9a426305269d67a9129a1d86ff32f33f5d",
  "f0_stats": {
    "shape": [
      5
    ],
    "size": 5,
    "min": 0.39075652971044866,
    "max": 147.05108395645138,
    "mean": 30.733151753606098,
    "std": 58.16783424117159
  },
  "f1_stats": {
    "shape": [
      15
    ],
    "size": 15,
    "min": 0.010120465231999276,
    "max": 440.4368829707909,
    "mean": 60.77346597833863,
    "std": 140.65555332904697
  }
}