{
  "f0_hash": "ce8760adb6309573678b7507b1bac61c885245c75680488c0a017f389ae4e70e",
  "f1_hash": "ea56860af3c4e14ccb4c6bf43f116c2c8db1b02e6ef1bf19c8c7ba8899278ffb",
  "f0_stats": {
    "shape": [
      5
    ],
    "size": 5,
    "min": 0.24204209363068013,
    "max": 101.00151444065344,
    "mean": 21.33930002828068,
    "std": 39.83954859025947
  },
  "f1_stats": {
    "shape": [
      15
    ],
    "size": 15,
    "min": 0.010375797877771653,
    "max": 214.5028309051615,
    "mean": 30.43161137324757,
    "std": 67.74263935835776
  }
}