{
  "hash": "cec63f4a768a88560e3a3300362a2dce7d01df952ed7d0be31ddd7b80fe75913",
  "stats": {
    "shape": [
      102,
      102
    ],
    "size": 10404,
    "min": 0.0,
    "max": 15.572533197435018,
    "mean": 7.96659637840079,
    "std": 3.073204335671631
  }
}