{
  "hash": "e82b9bc41ac07b2bd2087e3ba639b4c207554db27e64154fbccbddfa61dae368",
  "stats": {
    "shape": [
      94,
      94
    ],
    "size": 8836,
    "min": 0.0,
    "max": 15.32969143207277,
    "mean": 7.537950926910414,
    "std": 2.9979859436181613
  }
}