{
  "hash": "450320d893f95a1cf6e43b98f587a06ffb9ab1c2e021a4f779d68453d2beb437",
  "stats": {
    "shape": [
      184,
      184
    ],
    "size": 33856,
    "min": 0.0,
    "max": 15.742318964387396,
    "mean": 7.799555367562519,
    "std": 2.999902670159178
  }
}