{
  "count": 69,
  "ids_hash": "6fd0c9876cad6c3c93be1493f7129a69b113e9d5da3cb2647552b9ec3ba26f23",
  "coords_hash": "0043c0f636ddd9072aca15b6f010d5d1722b6add4846fd17c2fbb2fc9d329e0f",
  "coords_stats": {
    "shape": [
      69,
      3
    ],
    "size": 207,
    "min": -27.64699935913086,
    "max": 4.97599983215332,
    "mean": -14.713483075984723,
    "std": 8.518560162342277
  }
}