{
  "hash": "a93b363f1ab41b0e8e99f03a8f473a2fbc6d8e754fc291da619ae111fc2324df",
  "stats": {
    "shape": [
      89,
      89
    ],
    "size": 7921,
    "min": 0.0,
    "max": 15.327816793330483,
    "mean": 7.279585103328905,
    "std": 2.9164611335078483
  }
}