{
  "count": 110,
  "ids_hash": "a7b48d66efd1d67cfb04e45d41bdbd50ed5646d5d23c6f0262870408cd70bde5",
  "coords_hash": "23052b7810eef92992be1146f542f0374e235db954285d154a5e7ad53a0bab24",
  "coords_stats": {
    "shape": [
      110,
      3
    ],
    "size": 330,
    "min": 0.5249999761581421,
    "max": 43.06100082397461,
    "mean": 24.467884769945435,
    "std": 13.2753831771712
  }
}