{
  "count": 97,
  "ids_hash": "83ce02fc6cc3014d343638e960f5a1593bfe645c51659639192bd0b85f229210",
  "coords_hash": "aff777488721c64339b58dabf13c3f997ac44c4adc15b92ef6b1c30146a73621",
  "coords_stats": {
    "shape": [
      97,
      3
    ],
    "size": 291,
    "min": -13.03499984741211,
    "max": 25.263999938964844,
    "mean": 5.077109962778607,
    "std": 10.418601604888922
  }
}