MODEL,PRED_DOCKQ
3QKT_af2m,0.44055113
3QKT,0.005682519
