{
  "f0_hash": "0d6ee8af1567f3447cc01737567df65e995167e940f44e7fe6066f2d9e362bee",
  "f1_hash": "c17cda3bc897ebf24282b270fad7f8c9b2b51a3b2b985f1d03d5424bd00a267f",
  "f0_stats": {
    "shape": [
      5
    ],
    "size": 5,
    "min": 0.619389987780437,
    "max": 111.94068848402405,
    "mean": 23.92967178977458,
    "std": 44.02290753237077
  },
  "f1_stats": {
    "shape": [
      15
    ],
    "size": 15,
    "min": 0.011500754454660367,
    "max": 256.682264858802,
    "mean": 37.45128656556642,
    "std": 80.05730829902052
  }
}