MODEL,PRED_DOCKQ
1V4E,0.7922454
1V4E_af2m,0.78930825
