{
  "f0_hash": "17a0d3d15d3f968ae83db4f715dd46a8f23ca4c7fc8a01b868f176a3ca7f7f36",
  "f1_hash": "2eb62a88aa172cd4e53733e7919506ffa09ac0f185e4b25122dfc925f61791f2",
  "f0_stats": {
    "shape": [
      5
    ],
    "size": 5,
    "min": 0.6164370433829284,
    "max": 103.2301026972758,
    "mean": 22.3952827909981,
    "std": 40.450811768753084
  },
  "f1_stats": {
    "shape": [
      15
    ],
    "size": 15,
    "min": 0.022089184624842773,
    "max": 198.16761964658343,
    "mean": 28.8504572791184,
    "std": 62.1136956964008
  }
}