{
  "count": 109,
  "ids_hash": "2fa06eb88aeee24b57ad9684f28d09e5187923c46dab9bf0f52cb1a7a9293253",
  "coords_hash": "a79016b09ff763cdd99edfb2da1a8e2b8e9804634b5ffd67affb340bde56fee6",
  "coords_stats": {
    "shape": [
      109,
      3
    ],
    "size": 327,
    "min": -10.156999588012695,
    "max": 50.8120002746582,
    "mean": 15.015593203337184,
    "std": 21.027497505417386
  }
}