{
  "count": 86,
  "ids_hash": "bf3c289de60d3e3d8484936b37d46de1428f79af24f10a6fd773419f941ea356",
  "coords_hash": "78370bc3095b0c21f14ae3c54912a719233ddf310355f0a001b6b2bc0de96f7a",
  "coords_stats": {
    "shape": [
      86,
      3
    ],
    "size": 258,
    "min": -13.991999626159668,
    "max": 59.077999114990234,
    "mean": 16.80968606685173,
    "std": 25.747879031616446
  }
}