{
  "hash": "321ef16fd43c2cb38854e6ba3ca3127721a7752959559a1f61e1417c515e927a",
  "stats": {
    "shape": [
      103,
      103
    ],
    "size": 10609,
    "min": 0.0,
    "max": 15.50295019764302,
    "mean": 8.116081680345745,
    "std": 3.140638964600927
  }
}