{
  "f0_hash": "3e737c92e8513d01f5892a260610fa2daa062fce3e57080e8a9c64111d6c0f69",
  "f1_hash": "514a2e752ae01c8630dab6d71479f83350e59bedf85a831fdc9935a989414df4",
  "f0_stats": {
    "shape": [
      5
    ],
    "size": 5,
    "min": 0.5236771191567995,
    "max": 122.17144487202931,
    "mean": 25.976829191249543,
    "std": 48.115580102972665
  },
  "f1_stats": {
    "shape": [
      15
    ],
    "size": 15,
    "min": 0.010071868532941508,
    "max": 282.04400460581166,
    "mean": 40.43378464776098,
    "std": 89.91110559615049
  }
}