{
  "count": 90,
  "ids_hash": "9c827e184279fd2eede670657a717881c4356de1653ba244e36cdf0bfa6f1ce2",
  "coords_hash": "fa17217b4623d228d47e6e03e620ef014f313f4f49802d4f14207a2fb671481e",
  "coords_stats": {
    "shape": [
      90,
      3
    ],
    "size": 270,
    "min": -29.243999481201172,
    "max": -7.567999839782715,
    "mean": -16.7051851661117,
    "std": 4.806019196952857
  }
}