{
  "count": 86,
  "ids_hash": "2abe64408ac4eb68632784ace9bcf2d8c281f1ec575c032c2301e9ac5a24a3d0",
  "coords_hash": "cd5a26d0b002fe6c8971e49f989ae62a54dd16801ca99cf15229c6c82aecf749",
  "coords_stats": {
    "shape": [
      86,
      3
    ],
    "size": 258,
    "min": 1.2740000486373901,
    "max": 99.88200378417969,
    "mean": 41.12381401542545,
    "std": 37.313523130650076
  }
}