MODEL,PRED_DOCKQ
1F1M,0.8755853
1F1M_af2m,0.7582159
