{
  "f0_hash": "f41855715fb82d48258aace10cc077aad68acee86517d1a707a3664438c149b8",
  "f1_hash": "4123513b560061905689b6d74c15f74b661b8c53b552169a7d8c9f5a5fe11c02",
  "f0_stats": {
    "shape": [
      5
    ],
    "size": 5,
    "min": 0.5245446178903628,
    "max": 165.31857187970235,
    "mean": 34.48425940101543,
    "std": 65.42608288904886
  },
  "f1_stats": {
    "shape": [
      15
    ],
    "size": 15,
    "min": 0.011126246706835374,
    "max": 507.9054381178891,
    "mean": 70.98298761684303,
    "std": 160.9233254283921
  }
}