{
  "count": 175,
  "ids_hash": "6b1b674989c99f53fc56712276513e08c9453af0a52b5eadb42fe8a0599613e5",
  "coords_hash": "b4e6e6d10e38fc5e8b51dff569b055f9cb34c18491fa5ca92b0e77a593e697c7",
  "coords_stats": {
    "shape": [
      175,
      3
    ],
    "size": 525,
    "min": -28.114999771118164,
    "max": 12.956999778747559,
    "mean": -6.95126287682115,
    "std": 11.447017260706815
  }
}