{
  "f0_hash": "bfe5d5a2a3b917526165ed7a0b5ac7b018700f6b6e53a5a8b15c376492bce6c6",
  "f1_hash": "06aa56957904ce20b79b760c9ac3ab74e1d65d45328ece58519915fac168b12b",
  "f0_stats": {
    "shape": [
      5
    ],
    "size": 5,
    "min": 0.2779995710466025,
    "max": 144.38212453598757,
    "mean": 30.02328640137431,
    "std": 57.18596481263883
  },
  "f1_stats": {
    "shape": [
      15
    ],
    "size": 15,
    "min": 0.012603813286399035,
    "max": 310.2598981923311,
    "mean": 43.64060534741463,
    "std": 96.83423041830443
  }
}