MODEL,PRED_DOCKQ
3E4C,0.47480652
3E4C_af2m,0.038075887
