{
  "hash": "387f7aa227a513a14985e558766b41906046c3eb4be83225355153d093c0997f",
  "stats": {
    "shape": [
      124,
      124
    ],
    "size": 15376,
    "min": 0.0,
    "max": 15.372130339027994,
    "mean": 8.046627171671867,
    "std": 3.0130111360674268
  }
}