{
  "hash": "62a4094c2a16cae8b6c4141c2e63c0b6d08173b60c65a383097a15d8278f74c2",
  "stats": {
    "shape": [
      114,
      114
    ],
    "size": 12996,
    "min": 0.0,
    "max": 15.623852339612776,
    "mean": 8.142923661170084,
    "std": 3.0613567920841587
  }
}