MODEL,PRED_DOCKQ
1U35,0.7635342
1U35_af2m,0.7551388
