{
  "hash": "8ee333a35ed19fd123e484f2576f50063d26904cb0af617b9ea79ad03c9f6c0b",
  "stats": {
    "shape": [
      112,
      112
    ],
    "size": 12544,
    "min": 0.0,
    "max": 15.32466698909211,
    "mean": 7.712055214130933,
    "std": 2.9903014949108253
  }
}