{
  "count": 97,
  "ids_hash": "ea3f639617334e47b3e4473dd77e386f4a42d4a5029d9e617d0b39dd6fc94888",
  "coords_hash": "05c67e87c0c8501ef0c2b833b7db6a6ff8bfb5bc21c782ca6617f36fa150c66d",
  "coords_stats": {
    "shape": [
      97,
      3
    ],
    "size": 291,
    "min": -45.36399841308594,
    "max": 10.694000244140625,
    "mean": -11.15636084471506,
    "std": 19.99243496205931
  }
}