{
  "hash": "a192a4af28c2ff1ce8ffe439f661062bf6ff568001c6263d1ddad9ce7b2aacfb",
  "stats": {
    "shape": [
      57,
      57
    ],
    "size": 3249,
    "min": 0.0,
    "max": 15.140858313019404,
    "mean": 6.740768470065464,
    "std": 3.0036505048483355
  }
}