{
  "f0_hash": "ce74d862564d1ac55fefac0e68ad2b00abe8292551f60f423e649fac354140d4",
  "f1_hash": "7e345b31c5ac5017aacdc2fdc53fee75549e18687107b5596f5f00242a0d1a69",
  "f0_stats": {
    "shape": [
      5
    ],
    "size": 5,
    "min": 0.9927776055246667,
    "max": 107.85900554882998,
    "mean": 23.50975168357167,
    "std": 42.20715168673472
  },
  "f1_stats": {
    "shape": [
      15
    ],
    "size": 15,
    "min": 0.01052014158550163,
    "max": 369.17305018227336,
    "mean": 53.89920714835098,
    "std": 118.78086741751531
  }
}