{
  "hash": "831ccee09c80b1129f97f1813643f93748342a369ac8684fd26a7a1aa9900755",
  "stats": {
    "shape": [
      105,
      105
    ],
    "size": 11025,
    "min": 0.0,
    "max": 15.673647042281942,
    "mean": 8.09852673270504,
    "std": 3.135083996620707
  }
}