{
  "hash": "bfbbdbe4f999c39b13ec2fea31f37776b60af4fbfefa4b2448bb952ccb3e5e5a",
  "stats": {
    "shape": [
      119,
      119
    ],
    "size": 14161,
    "min": 0.0,
    "max": 15.353766347802196,
    "mean": 7.843845703236754,
    "std": 3.025582405524742
  }
}