{
  "count": 97,
  "ids_hash": "3ff72413ea0c9c81c378ed67ac6582fda29cfca72a60e5c9fe88855240d7204b",
  "coords_hash": "ef68932ca6f4423872d94b563dcf1c56cba81b21274fdd9575076870c12cb457",
  "coords_stats": {
    "shape": [
      97,
      3
    ],
    "size": 291,
    "min": -4.071000099182129,
    "max": 43.9010009765625,
    "mean": 14.301092760285357,
    "std": 16.25861230343771
  }
}