{
  "hash": "75b4277c5b84c2a09a13c4652b6eb9a4750da2b4641f42356197d51883ab9ac7",
  "stats": {
    "shape": [
      68,
      68
    ],
    "size": 4624,
    "min": 0.0,
    "max": 15.184260130620986,
    "mean": 7.0816145279475675,
    "std": 2.941800251449746
  }
}