{
  "hash": "e4c632ec6c99c7132abd3be4f4a2c6ce527eeeac7c3f8c625311a9d3d2e11183",
  "stats": {
    "shape": [
      114,
      114
    ],
    "size": 12996,
    "min": 0.0,
    "max": 15.7552569101079,
    "mean": 8.144634389995918,
    "std": 3.116229721541516
  }
}