{
  "count": 104,
  "ids_hash": "1adafa43e004f2079b09a6fe0baa115d451f94c9daf87d7d2dec37b03bbcf5f0",
  "coords_hash": "ee8f7e0003f2921e73e4eb37a2dc4c67aa0d4a364804496949eb5768fa6e8e0b",
  "coords_stats": {
    "shape": [
      104,
      3
    ],
    "size": 312,
    "min": -1.2580000162124634,
    "max": 99.88200378417969,
    "mean": 39.04414106332339,
    "std": 38.08971650390872
  }
}