{
  "hash": "5c1f6088e588cab9f200c9d6bbff5d8265b7a1363361307453bc6e7a7a1ab218",
  "stats": {
    "shape": [
      108,
      108
    ],
    "size": 11664,
    "min": 0.0,
    "max": 15.613960033854601,
    "mean": 8.21818955800057,
    "std": 3.1668304206231763
  }
}