{
  "hash": "ca04a11ba29b37193043f390b7552fb42b51c79bb6346d817a0b65ebcbc24422",
  "stats": {
    "shape": [
      118,
      118
    ],
    "size": 13924,
    "min": 0.0,
    "max": 15.904784608466512,
    "mean": 8.221068838142504,
    "std": 3.0794025680323074
  }
}