{
  "hash": "ccf9ba5edd29cf3e00c79b42c6fb4b054b6b26a309e8079eb8559389b2cb78d1",
  "stats": {
    "shape": [
      111,
      111
    ],
    "size": 12321,
    "min": 0.0,
    "max": 15.45494474514011,
    "mean": 8.030519519502603,
    "std": 3.0448656806548065
  }
}