{
  "count": 92,
  "ids_hash": "55f3d103652a73a140fcf7bb5ac455b0826dcad1c4267aac31e41f6b5ee163a4",
  "coords_hash": "81aa75c5bf56574d449ea3c723470d88f09f43ef38587a255725dacbeb37426b",
  "coords_stats": {
    "shape": [
      92,
      3
    ],
    "size": 276,
    "min": 3.0959999561309814,
    "max": 35.13999938964844,
    "mean": 18.604315205760624,
    "std": 7.87127963061406
  }
}