{
  "hash": "e52bd421c18fdc6462403908a07acb1d385d022122f81203e4746729aa9c2450",
  "stats": {
    "shape": [
      94,
      94
    ],
    "size": 8836,
    "min": 0.0,
    "max": 15.788318518959562,
    "mean": 7.864962812287451,
    "std": 3.093500584956016
  }
}