{
  "f0_hash": "c7f4573398203bd220ea018504b85a60ad50d43450d35c940a525c8db7c3a81e",
  "f1_hash": "f41896499be9c5cd486515d2e11819b2c7bd8aa7dde38805302290d43fbdac13",
  "f0_stats": {
    "shape": [
      5
    ],
    "size": 5,
    "min": 0.29110474701647043,
    "max": 122.44393412751126,
    "mean": 25.66207730838152,
    "std": 48.39808229196544
  },
  "f1_stats": {
    "shape": [
      15
    ],
    "size": 15,
    "min": 0.010042239743002668,
    "max": 313.1128308083213,
    "mean": 43.782516006126194,
    "std": 99.35063995896051
  }
}