{
  "f0_hash": "6438bfeee8a3ca4e513aa713011704235e972e114150532a35669757d137fe97",
  "f1_hash": "b5a219efef124ea844372f07cf7a667cc4586395d96548e6fd71241666d0caf2",
  "f0_stats": {
    "shape": [
      5
    ],
    "size": 5,
    "min": 0.4762611287094766,
    "max": 124.11931323810083,
    "mean": 26.17830549913952,
    "std": 48.98051038173688
  },
  "f1_stats": {
    "shape": [
      15
    ],
    "size": 15,
    "min": 0.012026313520256515,
    "max": 357.4906614722763,
    "mean": 50.60099968930894,
    "std": 113.86129333295315
  }
}