{
  "hash": "188e7075c502561d7882a2f6e7a4d834958cded6fe18e33f99c61ad810b27c58",
  "stats": {
    "shape": [
      69,
      69
    ],
    "size": 4761,
    "min": 0.0,
    "max": 15.035362153579877,
    "mean": 6.558246231616146,
    "std": 2.6307137352235
  }
}