MODEL,PRED_DOCKQ
4TX5_af2m,0.8320177
4TX5,0.00014361013
