MODEL,PRED_DOCKQ
4Q6U,0.792275
4Q6U_af2m,0.22725272
