MODEL,PRED_DOCKQ
3MN5_af2m,0.85107785
3MN5,0.4815226
