{
  "count": 126,
  "ids_hash": "ffc65d51c9f786397afcbcd63764edaeacf0bf87bcda414ca0fa0c46a63b162d",
  "coords_hash": "34982ca403f7a5403e91128c7fe190f014d2e50b9d213e349329d3d7a09a3d24",
  "coords_stats": {
    "shape": [
      126,
      3
    ],
    "size": 378,
    "min": -8.015999794006348,
    "max": 36.12099838256836,
    "mean": 19.07722756152519,
    "std": 14.477621782988104
  }
}