MODEL,PRED_DOCKQ
4UZZ_af2m,0.78010964
4UZZ,0.74830323
