{
  "hash": "41a6ee780d7e8faa83dc95205b04015a5768d388f694b4c25fcfbfc4ff3bb995",
  "stats": {
    "shape": [
      90,
      90
    ],
    "size": 8100,
    "min": 0.0,
    "max": 15.382158481718976,
    "mean": 7.637611876474404,
    "std": 3.066533752295181
  }
}