MODEL,PRED_DOCKQ
4P5E,0.9074749
4P5E_af2m,0.8671957
