{
  "hash": "04866ff7cf1ebd7cc67f9f367cbccfd83a3032b923a26532ffc5c70539bcc2b7",
  "stats": {
    "shape": [
      107,
      107
    ],
    "size": 11449,
    "min": 0.0,
    "max": 15.71446328150073,
    "mean": 7.903326961545498,
    "std": 3.0134106299852403
  }
}