{
  "hash": "88a14ff95a0a1112b9768e3b2bf467caaffa3306aca5a31b4b50c9e9bb26b4c6",
  "stats": {
    "shape": [
      53,
      53
    ],
    "size": 2809,
    "min": 0.0,
    "max": 14.324905180651045,
    "mean": 6.553758578103541,
    "std": 2.8407839803664228
  }
}