{
  "count": 56,
  "ids_hash": "a19e92c957d71979a15f3e8da279ae596ce766310200fe043179fca7c1b88ef9",
  "coords_hash": "6f53c40445fa517a548f70d8c65622b66c4650455d8d769b3b58f6701ddd939e",
  "coords_stats": {
    "shape": [
      56,
      3
    ],
    "size": 168,
    "min": -28.60300064086914,
    "max": 17.80299949645996,
    "mean": -2.8566845579494147,
    "std": 14.76229598177181
  }
}