MODEL,PRED_DOCKQ
3ZPX,0.11649786
3ZPX_af2m,0.0052984706
