{
  "count": 107,
  "ids_hash": "dd171947adbf6ed822af92d18867e69fecf62cb076cc9e7bc9727a0dfdc73573",
  "coords_hash": "5b5256cd26aeaab84c026d9a12c44c4675db939813a776b0fb5365531324419b",
  "coords_stats": {
    "shape": [
      107,
      3
    ],
    "size": 321,
    "min": -7.627999782562256,
    "max": 109.2020034790039,
    "mean": 35.87699699532995,
    "std": 47.069987148016715
  }
}