{
  "f0_hash": "a948f8b2d5ce70235d8360e417a5530d694eae5703a91279383c7964f0b0a510",
  "f1_hash": "bb8bdd630020d14d15e054abad1f90f36d4c1fda55fc0fe3d4d9425020c9141b",
  "f0_stats": {
    "shape": [
      5
    ],
    "size": 5,
    "min": 0.4723113992890768,
    "max": 164.6629412870646,
    "mean": 34.43481083780725,
    "std": 65.12660574765822
  },
  "f1_stats": {
    "shape": [
      15
    ],
    "size": 15,
    "min": 0.010523227795095735,
    "max": 461.6132420399575,
    "mean": 64.09274805415451,
    "std": 146.52196902888545
  }
}