{
  "hash": "5c5d855bb1eb253ac61522450164d155e2a9f12625d67eaaa3def1bc80d0443d",
  "stats": {
    "shape": [
      90,
      90
    ],
    "size": 8100,
    "min": 0.0,
    "max": 15.199607279760706,
    "mean": 7.536651714122991,
    "std": 3.0203922622170114
  }
}