MODEL,PRED_DOCKQ
6O2D,0.7669582
6O2D_af2m,0.5143952
