MODEL,PRED_DOCKQ
4FJV_af2m,0.8429482
4FJV,0.78744817
