MODEL,PRED_DOCKQ
4A5Z,0.88210326
4A5Z_af2m,0.87079614
