{
  "f0_hash": "4e6f75c74a837ce7515c2536fd36ea141053e732359f1d7b6c3e9bc1296d2c42",
  "f1_hash": "efc1c4ea73f8b887e81f8a4f7c7eaabdd45b84a96c7248c0c70b6378268b279f",
  "f0_stats": {
    "shape": [
      5
    ],
    "size": 5,
    "min": 0.2826410820093968,
    "max": 242.5794784006287,
    "mean": 49.58933295903576,
    "std": 96.50165058818155
  },
  "f1_stats": {
    "shape": [
      15
    ],
    "size": 15,
    "min": 0.010502603268427224,
    "max": 536.468086453,
    "mean": 73.22879429420236,
    "std": 168.28823903317664
  }
}