{
  "count": 57,
  "ids_hash": "23bb3ef0bbb24b224a73940e58ce003573561f7ae375cddf8ce9f39b083b3900",
  "coords_hash": "0a96bfc6b9f838d39a78f589faf1e87b6d2a080b0971acbb9acb7b08eb71aab5",
  "coords_stats": {
    "shape": [
      57,
      3
    ],
    "size": 171,
    "min": 14.168000221252441,
    "max": 38.678001403808594,
    "mean": 25.85217547834965,
    "std": 6.629737128317615
  }
}