{
  "count": 95,
  "ids_hash": "6aaf2b6b40b50233d003b58751709bd0fcfff86b33f90c22983a3b865fab8397",
  "coords_hash": "160a13a54d8d7cef5f3e70878b72856dd6bd4e21b9a661818a75876f935c5a42",
  "coords_stats": {
    "shape": [
      95,
      3
    ],
    "size": 285,
    "min": -16.492000579833984,
    "max": 46.47200012207031,
    "mean": 8.786021058718886,
    "std": 22.31368288561668
  }
}