{
  "count": 110,
  "ids_hash": "457696cb5891fa8766fc748c2f51d0ead00551b10d1efd82b0c6a19ce9086415",
  "coords_hash": "3d03e4f247927ebc1b45e399149b65473c555f4ed03a38dc17dc116b129ec5a5",
  "coords_stats": {
    "shape": [
      110,
      3
    ],
    "size": 330,
    "min": -13.118000030517578,
    "max": 42.9630012512207,
    "mean": 12.321087881787257,
    "std": 17.922847740388555
  }
}