MODEL,PRED_DOCKQ
3KMU_af2m,0.7248285
3KMU,0.017057218
