{
  "hash": "7798d77978d05d6fdb506bcd64f794a0f2701b98d6665d4a94c42771ef711c47",
  "stats": {
    "shape": [
      115,
      115
    ],
    "size": 13225,
    "min": 0.0,
    "max": 15.79521670197106,
    "mean": 7.972457561532365,
    "std": 3.0297644493566236
  }
}