{
  "f0_hash": "daf022acbf9696731fe3686e4377d5317439f467f1b9d826db7398d02ca7a452",
  "f1_hash": "eeb67f258c603d4b8f9c5ee254b223951e8ae22d1ddcfe234fa96ab10b5bb824",
  "f0_stats": {
    "shape": [
      5
    ],
    "size": 5,
    "min": 0.5674903918901252,
    "max": 118.86335868765511,
    "mean": 25.265021705983216,
    "std": 46.81419764210696
  },
  "f1_stats": {
    "shape": [
      15
    ],
    "size": 15,
    "min": 0.011040218603486585,
    "max": 316.7070353906207,
    "mean": 45.02787957825713,
    "std": 101.22953354141451
  }
}