{
  "f0_hash": "4cb3fe19c32f128ef1d19276d9b9ccc8f013320c6d49f14e59a5da90f1b13288",
  "f1_hash": "51c15745006b846efc11ff2fa74a2289eee1f9074c51bf4cc5841ab97cab2cba",
  "f0_stats": {
    "shape": [
      5
    ],
    "size": 5,
    "min": 0.43425409934560283,
    "max": 158.76906243437978,
    "mean": 33.1714374990436,
    "std": 62.809365205189415
  },
  "f1_stats": {
    "shape": [
      15
    ],
    "size": 15,
    "min": 0.010449919519553319,
    "max": 418.6579983947705,
    "mean": 57.98464102502749,
    "std": 132.1830989240697
  }
}