{
  "hash": "20ab75a16bdab58947c67f0a21afa20b023c3ce9621c8db680f5931656899964",
  "stats": {
    "shape": [
      95,
      95
    ],
    "size": 9025,
    "min": 0.0,
    "max": 15.263060979422303,
    "mean": 7.831812139491992,
    "std": 3.1063191489894773
  }
}