{
  "hash": "f20055f2b19a7bc672e1b289d93df8ebabda40b7e07ad6f1a978ca747c9e430d",
  "stats": {
    "shape": [
      108,
      108
    ],
    "size": 11664,
    "min": 0.0,
    "max": 15.72279964210166,
    "mean": 8.004890364289052,
    "std": 3.105468805144826
  }
}