{
  "count": 99,
  "ids_hash": "9c0e0bf75a7ad5ef198a70121ef38f2e39e0d78f524fbba4913ed0d833f9ad6f",
  "coords_hash": "29b38eaad4dd81e95b6ef093d11db5cd55ebc0e8696228a9bc86350c45e9d2b0",
  "coords_stats": {
    "shape": [
      99,
      3
    ],
    "size": 297,
    "min": 6.679999828338623,
    "max": 92.52200317382812,
    "mean": 37.96814150601525,
    "std": 33.32173897171004
  }
}