{
  "f0_hash": "067224f2a8554d87a9cdc3f074591dc913f724567af1b4e7fdf9fb71da0cf51e",
  "f1_hash": "69713b2b8eafdb77e979bf89e45c97f3ccdf786df97df04a8603ebe8431079e0",
  "f0_stats": {
    "shape": [
      5
    ],
    "size": 5,
    "min": 0.4145797542201928,
    "max": 164.34836159401084,
    "mean": 34.21138070588981,
    "std": 65.0766404515207
  },
  "f1_stats": {
    "shape": [
      15
    ],
    "size": 15,
    "min": 0.010874216131588454,
    "max": 455.6428234640916,
    "mean": 62.96117148163618,
    "std": 144.06618366399653
  }
}