{
  "hash": "ce4fd9d48a2ac36ab46e0b2aef5d6f03267680c86268ea661b7aab25df766999",
  "stats": {
    "shape": [
      68,
      68
    ],
    "size": 4624,
    "min": 0.0,
    "max": 14.277949329079012,
    "mean": 6.973214924246447,
    "std": 2.8212446893621874
  }
}