{
  "count": 107,
  "ids_hash": "acd12175c79da45f11320b384179eabde5f46255fc701045473dfb53197d53c4",
  "coords_hash": "49927c4b7baca93a8fe393237a2f7b2355bd40cd3cf83df509fe3c5851399500",
  "coords_stats": {
    "shape": [
      107,
      3
    ],
    "size": 321,
    "min": -23.753000259399414,
    "max": 6.440999984741211,
    "mean": -10.79815577675017,
    "std": 7.729911148268674
  }
}