{
  "f0_hash": "11c99df562980302d49c7afdc1cf05d11f265d4b213f6215ee478a5887c8f808",
  "f1_hash": "e778fcba3b369dfca4c4fb525b4542f69a57bf42556c078aad12f6411bc907ab",
  "f0_stats": {
    "shape": [
      5
    ],
    "size": 5,
    "min": 0.6423622715600539,
    "max": 138.1720798947138,
    "mean": 29.157394932682884,
    "std": 54.52001736784467
  },
  "f1_stats": {
    "shape": [
      15
    ],
    "size": 15,
    "min": 0.012641091328640108,
    "max": 340.52531912745167,
    "mean": 47.734702663926285,
    "std": 107.526898235299
  }
}