{
  "hash": "e34de9315bfba592c2cc4b44e80536cd898bb661e2c747d11f8a55a0c8d4d3a0",
  "stats": {
    "shape": [
      109,
      109
    ],
    "size": 11881,
    "min": 0.0,
    "max": 14.926617507120968,
    "mean": 7.631037457604126,
    "std": 2.8794497704944275
  }
}