{
  "count": 109,
  "ids_hash": "cef2fae65387e2543b619ab618fb242190d4134341f23c242c2ed155f80c9ecb",
  "coords_hash": "8eaf9e29bf146f3373ffd359619eecb386a530cf264beba1cd845bfaeb7220a3",
  "coords_stats": {
    "shape": [
      109,
      3
    ],
    "size": 327,
    "min": -15.71399974822998,
    "max": 13.595000267028809,
    "mean": -0.08283181663955752,
    "std": 7.359725387662924
  }
}