MODEL,PRED_DOCKQ
3O2R_af2m,0.8901557
3O2R,0.86942977
