MODEL,PRED_DOCKQ
1FI8_af2m,0.5950496
1FI8,0.006190247
