{
  "f0_hash": "2dfb113274e02bc1adf854405d9c432af7bc226248b49d2b9e7863911647ba71",
  "f1_hash": "1c06457abe8d7ac2e7d1ee24a1292645eb113dcf6c435e37eb43c93d12a9d744",
  "f0_stats": {
    "shape": [
      5
    ],
    "size": 5,
    "min": 0.4305635485918997,
    "max": 165.38941853016294,
    "mean": 34.437265759139216,
    "std": 65.48440991298588
  },
  "f1_stats": {
    "shape": [
      15
    ],
    "size": 15,
    "min": 0.01121047477667414,
    "max": 547.223901034744,
    "mean": 76.11240382049657,
    "std": 174.1230971803938
  }
}