{
  "f0_hash": "61e1afa5b620cb207ec21ff9577ac339e145189123e880dac607b97702039897",
  "f1_hash": "7d2a595d3fd93a6c20a1ab7e3a201ca65f8eb59ac2868242a7eff4a79150758b",
  "f0_stats": {
    "shape": [
      5
    ],
    "size": 5,
    "min": 0.37483980587198334,
    "max": 257.97484722962025,
    "mean": 52.78008731706082,
    "std": 102.6048335935349
  },
  "f1_stats": {
    "shape": [
      15
    ],
    "size": 15,
    "min": 0.010051552546326725,
    "max": 653.058322152322,
    "mean": 89.14674703306079,
    "std": 205.31347397018524
  }
}