MODEL,PRED_DOCKQ
3F6O,0.8764854
3F6O_af2m,0.8379366
