{
  "count": 110,
  "ids_hash": "4e771bdfd1f492e50b1f7a47a14aa4f0e692cb40a30a6741f5c73ced4896d909",
  "coords_hash": "4c49b866a23e9eed674669bb466b8adf399fd00ab962eab118b130010894fb92",
  "coords_stats": {
    "shape": [
      110,
      3
    ],
    "size": 330,
    "min": -4.8520002365112305,
    "max": 89.52899932861328,
    "mean": 40.01155434030701,
    "std": 33.561243747987476
  }
}