{
  "count": 103,
  "ids_hash": "70d80e6879a2caf538526d22066ce91c14689ebb5dc265129ebe2b1a0637d815",
  "coords_hash": "48fa203ed6642d6cb2673d5456facd3365b13b538260635f43cdf9229efc8d83",
  "coords_stats": {
    "shape": [
      103,
      3
    ],
    "size": 309,
    "min": -2.8570001125335693,
    "max": 37.821998596191406,
    "mean": 15.510194111000565,
    "std": 11.68830987197286
  }
}