{
  "hash": "d0e30810c9e52fde022a2bd12d0d5f01412be49c026668cbb8e34ac2b6894811",
  "stats": {
    "shape": [
      109,
      109
    ],
    "size": 11881,
    "min": 0.0,
    "max": 15.463197186247777,
    "mean": 8.171748604968535,
    "std": 3.177780163635952
  }
}