{
  "hash": "c0f39b22074282485786a61981f1086e3aab5afda6b55b1a9580156701f63761",
  "stats": {
    "shape": [
      89,
      89
    ],
    "size": 7921,
    "min": 0.0,
    "max": 15.093772512770125,
    "mean": 7.56781591756808,
    "std": 3.064111003289276
  }
}