{
  "f0_hash": "1549860f3b1b54055a9d1d054b3d0af40f2ac92a49c20d7fa3abfc690a5fc839",
  "f1_hash": "98a17a3400a9839e6e27bd596baf60bc4df304cba4ff1a088f1a1fac0eeaea14",
  "f0_stats": {
    "shape": [
      5
    ],
    "size": 5,
    "min": 0.5331458174888241,
    "max": 140.20178443860974,
    "mean": 29.505384398514387,
    "std": 55.360515471315594
  },
  "f1_stats": {
    "shape": [
      15
    ],
    "size": 15,
    "min": 0.012501324058007413,
    "max": 378.6738675631143,
    "mean": 53.123799871472876,
    "std": 120.29449011965424
  }
}