{
  "f0_hash": "62e924ab189da98b4397cb1ee79602d08d9171c3331344ea83bf80e23138aac7",
  "f1_hash": "8626e9bc3ca2550dec4e16b5e6da01f5f7a67ac8172233566b154638138c379f",
  "f0_stats": {
    "shape": [
      5
    ],
    "size": 5,
    "min": 0.528342994365816,
    "max": 165.04665044868503,
    "mean": 34.43990486601915,
    "std": 65.31292443481668
  },
  "f1_stats": {
    "shape": [
      15
    ],
    "size": 15,
    "min": 0.010076820705986478,
    "max": 568.7170334202712,
    "mean": 78.19409747056042,
    "std": 182.05167874938914
  }
}