{
  "hash": "fad57dd20352603ebc863d738afc4f90febcda2dbb77df84f87acfdd320539db",
  "stats": {
    "shape": [
      81,
      81
    ],
    "size": 6561,
    "min": 0.0,
    "max": 15.013498290392345,
    "mean": 7.459984463770119,
    "std": 3.0257877347515887
  }
}