{
  "f0_hash": "c054b96a7e6368d90af7ca98859823a3b43abfb86056e85670186f70c7b60067",
  "f1_hash": "e4eb3e527b573cd8a904996451e593ad28cafd1bb0b82c1669aef43a5544eb29",
  "f0_stats": {
    "shape": [
      5
    ],
    "size": 5,
    "min": 0.5559034255316532,
    "max": 144.53467739381446,
    "mean": 30.367950543587007,
    "std": 57.09453431704388
  },
  "f1_stats": {
    "shape": [
      15
    ],
    "size": 15,
    "min": 0.01035094123541569,
    "max": 408.20190920899256,
    "mean": 56.401913809703665,
    "std": 130.17488772383714
  }
}