MODEL,PRED_DOCKQ
3HLX_af2m,0.9257582
3HLX,0.88787174
