{
  "count": 62,
  "ids_hash": "aad88f6c1a2b4eb920cb5e8920fee3b020e9f77aa5eede3f14578d704c1a580d",
  "coords_hash": "64ad4c6831b3373b87846afc773237c58e69a3f67d305d53bd8698668bedc7a9",
  "coords_stats": {
    "shape": [
      62,
      3
    ],
    "size": 186,
    "min": 4.745999813079834,
    "max": 85.43000030517578,
    "mean": 42.81322058554618,
    "std": 28.11605304062841
  }
}