{
  "hash": "739a925c392c64264d715d3b4448b006d6214885a0fb4ad6e9ac7e48a85decf9",
  "stats": {
    "shape": [
      103,
      103
    ],
    "size": 10609,
    "min": 0.0,
    "max": 15.515096650926406,
    "mean": 8.106391909633109,
    "std": 3.1312834242583443
  }
}