{
  "hash": "ad6d0fa74c3b7932fc1290d45cd1d200a77c0196722f94980c8fae646f5c1e75",
  "stats": {
    "shape": [
      90,
      90
    ],
    "size": 8100,
    "min": 0.0,
    "max": 15.0985118459004,
    "mean": 7.540054926291834,
    "std": 2.933444323866298
  }
}