MODEL,PRED_DOCKQ
5B64_af2m,0.8645036
5B64,0.00057326496
