{
  "hash": "5e80ca59c48cdacab7073a4df5190d6ee64dba4a6a17b989b086d06a7f196e18",
  "stats": {
    "shape": [
      81,
      81
    ],
    "size": 6561,
    "min": 0.0,
    "max": 15.628707452836027,
    "mean": 8.021088404729813,
    "std": 3.22313499622305
  }
}