{
  "count": 107,
  "ids_hash": "a6ee5fb797a5ecb829bdbd00ee9c36c9c5c15c5548648196524d98bb9b608029",
  "coords_hash": "202b064ecae6f30f005a19109bda80dbefc73bf42ef8ebdfb29bb5bec9e266b0",
  "coords_stats": {
    "shape": [
      107,
      3
    ],
    "size": 321,
    "min": 9.376999855041504,
    "max": 97.97899627685547,
    "mean": 43.60462309044098,
    "std": 34.27006318807602
  }
}