{
  "count": 76,
  "ids_hash": "01b051e420719ec18c9949b029620b0702c989aef04206466b1431d89ebc4f40",
  "coords_hash": "13166a40f6ce4172f3d3d56b4256e489939bc0655e71832b658ecdd36fe9510f",
  "coords_stats": {
    "shape": [
      76,
      3
    ],
    "size": 228,
    "min": -16.89900016784668,
    "max": 73.5270004272461,
    "mean": 27.925289392471313,
    "std": 31.961685263097536
  }
}