{
  "count": 80,
  "ids_hash": "137a06e553e67335d8d9634ca6fa9fc5ce8aa1b6f53806c9028fd3af6fbf2eee",
  "coords_hash": "5b2c578125bdeccf53054b298a745781332d2c293928118661284dc55835ae40",
  "coords_stats": {
    "shape": [
      80,
      3
    ],
    "size": 240,
    "min": -1.2730000019073486,
    "max": 92.26000213623047,
    "mean": 43.620095877799514,
    "std": 33.555162832423434
  }
}