MODEL,PRED_DOCKQ
2ZMF,0.18280788
2ZMF_af2m,0.04398041
