{
  "hash": "6e09e06aa64869366d83bf7da5d04b36e5086a4aecae7fd518a1bd2d660ea476",
  "stats": {
    "shape": [
      137,
      137
    ],
    "size": 18769,
    "min": 0.0,
    "max": 15.472783460604477,
    "mean": 7.7624175419525345,
    "std": 3.0168283949303425
  }
}