{
  "f0_hash": "07179977ddf0c30de48e27c9ce4102ffe875f41ff3025c85c8f5b7b702f86182",
  "f1_hash": "6b342829ee741c99593a0f9ee895c3695c34237aaf8bf249099e821a63fcf94d",
  "f0_stats": {
    "shape": [
      5
    ],
    "size": 5,
    "min": 0.35821485085841465,
    "max": 142.03149633715498,
    "mean": 29.68325352560575,
    "std": 56.18249293511317
  },
  "f1_stats": {
    "shape": [
      15
    ],
    "size": 15,
    "min": 0.010375797877765436,
    "max": 390.5650432873883,
    "mean": 54.15801282676,
    "std": 124.16606990810374
  }
}