MODEL,PRED_DOCKQ
3KBU,0.05618216
3KBU_af2m,0.024226015
