{
  "hash": "21d196067e81f71deaeec55b67b607cb1884eae633bb7f6064f234efc15d019a",
  "stats": {
    "shape": [
      91,
      91
    ],
    "size": 8281,
    "min": 0.0,
    "max": 15.568122525418202,
    "mean": 8.012036475903672,
    "std": 3.2275398685001573
  }
}