{
  "f0_hash": "e275850959819db69e29ddd2312a11a8b9315c10868aa42f2ab59400e5655106",
  "f1_hash": "29c8d42e8145fe52dfca0371dd9f935baf6512412793410f2d663956b40c423f",
  "f0_stats": {
    "shape": [
      5
    ],
    "size": 5,
    "min": 0.5812050922971422,
    "max": 125.2336531962125,
    "mean": 26.622183347459224,
    "std": 49.32401564208491
  },
  "f1_stats": {
    "shape": [
      15
    ],
    "size": 15,
    "min": 0.010285417315723855,
    "max": 319.40942437182633,
    "mean": 44.64371660136764,
    "std": 100.83155830463653
  }
}