{
  "count": 77,
  "ids_hash": "c259533293369e3bb2d4e5e84d8b8a5c7d5378041711c91ca7a9a34d564fc042",
  "coords_hash": "8fc5f1d20f30acbadf249ac581643cc55740a0d1fc54c99ad3ee08b52160779f",
  "coords_stats": {
    "shape": [
      77,
      3
    ],
    "size": 231,
    "min": -6.289000034332275,
    "max": 35.05799865722656,
    "mean": 14.01080519739877,
    "std": 11.351615088806437
  }
}