{
  "count": 110,
  "ids_hash": "96028905bd4d39e254427310636ad4a9ad93db170c2aef60d60c52274bea8e2c",
  "coords_hash": "8f3de3325ecd683e74104177761ee88f00e452d75a78407a74ec4cec3fbd5e4c",
  "coords_stats": {
    "shape": [
      110,
      3
    ],
    "size": 330,
    "min": -16.086000442504883,
    "max": 80.33899688720703,
    "mean": 27.45483340061072,
    "std": 34.02983274466599
  }
}