{
  "count": 66,
  "ids_hash": "31c52725bfa3e15c1cf919bf3255e3851ca47b308c09fd6af778e10a1e03a51d",
  "coords_hash": "e099a2242460e53a236171989fcc2178e64bedf3b34e83541369756eb92645a8",
  "coords_stats": {
    "shape": [
      66,
      3
    ],
    "size": 198,
    "min": 11.446000099182129,
    "max": 38.94300079345703,
    "mean": 25.077106071240973,
    "std": 6.882587399956973
  }
}