{
  "count": 90,
  "ids_hash": "42a6c4d236144c0ce726e4a29a02a926ef49b15dc11dbf1bc9d7fafb7e45933f",
  "coords_hash": "bdbb578457603704b75b41655098a1d56c6420b74a1de56100697602bb97762e",
  "coords_stats": {
    "shape": [
      90,
      3
    ],
    "size": 270,
    "min": 4.603000164031982,
    "max": 61.6349983215332,
    "mean": 29.009011166184038,
    "std": 18.22486579956766
  }
}