MODEL,PRED_DOCKQ
6QP1_af2m,0.89472044
6QP1,0.86734754
