{
  "count": 90,
  "ids_hash": "000f04b8fbb2b9f4d81cfa3639bbb550a09381ce467e863aabb490ffc15c1bc2",
  "coords_hash": "b1f6b66da7039ef560de51dfea29d9cab0c66b7d7d13c4783635d9c9160395af",
  "coords_stats": {
    "shape": [
      90,
      3
    ],
    "size": 270,
    "min": -5.14900016784668,
    "max": 104.1240005493164,
    "mean": 37.49909272793405,
    "std": 42.21396285988512
  }
}