{
  "f0_hash": "61cd6e6a8e75610dc62431893c970c724184ebb259cdacefd28db55282d75de8",
  "f1_hash": "162e3d57b536d306f3feaa43dff31f7e186fe47c113c02c4d65c62f6c08a788e",
  "f0_stats": {
    "shape": [
      5
    ],
    "size": 5,
    "min": 0.5321682218232028,
    "max": 166.04132626031358,
    "mean": 34.5959923217687,
    "std": 65.7303737464388
  },
  "f1_stats": {
    "shape": [
      15
    ],
    "size": 15,
    "min": 0.012449794141113912,
    "max": 500.9834341986781,
    "mean": 69.53245032612524,
    "std": 158.07450488479796
  }
}