{
  "f0_hash": "4bccddcc332083d4565a21794bfb07fbbcefe4962e9722968dfafacac78d4286",
  "f1_hash": "f0676744089e6f0e6bfd7a8121ca069e90bef087f726bab70f39f83fb3178d25",
  "f0_stats": {
    "shape": [
      5
    ],
    "size": 5,
    "min": 0.6883101428361202,
    "max": 154.34922899280215,
    "mean": 32.44714971346045,
    "std": 60.963789890003746
  },
  "f1_stats": {
    "shape": [
      15
    ],
    "size": 15,
    "min": 0.010303512149199001,
    "max": 511.2998383388144,
    "mean": 70.7576240795936,
    "std": 162.6625189152558
  }
}