{
  "hash": "76626c9c6318c1f22298910bfdcdf3bfcf38eaefa355477a11300f21f3845ecd",
  "stats": {
    "shape": [
      113,
      113
    ],
    "size": 12769,
    "min": 0.0,
    "max": 15.773055562058826,
    "mean": 8.079478430510154,
    "std": 3.0598174313320454
  }
}