{
  "f0_hash": "349c585d4e1a2c5172ab2628c91dd07a7cb1baed8a48c338cd148612a35f48ee",
  "f1_hash": "784e970db30e541340dc4957c6daa3031c4f952d12c0612033a9ee4fc2b226d0",
  "f0_stats": {
    "shape": [
      5
    ],
    "size": 5,
    "min": 0.4009852359039191,
    "max": 156.48312825871471,
    "mean": 32.625341075433674,
    "std": 61.937240154107165
  },
  "f1_stats": {
    "shape": [
      15
    ],
    "size": 15,
    "min": 0.013040747355725024,
    "max": 438.5898571262176,
    "mean": 61.030429022172044,
    "std": 138.89213584587827
  }
}