{
  "f0_hash": "f441c1096d77efaad5232ca520025078c0c25d433ea96b776637c10535a422bd",
  "f1_hash": "90941fa93b1f3bd351b5ead5a100fd1524c3858c563bfaa452409a553e9c791d",
  "f0_stats": {
    "shape": [
      5
    ],
    "size": 5,
    "min": 0.6273646497296631,
    "max": 134.13451526242721,
    "mean": 28.453962671302243,
    "std": 52.85913862864527
  },
  "f1_stats": {
    "shape": [
      15
    ],
    "size": 15,
    "min": 0.010415686027935855,
    "max": 392.09629404166145,
    "mean": 55.2281133525115,
    "std": 124.91095009413148
  }
}