{
  "f0_hash": "8a478816b63b5ea3980802ea19562c6e01ee6147f84b8c9e11f3c51ef9421da7",
  "f1_hash": "50221cae49a386252f54a93d7c11733c9eb2f9c4c2299b451b620e647b323d34",
  "f0_stats": {
    "shape": [
      5
    ],
    "size": 5,
    "min": 0.5154571213193297,
    "max": 148.82518407775734,
    "mean": 31.221191975723666,
    "std": 58.81363402700786
  },
  "f1_stats": {
    "shape": [
      15
    ],
    "size": 15,
    "min": 0.011083958820334416,
    "max": 446.540998939715,
    "mean": 62.2080152791565,
    "std": 141.39857900665558
  }
}