{
  "f0_hash": "ff73c18d024dbe134825f7ca5d5cd8ae320b23e1dcaab1fb485d712de9858760",
  "f1_hash": "cd0ddff802a3ba2a04b8908c30e02a92e863ecceb839e5506a6c26d4d88ac3b2",
  "f0_stats": {
    "shape": [
      5
    ],
    "size": 5,
    "min": 0.41417348210276483,
    "max": 181.8454909904816,
    "mean": 37.73352276448968,
    "std": 72.06415601183029
  },
  "f1_stats": {
    "shape": [
      15
    ],
    "size": 15,
    "min": 0.01194036137441934,
    "max": 511.5516953199223,
    "mean": 70.87764829971935,
    "std": 162.9814957483644
  }
}