{
  "f0_hash": "3944dc4c7deb83990d32b56d3d1e39b2a66107234eb6967adde1c302ae013544",
  "f1_hash": "f09b0ab487539080c9db8104e04d3e712ba56ceabe1a1249dcb3e637849949a7",
  "f0_stats": {
    "shape": [
      5
    ],
    "size": 5,
    "min": 0.46680332713483014,
    "max": 138.56749313582577,
    "mean": 29.085160647244066,
    "std": 54.750943430076326
  },
  "f1_stats": {
    "shape": [
      15
    ],
    "size": 15,
    "min": 0.010139001131113545,
    "max": 401.6335487409754,
    "mean": 56.385224437454994,
    "std": 127.01356691933695
  }
}