MODEL,PRED_DOCKQ
1O5H,0.8336982
1O5H_af2m,0.52039236
