{
  "hash": "ae1a71ff1af23455b63361e0b5cb450bd6df9b2b45a111082e153ac5af1cb2c8",
  "stats": {
    "shape": [
      84,
      84
    ],
    "size": 7056,
    "min": 0.0,
    "max": 15.380776858197066,
    "mean": 7.44869409340153,
    "std": 2.969124517448166
  }
}