{
  "count": 52,
  "ids_hash": "8c30a530e7a1da5269337461c7e2726b3c729b1f7a281758f641371a0d357867",
  "coords_hash": "1c6650b76e55f0d5870c97ae54aed81ade95821f647584718cfd9980d3973d13",
  "coords_stats": {
    "shape": [
      52,
      3
    ],
    "size": 156,
    "min": 5.492000102996826,
    "max": 113.13999938964844,
    "mean": 45.01823726067176,
    "std": 43.6981863917258
  }
}