{
  "f0_hash": "a7e07d1359181463f0544e8d091ee39c8d2a7d74e9c0b03c0d9baf8c5a981735",
  "f1_hash": "0e2a4bb894b2b94cd53e2a638433367fe19f5b8b86127aff59e98af23fbe1faa",
  "f0_stats": {
    "shape": [
      5
    ],
    "size": 5,
    "min": 0.5687820004712796,
    "max": 142.2409138310136,
    "mean": 29.876434906925443,
    "std": 56.1924377023014
  },
  "f1_stats": {
    "shape": [
      15
    ],
    "size": 15,
    "min": 0.013308358580033541,
    "max": 397.35519891510296,
    "mean": 55.44429478044188,
    "std": 125.8047327550565
  }
}