{
  "hash": "00b3a66ffcc9045aef11ecdfc926b4a91b1916296a5d10c46d055c59600c3e9e",
  "stats": {
    "shape": [
      64,
      64
    ],
    "size": 4096,
    "min": 0.0,
    "max": 15.08692723669258,
    "mean": 6.999722353501854,
    "std": 2.9509297686706213
  }
}