{
  "f0_hash": "bddbed964018d5cf1d4d6b9a06b5c6b39db183ab17325de9bd784afb84809a8f",
  "f1_hash": "afb430b1213dfb7202b5c63f8b4815b19049e9deac3b9d38f6b215a657a9292b",
  "f0_stats": {
    "shape": [
      5
    ],
    "size": 5,
    "min": 0.44777543990329866,
    "max": 188.46055425979603,
    "mean": 39.105915679570344,
    "std": 74.68614545440539
  },
  "f1_stats": {
    "shape": [
      15
    ],
    "size": 15,
    "min": 0.010307913592606521,
    "max": 577.7542675882917,
    "mean": 79.53245114372491,
    "std": 182.12041605820986
  }
}