{
  "hash": "2c09507211f2f8a4ebd402ea66af954a4190e3af21e122eacdc7cd8c222fdfb4",
  "stats": {
    "shape": [
      99,
      99
    ],
    "size": 9801,
    "min": 0.0,
    "max": 15.788314696504878,
    "mean": 7.706620214131607,
    "std": 3.0122795747301914
  }
}