{
  "count": 90,
  "ids_hash": "5ad4e80d17e0764d186091b39ba480f4059c6b88c2164cad60823070c964f540",
  "coords_hash": "606f984c0092b4264bb97f4b302493838cb24400d4e2d07592b9ea9279a14b83",
  "coords_stats": {
    "shape": [
      90,
      3
    ],
    "size": 270,
    "min": -17.927000045776367,
    "max": 75.64600372314453,
    "mean": 25.920822291904024,
    "std": 32.633107753803095
  }
}