MODEL,PRED_DOCKQ
3E5A_af2m,0.7756974
3E5A,0.061728552
