{
  "hash": "a3b59714c28cbf92d3c60494dc5a62d2b90dcf391c81240d951f1f2a4297e0eb",
  "stats": {
    "shape": [
      70,
      70
    ],
    "size": 4900,
    "min": 0.0,
    "max": 15.59540522729747,
    "mean": 6.87479178950016,
    "std": 2.8558528500036378
  }
}