MODEL,PRED_DOCKQ
2ZUP_af2m,0.015937174
2ZUP,0.0066429814
