{
  "f0_hash": "1fddba20272d761a81adf7df7b8fe5b38232cb65cab225bfc8ff9d41750c406a",
  "f1_hash": "b87a446e3cac9a782c296e295fc105ccd31917c6bdb51a3d3907619776b07213",
  "f0_stats": {
    "shape": [
      5
    ],
    "size": 5,
    "min": 0.6420073007044782,
    "max": 82.79230044707899,
    "mean": 18.224798842093954,
    "std": 32.31835380395977
  },
  "f1_stats": {
    "shape": [
      15
    ],
    "size": 15,
    "min": 0.01190955109889158,
    "max": 181.4984045872408,
    "mean": 26.723340570209366,
    "std": 57.207935542950224
  }
}