{
  "count": 74,
  "ids_hash": "c3dc08cd55021186f808cc6e123ac14b64e6e8a0fa44dca42b9b79978e888ee2",
  "coords_hash": "0b4552f51b224441deeba3edecf75fe954749fb08fbde6e2f0d69bc78d6fccb4",
  "coords_stats": {
    "shape": [
      74,
      3
    ],
    "size": 222,
    "min": -34.952999114990234,
    "max": 46.72800064086914,
    "mean": 2.888130602368095,
    "std": 28.697882518782063
  }
}