{
  "f0_hash": "7aefbc01e0733f50b7d6676f6aacaf3db3d8926347394dc8bbd8c2d63202b400",
  "f1_hash": "f5b2150d3b3eee09bb231c01b4c5664712ce896d28b14a7b2c5f501ad393d66d",
  "f0_stats": {
    "shape": [
      5
    ],
    "size": 5,
    "min": 0.4156557899905691,
    "max": 146.85820639458473,
    "mean": 30.74659397116482,
    "std": 58.066219493803295
  },
  "f1_stats": {
    "shape": [
      15
    ],
    "size": 15,
    "min": 0.010621413174803251,
    "max": 394.41485700482326,
    "mean": 55.15300282696483,
    "std": 125.2971468048436
  }
}