{
  "f0_hash": "c787c350fe9dd7c3f0cc925bfab58dd19f81d11392ff63dc0c5bb084fb3d661a",
  "f1_hash": "05cd6c2bf6c0c42e8cb2dd5d9735defc4cb3e0e8011ebd90f2d1c41bca48079f",
  "f0_stats": {
    "shape": [
      5
    ],
    "size": 5,
    "min": 0.5953719024748281,
    "max": 167.85666431409277,
    "mean": 35.06018046668895,
    "std": 66.40832325367847
  },
  "f1_stats": {
    "shape": [
      15
    ],
    "size": 15,
    "min": 0.010303913366713324,
    "max": 524.3839732175545,
    "mean": 72.57029994237332,
    "std": 166.8225440931803
  }
}