MODEL,PRED_DOCKQ
3FY6,0.859259
3FY6_af2m,0.83950746
