{
  "f0_hash": "af0b058c87dd4634d9e85ee5ef677f785e5935aa2c7721c8202b08d0181b568a",
  "f1_hash": "012e9f1436517cad08adbbfd06f4f8d96e96ef7653066f461d10aedb9d89fcdd",
  "f0_stats": {
    "shape": [
      5
    ],
    "size": 5,
    "min": 0.5617795993137644,
    "max": 135.77767040743717,
    "mean": 28.587313228027007,
    "std": 53.60582177919103
  },
  "f1_stats": {
    "shape": [
      15
    ],
    "size": 15,
    "min": 0.01015383962180394,
    "max": 399.28486440324633,
    "mean": 56.165238182940584,
    "std": 126.99099838793515
  }
}