{
  "count": 85,
  "ids_hash": "d3f80dca873aed884111ac3258bba234a54630a439860e9fb8e68f29bdb6f346",
  "coords_hash": "2a3ba72ee1e9ce95edd95ae352959cfd2d10df858ff21f229a9016b95c4eecc1",
  "coords_stats": {
    "shape": [
      85,
      3
    ],
    "size": 255,
    "min": 5.440999984741211,
    "max": 55.24800109863281,
    "mean": 29.67855681999057,
    "std": 15.284128832521471
  }
}